CAS-number,Compound name,AaegOBP22,AbamOBP28,AcerASP1,AcerCSP1,AcerCSP2,AcerCSP3,AcerCSP4,AcerOBP2,AcerOBP10,AcerOBP11,AfasOBP11,AgamSAP1,AgamSAP2,AgamSAP3,AgamCSP3,AgamCSP6,AgamOBP1,AgamOBP3,AgamOBP4,AgamOBP12,AgamOBP19,AgamOBP47,AgosOBP2,AgosOBP3,AgosOBP4,AgosOBP6,AgosOBP7,AgosOBP8,AimelOBP3,AimelOBP3 N90L,AimelOBP3 E120A,AimelOBP3 S122A,AimelOBP5,AipsGOBP1,AipsGOBP2,AipsPBP1,AipsPBP2,AipsPBP3,AlepGOBP1,AlepGOBP2,AlepGOBP2 F118A,AlepGOBP2 F12A,AlepGOBP2 I52A,AlepGOBP2 I94A,AlepPBP1,AlepPBP2,AlepPBP3,AlinCSP1,AlinCSP2,AlinCSP3,AlinCSP4,AlinCSP5,AlinCSP6,AlinOBP1,AlinOBP2,AlinOBP3,AlinOBP4,AlinOBP5,AlinOBP5 K74A,AlinOBP5 M75A,AlinOBP5 P121A,AlinOBP6,AlinOBP10,AlinOBP11,AlinOBP13,AlinOBP14,AlinOBP14 N term mut,AlucOBP7,AlucOBP22,AlucOBP22 I60A,AlucOBP22 L25A,AlucOBP22 K90A,AlucOBP22 M6A,AlucOBP22 M65A,AlucOBP22 V64A,AlucOBP33,AmalCSP5,AmalOBP3,AmalOBP8,AmelCSP1,AmelCSP2,AmelCSP3,AmelCSP4,AmelCSP5,AmelCSP6,AmelOBP1,AmelOBP2,AmelOBP3,AmelOBP4,AmelOBP5,AmelOBP6,AmelOBP8,AmelOBP9,AmelOBP10,AmelOBP11,AmelOBP13,AmelOBP14,AmelOBP15 ITB,AmelOBP15 RJB,AmelOBP16,AmelOBP17,AmelOBP18,AmelOBP19,AmelOBP21,AplaOBP1,AquaOBP4,BdorCSP2,BdorOBP2,BdorOBP99a,BgerOBP26,BgerOBP40,BhorOBP2,BhorOBPm2,BhorOBPm2 C-ter113,BhorOBPm2 Y50F,BminOBP9,BminOBP9 E94V,BminOBP9 H29Y,BminOBP9 L36F,BminOBP9 P99A,BminOBP9 S24P,BmorCSP1,BmorCSP2,BmorCSP4,BodoOBP1,BodoOBP2,BtabCSP1,BtabCSP2,BtabCSP3,BtabOBP1,BtabOBP4,CbuqPBP1,CbuqPBP1 F69A,CcapOBP83a-2,CcunOBP2,CcilCSP2,CforOBP1,CforOBP2,CforOBP3,CinfGOBP1,CinfGOBP2,CinfPBP1,CinfPBP2,CinfPBP3,CmedCSP1,CmedCSP2,CmedCSP3,CmedOBP2,CmedOBP3,CmedOBP14,CmedPBP4,CninOBP1,CninOBP2,CninOBP6,CninOBP9,CninOBP10,CpalOBP1,CpalOBP2,CpalOBP3,CpalOBP4,CpalOBP6,CpalOBP10,CpalOBP15,CpinGOBP1,CpinGOBP2,CpinPBP1,CpinPBP2,CpinPBP3,CpinPBP4,CpomPBP2,CpunGOP1,CpunGOP2,CpunPBP2,CpunPBP5,CquiOBP1,CquiOBP2,CquiOBP5,CsasGOBP1,CsasGOBP2,CsasPBP1,CsasPBP2,CsasPBP3,CsinGOBP1,CsinGOBP2,CsupCSP1,CsupCSP2,CsupCSP3,CsupGOBP1,CsupGOBP2,CsupOBP3,CsupOBP8,CsupOBP11,CsupOBP15,CsupOBP17,CsupOBP19,CsupOBP31,CvesOBP1,CvesOBP2,CvesOBP3,CvesOBP4,CvesOBP5,CvesOBP6,DarmCSP2,DcitOBP1,DcitOBP3,DcitOBP6,DcitOBP8,DcitOBP9,DcitCSP1,DcitCSP8,DcitCSP10,DcitCSP12,DhelOBP21,DhelOBP21 I84N,DhelOBP21 S67A,DhelOBP21 T119N,DhouPBP1,DhouPBP2,DkikPBP1,DkikPBP2,DmelOBP19b,DmelOBP28a,DmelOBP76a,EhipPBP1,EoblGOBP2,EoblOBP6,EoblPBP1,EoblPBP2,FoccCSP,GdauOBP20,GmelGOBP2,GmolCSP8,GmolCSP8 L30A,GmolCSP8 L80A,GmolCSP8 T27A,GmolCSP8 V40A,GmolGOBP1,GmolGOBP2,GmolOBP3,GmolOBP4,GmolOBP5,GmolOBP7,GmolOBP8,GmolOBP10,GmolOBP11,GmolOBP12,GmolOBP15,GmolOBP16,GmolPBP1,GmolPBP2,GmolPBP3,HarmCSP5,HarmCSP6,HarmOBP5,HarmOBP7,HarmOBP10,HarmOBP17,HarmOBP18,HarmPBP1,HarmPBP2,HarmPBP3,HassPBP1,HassPBP2,HassPBP3,HcunPBP1,HcunPBP2,HcunPBP3,HeleOBP1,HoblCSP1,HoblCSP2,HoblOBP1,HoblOBP1 I80A,HoblOBP1 M48A,HoblOBP1 Y111A,HoblOBP2,HoblOBP3,HoblOBP4,HoblOBP5,HoblOBP8,HoblOBP9,HoblOBP24,HparOBP1,HparOBP2,HparOBP20,HparOBP49,LbotPBP1,LdisPBP1,LdisPBP2,LmigOBP1,LmigOBP1 S59A,LmigOBP1 N74A,LmigOBP1 V87A,LmigOBP4,LsatOBP13,LstiGOBP1,LstiGOBP1 T15A,LstiGOBP1 T15A/W43A,LstiGOBP1 W43A,LstiGOBP1 V14A,LstiGOBP2,LstiPBP1,LstiPBP3,LstrOBP2,MaltCSP5,MaltOBP1,MaltOBP3,MaltOBP5,MaltOBP9,MaltOBP10,MaltOBP13,McinNPC2,McinOBP1,McinOBP1 E130A,McinOBP1 L62P,McinOBP1 V58A,McinOBP4,MmedCSP3,MmedNPC2a,MmedOBP1,MmedOBP2,MmedOBP3,MmedOBP4,MmedOBP5,MmedOBP6,MmedOBP7,MmedOBP8,MmedOBP9,MmedOBP10,MperOBP2,MperOBP3,MperOBP4,MperOBP5,MperOBP6,MperOBP7,MperOBP8,MperOBP9,MsepCSP5,MvitGOBP1,MvitGOBP2,MvitPBP1,MvitPBP2,MvitPBP3,NlugCSP10,NlugCSP3,NlugCSP8,NlugOBP1,NlugOBP2,NlugOBP3,NlugOBP8,OachPBP1,OachPBP2,OasiCSP4,OasiCSP11,OasiCSP12,OcorOBP1,OcorOBP2,OcorOBP3,OcorOBP4,OcorOBP5,OfurPBP1,OfurPBP2,OfurPBP3,OfurPBP4,OfurPBP5,PameCSP7,PameOBP1,PameOBP2,PameOBP24,PxylGOBP1,PxylGOBP2,PxylOBP3,PxylOBP9,PxylOBP19,PxylOBP24,PxylPBP3,PxylPBP3 F13A,PxylPBP3 F34A,PxylPBP3 Y37A,PxylPBP3 W38A,PxylPBP3 R111A,PxylPBP3 F119A,rabOBP3,RpadOBP3,RpadOBP7,SaveOBP2,SaveOBP3,SaveOBP7,SaveOBP9,ScerGOBP1,ScerGOBP2,ScerPBP,SexiGOBP1,SexiGOBP2,SexiOBP1,SexiOPB2,SexiOBP7,SexiOBP13,SexiPBP1,SexiPBP2,SexiPBP3,SfurCSP5,SfurOBP2,SfurOBP3,SfurOBP11,SinfCSP19,SinfPBP1,SinfPBP2,SinfPBP3,SlitCSP3,SlitCSP6,SlitCSP8,SlitCSP9,SlitCSP11,SlitCSP18,SlitGOBP1,SlitGOBP2,SlitOBP11,SlitPBP1,SmosOBP11,SmosOBP12,SmosOBP16,SmosOBP17,SmosOBP21,SsicOBP1,SsicOBP2,SspOBP7,SspOBP7 Y105F,SzeaOBP1,SzeaOBP28,TintPBP1,TintPBP2,TintPBP3,TjapOBP1,TjapOBP2,TjapOBP3,TputCSP1,TputCSP2
765-17-3,"Bombykol / (10E,12Z)-hexadeca-10,12-dien-1-ol",,17.22,,0.84,1.08,,,,,3.668,22,7.25,33,3.99,0.96,10.7,13.62,10.4,10.75,,,12.53,55,46.11,55,46.05,51.65,46.32,1.215,32.53,43.21,7.141,32.45,27.7,4.236,24.42,24.02,22.3,9.341,3.603,,,,,4.062,,,33.98,33.37,36.84,8.972,18.36,24.54,30.46,,,17.06,,,,,31.24,22.82,33,55,,,,,,,,,,,24.53,21.29,12.49,7.159,,,,,,,,,,,,,,,,,,1.6,,,0.5,,0.13,,,,,,20.31,,,,44.38,25.93,316.5,63.03,3.88,1.43,2.6,3.72,1.62,,,0.863,,,,52.11,110,97.86,,,24.6,,,,,3.235,2.982,4.79,9.93,9.94,1.921,2.486,2.841,10.93,7.827,6.79,18.99,55,18.41,3.527,22,22,22,22,22,22,22,22,17.57,22,22,22,4.846,9.029,6.127,1.591,6.363,11.52,5.739,5.209,25.29,4.874,4.509,6.6,,5.8,6.99,28.24,6.669,16.87,3.532,23.98,13.19,24.36,26.16,25.46,11.44,12.21,22,55,33,33,33,33,33,,,,,7,4.6,,,7.169,18.38,24.84,41.61,23.23,44,44,21.45,,,,,10.63,4.807,6.816,3.135,,,0.22,2.343,39.48,,1.454,54.05,72.83,42.24,41.33,13.41,20.96,4.821,17.65,6.889,7.193,10.87,87.45,12.12,23.81,27.09,7.081,8.974,9.204,9.284,18.06,16.31,1.86,3.187,18.8,113.1,1.111,31.35,10.23,,51.28,39.89,1.019,0.7695,2.034,0.9383,1.021,4.504,10.48,5.881,6.576,49.46,44.89,42.13,70.45,,,,90.2,55,12.32,,,,,10.7,35.2,41.52,55,7.444,,,4.141,3.011,22,4.282,17.72,12.59,11.82,44,44,38.72,20.22,8.612,13.99,41.08,55,,55,,,,,,1.671,9.231,66.54,47.17,12.69,11.53,17.74,23.67,110,,,,,65.83,,55,39.05,39.55,55,6.901,19.02,55,48.45,41.88,55,18.29,15.21,,,,,,15.07,14.1,20.19,46.2,46.72,23.49,55,0.6343,0.9564,46.78,34.55,33.93,4.987,,,,,4.61,8.005,1.97,2.13,1.14,7.407,,,30.04,7.024,3.8,,,,31.76,0.3878,281.6,9.451,26.17,23.92,77.98,231.5,7.8,9.2,15.8,11.38,12.78,15.68,18.37,27.5,0.71,5.16,5.526,0.3542,,5.03,8.8,16.39,1.666,4.581,6.689,55,,,46.81,0.9247,1.647,1.288,10.98,23.15,,8.005,,55,,0.5131,0.3231,25.63,1.302,6.543,5.304,22.27,32.16,17.11,,,19.53,60.05,4.924,48.24,2.518,3.183,3.696,11,5.68,11,,
6186-98-7,11-cis-Vaccenyl acetate / cis-Vaccenyl acetate,,14.75,,2.27,8.398,,361.4,42.55,34.09,4.332,20.96,7.176,6.603,3.926,13.26,6.296,14.11,10.72,9.146,13.15,4.735,13.34,55,49.93,55,42.49,55,55,13.41,55,55,34.31,9.773,8.981,3.436,1.099,0.8218,2.051,6.22,1.526,,,,,1.821,,,27.37,36.25,37.48,5.995,22.15,29.96,39.93,17.72,101.6,17.65,37.68,,,,33,47.8,33,52.07,,,40.22,,,,,,,,17.63,28.19,35.9,20.66,,,,,,,,,,,,,,,,,,0.7014,,,1.168,,0.2813,,,6.054,19.64,,86.82,,,,27.28,20.05,255,40.44,3.92,1.3,2.5,3.63,1.56,3.6,,0.8848,,33,33,75.12,110,97.55,,,12.36,13.89,2.884,,,1.916,4.638,2.855,12,11.71,1.882,2.459,2.809,6.094,5.727,5.31,24.56,49.15,12.11,1.197,22,22,22,22,19.5,22,22,22,8.683,14.62,14.14,22,5.344,8.516,5.153,1.569,5.412,11.68,14.38,3.083,16.73,2.012,2.124,6.6,,5.8,8.17,20.75,12.62,24.65,12.52,30.28,14.18,27.86,23.33,25.72,8.371,8.548,22,44.22,33,33,33,33,33,,2.47,9,,6.122,4.857,,,5.86,15.6,19.07,40.7,20.51,44,44,14.23,,,,,10.63,5.657,8.302,3.928,,,0.11,2.444,21.56,,0.9468,42.24,72.83,48.83,129.4,26.4,20.58,4.091,14.44,5.661,18.61,32.11,93.33,16.93,20.83,22.02,8.559,14.53,19.44,25.3,26.34,28.64,1.898,1.691,20.41,63.15,1.135,25.79,4.376,5.13,51.7,43.99,1.753,1.611,1.864,1.255,9.629,1.011,1.731,1.645,1.529,51.42,65.27,68.7,40.41,28.1,24.2,44,42.13,55,33.46,,,,,18.3,31.01,32.05,49.87,6.93,3.81,2.5,14.43,3.011,22,4.282,12.82,,12.74,44,44,44,22.11,14.06,34.68,,55,,55,,,,,,,9.032,37.09,31.44,17.8,13.39,18.51,,110,,,21.42,,67.3,110,50.96,48.28,50.32,55,6.488,28.77,55,42.63,14.55,55,6.916,8.598,20.04,13.72,33.07,27.26,11.89,13.28,15.2,13.25,43.95,45.37,29.4,55,0.3942,3.769,46.84,39.91,30.4,3.482,4.892,5.896,13.6,4.7,4.61,3.584,2.318,3.209,2.479,4.463,14.36,8.169,20.08,8.879,2.893,15.88,12.78,8.277,25.78,0.2602,281.6,14.85,30.97,37.78,179.8,198.1,7.8,,,12.12,13.15,15.78,15.36,27.5,0.71,5.16,4.101,0.7913,,6.149,7.885,3.82,0.5724,4.4,4.093,22.82,13.76,8.49,55,0.6453,1.252,13.2,10.16,55,,55,,19.23,,1.639,0.4137,19.04,1.687,10.66,5.859,22.3,26.41,26.17,,,23.93,189.5,5.3,44.92,2.518,3.183,3.696,11,5.68,11,304.9,63.05
79-77-6,ionone (beta),,,14.69,1.54,7.33,23.07,7.76,4.12,10.2,3.79,11.86,15.3,18.2,5.52,3.5,33,,,3.1,,4.2,,55,19,22.1,55,55,55,0.3,1.4,9.5,1,7.2,,,,,,,,,,,,,,,55,55,55,6.47,18.02,6.63,1.88,,,,17.7,,,,15.29,23.8,33,19.5,7.09,8.47,,4.7,7.61,5.8,6.56,11.63,8.11,18.03,7.34,,,,,,,,,,,,,,,,,,,,,0.54,,,,,,,,,30.06,,15.37,,,,,,,,,,,,,,2.7,0.3259,,,,32.1,110,110,5.15,3.62,,,,,,4.243,1.1,1.9,,,,,,7.67,22,22,13.2,28.9,5.32,7.13,22,22,22,22,7,22,10.74,22,22,11.48,5.21,7.85,,,,,,,,,,10.06,9.85,,,,,,,,,12.93,33,17.14,11.49,24.84,15.02,5.06,10.21,4.9,13.32,33,16.53,13.69,9.26,,,,,,,,,,,,,,,,,,,,,,,,,,1.3,,,12.59,,,7.92,,,,,,,,,,,49.36,,,,,,,,,,,6.66,20.15,,,,,,12.9,12.3,,,,,,,,,,6.9,4.3,4.47,6.35,35.6,9.7,44,5.36,55,55,,,,,,,,,,,,,,,,,9.22,,,,,,6.5,12.45,9.92,18.95,,,,,,,,0.26,8.97,,,,11.78,,25.12,40.69,10.6,51.28,4.37,110,5.79,15.51,3.43,2.47,7.14,,,,,,,,,5.06,,,,,,,,,21.5,22.2,6.1,16.13,,,,,,2.3,,6.3,13,9.1,,,,,,1.6,14.44,12.17,4.25,,,24.8,20.7,4.9,,,,,,,,,,,,,,,,,,,13.81,11.58,14.25,,16.79,,4.35,11.01,9.66,1.39,14.75,6.57,12.43,,,,,11.44,,5.07,,4.93,,,,55,,,,,,,,,,,,,,,,,,,,
123-35-3,"beta-myrcene /  7-methyl-3-methylene-1,6-octadiene / myrcene",,9.05,,4.246,13.85,,232.2,20.51,28.63,10.74,22,33,33,33,6.37,33,5.3,11.5,10.51,,3.47,15.1,55,55,37.12,55,55,45.35,1.352,11.1,39.32,7.504,17.38,20.1,20.1,,,,22,22,,,,,5.06,,,5.42,13.04,10.71,12.79,14.45,33,6.49,,238.7,,44,26.3,9.5,39.1,33,20,33,16.33,11.18,17.19,,,,,,,,,16.74,44,12.84,9.54,7.83,21.1,18.4,10.7,27.6,9.43,23.1,12.6,15.7,13.9,7.94,13,4.17,6.59,18.9,21.7,11.9,1.639,17.8,16.9,8.35,9.79,8.38,13.9,13.4,8.19,,,,4.13,,,,12.96,61.54,20.24,2.73,1.54,1.91,,1.67,,,2.459,,,,110,110,110,,,29.77,,1.63,,123,,,,,,,,,8.24,4.25,22,11.8,55,14.33,20.72,5.151,22,22,22,11.71,22,10.75,16.5,4.246,13.74,2.839,22,11,11,11,3.48,11,11,,1.383,5.071,2.46,4.943,,,,11.68,11.32,6.79,17.7,33,23.58,24.4,33,33,25.89,22,6.24,22,37.4,33,33,33,33,33,,,4.075,,7.2,2.9,6.96,110,7.09,14,43.1,23.06,17.45,44,44,8.82,14.21,44.92,38.93,29.37,,,,,,,,,55,10.96,,,116.3,,,17.58,,,,,12.44,44.06,69.43,32.27,32.76,15.22,11.06,10.89,16.79,38.5,,30.06,,11.77,,,,12.51,,5.4,55,31.28,,,,,,,10.64,7.591,15.43,47.99,25.36,29.48,13.38,44,21.8,44,24.08,55,23.5,,,,,16.22,28.91,55,55,86.5,,,22,,,,14.32,11,,,,,,14.7,,75.93,55,31.9,55,45.23,55,7.77,12.37,15.56,,18.47,,,,17.89,26.79,23.97,110,4.3,110,14.69,,25.57,110,55,55,55,55,4.355,22.5,55,53.25,3.612,55,7.963,16.46,,,,,,5.29,11.02,22.98,16.2,29.1,7.2,55,2.564,11.22,,,,2.472,,7.475,,7.584,,,,,,6.074,7.69,3.003,17.7,45.7,72.37,33.1,34.5,,39.69,,,,,,,,11.2,8.9,6.4,9.7,8.6,20.5,10.83,,,,22,12.16,10.47,,15.2,25.67,15.21,40.52,44,3.65,13.46,10.4,55,22.05,,,,8.65,,10.7,,12.17,,25.7,1.948,55,6.377,,8.24,,,,12.82,14.38,,,30.27,37.58,,,,,,,180.9,189.8
100-52-7,benzaldehyde,2.64,55,82.87,3.256,17.97,20.14,27.87,4.727,,4.159,22,7.655,12.28,3.246,3.456,9.273,,,2.7,7.3,,,,,,,,,,,,,,33,33,,,,22,22,,,,,22,,,27.53,28.02,24.02,9.1,21.53,33,13.64,,,22,,,,,33,55,33,55,,,,,,,,,,,,44,77,44,,,,,,,,,,,,,,,,,,0.09,,,,,,,,,79.26,,15.69,,,,21.45,1100,302.1,1100,,,,,,,,0.7,3.2,,,110,110,110,,,28.43,,,,,0.85,8.67,,,,,,,22,12.23,22,24.5,55,86,55,22,22,22,22,22,22,22,22,22,22,22,22,3.05,11,11,1.62,11,11,,8.79,31.86,11.56,20.36,,,,,,,,,,,8.9,24.49,12.75,22,22,22,22.3,33,33,33,16.26,33,,,,,,,,,,,,,,,,,,,,,,,,,,8.571,,,44.21,,,30.37,48.37,,,26.4,,,,,32.16,75.41,80.66,,24.96,14.07,20.85,11.6,44.69,6.81,34.71,23.84,,10.53,,6.442,,86.99,8.2,2.7,55,34.8,,,,,,,,,,49,23.35,19.47,40.46,37.5,16.1,44,32.14,,,,,,,35.2,12.9,55,55,,2.93,5.32,22,,,,5.66,,18.75,21.7,44,18.93,18.06,11.2,14.82,16.31,55,,,,,,,,0.81,15.56,,,,,,24.63,,4.675,,,,,,55,55,55,,,,,,,,,,16.63,55,23.63,25.48,22.93,26.03,,,55,33.3,29.3,55,,,,,,11.41,14.7,7.208,,,,,,,,,,,2.73,11.46,4.424,,,,16.94,,,,,,,,,,,9.5,10.5,16.2,96.51,,,,22,,9.89,,8.03,,22,22,22,55,,9.52,55,,,,,7.75,,7.47,,16.22,,,,55,13.13,,,,,,,,,,4.44,20.23,,,,,,,192.9,523.1
928-96-1,Z-3-hexen-1-ol / cis-3-Hexen-1-ol,,19.29,,,,,,,,,22,,,,,,,,,11.6,16.1,,55,55,55,55,39.7,22.6,3.8,55,55,17.6,55,13.3,4.3,17.14,17.73,19.69,,,,,,,,,,12.54,15.15,16.3,13.31,13.58,33,16.97,21.53,,22,,,,,33,55,33,55,,,,,,,,,,,,44,77,44,,,,,,,,,,,,,,,,,,,,,,,,,,,35,,,,,,47.96,75.87,454.6,34.6,,,,,,,,,,,,110,110,110,,,,,4.41,,,5.55,7.2,,9.93,9.94,1.56,2.23,2.54,22,22,22,9,55,11.47,10.5,22,22,22,22,22,22,22,22,3.72,22,22,22,4.08,11,11,1.51,11,11,97.03,33.53,21.21,19.99,14.87,,,,,,,,,9.757,15.57,33,17.71,33,22,22,22,31.4,33,33,33,33,33,,2.47,,,5.7,5,,,,,,,,,,,,,,,,4.799,6.104,2.477,,,0.22,2.011,55,,2.96,172.6,,46.8,75.61,8.51,17.09,6.75,26.4,8.07,16.79,12.79,68.03,6.19,,12.28,16.22,14.35,26.22,18.75,24.63,24.58,1.73,9.51,17.59,,1.106,110,,,55,48.8,0.9343,0.6697,1.64,0.68,0.6524,1.849,22,6.21,22,47.6,110,47.84,33.21,,,,40.23,55,12.5,,,,,17.8,32.26,25.21,55,9.339,,,22,,,,8.89,,13.58,44,44,44,23.39,11.2,12.45,41.08,55,,55,,,,,,1.64,16.14,25.57,24.29,22.07,7.883,18.07,,,,,,,,,55,55,55,55,8.2,30.8,55,39.5,27,55,13,89.75,,,,,,21.86,16.03,22.88,55,50.78,21.92,55,35.2,16.42,37.95,19.72,14.13,8,,,,,4.61,7.142,1.97,2.13,1.14,14.19,22.54,44,71.64,20.86,6.5,,,,34.49,,,,,,,,,9.2,15.8,9.8,13.1,13.9,11.75,,,,44,0.3641,,,,16.39,44,44,44,55,,,16.49,0.9154,1.26,1.217,10.72,55,,8.07,,55,,0.5083,0.3191,30.14,2.548,14.27,7.18,18.68,31.36,14.32,,,16.27,36.73,,,,,,,,,922.8,619.6
6728-26-3,(E)-2-Hexenal,,27.31,,,,,,,,,22,7.25,33,3.99,0.96,10.7,13.24,10.13,11.7,,,14.3,55,31.2,55,55,55,55,1.239,23.46,31.25,6.819,15.98,33,24.3,4.548,4.242,3.848,22,22,,,,,22,,,16.72,18.14,18.97,9.46,16.45,29.68,23.84,,108.8,22,44,,,,31.95,13.69,33,55,,,23.14,,,,,,,,24.53,36.15,77,44,,,,,,,,,,,,,,,,,,,,,,,,,,,,,9.96,,,,39.25,26.37,1100,43.84,3.88,1.43,2.6,3.72,1.62,3.6,,0.9126,,,,110,110,110,,,,,,,,1.39,,,,,,,,9.877,6.481,7.152,28.99,55,18.43,7.584,22,22,22,22,22,22,22,22,17.57,22,22,22,6.974,8.95,5.97,1.918,6.211,11.54,6.99,2.974,17.79,20.04,9.44,6.6,,5.8,33,33,18.03,27.41,9.904,26.83,11.7,33,33,33,22,22,22,55,33,33,33,33,33,,,,,7,4.6,,,4.28,13.46,16.44,36.78,28.17,44,44,12.8,,,,,,4.54,7.608,3.791,,,0.22,3.15,32.24,,2.95,74.11,72.83,37.8,67.14,26.4,,,,,21.2,33.15,68.32,17.1,26.41,16.99,24.8,21.54,35.81,4.21,25.38,20.93,1.73,10.65,16.6,,1.127,13.12,5.219,,49.1,35.2,0.9581,0.8261,4.561,1.96,3.102,9.566,22,22,22,51.63,24.89,25.65,22.58,,,,48.3,55,8.1,,,,,10.7,35.2,55,55,23.3,,,22,,,,12.11,12.59,16.06,44,44,26.14,24.62,6.2,22.03,41.08,55,,55,,,,,,1.69,10.35,66.54,47.17,12.69,12.79,17.24,23.67,110,,,,,65.83,,55,55,55,55,6.2,14.1,55,55,55,55,22.6,9.08,,,,,,12.35,23.9,23.31,55,28.8,30,55,0.5692,35.2,40.24,37.96,31.9,3,,,,,,,,,,10.3,,,54.62,6.753,5.261,,,,26.4,0.64,281.6,5.36,21.17,13.47,27.31,281.6,7.8,,,9.4,14,14,37.2,,,,44,2.489,,5.03,8.8,,44,44,44,55,,,55,1.46,1.481,2.969,13.2,20.52,,18.27,,55,,,0.6712,55,2.73,,8.06,,,,,,19.84,65.71,4.153,48.24,2.518,3.183,3.696,11,5.68,11,,
7212-44-4,(+/-) nerolidol,,5.89,,3.92,12.11,,232.2,22.34,28.63,7.905,22,,,,,,,,9.2,,1.8,,55,55,55,55,55,24.9,4.166,15.37,50.71,14.5,19.66,20.1,20.1,,,,22,15.38,,,,,7.009,,,28.15,24.38,22.43,1.3,17.23,33,55,,,,14.71,26.3,9.5,39.1,33,20,23.81,14.52,11.18,21.53,,,,,,,,,20.34,44,5.37,3.39,,,,,,,,,,,,,,,,,,1.243,,,,,,,,5.09,,,,,,,,4.54,307.7,23.23,3.384,1.595,1.871,,1.519,,,2.265,,,,110,110,110,,,29.77,,2.791,,123,,,,,,,,,3.24,5.66,22,14.6,47,7.59,12.82,22,22,22,22,5.96,22,8.34,22,4.02,0.63,22,22,11,11,11,2.59,11,11,,2.861,9.212,5.595,7.975,,,,9.114,9.406,5.579,9.942,23.64,30.65,25.31,11.56,14.01,33,17.23,11.08,14.95,13.1,33,33,28.55,18.05,24.39,,,4.411,,,,6.96,110,4.084,7.258,43.1,23.06,17.45,44,44,8.82,14.21,44.92,38.93,29.37,,,,,,,,,55,10.87,,,57.9,,,,,,,,,,69.43,,33.1,38.5,,,,38.5,,25.67,,11.77,,,,15.68,,7.43,55,24.36,,,,,,,7.26,5.23,6.73,49.19,68.56,65.29,35.83,44,21.8,44,83.06,55,23.5,,,,,18.94,22.53,55,55,86.5,,,22,,,,17.66,11,,,,,,15.47,,75.93,55,31.9,55,45.23,55,7.77,12.37,15.56,,15.98,,,,12.72,26.79,23.97,110,4.3,110,5.93,,25.57,110,29.73,8.03,11.04,55,6.8,22.4,55,42.7,6.7,55,13.1,7.23,,,,,,14.86,12.23,10.01,24.2,29.1,17.7,55,7.59,35.2,,,,2.198,,6.228,,7.531,,,,,,5.432,44,26.61,17.23,31.83,5.609,33.1,34.5,,37.51,,,,,,,,11.2,8.9,6.4,9.7,8.6,3.676,15.81,,,,22,9.04,10.47,,12.62,27.59,10.55,44,44,1.47,13.46,10.4,21.29,12.13,,,,8.65,,10.7,,12.17,,25.7,4.71,55,12.01,,,,,,,,,,14.39,37.58,,,,,,,180.9,189.8
3681-71-8,Cis-3-Hexenyl acetate,,19.29,,18.68,83.17,,414.7,38.17,36.93,3.3,22,,,,,,,,,11.6,16.1,,51.81,52.69,55,43.85,45.57,36.56,12.71,25.16,55,18.32,55,21.3,12.4,1.168,0.8869,2.029,4.4,0.7345,,,,,0.9203,,,7.37,15.82,12.16,33,33,33,19.26,21.53,108.8,22,44,,,,33,55,33,38.71,,,,,,,,,,,,16.7,77,44,,,,,,,,,,,,,,,,,,0.58,,,12.9,,2.5,,,,35,,106.7,,,,29.62,92.74,611.9,49.36,,,,,,,,,,,,110,110,110,,,,,3.428,,,3.023,4.459,1.35,9.93,9.94,,,,8.021,8.021,8.021,10.65,55,13,2.157,22,22,22,22,22,22,22,22,3.72,22,22,22,4.08,11,11,1.51,11,11,97.03,33.53,21.21,19.99,14.87,,,,24.75,33,33,33,33,24.53,11.34,33,33,33,22,22,22,34.79,33,33,33,33,33,,2.47,9,,5.7,5,,,,,,,,,,,,,,,10.63,6.55,8.789,4.481,,,0.11,2.525,55,,2.47,172.6,,,75.61,26.4,,,,,22.36,28.84,86.26,,,13.69,19.77,13.82,24.01,4.68,44.01,25.67,,5.78,20.45,,,27.17,3.9,,55,45.3,2.209,2.116,1.518,1.5,22,0.7244,5.615,3.542,7.404,53,110,47.84,110,,,,72.49,55,12.5,,,,,30,29.5,18.51,39.65,42.2,,,22,,,,12.6,,13.58,44,44,44,23.39,17.1,88.91,,55,,,,,,,,1.64,4,25.57,24.29,22.07,15.43,18.77,,,,,,,,110,34.93,32.6,38.87,55,9.7,55,55,34.5,21.1,55,19.4,12.81,,,,,,4.32,16.76,22.88,55,32.5,27.1,55,35.2,14.04,36.92,27.25,13.9,4.268,6.3,8.307,,4.637,4.61,3.548,2.203,2.76,1.945,26.66,27.02,40.56,20.86,15.49,5.69,,,,33.9,0.21,281.6,18.92,33.91,48.29,281.6,182.2,,9.2,15.8,10.8,13.2,17,26.41,27.5,0.71,5.16,22,0.7416,,6.411,7.58,3.82,11.37,22,22,55,,,55,0.6133,1.27,13.2,10.45,55,,8.07,,55,,23.49,0.527,55,13.09,14.27,7.18,18.68,31.36,14.32,,,15.57,39.49,,,,,,,,,,
87-44-5,β‐caryophyllene / caryophyllene  / beta-caryophyllene,,12.17,,,,,,,,,22,,,,,,,,,,,,,,,,,,,,,,,13.4,4.5,,,,22,22,,,,,22,,,9.22,55,12.35,1.46,33,33,2.84,,,,44,,,,33,,33,13.84,,,,2.43,3.52,33,2.24,4.19,2.2,33,,44,29.68,13.87,,,,,,,,,,,,,,,,,,,,,,,,,,9.25,,,,4.06,,,55,123.2,1100,195.3,1.61,1.36,2.29,,2.07,,,,,,,110,110,110,,,25.01,,,,,,,,,,,,,7.97,22,12.77,14.7,55,15.64,2.32,2.54,22,22,22,22,22,22,22,22,22,1.4,22,11,11,11,11,11,11,,3.88,8.67,3.58,3.78,,,,,,,,,33,33,21.63,24.44,33,22,22,22,55,33,33,25.08,33,19.65,4.3,,,6.5,,,3.739,64.82,8.31,7.27,9.32,39.85,11.61,44,44,2.54,144.7,1100,139.7,1100,,,,,,,,,,15.55,,,,,,,,,,,,,,,,38.5,,,,38.5,,38.5,,,,57.75,,14.64,,,55,30.9,,,,,,,,,,,110,110,,,,,,,,,,,,11,35.2,55,55,391.1,,,,,,,,,,,,,,55,,,55,30.8,4.15,16.13,33.48,16.37,16.34,7.45,,6.53,41.41,41.95,66.16,19.06,,,,,,7.969,,19.84,,55,55,55,55,9.4,55,24.4,55,0.9,55,9.7,10.33,13.81,29.23,26.56,21.61,20.94,27.42,26.17,16.4,55,25.9,26.7,55,,35.2,,,,,,,,,,,,,,,,,19.26,20.91,2.42,,,,,,,,,,,,,10.5,18,,,,46.58,,,,,,2.76,,,,,,,1.57,2.16,,55,21.22,,,,,,,,,,,,55,,,,,,,,27.19,18.74,58.05,,,,,,,,,9.71,74.96
124-19-6,nonanal / Pelargonic aldehyde / Nonaldehyde / C9:Ald,,11.24,,0.84,6.667,,312.7,47.69,31.35,4.369,22,7.25,33,3.99,0.96,10.7,16.3,13.1,7.6,,,13.96,55,48.77,55,55,55,55,26.01,48.82,55,33.56,15.62,4.574,6.02,8.601,8.562,9.683,22,22,,,,,22,,,43.65,55,55,8.32,33,12.25,7.73,13.36,59.53,14.45,31.24,,,,21.48,46.98,33,55,,,35.81,,,,,,,,19.28,44,77,29.11,,,,,,,,,,,,,,,,,,0.44,,,2.476,,2.55,,,6.527,,,57.44,,,,48.59,19.84,106.2,27.82,3.915,1.314,2.511,3.64,1.567,3.6,,0.8804,,33,33,110,110,110,,,,,2.85,,,1.663,4.39,4.569,12,11.71,2.088,2.596,2.97,12.23,10.4,12.32,33.28,55,15.62,7.895,22,22,22,22,14.4,22,17,22,16.23,11.85,9.795,19.4,11,11,11,11,11,11,7.073,5.69,38.34,8.5,10.6,6.6,,5.8,33,33,16.94,33,4.84,33,33,33,33,33,22,22,22,49.1,33,33,33,33,33,,,,,7,4.6,,,4.28,13.46,16.44,36.78,28.17,44,44,12.8,,,,,10.63,4.331,7.508,3.03,,,0.1208,2.617,35.12,,1.27,37.12,72.83,47.45,87.61,26.4,21.65,4.517,16.33,6.635,54.42,75.31,155.2,28.87,28.5,19.91,19.26,16.91,21.9,38.5,17.55,38.5,1.998,7.64,18.82,74.6,1.147,19.27,5.219,,53.38,43.37,1.02,0.8544,3.334,5.26,10.37,22,5.4,22,4.76,54.4,48.33,51.1,67.63,,,,110,49.11,27.39,,,,,5.2,35.2,55,55,10,3.81,2.5,22,3.011,22,4.282,22,12.59,11.56,44,44,38.09,19.77,22.9,24.91,,55,,55,,,,,,1.69,17.03,66.54,47.17,12.69,12.51,18.06,23.67,110,,,20.63,,59.37,110,27.32,28.4,24.32,55,5.058,13.67,55,55,24.1,55,7.33,8.651,26.83,8.5,40.4,26.31,7.64,26.66,15.75,13.44,30.22,55,32.24,55,0.4974,8.201,55,21.17,36.89,3,,3.3,,,,,,,,5.89,14.06,1.05,9.342,6.065,3.608,,,,24.51,0.522,281.6,6.751,23.08,17.01,41.85,260,7.8,,,12.22,11.87,15.89,35.41,27.5,0.71,5.16,4.393,2.197,12.59,4.88,8.8,,0.7808,3.22,4.966,34.39,13.76,8.49,55,1.65,1.378,2.685,13.2,55,,55,,40.35,,0.5068,0.5451,55,1.868,9.893,7.19,22.46,27.94,29.85,,,23.93,189.5,4.42,48.24,2.518,3.183,3.696,11,5.68,11,330.7,50.51
78-70-6,"3,7-dimethyl-1,6-octadien-3-ol / DL linalool",,20.3,,4.23,13.77,,232.2,25.19,28.63,9.53,22,,,,,,,,9.2,,1.8,,55,55,24,55,55,55,55,55,55,55,9.6,20.1,20.1,,,,22,22,,,,,6.88,,,37.31,35.12,36.74,2.254,18.8,28.13,55,,206.4,,14.52,26.3,9.5,39.1,28.28,20,24.38,16.61,11.18,20.29,,,,,,,,,20.56,31.42,32.1,44,7.83,21.1,18.4,10.7,27.6,9.43,23.1,12.6,15.7,13.9,7.94,13,4.17,6.59,18.9,21.7,11.9,2,17.8,16.9,8.35,9.79,8.38,13.9,13.4,5.474,,,,4.13,,,,4.401,179.9,19.76,3.59,1.61,1.86,,1.48,,,2.464,,,,110,110,110,,,29.77,,5.49,,123,,,,,,,,,5.03,22,22,3.5,55,8.9,26.4,22,22,22,22,22,22,22,22,4.694,22,22,22,11,11,11,1.33,11,11,,6.7,18.53,12.76,13.73,,,,10.08,10.65,6.755,11.45,24.73,33,23.03,16.05,33,24.7,22,22,22,19.49,33,33,25.12,33,15.89,,,2.68,,7.2,2.9,6.96,110,3.51,6.06,34.92,12.56,13.28,44,44,9.903,14.21,44.92,38.93,29.37,,,,,,,,,55,10.89,,,78.95,,,,,,,,,,69.43,,33.1,15.15,,,,38.5,,38.5,,11.77,,,,99.1,,9.601,55,21.8,,,,,,,8.225,6.209,9.282,50.3,84.06,80.99,39.14,44,21.8,44,88.61,55,23.5,,,,,35.2,18.8,55,55,86.5,,,22,,,,22,11,,,,,,16.02,,75.93,55,31.9,55,45.23,55,7.77,12.37,15.56,,16.17,,,,9.61,26.79,23.97,110,4.3,110,8.32,,25.57,110,25.6,7.588,16.85,55,9.1,55,55,55,28.8,55,18.3,25.85,,,,,,23.7,22.09,19.52,34.7,55,55,55,10.85,11.35,,,,1.8,,5,,7.7,,,,,,2.61,25.89,10.52,15.08,44.03,4.55,33.1,34.5,,58.68,,,,,,,,11.2,8.9,6.4,9.7,8.6,6.129,21.41,,,,22,110,10.47,,12.91,27.07,44,30.5,44,55,13.46,10.4,55,14.41,,,,8.65,,10.7,,12.17,,25.7,3.418,55,14.87,,8.24,,,,12.82,14.38,,,14.69,37.58,,,,,,,180.9,189.8
119-36-8,methyl salicylate,3.565,55,150.3,9.15,51.85,64.18,39.41,8.29,50.58,6.83,22,10.7,33,8.59,12.7,33,0.08,,,,13.32,,55,55,55,55,28.4,55,,,,,,33,33,,,,,,,,,,,,,8.67,13.32,11.83,8.17,9.68,33,41.38,,,22,26,,,,33,55,33,39.91,,,28.26,,,,,,,,,,,,,,,,,,,,,,,,,,,,,0.82,,,,,,,,,20.82,,,,,,21.45,137.4,395.8,444.7,,,,,,,,0.7,2.52,,,60.01,110,110,,,12.36,13.89,,17.78,19.75,,,,,,,,,9.42,10.53,22,12.1,18.1,1.42,35.22,22,22,22,22,22,22,22,22,22,22,22,22,,,,,,,,,,,,,,,,,,,,,,33,19.07,19.86,22,22,22,39.5,33,33,33,33,33,,,,,,,,63.7,7.01,16.04,27.53,44,10.99,44,44,11.25,,,,,,,,,,,,,43.51,,,14.83,32.49,37.19,,26.4,,,,,45.77,77.31,73.07,,,9.81,18.79,,37.29,38.5,38.38,20.25,,7.55,,36.5,,27.7,18.1,,55,48.1,,,,,,,,,,,47.34,110,28.45,,,,16.04,,,,,,,,,23.84,55,29.5,2.93,5.32,16.19,,,,4.367,,,,,,,55,,14.67,55,,,,,,,,,,,,,,39.22,,,10.8,,,,,,55,55,55,55,6.5,23.3,55,55,25.5,55,12.3,18.79,17.92,24.49,24.98,28.81,24.97,44.19,33.42,19.63,55,32.2,32,55,,,,,,,,,,,,,,,,,,,19.97,203.1,7.97,16.5,17.2,17.7,36.71,,,,,,,,,11,13.5,,,,11.92,,,,,,9.89,,8.03,,,,,55,,9.52,55,,,,,,,,,,,,,55,,16.43,9.62,23.21,20.13,31.74,,,,,4.07,31.86,,,,,,,,
13877-91-3,beta-ocimene / Ocimene,,14.09,,,,,,25.19,,10.24,22,,,,,,,,,,,,55,55,24,55,55,55,55,55,55,55,9.6,20.1,20.1,,,,13,9.63,,,,,5.923,,,28.63,25.13,22.15,4.609,20.63,23.19,18.19,,206.4,,44,,,,33,20,33,14.69,,,,,,,,,,,11.23,33.05,18.9,18.76,7.83,21.1,18.4,10.7,27.6,9.43,23.1,12.6,15.7,13.9,7.94,13,4.17,6.59,18.9,21.7,11.9,9.29,17.8,16.9,8.35,9.79,8.38,13.9,13.4,7.42,,,,4.13,,,,1.836,50.05,10.55,2.44,1.66,2.57,,1.82,,,,,,,110,110,110,,,29.77,,3.715,,,,,,,,,,,5.552,7.684,12.58,7.248,55,11.84,7.722,22,22,22,22,22,22,22,22,2.59,22,22,22,11,11,11,2.366,11,11,,6.7,18.53,3.174,4.901,,,,13.96,4.29,2.65,3.014,13.27,20.05,18.57,33,33,33,22,22,22,55,33,33,33,33,33,,,2.68,,7.2,2.9,6.96,110,5.799,12.15,27.75,6.471,9.861,44,44,11.24,14.21,44.92,38.93,29.37,,,,,,,,,55,11.02,,,99.56,,,17.58,,,,,12.44,44.06,69.43,32.27,32.72,9.752,11.06,10.89,16.79,38.5,,28.21,,11.77,,,,14.06,,,,,,,,,,,5.74,22,22,50.3,45.67,49.99,21.47,44,21.8,44,44.28,,,,,,,35.2,35.2,55,55,86.5,,,22,,,,22,11,,,,,,15.4,,,55,31.9,55,45.23,55,7.77,12.37,15.56,,11.96,,,,18.04,26.79,23.97,,,110,14.69,,25.57,,55,6.81,55,55,4.581,29.84,55,55,5.083,55,8.05,22.37,,,,,,28.06,8.447,37.76,21.99,37.56,16.27,55,1.989,35.2,,,,1.8,,5,,7.7,,,,,,4.205,1.04,0.52,2,7.6,6.54,,,,,,,,,,,,,8.9,6.4,9.7,8.6,6.238,10.86,,,,22,110,,,17.63,,44,30.5,44,10.83,,,55,10.18,,,,,,,,,,,1.64,55,14.87,,8.24,,,,12.82,14.38,,,30.27,,,,,,,,,
4602-84-0,Farnesol,,8.578,,1.87,3.49,,232.2,19.16,28.63,4.71,22,33,33,33,6.37,33,5.3,11.5,9.2,,1.8,15.1,55,55,33.89,55,55,48.2,0.3,1.4,55,12,55,20.1,20.1,,,,22,12.12,,,,,7.299,,,40.83,43.48,42.25,1.927,17.19,19.46,55,,,,25.8,26.3,9.5,39.1,27.89,20,23.75,15.86,11.03,15.43,,,,,,,,,19.7,44,4.98,1.29,,,,,,,,,,,,,,,,,,0.7,,,,,,,,5.256,,,,,,,,3.275,99.81,15.29,3.002,1.564,1.892,,1.601,,,1.6,,,,78.29,110,110,,,29.77,,1.909,,123,,,,,,,,,4.33,6.598,11.14,10.43,51.08,9.736,11,2.17,22,22,22,0.33,22,4.15,2.18,6.25,1,0.31,22,11,11,11,11,11,11,,0.4551,2.035,2.644,4.883,,,,14.12,15.26,11.03,15.83,26.95,22.19,27.28,33,15.43,17.39,2.42,1.9,22,14,33,33,23.05,33,33,,,4.911,,,,6.96,110,5.555,10.47,43.1,23.06,17.45,44,44,8.82,14.21,44.92,38.93,29.37,,,,,,,,,55,10.94,,,27.1,,,,,,,,,,69.43,,33.1,29.63,,,,38.5,,32.5,,11.77,,,,14.89,,5.4,55,32.92,,,,,,,12.36,4.938,11.88,46.59,39.21,36.53,28.57,44,21.8,44,83.63,55,23.5,,,,,4.1,35.2,55,55,86.5,,,22,,,,13.08,11,,,,,,14.09,,75.93,55,31.9,55,45.23,55,7.77,12.37,15.56,,15.95,,,,17.33,26.79,23.97,110,4.3,110,18.18,,25.57,110,4.56,1.32,13.14,55,6.405,25.32,55,53,7.699,55,13.05,14.06,,,,,,19.44,10.39,20.9,19.5,19.8,4.9,55,1.309,6.939,,,,2.619,,7.701,,7.391,,,,,,5.996,0.92,0.53,2.34,22.05,7.682,33.1,34.5,,51.45,,,,,,,,11.2,8.9,6.4,9.7,8.6,3.509,11.32,,,,22,1.24,10.47,,8.68,24.01,5.19,44,44,16.92,13.46,10.4,50.26,8.75,,,,8.65,,10.7,,12.17,,25.7,1.09,55,1.7,,,,,,,,,,11.78,37.58,,,,,,,180.9,189.8
66-25-1,hexanal,,13.87,,0.84,7.275,,312.7,47.69,31.35,4.523,22,7.25,33,3.99,0.96,10.7,15.31,11.69,8.989,,,13.99,55,51.6,55,55,55,55,26.01,48.82,55,33.56,15.62,4.574,6.03,8.262,8.219,9.325,22,22,,,,,20.12,,,55,55,55,6.77,11.59,33,46.19,,,11.05,,,,,33,55,33,55,,,55.13,,,,,,,,19.75,44,77,44,,,,,,,,,,,,,,,,,,0.44,,,3.163,,4.022,,,6.84,,,55.14,,,,48.76,19.14,1100,111.1,3.92,1.3,2.5,3.63,1.56,3.6,,0.8828,,33,33,110,110,110,,,,,,,,1.65,5.423,4.72,12,11.71,2.07,2.585,2.957,22,9.51,22,16.1,55,18.43,26.62,22,22,22,22,22,22,22,22,15.59,22,22,22,11,11,11,2.12,11,11,5.583,3.11,28.13,4.999,8.838,6.6,,5.8,33,33,33,33,6.33,33,23.8,18.02,16.44,19.18,4.33,3.529,19.41,55,28.05,33,33,25.3,33,,,,,7,4.6,,,4.81,14.25,17.47,38.13,25.32,44,44,13.47,,,,,10.63,4.321,7.515,3.072,,,0.0995,2.626,35.15,,1.498,37.2,75.42,48.83,56.64,26.4,21.11,4.957,18.27,7.152,30.91,48.64,119.5,16.6,30.93,19.1,20.55,18.14,26.19,14.21,5.52,12.19,1.994,7.99,18.66,85.74,1.148,53.52,5.219,,55,44.6,1.018,0.8533,3.374,3.932,6.091,22,4.914,12.21,4.388,51.25,36.78,39.31,46.61,,,,73.51,55,11,,,,,5.2,35.2,55,55,10.49,,,22,3.011,22,4.282,22,12.59,11.96,44,44,36.62,20.22,7.3,24.56,,55,,55,,,,,,1.69,16.43,66.54,47.17,12.69,26.91,18.02,23.67,110,,,20.04,,63.65,,40.93,43.3,46.72,55,6.2,14.1,55,55,55,55,22.6,8.46,,,,,,32.76,11.59,14.4,28.99,55,31.08,55,0.4877,35.2,39.68,22.46,16.35,3,,3.3,,,,,,,,6.874,15.42,2.509,10.5,6.059,3.542,,,,18.74,0.5265,281.6,6.685,22.99,16.85,41.1,260.9,7.8,,,11.92,11.62,14.21,7.31,27.5,0.71,5.16,4.586,2.404,,4.683,8.8,,0.8061,3.264,5.216,36.31,13.76,8.49,55,1.652,1.36,3.318,12.22,55,,55,,55,,0.506,0.5661,55,2.087,10.6,7.638,22.11,31.63,22.21,,,23.93,189.5,4.006,47.34,2.518,3.183,3.696,11,5.68,11,321.7,54.45
111-27-3,1-hexanol,,19.6,,0.84,11.81,,312.7,47.69,31.35,2.79,22,7.25,33,3.99,0.96,10.7,14.6,11.62,10.25,,,12.09,55,51.6,55,55,55,55,22.84,55,55,37.81,6.704,33,33,33,33,33,22,22,,,,,17.71,,,55,55,55,7.87,17.31,18.05,14.39,13.38,59.53,14.69,31.18,,,,33,22.2,33,55,,,44.07,,,,,,,,17.33,29.96,13.43,6.344,,,,,,,,,,,,,,,,,,0.44,,,5.242,,10.3,,,6.569,,,69.78,,,,55,35.74,380.7,48.45,3.92,1.3,2.5,3.63,1.56,3.6,,0.863,,33,33,46.85,110,110,,,24.6,,2.85,,,4.93,12.07,8.09,12,11.71,2.449,2.821,3.235,13.87,13.82,22,23.95,55,17.47,41.71,22,22,22,22,22,22,22,8.387,10.4,12.57,22,22,6.217,11,11,2.379,11,11,5.04,25.73,43.88,3.79,4.647,6.6,,7.249,16.61,20.41,14.62,29.16,21.8,17.17,19.12,33,33,33,22,22,22,51.03,33,33,33,33,33,,,,,7,4.6,,,9.05,21.16,29.93,44,21.29,44,44,27.09,,,,,10.63,4.799,6.268,2.439,,,0.1551,2.019,55,,1.21,47.52,81.9,48.83,17.88,2.11,12.51,1.8,26.4,2.67,19.65,4.789,71.93,23.06,32.74,17.35,21.61,5.19,44.85,4.68,35.62,17.51,2.102,10.4,23.38,94.11,1.152,31.35,10.23,,51.84,41.69,1.004,0.7493,1.806,1.711,1.936,11.5,3.068,3.896,2.764,50.58,57.64,60.53,110,,,,64.59,55,8.8,,,,,5.2,35.2,55,55,8.009,3.81,2.5,4.141,3.011,22,4.282,17.72,11.17,13.44,44,44,44,20.11,6.5,35.96,,55,,55,,,,,,,31.37,66.54,47.17,12.69,15.06,18.86,,91.72,,,21.63,,48.99,110,55,29.4,37.84,55,4,13.2,55,55,9.3,55,2,14.55,26.83,8.5,40.4,26.31,7.64,19.71,16.57,13.7,55,55,55,55,0.5664,35.2,52.12,33.55,39.08,3.326,,5.148,,,,13.88,,,,9.667,15.63,1.041,16.53,5.14,5.85,,,,28.72,,,,,,,,7.8,,,12.9,13.9,17.5,10.51,,,,22,1.54,12.59,4.365,8.8,16.39,25.99,44,44,13.54,13.76,8.49,55,1.364,3.133,1.468,11.73,55,,55,,13.57,,0.7585,0.4473,55,2.744,6.481,5.112,22.36,30.1,22.22,,,23.93,189.5,4.67,43.92,,,,11,5.68,11,334.1,49.1
112-31-2,decanal / 10:Ald,,11.87,,0.84,6.667,,312.7,47.69,31.35,4.369,14.91,7.25,33,3.99,0.96,10.7,15.29,11.76,13,,,14.3,55,48.77,55,55,55,55,55,55,55,55,55,4.574,6.02,8.601,8.562,9.683,22,22,,,,,22,,,55,45.87,42.3,7.33,23.67,20.68,5.75,13.36,59.53,14.45,31.24,,,,29.97,46.98,33,55,,,35.81,,,,,,,,19.28,44,77,7.97,,,,,,,,,,,,,,,,,,0.44,,,2.476,,2.55,,,6.527,,,69.78,,,,48.59,9.78,98.81,27.09,3.915,1.314,2.511,3.64,1.567,3.6,,1.9,,33,33,110,110,110,,,,,2.85,,,1.663,4.39,4.569,12,11.71,2.088,2.596,2.97,12.23,10.4,12.32,33.28,55,15.62,7.895,22,22,22,22,14.4,22,14.16,22,22,7.5,6.07,22,7.344,9.837,8.025,2.246,8.838,11.41,7.073,3.323,20.28,7.62,12.49,6.6,,5.8,33,33,9.93,18.6,33,33,23.61,18.03,16.43,19.15,4.31,3.512,19.43,49.1,28.09,33,33,25.36,33,,,,,7,4.6,,,4.87,14.34,17.6,38.27,25.07,44,44,13.57,,,,,10.63,4.331,7.508,3.03,,,0.1208,2.617,35.12,,1.27,28.07,74.92,47.45,55.41,26.4,21.65,4.517,16.33,6.635,15.96,42.37,118,31.3,28.5,12.66,9.82,17.76,12.69,29.1,45.38,11.59,1.998,6.019,18.82,74.6,1.147,90.1,5.219,,53.38,43.37,1.02,0.8544,3.334,6.02,5.93,22,4.722,11.7,4.209,49,48.33,51.1,67.63,,,,76.33,55,55,,,,,5.2,35.2,47.91,55,10,3.81,2.5,22,3.011,22,4.282,22,12.59,11.56,44,44,38.09,19.77,12.86,24.91,,55,,55,,,,,,1.69,55,66.54,47.17,12.69,15.34,18.06,23.67,110,,,20.63,,59.37,110,55,55,55,55,5.058,13.67,55,55,24.1,55,7.33,8.651,26.83,8.5,40.4,26.31,7.64,20.26,15.75,13.44,30.22,55,32.24,55,0.4974,8.201,55,55,55,3,,3.3,,,,,,,,5.89,14.06,1.05,9.342,6.065,3.608,,,,24.51,0.522,281.6,6.751,23.08,17.01,41.85,260,7.8,,,12.22,11.87,15.89,8.84,27.5,0.71,5.16,4.393,2.197,12.59,4.88,8.8,,0.7808,3.22,4.966,34.39,13.76,8.49,55,1.65,1.378,2.685,13.2,55,,55,,40.35,,0.5068,0.5451,55,1.868,9.893,7.19,22.46,27.94,29.85,,,23.93,189.5,3.955,47.25,2.518,3.183,3.696,11,5.68,11,330.7,50.51
112-54-9,Lauraldehyde / dodecanal / Dodecyl aldehyde / 12:Ald,,13.99,,0.84,6.667,,312.7,47.69,31.35,4.369,14.91,7.25,33,3.99,0.96,10.7,15.29,11.76,9.011,,,13.96,55,48.77,55,55,55,55,1.3,30.3,55,8,8,4.574,6.02,8.601,8.562,9.683,22,22,,,,,19.93,,,52.46,52.99,52.12,7.33,23.67,20.68,55,13.36,59.53,14.45,31.24,,,,29.97,46.98,33,55,,,35.81,,,,,,,,19.28,15.11,3.92,3.87,,,,,,,,,,,,,,,,,,0.44,,,2.476,,2.55,,,6.527,,,57.44,,,,48.59,8.35,108,30.67,3.915,1.314,2.511,3.64,1.567,3.6,,1,,33,33,110,110,110,,,,,2.85,,,1.663,4.39,4.569,12,11.71,2.088,2.596,2.97,12.23,10.4,12.32,55,55,15.62,9.65,22,22,22,22,13.23,22,22,22,11.2,10.5,7.91,11.92,7.344,9.837,8.025,2.246,8.838,11.41,7.073,3.323,20.28,4.999,8.838,6.6,,5.8,24.13,31.98,14.61,24.78,8.105,33,23.61,9.16,16.57,33,22,22,16.13,36.1,22.05,33,33,17.08,33,,,,,7,4.6,,,4.87,14.34,17.6,38.27,25.07,44,44,13.57,,,,,10.63,4.331,7.508,3.03,,,0.1208,2.617,35.12,,1.27,37.12,74.92,47.45,55.41,26.4,21.65,4.517,16.33,6.635,28.71,47.39,118,24.04,28.5,4.31,15.5,15.47,20.88,38.5,17.55,38.5,1.998,6.019,18.82,74.6,1.147,110,7.8,,53.38,43.37,1.02,0.8544,3.334,1.5,2.96,22,4.722,11.7,4.209,51.32,48.33,51.1,67.63,,,,76.33,49.11,27.39,,,,,5.2,35.2,55,55,10,3.81,2.5,22,3.011,22,4.282,22,12.59,11.56,44,44,38.09,19.77,12.86,24.91,,55,,55,,,,,,1.69,30.91,66.54,47.17,12.69,15.34,18.06,23.67,110,,,20.63,,59.37,110,40.93,43.3,46.72,55,5.058,13.67,55,55,24.1,55,7.33,6.86,26.83,8.5,40.4,26.31,7.64,26.01,17.93,12.2,16.6,55,18.9,55,0.4974,8.201,51.86,38.49,40.73,3,,3.3,,,,,,,,3.69,14.06,1.05,4.97,6.065,3.608,,,,24.51,0.522,281.6,6.751,23.08,17.01,41.85,260,7.8,,,12.22,11.87,15.89,11.59,27.5,0.71,5.16,4.393,2.197,12.59,5.03,8.8,,0.7808,3.22,4.966,55,13.76,8.49,55,7.29,1.378,2.685,13.2,55,,55,,40.35,,0.5068,0.5451,55,1.868,9.893,8.06,22.46,27.94,29.85,,,23.93,189.5,3.955,47.25,2.518,3.183,3.696,11,5.68,11,330.7,50.51
53939-28-9,(Z)-11-Hexadecenal / Z11-16:Ald,,14.14,,0.84,1.08,,,,,6.67,15.36,7.25,33,3.99,0.96,10.7,14.82,11.3,9.271,,,14.3,52.63,48.58,55,53.27,51.19,48.85,0.4,55,55,6.4,55,4.5,1.6,6.64,4.62,6.88,13.88,8.317,,,,,8.872,,,42.08,40.31,38.32,7.301,22.54,21.43,15.62,,,14.9,,,,,30.2,47.6,33,55,,,,,,,,,,,24.53,35.53,42.45,17.7,,,,,,,,,,,,,,,,,,1.6,,,1.182,,0.6444,,,6.84,,,49.57,,,,44.6,14.07,207.2,39.67,3.912,1.325,2.519,3.648,1.572,3.6,,0.8877,,,,110,110,110,,,,,3.07,,,1.597,1.06,1.35,12,11.71,1.56,2.23,2.54,4.4,4.4,2.3,33.13,55,15.78,0.23,22,22,22,22,14.27,22,16.99,22,16.19,11.84,9.783,19.4,5.431,8.604,5.312,1.624,5.568,11.65,6.99,3.17,17.18,1.955,2.525,6.6,,5.8,17.77,31.01,12.39,22.74,6.458,30.39,19.36,16.16,8.89,6.23,0.33,0.5,19.85,55,28.88,33,33,26.53,33,,,,,7,4.6,,,4.28,13.46,16.44,36.78,28.17,44,44,12.8,,,,,10.63,4.384,7.493,3.051,,,0.1224,2.71,23.41,,1.73,44.18,74.62,46.48,77.27,26.4,,,,,28.71,45.4,117.1,20.94,26.3,13.55,15.5,18.11,20.87,36.4,16.72,30.28,1.73,4.681,18.81,,0.92,18.9,5.219,,53.95,40.78,1.02,1.05,5.2,0.71,1.5,4.1,4.03,5.854,3.181,50.82,24.89,25.65,69.8,,,,67.94,46.35,25.44,,,,,10.7,35.2,45.29,55,8.405,,,22,,,,22,12.59,14.71,44,44,34.35,23.97,12.42,15.69,41.08,55,,55,,,,,,1.69,30.94,66.54,47.17,12.69,14.96,17.24,23.67,110,,,17.96,,63.65,,40.93,43.3,46.72,55,6.2,14.1,55,55,55,55,22.6,8.541,,,,,,24.07,15.65,13.42,30.46,55,27.24,55,0.6377,2.538,51.88,38.52,40.79,3,,,,,4.61,5.157,1.97,2.13,1.14,7.204,32.95,5.021,11.39,5.79,2.87,,,,24.92,0.64,281.6,5.36,21.17,13.47,27.31,281.6,7.8,,,11.92,11.64,14.33,11.62,27.5,0.71,5.16,3.658,1.605,,5.03,8.8,16.39,0.7376,2.924,4.083,55,13.76,,55,1.09,1.6,1.71,13.2,55,,55,,55,,0.5317,0.5184,48.61,2.135,9.97,8.06,,,,,,22.88,147,4.102,48.24,2.95,2.83,3.96,11,5.68,11,357.6,40.76
80-56-8,alpha-pinene,,25.5,,,,,,,,9.79,22,,,,,,,,,,,,,,,,,,,,,,,,,,,,22,22,,,,,6.45,,,28.57,29.2,26.94,33,20.39,16.77,21.15,13.47,,,,,,,19.32,47.84,33,20.99,,,,,,,,,,,,44,77,18.48,,,,,,,,,,,,,,,,,,,,,,,,,,,,,,,,,49.14,73.34,935.2,109.3,,,,,,,,,,,,110,110,110,,,,,,14.07,,,,,,,,,,22,8.913,18.72,16.7,55,23.45,5.6,22,22,22,22,22,22,22,22,22,16.89,22,22,11,11,11,11,11,11,,4.73,28.07,16.2,11.41,,,,,,,,,15.2,33,,,,,,,55,,,,,,,,,,,,2.42,92.67,5.06,5.452,,,,,,,25.53,27.43,35.43,50.18,,,,,,1.5,,,,,,,,,,26.4,,,,,14.85,42.64,122.1,,,11.91,12.18,,38.9,38.5,6.26,38.5,,2.02,,,,14.99,,,,,,,,,,,,,,,110,110,,,,,,,,,,,,16.8,35.2,22.41,55,,,,,,,,,,,,,,,,27.38,,55,23.75,20.87,20.14,19.5,20.65,15.61,25.41,,15.48,,,,26.6,,,,21.15,,14.72,,30.38,110,55,8.47,55,55,7.296,31.19,55,55,16.28,55,22.3,6.796,,,,,,9.729,25.96,26.98,31.1,55,11.5,55,,35.2,,,,,,,,,,,,,,3.53,,,15.75,471.6,7.39,,,,26.6,,,,,,,,,9.7,16.5,,,,30.8,,,,,,,,,,,,,2.54,,,55,,,,,,,,,,,,,,,6.44,6.17,23.14,31.29,,19.4,13.52,57.79,136.2,,,,,,,,,116.8,385
5989-27-5,r-limonene / (R)-(+)-limonene,,9.93,,,,,,,,,22,,,,,,,,,,,,,,,,,,2.627,14.38,55,19.2,9.6,13.4,4.5,,,,22,22,,,,,7.56,,,9.22,55,12.35,1.46,33,33,38.44,13.47,,,,,,,11.28,,33,18.21,,,,2.43,3.52,33,2.24,4.19,2.2,33,,44,29.68,13.87,,,,,,,,,,,,,,,,,,,,,,,,,,9.25,,,,4.06,,,55,135.5,672.8,166.3,2.915,1.457,2.262,4.12,1.851,,,,,,,47.79,110,110,,,25.01,,,,,,,,12.55,9.24,,,,22,17.24,22,55,55,13.3,11.8,22,22,22,22,22,22,22,22,22,22,22,22,11,11,11,5.724,11,11,,1.676,13.96,6.516,8.037,,,,,,,,,33,33,21.63,24.44,33,22,22,22,55,33,33,25.08,33,19.65,4.3,,,6.5,,,4.1,104.8,8.25,44,44,44,10.89,44,44,18.06,27.5,38.59,51.87,34.1,,,,,,,,,55,18.31,,,,,,,,,,,,,,,,38.5,,,,38.5,,38.5,,,,,,14.64,,,55,30.9,,,,,,,,,,,95.04,92.28,,,,,,,,,,,,11,35.2,23.99,55,40.7,,,,,,,,,,,,,,55,,,55,378.4,12.85,55,14.99,17.1,23.92,22.25,,16.64,41.41,41.95,66.16,4.739,,,,,,18.23,,,,55,55,55,55,7.191,55,36.67,55,13.21,55,11.86,15,13.81,29.23,26.56,21.61,20.94,16.99,30.62,13.22,27.6,55,23.6,55,,35.2,,,,,,,,,,,,,,15.57,,,19.26,20.91,2.42,,,,,,,,,,,,,10.5,18,13.5,7.8,8.3,28.68,,,,,,2.76,,,,,,,1.57,2.16,7.47,55,21.22,,,,,,,,,,,,55,,,,,,,,27.19,18.23,59.09,,,,,,,,,,
502-61-4,alpha-farnesene / Farnesene,,9.038,,4.237,13.81,,232.2,19.88,28.63,7.394,22,,,,,,,,9.2,,1.8,,55,55,38.85,55,55,44.46,0.5385,6.568,40.49,4.014,25.76,20.1,20.1,,,,18.49,11.23,,,,,6.872,,,27.94,30.52,28.12,2.669,20.22,22.42,20.05,,206.4,,27.78,26.3,9.5,39.1,27.28,20,27.15,16.71,11.18,17.12,,,,,,,,,14.05,37.41,12.06,6.713,7.83,21.1,18.4,10.7,27.6,9.43,23.1,12.6,15.7,13.9,7.94,13,4.17,6.59,18.9,21.7,11.9,1.883,17.8,16.9,8.35,9.79,8.38,13.9,13.4,3.38,,,,4.13,,,,0.86,46.19,8.19,2.676,1.614,2.232,,1.718,,,2.355,,,,92.04,110,110,,,29.77,,3.35,,123,,,,,,,,,4.577,6.591,11.49,10.04,51.83,10.25,3.16,8.659,22,22,22,9.524,22,12.25,15.03,5.675,11.77,4.595,22,11,11,11,4.617,11,11,,0.8997,3.561,2.69,3.91,,,,14.66,6.192,4.159,4.54,15.41,27.14,29.57,23.29,20.44,33,22,22,21.14,29.44,33,33,31.18,31,31.98,,,2.68,,7.2,2.9,6.96,110,5.805,11.8,31.17,9.053,11.47,44,44,10.54,14.21,44.92,38.93,29.37,,,,,,,,,55,11.02,,,44.57,,,17.58,,,,,12.44,44.06,69.43,32.27,32.71,16.22,11.06,10.89,16.79,38.5,,29.36,,11.77,,,,13.53,,5.4,55,31.63,,,,,,,7.983,10.9,15.88,47.41,44.51,41.24,29.03,44,21.8,44,62.05,55,23.5,,,,,17.9,32.08,55,55,86.5,,,22,,,,14.58,11,,,,,,14.83,,75.93,55,31.9,55,45.23,55,7.77,12.37,15.56,,8.93,,,,21.31,26.79,23.97,110,4.3,110,13.72,,25.57,110,8.39,1.8,12.47,55,5.203,24.5,55,51.81,5.076,55,9.637,21.54,,,,,,39.16,6.58,44.82,26.67,33.28,13.03,55,1.28,5.47,,,,2.581,,7.504,,7.484,,,,,,4.76,1.04,0.52,11.11,9.85,0.98,33.1,34.5,,38.01,,,,,,,,11.2,8.9,6.4,9.7,8.6,4.207,9.11,,,,22,9.417,10.47,,13.04,25.64,13.47,41.85,44,12.6,13.46,10.4,47.37,6.89,,,,8.65,,10.7,,12.17,,25.7,1.64,55,5.477,,8.24,,,,12.82,14.38,,,15.61,37.58,,,,,,,180.9,189.8
106-24-1,"E-3,7-dimethyl-2,6-octadien-1-ol  / geraniol",,10.01,,4.296,14.13,,174.3,5.5,39.61,8.58,22,33,33,33,6.37,33,5.3,11.5,9.565,,2.182,15.1,55,55,26.9,55,55,55,2.1,22.7,55,11.2,55,20.1,20.1,,,,22,13.03,,,,,7.306,,,39.71,42.86,41.56,2.085,17.34,19.86,55,,,,44,26.3,9.5,39.1,27.14,20,24.04,16.34,11.18,15.2,,,,,,,,,19.7,41.74,9.912,4.215,,,,,,,,,,,,,,,,,,3,,,,,,,,5.266,,,,,,,,3.208,92.2,14.86,3.001,1.564,1.893,,1.602,,,1.987,,,,39.63,110,110,,,29.77,,2.004,,123,,,,,,,,,4.471,6.648,11.66,10.13,51.47,9.968,10.9,22,22,22,22,22,22,22,22,6.626,22,22,22,11,11,11,7.588,11,11,,0.4749,2.107,2.765,4.945,,,,33,33,33,33,33,24.9,33,26.07,18.24,22.39,6.775,4.679,20.92,34.1,33,33,26.3,30.51,30.33,,,4.911,,,,6.96,110,5.563,10.49,43.1,23.06,17.45,44,44,8.82,14.21,44.92,38.93,29.37,,,,,,,,,55,10.95,,,14.15,,,17.58,,,,,12.44,44.06,69.43,32.27,32.83,21.49,11.06,10.89,16.79,38.5,,31.75,,11.77,,,,15.83,,5.4,55,34.27,,,,,,,13.1,4.907,12.64,46.2,29.45,30.24,22.58,44,21.8,44,110,55,23.5,,,,,5.121,32.99,55,55,86.5,,,22,,,,13.03,11,,,,,,12.9,,75.93,55,31.9,55,45.23,55,7.77,12.37,15.56,,15.29,,,,17.34,26.79,23.97,110,4.3,110,25.89,,25.57,110,8.931,2.152,15.19,55,8.2,28.5,55,55,12.9,55,17.6,14.83,,,,,,19.27,10.25,22.18,55,55,23.3,55,1.329,35.2,,,,2.628,,7.824,,7.488,,,,,,6.087,4.746,2.215,42.26,22.06,5.48,33.1,34.5,,75.56,,,,,,,,11.2,8.9,6.4,9.7,8.6,4.002,11.31,,,,22,22,10.47,,10.3,24.67,23.96,44,44,17.26,13.46,10.4,55,9.825,,,,8.65,,10.7,,12.17,,25.7,1.486,55,2.901,,,,,,,,,,11.73,37.58,,,,,,,180.9,189.8
7785-70-8,(1R)-(+)-alpha-pinene,,22.57,,,,,,,,9.79,22,,,,,,,,,,,,,,,,,,,,,,,,,,,,22,22,,,,,6.45,,,31.71,30.62,27.19,33,19.05,16.25,25.73,13.47,,,,,,,16.62,55,33,21.83,,,,,,,,,,,,44,77,18.48,,,,,,,,,,,,,,,,,,,,,,,,,,,,,,,,,55,67.98,1100,171.5,,,,,,,,,,,,110,110,110,,,,,,14.07,,,,,,,,,,22,8.9,22,16.7,55,23.45,5.6,22,22,22,22,22,22,22,22,22,17.45,22,22,11,11,11,11,11,11,,4.667,25.74,15.64,11.13,,,,,,,,,15.2,33,,,,,,,55,,,,,,,,,,,,2.33,81.39,5.05,5.63,,,,,,,18.61,16.85,29.04,35.68,,,,,,1.5,,,,,,,,,,26.4,,,,,14.85,42.64,122.1,,,11.91,12.18,,38.9,38.5,6.26,38.5,,2.02,,,,14.99,,,,,,,,,,,,,,,110,110,,,,,,,,,,,,16.8,35.2,22.41,55,,,,,,,,,,,,,,,,27.38,,55,23.97,20.87,3.29,17.75,21.1,13.29,31.29,,14.81,,,,24.72,,,,21.15,,14.82,,30.38,110,55,8.47,55,55,7.296,31.19,55,55,16.28,55,22.3,5.78,,,,,,10.65,25.96,26.98,31.1,55,11.5,55,,35.2,,,,,,,,,,,,,,3.53,,,15.75,471.6,7.39,,,,26.6,,,,,,,,,9.7,16.5,,,,33.73,,,,,,,,,,,,,2.571,,,55,,,,,,,,,,,,,,,6.675,5.868,23.14,31.29,,22.12,28.31,57.79,136.2,,,,,,,,,116.8,385
77-53-2,cedrol / (+)-cedrol,,7.21,,,,,,,,,,,,,,,,,,,,,,,,,,,0.4,1.4,33.8,2,20,,,,,,,,,,,,,,,,,,,,,,,,,,,,,,,,,,,,,,,,,,,,,,,,,,,,,,,,,,,,,,,,,,,,,,,,,,,,,,,,53.85,1100,157.2,,,,,,,,,,,,,,,,,21.91,,,,,,,,,,,,,7.06,9.12,22,24,55,30.35,6.82,22,22,22,22,12.39,22,22,22,,22,6.1,22,,,,,,,,,,,,,,,,,,,,,,16.35,9.22,20.15,11.68,6.25,22,30,33,33,19.85,22.71,19.37,,,,,,,,,,,,,,,,,,,,,,,,,,,,,,,,,,,,,,,,,,,,,,,,,,,,,,,,,,,,,,,,,,,,,22,4.9,7.53,,,,,,,,,,,,,,,,,,,,,,,,,,,,,,,,,,,,55,,,,,,,,,,,,,,,,,,,,,,,,,,,,,,,,,,,,,,,,,,,25.6,30.1,14.1,55,,,,,,,,,,,,,,,,,,,28.33,,,,,,,,,,,,,,,,,,,,,,,,,,,,,,,,,55,,,55,,,,,,,,,,,25.94,3.12,,,,,,,,,,,,,,,,,,,,,
3016-19-1,"2,6-Dimethyl-2,4,6-octatriene  / trans,trans-(4E,6E)-allo-ocimene",,,,,,,,,,,,,,,,,,,,,,,,,,,,,,,,,,,,,,,,,,,,,,,,55,55,55,33,33,10.53,,,,,,,,,12.53,,33,,,,,,,,,,,,,24.74,7.72,12.95,11.7,17.5,20.9,2.87,21,8.9,18.1,14.4,14.9,24.8,6.82,7.96,8.97,9,16.6,16.7,10.8,16.8,16.8,15.7,7.32,14.7,12.1,14.6,12.3,,,,,,,,,,,,,,,,,,,,,,,,,,,,,,,,,,,,,,,,,,,,,,,,,,,,,,,,,,,,,,,,,,,,,,,,,,,,,,,,,,,,,,,,,,,,,,,,,,,,,,,,,,,,,,,,,,,,,,,,,,,,,,,,,,,,,,,,,,,,,,,,,,,,,,,,,,,,,,,,,,,,,,,,,,,,,,,,,,,,,,,,,,,,,,,,,,,,,,,,,,,,,,,,,,,,,,,,,,,,,,,,,,,,,,,,,,,,,,,,,,,,,,,,,,,,,,,,,,,,,,,,,,,,,,,,,,,,,,,,,,,,,,,,,,,,,,,,,,,,,,,,,,,,,,,,,,,,,,,,,,,,,,,,,,,,,
593-08-8,2-Tridecanone,,18.73,,0.84,23.72,,312.7,47.69,31.35,4.968,22,6.901,7.279,2.883,4.573,5.11,14.57,11.58,7.59,7.3,8.19,12.83,55,40.51,55,55,55,46.04,55,55,55,55,2.77,18.23,6.905,33,33,33,22,22,,,,,22,,,43.16,42.64,39.46,12.09,15.7,27.9,55,13.59,110.9,14.89,33.28,,,,33,34.07,33,55,,,45.43,,,,,,,,17.58,27.06,49.02,27.65,,,,,,,,,,,,,,,,,,0.7061,,,1.974,,1.673,,,6.318,12.7,,79.66,,,,55,2.83,47.17,5.37,3.92,1.3,2.5,3.63,1.56,3.6,,1.175,2.88,33,33,76.55,110,110,,,,,2.85,,,2.317,10.59,7.276,12,11.71,2.88,3.07,3.53,11.68,14.24,22,14.99,41.89,8.796,55,15.54,22,22,22,5.2,22,22,2,3,22,1.23,7.76,7.533,11,11,2.908,11,11,8.666,7.554,36.15,6.672,7.177,6.6,,6.681,13.3,3.517,6.332,23.87,33,33,18.37,7.77,20.91,33,22,22,15.41,37.8,23.07,33,33,13.12,33,,,,,7,4.6,,,6.559,15.51,19.04,42.64,16.44,44,44,13.25,,,,,10.63,,7.26,2.24,,,0.09838,2.274,48.6,,0.9451,27.87,80.19,48.83,28.46,26.4,20.98,4.784,17.49,6.84,17.75,32.72,94.83,27.29,32.17,29.26,16.36,8.658,20.56,27.63,37.17,22.59,2.25,6.197,19.5,67.1,1.319,27.85,7.3,3.669,53.04,40.13,1.492,1.267,1.941,1.711,1.936,11.5,3.187,2.331,2.93,51.38,69.53,72.06,58.81,28.1,24.2,44,98.19,55,23.27,,,,,5.2,35.2,31.78,50.97,7.775,3.81,2.5,2.08,3.011,22,4.282,11.38,11.17,10.19,44,44,44,18.17,10.6,38.16,,55,,55,,,,,,,31.27,66.54,47.17,12.69,15.1,21.93,,110,,,23.71,,48.71,110,42.97,34.63,55,55,4,13.2,55,55,9.3,55,2,5.51,19.63,14.19,32.61,27.33,12.26,6.34,6.7,12.51,20.5,37.1,8.6,55,0.3936,10.43,50.12,41.31,37.42,3.036,,4.392,,6.14,,,,,,4.203,1.85,1.23,16.7,9.21,7.398,11.77,12.78,8.277,27.57,0.21,281.6,18.92,33.91,48.29,281.6,182.2,7.8,,,14.79,13.68,17.5,11.18,27.5,0.71,5.16,17.5,10.65,12.59,4.844,8.8,,2.266,5.728,16.15,4.89,13.76,8.49,55,3.595,2.03,8.56,10.76,40.68,,42.11,,10.02,,12.45,19.6,55,6.016,14.15,7.723,25.13,28.64,32.21,,,23.93,189.5,8.72,41.6,,,,11,5.68,11,292.2,70.82
111-71-7,heptanal,,13.99,,0.84,6.667,,312.7,47.69,31.35,4.369,8.95,7.25,33,3.99,0.96,10.7,15.29,11.76,9.011,,,13.96,55,48.77,55,55,55,55,26.01,48.82,55,33.56,15.62,12.9,13.1,8.601,8.562,9.683,22,22,,,,,19.93,,,55,55,55,7.43,33,21.78,55,13.36,59.53,14.45,31.24,,,,33,46.98,33,55,,,35.81,,,,,,,,19.28,44,77,44,,,,,,,,,,,,,,,,,,0.44,,,2.476,,2.55,,,6.527,,,57.44,,,,48.59,14.08,207.8,39.73,3.915,1.314,2.511,3.64,1.567,3.6,,0.8804,,33,33,110,110,110,,,,,2.85,,,1.663,4.39,4.569,12,11.71,2.088,2.596,2.97,12.23,10.4,12.32,33.28,55,15.62,7.895,22,22,22,22,14.4,22,17,22,16.23,11.85,9.795,19.4,11,11,11,2.79,11,11,7.073,5.76,23.12,10.38,15.92,6.6,,5.8,24.13,31.98,14.61,24.78,8.105,33,23.61,18.03,16.43,19.15,4.31,3.512,19.43,49.1,28.09,33,33,25.36,33,,,,,7,4.6,,,4.87,14.34,17.6,38.27,25.07,44,44,13.57,,,,,10.63,4.331,7.508,3.03,,,0.1208,2.617,35.12,,1.27,37.12,74.92,47.45,55.41,26.4,21.65,4.517,16.33,6.635,34.16,47.39,100.7,24.04,28.5,10.92,12.99,16.91,20.63,38.5,14.81,38.5,1.998,3.81,18.55,74.6,1.147,20.9,5.219,,53.38,43.37,1.02,0.8544,3.334,3.932,6.091,22,4.722,11.7,4.209,51.32,48.33,51.1,67.63,,,,71.93,55,55,,,,,5.2,35.2,47.91,55,10,3.81,2.5,22,3.011,22,4.282,22,12.59,11.56,44,44,38.09,19.77,14.1,22.03,,55,,55,,,,,,1.69,30.86,66.54,47.17,12.69,13.03,18.06,23.67,110,,,20.63,,59.37,110,55,32.21,55,55,5.058,13.67,55,55,24.1,55,7.33,8.651,26.83,8.5,40.4,26.31,7.64,24.08,15.75,13.44,30.22,55,32.24,55,0.4974,8.201,55,55,55,3,,3.3,,,,,,,,5.89,14.06,1.05,9.342,6.065,3.608,,,,28.94,0.522,281.6,6.751,23.08,17.01,41.85,260,7.8,,,11.9,11.3,15.89,11.59,27.5,0.71,5.16,4.393,2.197,12.59,4.88,8.8,,0.7808,3.22,4.966,34.39,13.76,8.49,55,1.65,1.378,2.685,13.2,55,,55,,40.35,,0.5068,0.5451,55,1.868,9.893,7.19,22.46,27.94,29.85,,,23.93,189.5,3.955,47.25,2.518,3.183,3.696,11,5.68,11,330.7,50.51
138-86-3,dl-limonene,,11.7,,,,,,,,,22,,,,,,,,,,,,,,,,,,2.627,14.38,55,19.2,9.6,13.4,4.5,,,,22,22,,,,,7.56,,,9.22,55,12.35,1.46,33,33,55,13.47,,,,,,,12.44,,33,17.76,,,,2.43,3.52,33,2.24,4.19,2.2,33,,44,29.68,13.87,,,,,,,,,,,,,,,,,,,,,,,,,,9.25,,,,4.06,,,55,135.5,672.8,166.3,2.915,1.36,2.28,4.12,1.85,,,,,,,70.67,110,110,,,25.01,,,,,,,,12.55,9.24,,,,18.51,12.97,21.1,37.33,55,13.3,15.52,18.06,22,22,22,22,22,22,22,22,13.86,22,22,11,11,11,5.36,11,11,,1.54,14.65,6.92,8.67,,,,,,,,,33,33,21.63,24.44,33,22,22,22,55,33,33,25.08,33,19.65,4.3,,,6.5,,,3.739,110,8.255,37.33,38.18,43.6,10.95,44,44,15.1,27.5,38.59,51.87,34.1,,,,,,,,,55,18.31,,,,,,,,,,,,,,,,38.5,,,,38.5,,38.5,,,,,,14.71,,,55,30.9,,,,,,,,,,,110,110,,,,,,,,,,,,11,35.2,25.88,55,50.05,,,,,,,,,,,,,,55,,,55,378.4,55,0.89,7.75,22.01,20.71,16.47,,18.28,41.41,41.95,66.16,4.12,,,,,,18.23,,,,55,55,55,55,7,55,38.2,55,17.3,55,12.1,12.68,13.81,29.23,26.56,21.61,20.94,18.05,25.67,16.91,29.39,51.34,23.87,55,,35.2,,,,,,,,,,,,,,15.57,,,19.26,20.91,2.42,,,,,,,,,,,,,10.5,18,13.5,7.8,8.3,28.68,,,,,,2.76,,,,,,,1.57,2.16,7.47,55,21.22,,,,,,,,,,,,55,,,,,,,,27.19,18.23,59.09,,,,,,,,,,
18794-84-8,beta-farnesene / (E)-β-farnesene /  trans-β-farnesene,,8.889,,3.92,12.11,,232.2,19.87,28.63,7.986,22,,,,,,,,9.2,,1.8,,55,55,40.04,55,55,43.77,0.5244,6.095,41.14,4.253,26.78,20.1,20.1,,,,22,4.76,,,,,7.29,,,55,55,55,1.2,33,14.57,11.12,,238.6,,29.95,26.3,9.5,39.1,33,20,33,12.77,11.18,17.05,,,,,,,,,16.75,42.19,11.02,5.743,7.83,21.1,18.4,10.7,27.6,9.43,23.1,12.6,15.7,13.9,7.94,13,4.17,6.59,18.9,21.7,11.9,1.122,17.8,16.9,8.35,9.79,8.38,13.9,13.4,5.971,,,,4.13,,,,5.158,80.62,16.52,2.788,1.565,1.98,,1.663,,,2.254,,,,110,110,110,,,29.77,,0.79,,123,,,,,,,,,4.762,6.017,9.386,10.86,52.84,11.55,13.21,1.85,22,22,22,22,22,8.87,22,2.59,22,1.25,22,11,11,11,4.351,11,11,,0.7908,3.204,1.63,4.25,,,,0.95,4.41,1.03,8.96,33,27.12,29.6,26.14,22.83,26.64,14.62,7.59,20.69,26.47,33,33,30.18,29.98,31.45,,,4.175,,7.2,2.9,6.96,110,6.31,12.39,39.83,18.37,15.76,44,44,9.211,14.21,44.92,38.93,29.37,,,,,,,,,55,10.95,,,64.45,,,17.58,,,,,12.44,44.06,69.43,32.27,32.77,19.4,11.06,10.89,16.79,38.5,,29.84,,11.77,,,,10.31,,5.4,55,30.56,,,,,,,9.582,6.905,12.38,47.4,36.84,36.82,22.39,44,21.8,44,45.21,55,23.5,,,,,10.43,30.74,55,55,86.5,,,22,,,,14.55,11,,,,,,14.79,,75.93,55,31.9,55,45.23,55,7.77,12.37,15.56,,24.75,,,,17.61,26.79,23.97,110,4.3,110,13.66,,25.57,110,21.97,6.73,24.62,55,2.5,17.4,55,55,1.1,55,3.9,14.7,,,,,,13.67,10.19,22.13,23.25,31.51,10.94,55,2.169,9.583,,,,2.575,,7.41,,7.385,,,,,,5.761,8.432,3.23,13.9,25.5,14.51,33.1,34.5,,38.2,,,,,,,,11.2,8.9,6.4,9.7,8.6,1.3,11.08,,,,22,8.339,10.47,,17.63,25.6,12.61,42.07,44,8.967,13.46,10.4,47.38,13.32,,,,8.65,,10.7,,12.17,,25.7,1.948,55,5.203,,8.24,,,,12.82,14.38,,,21.64,37.58,,,,,,,180.9,189.8
13466-78-9,"3,7,7-trimethyl-bicyclo[4.1.0]hept-3-ene / (+/-) 3-Carene",,25.5,,,,,,,,9.79,22,,,,,,,,,,,,,,,,,,,,,,,,,,,,22,22,,,,,6.45,,,31.71,30.62,27.19,33,19.05,16.25,55,,,,,,,,16.62,55,33,21.83,,,,,,,,,,,,44,77,18.48,,,,,,,,,,,,,,,,,,,,,,,,,,,,,,,,,55,91.16,757.6,56.69,,,,,,,,,,,,110,110,110,,,,,,14.07,,,,,,,,,,22,8.9,22,,,,11.52,22,22,22,22,22,22,22,22,22,16.89,22,22,11,11,11,11,11,11,,4.73,28.07,16.2,11.41,,,,,,,,,15.2,33,,,,,,,55,,,,,,,,,,,,1.97,65.13,5.06,5.452,,,,,,,23.75,66.71,62.34,166.9,,,,,,,,,,,,,,,,26.4,,,,,14.85,42.64,122.1,,,11.91,12.18,,38.9,38.5,6.26,38.5,,2.02,,,,,,,,,,,,,,,,,,,110,110,,,,,,,,,,,,16.8,35.2,22.41,55,,,,,,,,,,,,,,,,27.38,,55,23.97,18.67,31.02,55,25.15,42.53,6.58,,15.48,,,,26.6,,,,21.15,,15.74,,30.49,110,55,8.47,55,55,7,34.6,55,55,15,55,22.4,26.75,,,,,,10.95,25.96,26.98,31.1,55,11.5,55,,,,,,,,,,,,,,,,3.53,,,,471.6,7.39,,,,26.6,,,,,,,,,9.7,16.5,,,,13.04,,,,,,,,,,,,,2.54,,,55,,,,,,,,,,,,,,,9.04,3.84,23.14,31.29,,23.29,22.31,57.79,136.2,,,,,,,,,116.8,385
56683-54-6,(Z)-11-hexadecen-1-ol / Z11-16:OH,,16.41,,0.84,1.08,,,,,3.331,19.43,7.25,33,3.99,0.96,10.7,14.08,10.71,10.27,,,12.52,55,54.05,55,49.86,48.84,39.79,3.8,55,55,17.6,55,33,1.2,33,33,33,9.367,3.624,,,,,4.084,,,36.22,35.67,39.03,8.366,20.83,22.51,30.13,,,14.41,,,,,31.1,36.64,33,55,,,,,,,,,,,,21.27,14.48,6.582,,,,,,,,,,,,,,,,,,1.6,,,1.182,,0.6444,,,6.84,,,69.78,,,,47.22,20.65,173.5,48.71,3.92,1.3,2.5,3.63,1.56,3.6,,0.863,,,,53.43,110,94.63,,,24.6,,3.07,,,3.211,2.873,4.663,11.89,11.36,1.56,2.23,2.54,10.31,7.348,5.942,18.56,55,19.24,1.551,22,22,22,22,20.35,22,20.26,22,13.64,17.98,17.29,22,4.74,8.83,5.736,1.492,5.982,11.58,5.23,4.888,23.91,1.935,1.933,6.6,,5.8,8.078,28.66,8.099,18.21,3.607,25.04,14.76,24.19,17.34,16.81,2.142,2.187,21.06,55,31.18,33,33,30.07,33,,,,,7,4.6,,,7.188,18.41,24.89,41.64,23.21,44,44,21.51,,,,,10.63,4.809,6.808,2.955,,,0.1505,2.422,45.64,,1.066,58.94,77.6,47.66,29.82,11.79,20.95,4.835,17.71,6.908,8.908,10.12,85.65,14.26,27.28,25.34,7.291,8.101,10.78,11.72,20.65,18.78,1.895,4.549,18.84,113.2,0.97,31.35,10.23,,55,46.96,0.9,0.65,1.6,0.68,0.56,1.8,4.578,2.488,3.087,49.29,54,49.26,59.73,,,,80.36,55,12.4,,,,,10.7,35.2,35.31,55,7.385,,,4.141,3.011,22,4.282,17.72,,10.66,44,44,44,18.9,8.833,14.5,41.08,55,,55,,,,,,1.64,14.11,66.54,47.17,12.69,11.16,17.55,,110,,,17.96,,61.37,,50.64,34.84,34.91,55,8.2,30.8,55,39.5,27,55,13,15.71,,,,,,19.31,15.23,17.22,43.91,55,27.27,55,0.45,0.8013,50.81,36.62,38.05,4.998,,,,,4.61,8.111,1.97,2.13,1.14,10.64,32.95,5.021,22.12,5.14,2.71,,,,29.12,0.3992,281.6,9.144,25.85,23.13,73.36,234.2,7.8,9.2,15.8,11.68,12.72,15.8,12.96,27.5,0.71,5.16,2.1,0.31,,5.03,8.8,16.39,0.67,2.17,4.4,55,13.76,,45.25,0.61,1,0.78,13.2,55,,18.33,,55,,0.53,0.33,42.16,0.56,6.844,5.292,22.27,32.16,17.11,,,20.35,75.74,4.924,48.24,2.518,3.183,3.696,11,5.68,11,357.6,40.76
34010-21-4,(Z)-11-Hexadecenyl acetate / Z11-16:Ac,,11.55,,2.559,8.863,,367.8,41.96,34.45,4.357,21,7.105,6.333,3.916,14.19,6.228,14.08,10.71,9.1,13.15,4.483,14.3,55,49.83,55,41.82,55,55,55,55,55,55,55,9.4,8.7,0.95,0.62,0.48,5.657,1.249,,,,,1.511,,,26.36,35.58,36.25,6.318,22.41,30.06,39.62,17.97,106.5,17.65,38.16,,,,33,45.48,33,51.6,,,40.66,,,,,,,,17.66,27.85,36.56,21.04,,,,,,,,,,,,,,,,,,0.7223,,,1.317,,0.3136,,,5.78,20.36,,88.4,,,,27.28,37.96,347.1,42.06,3.92,1.3,2.5,3.63,1.56,3.6,,0.8839,,33,33,75.82,110,97.83,,,12.36,13.89,2.902,,,2.036,4.763,2.22,,,1.56,2.23,2.54,4.4,4.4,4.841,21.34,46.76,10.47,2.04,22,22,22,22,19.49,22,22,22,8.559,14.61,14.13,22,5.306,8.478,5.085,1.545,5.344,11.69,19.08,3.046,16.53,1.984,2.092,6.6,,5.8,8.683,21.23,13.18,24.96,13.04,29.85,13.87,28.72,22.52,22.15,4.348,5.299,22,44.74,33,33,33,33,33,,2.47,9,,6.056,4.878,,,5.085,14.12,16.48,39.67,20.31,44,44,11.56,,,,,10.63,5.618,8.417,4.189,,,0.1131,2.699,16.05,,0.97,40.63,72.83,48.83,161.9,26.4,,,,,15.96,29.72,92.35,16.07,18.19,22.72,7.897,15.09,17.18,25.78,25.98,29.14,1.73,1.649,20.44,63.15,1.097,25.33,4.361,5.275,51.94,44.08,2.28,1.85,1.44,1.5,22,0.82,1.631,1.48,1.442,51.43,110,110,44.22,28.1,24.2,44,47.94,46.35,26.64,,,,,19.91,30.74,27.73,49.38,6.87,3.81,2.5,14.19,,,,12.63,,13.58,44,44,44,23.39,13.89,32.81,,55,,55,,,,,,,8.446,35.41,30.45,18.28,13.53,18.39,,110,,,25.14,,65.83,110,40.25,38.94,42.15,55,6.762,30.76,55,41.72,15.11,55,7.69,8.835,19.35,14.53,32.29,27.37,12.53,12.46,13.54,12.93,49.32,44.63,29,55,0.52,2.24,45.72,39.42,28.22,3.522,4.892,6.12,13.6,4.7,4.61,3.584,2.318,3.209,2.479,4.839,12.43,13.84,19.77,9.21,2.38,16.58,12.78,8.277,24.84,0.21,281.6,18.92,33.91,48.29,281.6,182.2,7.8,,,11.19,12.34,15.52,16.08,27.5,0.71,5.16,4.4,4.4,,6.159,7.834,3.82,1.05,4.4,4.4,25.14,,8.49,55,0.49,0.72,13.2,13.2,55,,55,,19.19,,1.595,0.76,18.7,3.52,12.38,5.898,22.16,26.52,25.74,,,23.93,189.5,5.845,44.94,2.518,3.183,3.696,11,5.68,11,,
928-95-0,E-2-hexen-1-ol,,27.31,,,,,,,,,22,,,,,,,,,,,,55,51.69,55,43.27,52.89,49.43,6.42,55,55,38.6,3.84,23.01,3.535,12.08,11.61,10.58,,,,,,,,,,19.68,22.69,23.45,10.18,12.32,33,14.55,,108.8,22,44,,,,33,29.75,33,49.85,,,,,,,,,,,24.53,28.46,77,44,,,,,,,,,,,,,,,,,,,,,0.5,,0.13,,,,,,9.96,,,,42.95,26.75,271,302.1,3.88,1.43,2.6,3.72,1.62,,,,,,,88.61,110,110,,,,,,,,5.55,7.2,,9.93,9.94,1.56,2.23,2.54,12.73,12.73,7.387,10.65,55,13,31.85,22,22,22,22,22,22,22,22,,22,22,22,3.846,8.528,5.173,1.009,5.431,11.68,6.99,7.12,13.54,5.124,3.835,,,,2.079,25.01,3.966,12.49,1.304,14.18,13.58,33,33,33,22,22,22,55,33,33,33,33,33,,,,,,,,,,,,,,,,,,,,,,4.799,6.104,2.477,,,0.22,2.239,42.64,,2.638,74.11,,45.39,,21.05,17.09,6.75,26.4,8.07,8.361,13.27,82.7,6.19,26.41,26.38,8.695,17.42,11.93,9.438,17.91,18.73,1.73,3.108,18.36,,1.113,30.69,,,49.62,45.43,0.9427,0.7212,2.352,0.7308,0.8414,2.194,22,3.51,4.82,47.6,54.16,35.54,110,,,,68.66,55,17.7,,,,,10.7,35.2,55,55,23.3,,,16.35,,,,15.06,12.59,16.06,44,44,26.14,24.62,12.77,4.97,41.08,55,,55,,,,,,1.664,14.88,,,,9.323,17.64,23.67,,,,,,,,55,55,55,55,7.177,21.22,55,46.25,37.9,55,16.92,13.52,,,,,,9.22,7.08,21.54,55,40.62,23.62,55,1.405,1.027,39.03,26.95,20.83,8,,,,,,13.88,,,,8.224,,,34.02,7.54,8.12,,,,31.83,0.64,281.6,5.36,21.17,13.47,27.31,281.6,,9.2,15.8,11.2,13,15.7,12.86,,,,11.96,0.7195,,,,,3.611,6.978,12.77,55,,,48.23,0.9348,1.297,1.268,10.99,23.72,,8.007,,55,,0.5083,0.3197,,1.284,,,,,,,,17.52,32.52,,,2.518,3.183,3.696,,,,,
124-13-0,octanal / C8:Ald,,13.99,,0.84,6.667,,312.7,47.69,31.35,4.369,9.52,7.25,33,3.99,0.96,10.7,15.29,11.76,6.1,,,13.96,55,48.77,55,55,55,55,55,55,55,55,55,4.574,6.02,8.601,8.562,9.683,22,22,,,,,19.93,,,55,55,55,7.04,33,16.71,6.91,13.36,59.53,16.24,31.24,,,,33,46.98,33,55,,,35.81,,,,,,,,19.28,44,77,44,,,,,,,,,,,,,,,,,,0.44,,,2.476,,2.55,,,6.527,,,57.44,,,,48.59,18.49,380.2,43.67,3.915,1.314,2.511,3.64,1.567,3.6,,0.8804,,33,33,110,110,110,,,,,2.85,,,1.39,4.39,4.569,12,11.71,2.088,2.596,2.97,12.23,10.4,12.32,33.28,55,15.62,7.895,22,22,22,22,14.4,22,9.72,22,22,22,22,22,7.344,9.837,8.025,2.246,8.838,11.41,7.073,3.323,20.28,4.999,8.838,6.6,,5.8,24.13,31.98,14.61,24.78,8.105,33,23.61,18.03,16.43,19.15,4.31,3.512,19.43,49.1,28.09,33,33,25.36,33,,,,,7,4.6,,,4.87,14.34,17.6,38.27,25.07,44,44,13.57,,,,,10.63,4.331,7.508,3.03,,,0.1208,2.617,35.12,,1.27,37.12,74.92,47.45,55.41,26.4,21.65,4.517,16.33,6.635,21.46,66.37,118,24.04,28.5,13.55,18.36,16.91,27.17,36.4,20.06,30.28,1.998,6.019,18.82,74.6,1.147,110,5.219,,53.38,43.37,1.02,0.8544,3.334,7.52,10.37,22,4.722,11.7,4.209,51.32,48.33,51.1,67.63,,,,76.33,49.11,27.39,,,,,5.2,35.2,47.91,55,10,3.81,2.5,22,3.011,22,4.282,22,12.59,11.56,44,44,38.09,19.77,14.1,24.91,,55,,55,,,,,,1.69,30.91,66.54,47.17,12.69,15.34,18.06,23.67,110,,,20.63,,65.83,110,55,55,55,55,5.058,13.67,55,55,24.1,55,7.33,8.651,26.83,8.5,40.4,26.31,7.64,18.27,15.75,13.44,30.22,55,32.24,55,0.4974,8.201,55,55,55,3,,3.3,,,,,,,,5.89,14.06,1.05,9.342,6.065,3.608,,,,24.51,0.522,281.6,6.751,23.08,17.01,41.85,260,7.8,,,11.4,11.6,15.89,7.8,27.5,0.71,5.16,4.393,2.197,12.59,4.88,8.8,,0.7808,3.22,4.966,34.39,13.76,8.49,55,1.65,1.378,2.685,13.2,55,,55,,40.35,,0.5068,0.5451,55,1.868,9.893,7.19,22.46,27.94,29.85,,,23.93,189.5,3.22,47.25,2.518,3.183,3.696,11,5.68,11,330.7,50.51
110-43-0,2-heptanone,,17.87,,0.84,60.59,,312.7,47.69,31.35,4.32,22,6.031,10.97,1.958,0.7886,4.495,16.3,13.1,7.3,7.3,,12.83,55,40.53,55,55,55,46.02,55,55,55,55,2.77,18.16,6.954,33,33,33,22,22,,,,,22,,,42.92,55,41.23,17.51,13.08,33,55,13.74,119,14.74,33.83,,,,33,34.1,33,55,,,46.17,,,,,,,,19.58,26.24,44.69,23.21,,,,,,,,,,,,,,,,,,0.44,,,2.476,,2.55,,,6.293,,,81.33,,,,29.41,14,111.4,14.78,3.92,1.3,2.5,3.63,1.56,3.6,,1.175,2.88,33,33,55.33,110,110,,,,,2.85,,,0.9,21.6,8.5,12,11.71,2.88,3.07,3.53,13.35,11.18,22,8.5,31.9,5.73,45.07,22,22,22,22,22,22,22,22,4.731,22,22,22,7.519,11,11,2.909,11,11,9.32,7.037,39.07,6.714,7.136,6.6,,6.854,13.41,3.774,5.412,24.12,33,28.84,20.31,15.43,33,33,22,22,22,37.2,33,33,33,33,33,,,,,7,4.6,,,6.577,15.32,18.88,42.74,16.09,44,44,13.01,,,,,10.63,6.55,8.743,4.397,,,0.09832,2.065,55,,0.9713,28.07,81.41,48.83,28.46,26.4,21.08,4.967,18.31,7.158,29.08,34.23,97.69,26.38,32.02,22.55,15.8,12.2,22.04,38.5,37.08,22.86,2.25,7.037,19.52,68.15,,28.88,8.299,2.7,53.38,39.82,2.2,2.152,1.528,1.711,1.936,11.5,3.99,2.854,3.682,52.26,70.86,73.08,57.2,,,,91.24,55,23.15,,,,,5.2,35.2,32.61,49.95,7.759,3.81,2.5,22,3.011,22,4.282,5.69,11.17,10.19,44,44,44,18.17,9.888,38.16,,55,,55,,,,,,,30.11,,,,16.61,22.24,,110,,,24.04,,48.27,110,55,20.32,55,55,4,13.2,55,55,9.3,55,2,7.583,18.73,15.32,31.58,27.48,13.16,7.876,9.929,13.17,22.06,32.47,10.3,55,0.3935,21.72,43.4,30.99,24.41,2.748,,3.84,,6.14,,,,,,10.87,4.718,2.013,14.39,9.21,8.154,,,,26.65,0.21,281.6,18.92,33.91,48.29,281.6,182.2,,,,14.57,13.42,17.5,10.85,27.5,0.71,5.16,17.41,10.58,12.59,4.914,8.8,,2.266,5.728,16.15,6.602,13.76,8.49,55,3.634,1.984,8.717,10.72,38.88,,40.46,,10.95,,17.38,3.456,55,6.016,14.29,7.923,25.64,29.11,30.74,,,23.93,189.5,9.018,41.29,,,,,,,277.1,81.93
56219-04-6,(Z)-9-hexadecenal / Z9-16:Ald,,14.2,,0.84,1.951,,,,,4.973,14.92,7.25,33,3.99,0.96,10.7,14.83,11.31,9.319,,,13.93,52.96,49,55,53.51,51.72,49.68,0.4,55,55,1.5,55,3.2,4.4,7.817,7.787,8.896,15.85,11.01,,,,,11.53,,,52.46,52.99,52.12,7.329,23.63,20.7,15.62,18.86,,14.58,,,,,29.98,44.61,33,55,,,,,,,,,,,19.81,35.53,42.45,17.7,,,,,,,,,,,,,,,,,,1.6,,,1.349,,0.8245,,,6.84,,,52.67,,,,45.84,14.08,207.8,39.73,3.914,1.32,2.516,3.644,1.57,3.6,,0.8774,,33,33,110,110,110,,,,,3.07,,,1.752,1.06,2.588,12,11.71,1.865,2.448,2.796,9.276,7.458,6.344,33.28,55,15.62,2.686,22,22,22,22,14.4,22,17,22,14.96,11.85,9.795,19.4,5.453,8.627,5.353,1.639,5.608,11.64,5.899,3.192,17.3,1.987,2.569,6.6,,5.8,17.99,31.05,12.49,22.82,6.511,30.86,19.57,13.5,9.55,8.86,0.77,0.36,19.81,55,28.79,33,33,26.41,33,,,,,7,4.6,,,4.914,14.4,17.67,38.39,24.84,44,44,13.6,,,,,10.63,4.378,7.484,2.982,,,0.1188,2.599,29.95,,1.247,43.72,74.92,46.85,61.03,26.4,20.58,4.091,14.44,5.661,28.71,47.62,118.2,21.53,27.02,13.55,15.5,18.08,20.88,36.4,16.76,30.28,1.893,4.905,18.78,63.15,1.38,36.92,5.219,,53.26,41.67,0.9,0.65,4,0.98,1.2,2.2,3.465,6.048,3.089,50.93,46.25,48.77,59.81,,,,74.81,49.03,27.33,,,,,7.247,35.2,47.82,55,8.548,,,22,3.011,22,4.282,22,12.59,12.39,44,44,38.58,21.05,12.85,19.13,41.08,55,,55,,,,,,1.69,30.91,66.54,47.17,12.69,14.98,17.9,23.67,110,,,17.96,,64.31,110,40.93,43.3,46.72,55,6.2,14.1,55,55,55,55,22.6,8.651,,,,,,24.08,15.75,13.44,30.22,55,32.24,55,0.54,3.359,51.86,38.49,40.73,3,,3.3,,,4.61,5.157,1.97,2.13,1.14,5.925,15.23,3.11,10.51,6.169,3.212,,,,24.9,0.5115,281.6,6.908,23.27,17.41,43.67,258,7.8,,,12.21,11.86,14.96,11.59,27.5,0.71,5.16,3.3,0.83,,4.874,8.8,16.39,0.52,2.16,4.4,34.16,13.76,,55,1.18,1.41,13.2,13.2,55,,55,,39.15,,0.5085,0.53,55,4.49,9.618,7.123,21.39,26.48,25.58,,,23.07,154,3.955,47.15,2.518,3.183,3.696,11,5.68,11,357.6,40.76
5989-54-8,s-limonene / (-)-limonene,,13.73,,,,,,,,,22,,,,,,,,,,,,,,,,,,2.627,14.38,55,19.2,9.6,13.4,4.5,,,,22,22,,,,,6.79,,,9.22,55,12.35,1.46,33,33,38.44,13.47,,,,,,,12.44,,33,17.76,,,,2.43,3.52,33,2.24,4.19,2.2,33,,44,29.68,13.87,,,,,,,,,,,,,,,,,,,,,,,,,,9.25,,,,4.06,,,55,123.2,1100,195.3,2.915,1.457,2.262,4.12,1.851,,,,,,,82.21,110,110,,,25.01,,,,,,,,12.55,9.24,,,,18.51,12.97,21.1,37.33,55,13.3,19.04,18.06,22,22,22,22,22,22,22,22,18.18,17.71,22,11,11,11,5.724,11,11,,1.676,13.96,6.516,8.037,,,,,,,,,33,33,21.63,24.44,33,22,22,22,55,33,33,25.08,33,19.65,4.3,,,6.5,,,3.41,104.8,8.255,37.33,38.18,43.6,10.95,44,44,15.1,22.83,29.42,47.04,23.51,,,,,,,,,55,18.31,,,,,,,,,,,,,,,,38.5,,,,38.5,,38.5,,,,,,14.71,,,55,30.9,,,,,,,,,,,95.04,92.28,,,,,,,,,,,,11,35.2,25.88,55,50.05,,,,,,,,,,,,,,55,,,55,590.9,55,37.77,29.7,29.19,18.36,12.28,,16.64,41.41,41.95,66.16,4.739,,,,,,18.23,,,,55,55,55,55,7.191,55,36.67,55,13.21,55,11.86,7.11,13.81,29.23,26.56,21.61,20.94,17.51,22.37,20.35,29.39,51.34,23.87,55,,35.2,,,,,,,,,,,,,,15.57,,,19.26,20.91,2.42,,,,,,,,,,,,,10.5,18,13.5,7.8,8.3,28.52,,,,,,2.76,,,,,,,1.57,2.16,7.47,55,21.22,,,,,,,,,,,,55,,,,,,,,27.19,18.74,58.05,,,,,,,,,,
98-86-2,acetophenone,2.64,55,150.3,9.15,51.85,64.18,39.41,8.29,50.58,6.83,22,9.614,6.806,7.07,33,6.663,,,5.156,9.941,6.116,2.7,55,46.91,55,48.27,40.81,41.68,,,,,,33,33,,,,22,22,,,,,22,,,55,55,55,15.58,14.81,33,55,,,22,26,,,,18.95,55,33,55,,,28.26,,,,,,,,,14.75,77,44,,,,,,,,,,,,,,,,,,0.09,,,12.9,,2.5,,,,35,,,,,,,58.17,442.5,305.8,,,,,,,,0.9718,2.52,,,85.56,110,110,,,32.8,,,17.78,19.75,0.85,,,,,,,,11.68,10.94,22,14.47,24,4.025,39.44,22,22,22,22,22,22,22,22,22,22,22,22,3.05,11,11,1.62,11,11,,8.79,31.86,,,,,,,,,,,,,14.34,13.45,33,22,22,22,30.7,33,33,33,33,33,,,,,,,,63.7,5.994,9.919,27.53,44,10.99,44,44,11.25,,,,,,,,,390,9,,,12.97,,,230.9,64.91,37.19,,26.4,,,,,38.5,76.37,76.7,22.32,24.96,17.32,19.77,15.77,40.75,21.78,36.53,23.31,,8.887,,36.5,,29.11,8.575,3.661,55,33.92,,,,,,,,,,46.85,29.46,55.24,17.38,28.1,24.2,44,24.02,,,,,,,35.2,12.9,49.76,55,29.5,,,22,,,,12.34,,18.75,21.7,44,18.93,18.06,18.51,,14.67,55,,,,,,,,0.81,15.56,,,,,39.22,24.63,,10.8,,,,,,55,55,55,55,6.5,23.3,55,55,25.5,55,12.3,18.79,21.2,26.51,23.89,31.26,30.15,55,33.42,19.63,29.3,27.8,23.1,55,,,39.81,37.97,21.53,10,,7.5,,,,,,,,19.21,,,30.86,11.46,5.427,17.9,11.41,7.335,26.12,,,,,,,,,11,13.5,9.5,10.5,16.2,11.53,,,,22,,9.89,,8.03,,22,22,22,55,,9.52,55,,,,,14.21,,18.68,,11.21,,,,51.98,13.13,16.43,9.62,23.21,20.13,31.74,,,,,9.175,,,,,,,,192.9,523.1
2345-28-0,2-pentadecanone,,18.73,,0.84,23.72,,312.7,47.69,31.35,4.968,22,6.901,7.279,2.883,4.573,5.11,14.57,11.58,7.59,7.3,8.19,12.83,55,40.51,55,55,55,46.04,55,55,55,55,2.77,18.23,6.905,33,33,33,22,22,,,,,22,,,43.16,42.64,39.46,12.09,15.7,27.9,55,13.59,110.9,14.89,33.28,,,,33,34.07,33,55,,,45.43,,,,,,,,17.58,27.06,49.02,27.65,,,,,,,,,,,,,,,,,,0.7061,,,1.974,,1.673,,,6.318,12.7,,79.66,,,,55,10.55,120.8,11.12,3.92,1.3,2.5,3.63,1.56,3.6,,1.175,2.88,33,33,110,110,110,,,,,2.85,,,2.317,10.59,7.276,12,11.71,2.88,3.07,3.53,11.68,14.24,22,14.99,41.89,8.796,44.33,15.51,22,22,22,1.04,22,1.19,2.44,4.937,1.12,0.67,22,7.533,11,11,2.908,11,11,8.666,7.554,36.15,6.672,7.177,6.6,,6.681,13.3,3.517,6.332,23.87,33,33,18.37,9.16,20.29,33,22,22,22,55,33,33,33,11.56,33,,,,,7,4.6,,,6.559,15.51,19.04,42.64,16.44,44,44,13.25,,,,,10.63,,7.26,2.24,,,0.09838,2.274,48.6,,0.9451,27.87,80.19,48.83,28.46,26.4,20.98,4.784,17.49,6.84,17.75,32.72,94.83,27.29,32.17,29.26,16.36,8.658,20.56,27.63,37.17,22.59,2.25,6.197,19.5,67.1,1.319,27.85,8.257,3.669,53.04,40.13,1.492,1.267,1.941,1.711,1.936,11.5,3.187,2.331,2.93,51.38,69.53,72.06,58.81,28.1,24.2,44,98.19,55,23.27,,,,,5.2,35.2,31.78,50.97,7.775,3.81,2.5,0.58,3.011,22,4.282,11.78,11.17,10.19,44,44,44,18.17,10.6,38.16,,55,,55,,,,,,,31.27,66.54,47.17,12.69,15.1,21.93,,110,,,23.71,,48.71,110,42.97,34.63,55,55,4,13.2,55,55,9.3,55,2,7.909,19.63,14.19,32.61,27.33,12.26,7.841,10.61,13.05,25.3,17,9.6,55,0.3936,10.43,50.12,41.31,37.42,3.036,,4.392,,6.14,,,,,,1.17,4.654,1.842,11.33,9.21,7.398,11.77,12.78,8.277,27.57,0.21,281.6,18.92,33.91,48.29,281.6,182.2,7.8,,,14.79,13.68,17.5,11.18,27.5,0.71,5.16,12.33,7.24,12.59,5.77,8.8,,2.266,5.728,16.15,4.09,13.76,8.49,55,5.67,2.03,8.56,10.76,40.68,,42.11,,10.02,,30.18,1.56,55,6.016,14.15,7.723,25.13,28.64,32.21,,,23.93,189.5,8.72,41.6,,,,11,5.68,11,292.2,70.82
36653-82-4,1-hexadecanol / 16:OH,,19.6,,0.84,11.81,,312.7,47.69,31.35,3.482,22,7.25,33,3.99,0.96,10.7,14.6,11.62,10.25,,,12.09,55,51.6,55,55,55,55,22.84,55,55,37.81,6.704,7.5,4.5,33,33,33,22,22,,,,,17.71,,,53.49,47.73,52.92,7.493,20.81,24.65,34.16,13.38,59.53,14.69,31.18,,,,32.21,26.61,33,55,,,44.07,,,,,,,,17.33,12.47,13.43,6.344,,,,,,,,,,,,,,,,,,0.44,,,5.242,,10.3,,,6.569,,,69.78,,,,55,35.74,380.7,48.45,3.92,1.3,2.5,3.63,1.56,3.6,,0.7,,33,33,83.79,110,110,,,24.6,,2.85,,,3.797,12.07,8.141,12,11.71,2.88,3.07,3.53,13.87,13.82,22,23.95,55,17.47,41.71,22,22,22,22,22,22,22,8.387,10.4,12.57,22,22,6.217,11,11,2.379,11,11,5.04,8.534,39.61,3.79,4.647,6.6,,7.249,16.61,20.41,14.62,29.16,21.8,17.17,19.12,24.72,29.87,33,22,22,21.19,51.03,29.29,33,33,26.78,33,,,,,7,4.6,,,7.956,19.22,25.83,43.15,20.5,44,44,21.77,,,,,10.63,4.799,6.268,2.439,,,0.1551,2.019,52.49,,1.21,47.52,81.9,48.83,17.88,7.829,21.14,4.771,17.44,6.873,10.41,4.789,83.65,31.78,32.95,38.5,9.544,12.45,19.01,38.5,27.36,23.95,2.102,6.076,19.55,94.11,1.152,31.35,15.1,,51.84,41.69,1.004,0.7493,1.806,2.03,7.41,22,3.068,3.896,2.764,50.58,47.03,52.65,62.15,,,,94.21,55,14.31,,,,,5.2,35.2,33.77,55,16.2,3.81,2.5,1.7,1.77,22,7.18,13.67,11.17,10.19,44,44,44,18.17,7.536,35.96,,55,,55,,,,,,,31.37,66.54,47.17,12.69,15.06,18.86,,91.72,,,21.63,,48.99,110,55,29.4,37.84,55,4,13.2,55,55,9.3,55,2,14.55,26.83,8.5,40.4,26.31,7.64,19.71,16.57,13.7,55,55,55,55,0.5664,4.723,52.12,33.55,39.08,3.326,,5.148,,,,13.88,,,,9.667,15.63,1.041,16.53,5.14,5.146,,,,28.72,,,,,,,,7.8,,,14.31,13.87,17.13,10.51,,,,10.15,1.54,12.59,4.365,8.8,16.39,4.655,10.03,14.89,13.54,13.76,8.49,55,1,13.2,2,13.2,55,,55,,13.57,,0.7585,0.4473,55,2.744,6.481,5.112,22.36,30.1,22.22,,,23.93,189.5,2.75,43.92,,,,11,5.68,11,334.1,49.1
99-87-6,p-cymene / 1-methyl-4-(1-methylethyl)-benzene,,,,,,,,,,,,13,13.6,33,33,9.64,,,3.928,3.133,4.392,1.2,,,,,,,,,,,,,,,,,,,,,,,,,,,,,,,,30.57,15.49,,,,,,,,,,,,,,,,,,,,,,,,,,,,,,,,,,,,,,,,,,,,,,,,,,,,,,,,,,55.52,1100,276.2,,,,,,,5,0.5,,,,,,,,,,,,,54.53,,,,,,,,,9.44,8.06,22,16.7,9.2,1.42,46.6,22,22,22,22,22,22,22,22,,22,22,22,,,,,,,,,,,,,,,,,,,,33,13.34,,,,,,,,,,,,,,,,,,,,,4.71,27.7,15.13,44,7.63,44,44,4.96,,,,,,,,,,,,,,,,,,22.91,,,,,,,,,,,,,,,,,,,,,,64.94,,110,10.97,,,,,,,,,,,,,,,,,,,,,,,56.11,13.02,118.1,6.69,,,,,,,,22,,,,,,,,,,,,,,55,34.32,,15.14,16.51,11.73,23.79,,,,,,,,,,,4.1,,,,,,,,,55,8.1,23.8,55,55,55,55,29.4,20.7,,,,,,29.82,,16.89,55,33.7,26.6,55,,,,,,,,,,,,,,,,19.21,,,16.07,,,,,,,,,,,,,,,,,,,,,,,,,,,,,,,,,,,,55,,,,,,,,,,,,,,,,,,,,,,,,,,,,,,,,9.06,13.24
105-54-4,"butanoic acid, ethyl ester / ethyl butyrate",,17.47,,0.84,9.452,,312.7,47.69,31.35,4.345,22,,,,,,0.06,,,,13.7,,55,30.2,55,55,55,31.1,55,55,55,55,4.529,33,33,,,,22,22,,,,,22,,,55,55,55,6.12,18.12,33,2.3,11.93,143.5,15.69,44,,,,33,55,33,55,,,30.58,,,,,,,,17.76,23.42,30.48,18.56,,,,,,,,,,,,,,,,,,0.44,,,,,,,,5.78,,,83.08,,,,13.92,65.32,408.5,24.12,,,,,,,,0.8753,,33,33,99.19,110,110,,,,,3.241,,,2.95,9.886,8.5,,,,,,13.35,11.18,22,8.5,31.9,5.73,55,22,22,22,22,22,22,22,22,3.401,22,22,22,,,,,,,16.2,,,8.27,5.89,,,,13.41,3.769,5.409,24.11,33,24.53,11.34,16.97,27.66,33,22,22,20.58,30.33,30.86,33,33,22.81,33,,,,,,,,,7.13,11.69,17.43,44,11.71,44,44,10.64,,,,,,,,,,9,0.09,,55,,1.38,,,,,26.4,,,,,33.17,63.81,95.09,15.75,13.32,17.69,17.14,16.54,30.55,38.5,46.82,23,,,,63.15,,12.92,6.389,,55,39.1,,,,,,,3.6,2.59,3.43,53,59.33,55.65,52.85,,,,110,,,,,,,5.2,35.2,30.84,47.77,6.1,3.81,2.5,1.808,,,,22,,,,,,,16.5,,,55,,,,,,,,,,,,,,32.87,,110,,,25.14,,,110,55,7.91,55,55,4,13.2,55,55,9.3,55,2,7.294,17.76,16.73,30.44,27.66,14.27,12.64,6.7,12.51,37.13,41.4,20.48,55,,35.2,36.15,34.97,13.72,10,,5.141,,,,,,,,6.02,7.942,9.891,8.6,,,,,,,,,,,,,,,,,11.6,13.2,13.9,,,,,19.59,12.05,,4.82,,,3.018,6.966,15.42,11.77,,8.49,55,3.673,1.76,13.2,13.2,55,,55,,5.82,,26.24,3.92,55,9.5,10.46,6.159,23.45,29.57,32.26,,,,,13.43,40.78,,,,,,,186.2,243.1
104-76-7,2-ethyl-1-hexanol,,25.95,,,,,,,,2.79,22,,,,,,,,10.7,,,11.8,55,40.9,55,55,55,55,,,,,,20.14,5.779,33,33,33,22,22,,,,,17.76,,,52.14,48.09,49.32,6.49,25.29,28.77,6.76,,,14.29,,,,,33,22.2,33,55,,,,,,,,,,,,44,40.68,44,,,,,,,,,,,,,,,,,,,,,12.9,,55,,,6.84,,,,,,,55,99.69,574.7,155.6,,,,,,,,0.863,,,,110,110,110,,,,,,,,4.93,,8.09,12,11.71,2.88,3.07,3.53,12.4,15.27,22,36.08,55,15.89,33.43,8.303,22,22,22,22,22,2.966,1.992,,22,3.881,22,4.502,11,11,1.93,11,11,4.14,9.223,42.8,2.28,2.86,,,8.491,15.01,33,33,33,33,,,22.83,17.09,33,22,22,22,22.6,33,33,33,29.82,26.89,,,,,,,,,9.05,21.16,29.93,44,21.29,44,44,27.09,,,,,,,,,,,,,55,,,,86.85,,14.75,8.217,20.77,5.068,18.76,7.208,24.81,1.22,76.62,31.78,32.95,23.65,20.54,7.561,35.4,25.26,33.86,29.91,2.25,6.652,19.77,83.47,,75.11,10.23,,41.7,55,,,,1.711,1.936,11.5,,,,,29.85,32.07,59.27,,,,85.56,55,14.81,,,,,,,30.73,55,8.443,,,7.183,3.011,22,4.282,12.05,11.17,10.19,44,44,44,18.17,16.5,58.11,,55,,,,,,,,,,,,,36.57,,,59.3,,,23.59,,37.57,,55,19.86,55,,,,,,,,,12,,,,,,12.3,19.42,14.91,55,55,55,55,,35.2,40.27,9.84,12.25,,,,,,,,,,,32.5,44,0.96,21.25,,6.218,,,,32.45,,,,,,,,,,,14.83,13.83,17.5,9.93,,,,22,,12.59,4.449,,,25.99,44,44,55,13.76,,55,2.397,13.2,2,13.2,,,,,,,,,55,,8.32,6.36,21.43,29.87,39.33,,,,,4.924,,,,,,,,357.6,40.76
79-92-5,(+/-) camphene,,14.05,,,,,,,,,22,,,,,,,,,,,,,,,,,,,,,,,,,,,,,,,,,,,,,19.72,24.67,26.08,33,33,20.93,55,,,,,,,,33,17.75,33,15.87,,,,,,,,,,,,44,77,44,,,,,,,,,,,,,,,,,,,,,,,,,,,,,,,,,42.66,45.35,95.33,1100,,,,,,,,,,,,110,110,110,,,,,,,,,,,,,,,,,,,,,,,22,22,22,22,22,22,22,22,22,22,22,22,11,11,11,11,11,11,,4.24,13.92,12.19,9.3,,,,,,,,,,,,,,,,,,,,,,,,,,,5.8,3.7,2.891,,,,,,,,,,20.4,224.7,215.1,109.9,,,,,,,,,,,,,,,,,,,,,,,,,,,,,,,,,,,,,,91.28,,,55,30.9,,,,,,,,,,,37.92,110,,,,,,,,,,,,,,,,,,,,,,,,,,,,,,13.5,,,55,22.28,55,4.24,15.91,22.57,20.58,32.81,,10.79,,,,14.67,,,,,,,,30.29,,,,,55,9.8,14.9,55,55,29.2,55,21.6,,,,,,,13.12,,,,,,55,35.2,20.04,,,,,,,,,,,,,,,,,15.75,,6.71,,,,,,,,,,,,,,,,,,33.25,,,,,,,,,,,,,2.8,,,55,,,,,,,,,,,,,,,,,,,,18.3,19.78,,,,,,,,,,,,
112-53-8,1-dodecanol / 12:OH,,19.6,,0.84,11.81,,312.7,47.69,31.35,3.482,22,7.25,33,3.99,0.96,10.7,14.6,11.62,10.7,,,11.8,55,51.6,55,55,55,55,22.84,55,55,37.81,6.704,22.16,4.729,33,33,33,22,22,,,,,17.71,,,53.49,47.73,52.92,7.493,20.81,24.65,55,13.38,59.53,14.69,31.18,,,,32.21,26.61,33,55,,,44.07,,,,,,,,17.33,12.79,5.15,3.11,,,,,,,,,,,,,,,,,,0.44,,,5.242,,10.3,,,6.569,,,69.78,,,,55,35.74,380.7,48.45,3.92,1.3,2.5,3.63,1.56,3.6,,0.4,,33,33,83.79,110,110,,,24.6,,2.85,,,3.797,12.07,8.141,12,11.71,2.449,2.821,3.235,13.87,13.82,22,23.95,55,17.47,41.71,22,22,22,22,22,22,22,8.387,10.4,12.57,22,22,6.217,11,11,2.379,11,11,4.14,8.534,39.61,3.79,4.647,6.6,,7.249,16.61,20.41,14.62,29.16,21.8,17.17,19.12,24.72,29.87,33,22,22,21.19,51.03,29.29,33,33,26.78,33,,,,,7,4.6,,,7.956,19.22,25.83,43.15,20.5,44,44,21.77,,,,,10.63,4.799,6.268,2.439,,,0.1551,2.019,52.49,,1.21,47.52,81.9,48.83,17.88,12.9,21.14,4.771,17.44,6.873,10.41,1.22,83.65,23.06,32.74,7.48,4.39,5.1,13.04,38.5,27.36,38.5,2.25,2.83,15.26,94.11,1.152,31.35,27.5,,51.84,41.69,1.004,0.7493,1.806,1.58,0.74,6,3.068,3.896,2.764,50.58,47.03,52.65,62.15,,,,94.21,55,14.31,,,,,5.2,35.2,33.77,55,8.009,3.81,2.5,7.2,8.56,22,22,22,11.17,10.19,44,44,44,18.17,7.536,35.96,,55,,55,,,,,,,31.37,66.54,47.17,12.69,15.06,18.86,,91.72,,,21.63,,48.99,110,55,29.4,37.84,55,4,13.2,55,55,9.3,55,2,14.55,26.83,8.5,40.4,26.31,7.64,19.71,16.57,13.7,55,55,55,55,0.5664,4.723,52.12,33.55,39.08,3.326,,5.148,,,,13.88,,,,9.667,15.63,1.041,16.53,5.14,5.146,,,,28.72,,,,,,,,7.8,,,14.31,13.87,17.13,10.51,,,,10.15,1.54,12.59,4.365,8.8,16.39,4.655,10.03,14.89,13.54,13.76,8.49,55,1.364,3.133,1.468,11.73,55,,55,,13.57,,0.7585,0.4473,55,2.744,6.481,5.112,22.36,30.1,22.22,,,23.93,189.5,4.924,43.92,,,,11,5.68,11,334.1,49.1
104-55-2,3-phenyl-2-propenal / cinnamaldehyde,,55,105,4.01,17.99,21.26,38.78,2.72,,3.75,22,5.158,3.606,1.918,5.168,3.309,,,2.7,7.3,,,,,,,,,3.6,9.1,9.5,12.4,2.8,22.57,21.83,,,,22,22,,,,,22,,,27.53,28.02,24.02,9.1,21.53,33,13.64,,,22,,,,,33,55,33,55,,,,,,,,,,,,35.37,77,44,,,,,,,,,,,,,,,,,,0.232,,,,,,,,,79.26,,15.69,,,,,,,,,,,,,,,2.418,3.116,,,67.86,75.98,69.53,,,30.95,,,,,0.85,,,,,,,,22,12.23,22,24.5,55,86,55,22,22,22,22,18.49,22,22,22,22,22,15.88,22,3.05,11,11,1.62,11,11,,8.79,31.86,,,,,,,,,,,,,8.9,24.49,12.75,22,22,22,22.3,33,33,33,16.26,33,,,,,,,,,,,,,,,,,,,,,,,,,,9,,,44.21,,,30.37,48.37,,,26.4,,,,,32.16,75.41,80.66,,24.96,14.07,20.85,11.6,44.69,6.81,34.71,23.84,,10.53,,,,86.99,13.3,7.194,55,34.8,,,,,,,,,,35.88,20.48,17.49,12.25,37.5,16.1,44,48.33,,,,,,,35.2,12.9,55,55,,,,22,,,,7.989,,10.82,20.45,44,16.22,19.7,10,14.82,16.31,55,,,,,,,,0.81,15.56,,,,,,24.63,,,,,,,,55,55,55,,,,,,,,,,16.63,55,23.63,25.48,22.93,,,,55,33.3,29.3,55,,,,,,12,14.7,7.1,13.6,5.5,,,,,,,,,3.976,,4.18,10.3,12.1,8,16.94,,,,,,,,,,,8.7,9.3,11,96.51,,,,27.48,,,,,,18.8,27.48,27.48,55,,,55,,,,,15.64,,15.27,,18.5,,,,47.94,13.13,,,,,,,,,,4.44,,,,,,,,192.9,523.1
109-21-7,"butanoic acid, butyl ester / Butyl butyrate ",,15.88,,0.84,9.803,,312.7,47.69,31.35,4.616,22,6.854,3.777,3.871,33,5.303,,,6.427,14.9,3.26,,55,34.53,55,55,55,38.56,55,55,55,55,5.37,14.46,8.778,1.13,0.8531,2.073,11.36,5.443,,,,,5.972,,,55,55,55,13.63,11.89,33,44.06,13.66,227.4,15.11,44,,,,33,55,33,55,,,39.26,,,,,,,,17.82,25.1,34.01,17.42,,,,,,,,,,,,,,,,,,0.44,,,0.5,,0.13,,,5.78,18.07,,91.25,,,,8.07,22.02,153.7,11.28,,,,,,,,0.8265,,33,33,99.21,110,110,,,12.36,13.89,2.921,,,2.706,7.105,4.052,,,,,,7.563,6.936,9.651,8.5,31.9,5.73,3.958,22,22,22,22,7.356,22,20.33,17.25,3.447,22,9.634,22,,,,,,,16.2,,,8.27,5.89,,,,13.19,3.89,5.491,23.31,33,24.53,11.34,16.41,27.41,33,17.69,22,20.51,31.41,26.43,33,33,22.38,33,,,,,,,,,6.937,12.52,17.18,44,12.04,44,44,10.48,,,,,10.63,6.55,8.909,4.708,,,0.1006,2.727,12.07,,0.9841,14.83,,,,26.4,,,,,33.12,48.79,90.68,,,11.34,16.78,20.41,26.17,38.5,32.85,23.86,,1.095,20.94,63.15,,25.35,5.983,5.626,53.2,43.36,2.209,2.116,1.518,1.5,22,0.7244,3.6,2.59,3.43,50.44,79.93,77.32,16.6,28.1,24.2,44,19.76,,,,,,,5.2,35.2,39.54,42.2,6.768,3.81,2.5,1.808,,,,19.65,,13.58,44,44,44,23.39,10.6,,,55,,,,,,,,,,,,,,26.01,,110,,,25.14,,,110,55,31.92,55,55,4,13.2,55,55,9.3,55,2,7.065,12.52,29.67,23.96,28.86,24.23,9.417,6.7,12.51,29.45,43.23,19.17,55,0.3953,18.97,36.15,34.97,13.72,8,3.7,4.401,13.6,5.5,4.609,3.412,2.384,3.534,2.84,4.32,9.295,12.39,9.141,9.21,2.376,19.68,12.78,8.277,45.75,0.21,281.6,18.92,33.91,48.29,281.6,182.2,,,,,,,,27.5,0.71,5.16,4.126,0.7915,,5.136,,,0.5715,4.4,4.118,4.472,,8.49,55,0.9173,1.334,13.2,10.82,55,,55,,5.82,,25.24,0.4074,44.53,1.687,8.65,5.504,26.13,28.34,26.95,,,,,15.39,40.78,,,,,,,186.2,243.1
76-22-2,"1,7,7-trimethyl-bicyclo[2.2.1]heptan-2-one / (R)-(+)-Camphor / camphor",,,,,,,,,,,,,,,,,,,,,,,,,,,,,,,,,,,,,,,,,,,,,,,,24.16,21.11,28.59,,,,55,,,,,,,,,,,,,,,,,,,,,,,,,,,,,,,,,,,,,,,,,,,,,,,,,,,,,,,,,,,375.9,1100,46.77,,,,,,,,,,,,50.83,110,110,,,,,,,,,,,,,,,,,,,,,,,22,22,22,22,22,22,22,22,,22,22,22,,,,,,,,,,,,,,,,,,,,,,,,,,,,,,,,,,,,,,,,,,,,,,,,,,20.36,33.39,49.73,40.29,,,,,,,,,,,,,,,,,,,,,,,,,,,,,,,,,,,,61.35,,83.39,,,,,,,,,,,,,,,,,,,,,,,,,,,,,,,,,,,,,,,,,,,,,,8.2,28.91,,55,27.61,,10.12,35.19,25.88,26.21,17.37,,,,,,,,,,,,,,,,,,,,,,,,,,,,,,,,,10.85,,,,,,55,,,,,,,,,,,,,,,,,,,2.55,,,,,,,,,,,,,,,,,11.8,11.8,18.7,42.79,,,,,,,,,,,,,,,,55,,,,,,,,,,,,,,,,,,,,,,,,,,,,,,,,,
122-78-1,phenyl acetaldehyde  / phenylethanal  / benzene acetaldehyde,,55,105,4.01,17.99,21.26,38.78,2.72,,3.75,22,10.7,33,8.59,12.7,33,,,,4.7,7.7,,55,45.7,55,37.16,55,23.9,,,,,,10.1,9.1,,,,22,22,,,,,22,,,28.51,27.99,23.55,9.1,21.53,33,28.52,,,22,,,,,33,55,33,55,,,,,,,,,,,,35.86,77,44,,,,,,,,,,,,,,,,,,0.09,,,12.9,,2.5,,,,79.26,,15.69,,,,21.45,1100,302.1,1100,,,,,,,,1.9,3.2,,,110,110,110,,,30.79,,,,,1.906,,,,,,,,22,12.23,22,25.65,55,93.43,39.51,22,22,22,22,12.8,22,22,22,22,22,7.97,22,3.05,11,11,1.62,11,11,,8.79,31.86,,,,,,33,33,33,33,33,24.2,33,17.14,28.43,20.51,22,22,22,33.62,33,33,33,23.16,33,,,,,,,,,,,,,,,,,,,,,,,,,390,,,,49.31,,,30.37,71.45,,,26.4,,,,,32.16,75.41,80.66,22.32,24.96,23.27,20.85,15.77,44.69,16.19,34.71,25.08,,10.53,,36.5,,39.81,11.72,,55,32.74,,,,,,,,,,16.3,26.18,27.75,35.96,37.5,16.1,44,45.02,,,,,,,35.2,12.9,55,55,,2.93,5.32,22,,,,11.16,,14.94,21.17,44,17.76,18.72,11.8,15.9,16.31,55,23.8,,5.47,55,22.21,17.5,56.93,0.81,15.56,,,,,,24.63,,,,,,26.5,,55,55,55,55,6.5,23.3,55,55,25.5,55,12.3,,16.88,14.6,24.33,22.21,14.58,26.03,,,44.2,41.83,27.8,55,,,40.3,37.94,14.82,12,14.7,7.1,,,,,,,,,,,8.81,11.46,4.18,82.6,21.6,19.5,19.73,,,,,,,,,,,9.16,9.986,13.8,96.51,,,,44,,,,,,13.47,44,44,55,,,55,,,,,21.08,,11.52,,12.81,,,,35.83,13.19,,,,,,,,,,4.44,,,,,,,,192.9,523.1
3391-86-4,1-octen-3-ol,,17.61,,,60.59,,312.7,47.69,31.35,4.531,22,,,,,,,,10.7,,,11.8,,,,,,,55,55,55,55,2.77,15.89,4.361,33,33,33,22,22,,,,,22,,,48.71,47.88,45.59,8.653,22.56,33,51.96,,,14.29,,,,,33,22.2,33,55,,,,,,,,,,,17.75,40.94,46.4,26.79,,,,,,,,,,,,,,,,,,0.44,,,3.205,,4.122,,,6.84,,,,,,,55,39.06,1100,208.3,,,,,,,,0.7734,,33,33,96.14,110,110,,,,,,19.58,,2.035,21.6,8.301,12,11.71,2.88,3.07,3.53,10.79,16.47,22,55,55,11.38,24.63,13.94,22,22,22,22,22,8.901,5.863,3,22,10.05,22,3.73,11,11,1.87,11,11,4.14,9.212,42.74,4.355,4.111,,,8.1,15.01,33,33,33,33,,,14.66,17.77,33,22,22,20.92,37.1,31.36,33,33,21.52,24.48,,,,,,,,,7.628,17.86,22.21,44,16.6,44,44,16.47,,,,,,,,,,,,2.36,55,,,140.9,86.85,,14.75,20.88,21.99,4.657,16.95,6.966,11.62,1.22,76.62,31.78,32.95,23.65,12.37,7.561,24.76,25.26,34.76,29.91,2.25,6.652,19.77,70.94,1.26,55.82,11.6,,41.7,55,0.97,0.69,1.68,1.711,1.936,11.5,3.6,2.59,3.43,47.6,48.08,110,110,,,,49.95,55,29.4,,,,,5.2,35.2,31.3,52.07,8.443,2.12,2.48,7.804,3.011,22,4.282,11.87,11.17,10.19,44,44,44,18.17,8.617,58.11,,55,,,,,,,,,,,,,19.76,20.22,,82.56,,,24.79,,30.18,,55,19.85,55,,,,,,,,,6.43,,,,,,17.16,14.06,19.37,55,55,55,55,0.28,2.905,40.27,9.84,12.25,,,3.3,,,,,,,,11.36,9.557,1.082,18.85,,6.302,,,,32.45,,,,,,,,,,,15.05,13.83,17.5,21.53,,,,19.59,12.05,12.59,3.932,,,4.629,10.04,18.98,17.67,13.76,8.49,55,2.637,3.892,1.453,13.2,55,,55,,5.82,,3.527,1.663,55,5.243,9.16,5.29,14.7,31.88,25.6,,,,,6.384,40.78,,,,,,,424.7,122.8
586-62-9,delta terpinene / terpinolene  / 1-methyl-4-(1-methylethylidene)-cyclohexene,,11.68,,,,,,,,,22,,,,,,,,,,,,,,,,,,,,,,,,,,,,22,22,,,,,6.79,,,,,,,,,55,,,,,,,,11.28,,33,18.21,,,,,,,,,,,,44,29.68,13.87,,,,,,,,,,,,,,,,,,,,,,,,,,9.25,,,,4.06,,,55,123.2,1100,195.3,2.96,2.19,2.08,4.12,1.56,,,,,,,62.68,110,110,,,25.01,,,,,,,,,,,,,16.87,14.57,22,30.47,55,15.18,14.99,22,22,22,22,22,22,22,22,22,17.46,22,22,11,11,11,5.36,11,11,,1.54,14.65,6.92,8.67,,,,,,,,,,,21.63,24.44,33,22,22,22,55,33,33,25.08,33,19.65,,,,,,,3.739,110,7.571,30.51,32.36,44,9.111,44,44,10.96,32.74,21.38,51.07,41.75,,,,,,,,,,,,,,,,,,,,,,,,,,,,,,,,,,,,,,14.64,,,55,30.9,,,,,,,,,,,110,110,,,,,,,,,,,,11,35.2,23.99,55,40.7,,,,,,,,,,,,,,,,,55,66.27,33.87,16.33,22.39,22.34,20.96,31.55,,18.28,,,,4.12,,,,,,18.23,,,,55,55,55,55,7,55,38.2,55,17.3,55,12.1,17.35,13.81,29.23,26.56,21.61,20.94,9.93,20.18,21.31,27.6,55,23.6,55,,35.2,,,,,,,,,,,,,,,,,19.26,,,,,,,,,,,,,,,10.5,18,,,,28.52,,,,,,,,,,,,,1.57,,,55,21.22,,,,,,,,,,,,55,,,,,,,,,14.19,69.32,,,,,,,,,,
143-07-7,dodecanoic acid / lauric acid,,18.73,,0.84,12.39,,312.7,47.69,31.35,5.418,22,6.878,6.551,2.82,5.104,4.855,14.57,11.58,7.303,7.3,4.763,12.83,55,40.33,55,55,55,42.31,55,55,55,55,3,14.72,5.003,33,33,33,22,22,,,,,18.47,,,48.63,48.67,42.97,8.789,19.17,27.9,51.23,13.19,110.9,14.58,33.28,,,,33,34.07,33,55,,,40.62,,,,,,,,17.47,29.35,69.86,37.22,,,,,,,,,,,,,,,,,,0.8737,,,1.08,,0.5445,,,6.318,12.7,,79.66,,,,55,13.1,176.4,16.29,3.92,1.3,2.5,3.63,1.56,3.6,,3.6,2.88,33,33,35.22,110,110,,,,,2.85,,,2.31,8.799,6.299,12,11.71,2.88,3.07,3.53,10.99,15.93,22,19.48,47.49,10.72,39.92,18.49,22,22,22,7.168,22,10.62,4.944,6.851,10.47,4.483,16.96,7.533,11,11,2.908,11,11,8.666,7.554,36.15,7.245,6.653,6.6,,6.681,8.797,3.101,4.212,18.87,18.49,33,18.37,33,33,33,16.17,19.04,22,55,33,33,33,33,33,,,,,7,4.6,,,6.44,15.09,16.53,44,12.97,44,44,10.06,,,,,10.63,,7.26,2.24,,,0.09725,2.252,51.26,,0.9713,27.87,80.19,48.83,28.46,26.4,20.98,4.784,17.49,6.84,14.97,31.2,94.82,27.29,32.17,29.26,12.88,8.658,22.38,27.63,37.35,22.59,2.25,6.197,19.52,71.02,1.319,25.86,7.158,3.67,52.47,41.88,1.416,1.181,2.005,1.711,1.936,11.5,2.181,1.635,1.991,51.24,64.33,75.01,58.81,28.1,24.2,44,98.19,55,23.27,,,,,5.2,35.2,34.16,47.89,7.849,3.81,2.5,7.484,3.011,22,4.282,16.71,11.17,10.19,44,44,44,18.17,10.6,38.16,,55,,55,,,,,,,31.27,66.54,47.17,12.69,15.1,21.26,,110,,,22.73,,48.71,110,43.74,26.47,55,55,4,13.2,55,55,9.3,55,2,8.933,19.63,14.19,32.61,27.33,12.26,8.394,13.48,13.34,10.3,55,9.9,55,0.4032,10.09,51.09,41.72,39.69,3.279,,3.633,,,,,,,,5.303,7.509,2.169,14.97,9.21,5.281,16.27,12.78,8.277,27.57,0.21,281.6,18.92,33.91,48.29,281.6,182.2,7.8,,,14.79,13.68,17.5,11.18,,,,22,7.83,12.59,2.16,8.8,,4.46,4.45,12.23,8.183,13.76,8.49,55,2.38,2.293,5.371,10.99,55,,55,,7.286,,3.567,1.97,55,9.88,13.34,7.447,22.6,29.75,32.15,,,23.93,189.5,11.93,41.63,,,,11,5.68,11,292.2,70.82
6789-88-4,Hexyl benzoate,3.386,55,,,10.09,,,,,5.101,20.34,11.4,4.17,4.29,33,6.07,,,2.7,13.47,5.2,2.7,55,49.18,55,55,33.44,55,55,55,55,55,4.743,14.07,6.234,1.078,0.8022,2.055,6.701,1.786,,,,,2.11,,,37.58,45.46,47.14,4.769,20.71,28.21,35.36,14.76,99.57,15.12,36.76,,,,30.64,43.55,33,55,,,37.1,,,,,,,,16.95,7.18,33.67,18.27,,,,,,,,,,,,,,,,,,0.48,,,3.393,,0.7419,,,5.78,20.99,,91.25,,,,,22.37,189.6,48.92,,,,,,,,0.9,2.685,33,33,67.04,77.45,71.2,,,12.36,13.89,2.85,17.78,19.75,1.56,3.745,1.35,,,,,,6.935,7.412,11.51,12.1,18.1,1.42,7.686,22,18.85,18.22,14.36,19.76,22,22,22,3.316,15.29,14.83,22,,,,,,,16.2,,,8.27,5.89,,,,11.08,5.954,7.966,24.62,33,,,24.37,27.11,33,22,22,21.09,41.19,28.2,33,33,29.59,33,,,,,,,,,6.44,15.09,16.53,44,12.97,44,44,10.06,,,,,10.63,6.55,8.674,4.273,,9,0.11,2.283,9.339,,0.8968,14.83,61.97,37.19,420,26.4,,,,,28.47,49.68,90.93,,,19.57,15.45,15.4,22.55,38.5,31.77,26.55,,1.095,20.94,48.33,,38.88,4.277,5.8,51.9,39.11,2.203,2.142,1.525,1.5,22,0.7164,1.969,1.326,1.769,49.83,51.87,110,6.63,28.1,24.2,44,8,,,,,,,5.2,35.2,49.23,50.32,6.812,3.81,2.5,8.989,,,,5.445,,13.58,44,44,44,23.39,11.18,,14.67,26.52,,,,,,,,,,,,,,19.91,,,10.8,,,,,110,48.08,48.64,55,55,4.651,15.75,55,55,12.72,55,3.515,11.5,20.35,16.52,30.17,28.33,15.45,20.46,19.9,16.97,47.31,50.79,33.27,26.85,0.394,12.64,37.7,36.09,14.13,8.632,3.7,5.28,13.6,5.5,4.61,2.77,1.97,2.13,1.14,1.826,5.934,6.518,8.878,24.16,4.449,14,19,22.1,29.98,0.21,281.6,18.92,33.91,48.29,281.6,182.2,,,,,,,11.53,27.5,0.71,5.16,4.097,0.7912,9.89,5.196,8.03,,0.5725,4.4,4.088,26.66,,9.52,9.42,0.7847,1.323,13.2,10.57,55,,55,,5.82,,9.04,0.4148,40.48,1.687,8.867,5.699,24.29,27.15,29.45,,,,,9.003,35.57,,,,,,,,
111-65-9,octane,,22.11,,0.84,12.54,,312.7,47.69,31.35,4.112,19.83,7.25,33,3.99,0.96,10.7,14.7,11.23,9.748,,,12.74,55,51.6,55,55,55,55,26.01,48.82,55,33.56,15.62,13.32,7.53,33,33,33,22,22,,,,,17.71,,,42.15,44.36,45.4,6.057,27.65,25.25,41.94,13.42,59.53,15.22,31.08,,,,31.41,35.59,33,55,,,44.15,,,,,,,,17.3,42.56,60.94,34.99,,,,,,,,,,,,,,,,,,0.44,,,8.279,,24.1,,,6.84,,,69.78,,,,55,72.83,387.6,51.89,3.92,1.3,2.5,3.63,1.56,3.6,,0.863,,33,33,110,110,110,,,,,2.85,,,2.819,11.24,8.215,12,11.71,2.479,2.839,3.257,13.37,22,22,55,55,13.74,20.2,22,22,22,22,22,22,22,8.387,11.74,12.57,22,22,7.413,11,11,2.869,11,11,6.12,7.634,36.36,5.329,7.611,6.6,,6.939,21.8,22.97,15.06,28.53,14.69,33,19.24,16.39,24.74,33,22,22,19.54,46.6,28.8,33,33,20.94,33,,,,,7,4.6,,,6.645,16.96,21.5,41.74,20.32,44,44,16.79,,,,,10.63,,7.26,2.24,,,0.0995,2.124,47.4,,1.413,46.52,83.17,48.83,26.95,26.4,21,4.759,17.38,6.806,9.971,19.77,96.2,27.57,32.26,23.65,11.46,8.534,20,25.26,21.62,29.91,2.25,6.24,19.55,78.19,1.151,14.07,10.23,,52.49,42.24,1.055,0.8593,2.52,1.711,1.936,11.5,3.409,5.141,3.067,51,50.16,58.09,54.93,,,,100.2,55,18.4,,,,,5.2,35.2,28.49,55,8.133,2.879,2.49,4.141,3.011,22,4.282,17.72,11.17,10.19,44,44,44,18.17,10.23,39.51,,55,,55,,,,,,,31.37,66.54,47.17,12.69,14.66,19.25,,98.63,,,17.96,,54.33,110,55,17.8,55,55,4,13.2,55,55,9.3,55,2,9.34,26.83,8.5,40.4,26.31,7.64,19.71,17.69,13.86,55,55,55,55,0.5286,8.065,52.19,38.98,41.62,3.256,,5.073,,,,,,,,16.59,24.77,1.004,17.93,5.455,5.713,,,,29.58,0.64,281.6,5.36,21.17,13.47,27.31,281.6,7.8,,,22.4,20.5,17.5,10.1,,,,14.6,8.586,12.59,4.382,8.8,,4.362,9.918,15.47,15.16,14.68,8.49,55,3.947,3.197,3.26,13.2,55,,55,,17.22,,1.594,1.69,55,7.736,7.597,5.882,22.41,28.61,27.07,,,23.93,189.5,4.924,44.58,2.518,3.183,3.696,11,5.68,11,346.6,44.41
123-86-4,"acetic acid, butyl ester / butyl acetate",,18.44,,18.68,45.21,,367.3,42,34.42,4.267,22,6.858,3.777,3.871,33,5.302,,,6.427,14.9,3.246,,55,41.49,55,48.13,55,50.21,55,55,55,55,10.1,9.006,3.551,1.138,0.8609,2.069,8.34,2.835,,,,,3.248,,,26.56,41.24,34.51,6.553,19.69,31.69,55,17.47,134,17.37,38.24,,,,33,48.64,33,52.99,,,39.84,,,,,,,,17.82,34.93,41.36,22.26,,,,,,,,,,,,,,,,,,0.5265,,,12.9,,8.192,,,6.059,18.1,,93.13,,,,21.4,64.75,363.1,36.17,,,,,,,,0.744,,33,33,103.5,110,110,,,12.36,13.89,2.842,,,2.725,8.53,4.146,12,11.71,,,,7.883,8.95,10.29,18.28,46.07,10.22,3.568,22,22,22,22,22,22,22,22,3.296,22,22,22,,,,,,,16.2,14.28,75.89,8.27,5.89,,,,33,33,33,33,33,24.53,11.34,17.66,27.96,33,22,22,20.66,35.89,30.99,33,33,23.33,33,,2.47,9,,5.7,5,,,6.776,13.28,16.97,44,12.32,44,44,10.35,,,,,10.63,6.55,8.901,4.692,,,0.11,2.568,14.59,,1.01,14.83,88.78,,179,26.4,21.04,6.707,26.4,9.893,36.7,47.53,89.98,15.75,13.32,12.62,18.12,13.42,30.51,38.5,43.67,19.49,,1.693,20.81,78.21,,25.93,5.503,5.619,55,44,2.209,2.116,1.518,1.5,22,0.7244,3.6,2.59,3.43,53,110,110,27.66,28.1,24.2,44,32.31,55,28.47,,,,,16.51,31.33,23.88,47.25,6.723,3.81,2.5,4.566,,,,5.612,,13.58,44,44,44,23.39,14.04,88.91,,55,,,,,,,,,4,25.57,24.29,22.07,15.43,22.29,,110,,,22.56,,55.72,110,55,55,55,55,6.229,26.94,55,43.56,14.01,55,6.229,8.159,17.05,17.88,29.61,27.8,15.18,8.911,14.13,13.5,45.59,48.24,34.74,55,0.3953,13.63,36.15,34.97,13.72,3.723,4.932,6.044,13.6,4.312,4.61,3.345,2.341,3.319,2.604,4.382,12.41,5.811,11.39,11.16,4.034,19.75,12.78,8.277,21.2,0.21,281.6,18.92,33.91,48.29,281.6,182.2,,,,12.81,13.44,15.55,14.98,27.5,0.71,5.16,4.126,0.7915,,5.838,7.58,3.82,0.5715,4.4,4.118,15.8,13.76,8.49,55,0.752,1.344,13.2,10.88,55,,55,,5.82,,23.49,0.4074,23.47,1.687,11.36,5.793,22.46,26.08,26.81,,,,,15.44,40.78,,,,,,,292.6,70.57
142-92-7,"acetic acid, hexyl ester, hexyl acetate, caproyl acetate",,19.56,,5.629,20.2,,360.6,42.62,34.05,4.44,20.95,7.259,5.255,3.927,19.23,5.818,16.3,13.1,7.814,14.9,4.34,12.84,55,40.96,55,47.14,55,49.55,55,55,55,55,8.876,8.987,3.429,1.087,0.811,2.055,7.993,2.592,,,,,2.987,,,35.36,42.91,46.46,4.843,19.56,29.93,40.3,17.23,104.5,17.26,37.43,,,,33,41.98,33,55,,,38.98,,,,,,,,17.6,44,61.89,28.26,,,,,,,,,,,,,,,,,,0.5059,,,4.711,,2.7,,,6.076,16.42,,88.61,,,,23.3,30.45,239.2,20.74,,,,,,,,0.8184,,33,33,110,110,110,,,12.36,13.89,2.92,,,2.38,7.169,4.723,12,11.71,2.88,3.07,3.53,8.309,9.945,11.12,20.32,48.46,11.07,4.324,22,22,22,22,22,22,22,22,7.246,22,22,22,6.185,9.802,7.943,2.109,8.775,11.42,11.2,6.649,32.12,6.453,7.499,5.974,,6.399,14.83,33,33,33,33,27.03,16.08,15.59,26.75,33,22,22,20.32,39.4,30.47,33,33,21.27,33,,2.47,,,6.133,4.854,,,6.598,15.33,19.5,42.39,17.03,44,44,13.88,,,,,10.63,6.55,8.668,4.261,,,0.1062,2.438,27.23,,0.9637,19.17,82.88,,81.99,26.4,21.68,4.529,16.38,6.662,27.5,81.58,95.09,26.26,22.09,20.66,17.62,13.06,25.4,38.5,35.44,26.98,2.25,1.994,20.41,72.1,1.319,30.06,5.544,4.961,50.86,44.13,1.95,1.815,1.644,1.478,10.97,1.654,2.834,3.22,2.551,53,64.47,67.95,36.31,28.1,24.2,44,31.37,55,23.04,,,,,13.14,32.06,24.37,48.46,6.759,3.81,2.5,2.404,3.011,22,4.282,6.964,,11.93,44,44,44,20.88,10.85,55.32,,55,,55,,,,,,,17.99,25.57,24.29,22.07,13.97,21.02,,110,,,22.92,,48.7,110,40.62,39.64,46.74,55,5.438,21.65,55,46.79,12.35,55,4.397,8.306,20.09,13.66,33.13,27.25,11.84,9.977,14.2,13.38,37.9,55,22,55,0.394,35.2,42.83,38.13,23.1,3.388,5.052,5.109,13.6,3.467,4.61,3.351,2.345,3.336,2.623,4.323,9.278,2.904,18.11,10.7,3.808,15.85,12.78,8.277,30.96,0.21,281.6,18.92,33.91,48.29,281.6,182.2,,,,13.74,14.29,16.07,14.53,27.5,0.71,5.16,4.097,0.7912,12.59,5.848,7.952,3.82,0.5725,4.4,4.089,12.32,13.76,8.49,55,0.7727,1.344,13.2,10.7,55,,55,,5.82,,12.26,0.4147,20.72,1.687,23.74,10.42,23.09,25.51,31.31,,,23.93,189.5,6.824,43.49,,,,,,,309.3,60.62
112-72-1,1-tetradecanol / 14:OH,,19.6,,0.84,11.81,,312.7,47.69,31.35,3.482,22,7.25,33,3.99,0.96,10.7,14.6,11.62,10.25,,,12.09,55,51.6,55,55,55,55,22.84,55,55,37.81,6.704,33,1.3,33,33,33,22,22,,,,,17.71,,,55,35.78,55,7.493,20.81,24.65,43.86,13.38,59.53,14.69,31.18,,,,32.21,26.61,33,55,,,44.07,,,,,,,,17.33,44,3.58,1.62,,,,,,,,,,,,,,,,,,0.44,,,5.242,,10.3,,,6.569,,,69.78,,,,55,35.74,380.7,48.45,3.92,1.3,2.5,3.63,1.56,3.6,,0.5,,33,33,83.79,110,110,,,24.6,,2.85,,,3.797,12.07,8.141,12,11.71,2.449,2.821,3.235,13.87,13.82,22,23.95,55,17.47,41.71,22,22,22,22,22,22,22,8.387,10.4,12.57,22,22,5.23,11,11,1.98,11,11,5.04,2.05,22.32,2.28,2.86,6.6,,7.249,16.61,20.41,14.62,29.16,21.8,17.17,19.12,24.72,29.87,33,22,22,21.19,51.03,29.29,33,33,26.78,33,,,,,7,4.6,,,7.956,19.22,25.83,43.15,20.5,44,44,21.77,,,,,10.63,4.799,6.268,2.439,,,0.1551,2.019,52.49,,1.21,47.52,81.9,48.83,17.88,26.4,21.14,4.771,17.44,6.873,10.41,4.789,83.65,23.06,32.74,38.5,9.544,7.791,19.01,38.5,27.36,38.5,2.102,6.076,19.55,94.11,1.152,31.35,5.1,,51.84,41.69,1.004,0.7493,1.806,0.9,1.11,22,3.068,3.896,2.764,50.58,47.03,52.65,62.15,,,,94.21,55,14.31,,,,,5.2,35.2,33.77,55,8.009,3.81,2.5,1.3,1.61,22,1.54,22,11.17,10.19,44,44,44,18.17,7.536,35.96,,55,,55,,,,,,,31.37,66.54,47.17,12.69,15.06,18.86,,91.72,,,21.63,,48.99,110,55,29.4,37.84,55,4,13.2,55,55,9.3,55,2,14.55,26.83,8.5,40.4,26.31,7.64,19.71,16.57,13.7,55,55,55,55,0.5664,4.723,52.12,33.55,39.08,3.326,,5.148,,,,13.88,,,,9.667,15.63,1.041,16.53,5.14,5.146,,,,28.72,,,,,,,,7.8,,,14.31,13.87,17.13,10.51,,,,10.15,1.54,12.59,4.365,8.8,16.39,4.655,10.03,14.89,13.54,13.76,8.49,55,1.364,3.133,1.468,11.73,55,,55,,13.57,,0.7585,0.4473,55,2.744,6.481,5.112,22.36,30.1,22.22,,,23.93,189.5,4.924,43.92,,,,11,5.68,11,334.1,49.1
544-76-3,hexadecane,,22.11,,0.84,12.54,,312.7,47.69,31.35,4.112,19.83,7.25,33,3.99,0.96,10.7,14.7,11.23,9.748,,,12.74,55,51.6,55,55,55,55,26.01,48.82,55,33.56,15.62,13.32,7.53,33,33,33,22,22,,,,,22,,,44.39,45.3,46.86,6.057,27.65,25.25,37.28,13.42,59.53,15.22,31.08,,,,31.41,35.59,33,55,,,44.15,,,,,,,,17.3,44,77,44,,,,,,,,,,,,,,,,,,0.44,,,8.279,,24.1,,,6.707,,,69.78,,,,55,14.81,421.9,64.35,3.92,1.3,2.5,3.63,1.56,3.6,,0.863,,33,33,110,110,110,,,,,2.85,,,2.819,11.24,8.215,11.84,9.86,2.479,2.839,3.257,22,22,22,21,55,25.8,55,22,22,22,22,22,22,22,8.387,11.74,12.57,22,22,7.413,11,11,2.869,11,11,6.12,7.634,36.36,5.329,7.611,6.6,,6.939,21.8,22.97,15.06,28.53,14.69,33,19.24,16.39,24.74,33,22,22,19.54,46.6,28.8,33,33,20.94,33,,,,,7,4.6,,,6.645,16.96,21.5,41.74,20.32,44,44,16.79,,,,,10.63,,7.26,2.24,,,0.0995,2.124,47.4,,1.413,46.52,83.17,48.83,26.95,26.4,21,4.759,17.38,6.806,9.971,19.77,96.2,27.57,32.26,23.65,11.46,8.534,20,25.26,21.62,29.91,2.25,6.24,19.55,78.19,1.151,88.3,10.23,,52.49,42.24,1.055,0.8593,2.52,1.711,1.936,11.5,3.409,5.141,3.067,51,50.16,58.09,54.93,,,,100.2,55,25.72,,,,,5.2,35.2,28.49,55,8.133,2.879,2.49,4.141,3.011,22,4.282,17.72,11.17,10.19,44,44,44,18.17,10.23,39.51,,55,,55,,,,,,,31.37,66.54,47.17,12.69,14.66,19.25,,98.63,,,20.04,,54.33,110,36.88,35.76,55,55,4,13.2,55,55,9.3,55,2,23.06,26.83,8.5,40.4,26.31,7.64,26.3,45.31,15.87,55,55,55,55,0.5286,8.065,52.19,38.98,41.62,3.256,,5.073,,,,,,,,16.59,24.77,1.004,17.93,5.455,6.75,,,,32.45,0.64,281.6,5.36,21.17,13.47,27.31,281.6,7.8,,,15.44,13.95,17.5,9.68,,,,14.6,8.586,12.59,4.382,8.8,,4.362,9.918,15.47,15.16,12.89,8.49,55,3.947,3.197,3.26,13.2,55,,55,,17.22,,1.594,1.69,55,7.736,7.597,5.882,22.41,28.61,27.07,,,23.93,189.5,4.924,44.58,2.518,3.183,3.696,11,5.68,11,346.6,44.41
60-33-3,"(9Z,12Z)-9,12-octadecadienoic acid / Z9,Z12-18:Ald / linoleic acid",,14.39,,0.84,5.001,,312.7,47.69,31.35,5.776,15.73,6.816,7.609,2.784,3.854,5.064,14.11,10.72,8.243,7.3,8.19,13.34,55,51.6,55,55,55,55,3.8,55,55,55,0.6,6.786,1.948,8.173,7.4,7.384,10.88,4.97,,,,,5.486,,,42.21,42.41,40.83,10.56,23.63,22.05,45.09,12.3,79.17,14,32.93,,,,30.37,38.8,33,55,,,43.11,,,,,,,,17.4,29.65,28.61,12.68,,,,,,,,,,,,,,,,,,1.016,,,0.5,,0.13,,,6.246,,,69.78,,,,,10.04,91.74,15.52,3.92,1.3,2.5,3.63,1.56,3.6,,1.555,2.88,33,33,5.78,110,43.48,,,,,2.957,,,2.007,4.498,3.802,12,11.71,1.882,2.459,2.809,8.273,7.346,6.431,23.22,48.04,11.58,1.69,18.94,22,22,22,5.668,22,9.563,5.57,8.564,8.311,2.143,15.71,5.344,8.516,5.153,1.569,5.412,11.68,8.274,3.083,16.73,2.692,2.442,6.6,,5.8,4.653,20.43,5.314,16.73,3.439,33,15.54,33,17.67,33,22,8.71,22,55,33,33,33,33,33,,,,,7,4.6,,,6.118,15.36,17.86,42.18,16.64,44,44,12.15,,,,,10.63,4.912,7.636,3.437,,,0.1124,2.314,42.26,,1.054,68.58,72.83,48.83,57.95,26.4,20.58,4.091,14.44,5.661,15.06,32.64,109.4,17.03,22.47,27.18,7.786,16.63,11.59,21.3,19.17,21.97,1.898,2.316,19.92,63.15,1.135,26.75,7.608,3.593,50.83,43.89,1.118,0.9407,2.438,0.8738,1.797,1.781,0.89,0.55,0.74,50.28,68.46,71.72,39.32,28.1,24.2,44,58.48,55,33.46,,,,,5.2,35.2,46.6,49.36,7.053,3.81,2.5,5.898,3.011,22,4.282,18.98,,11.53,44,44,44,20.25,13.2,16.54,,55,,55,,,,,,,15.31,66.54,47.17,12.69,14.26,18.95,,110,,,21.42,,67.3,110,39.45,36.58,47.22,55,4,13.2,55,55,9.3,55,2,7.399,26.83,8.5,40.4,26.31,7.64,14.23,14.92,13.21,17.05,44.51,9.449,55,0.3943,1.437,51.97,38.65,41.03,3,,3.3,,,4.61,4.49,2.339,3.309,2.592,4.749,9.317,4.643,11.14,6.472,3.242,11.77,12.78,8.277,25.61,0.3699,281.6,9.969,26.69,25.25,86.07,227.3,7.8,,,13.55,13.05,17.5,11.48,27.5,0.71,5.16,4.63,1.32,,3.742,8.1,8.005,1.1,2.61,10.97,9.465,13.76,8.49,55,1.301,1.112,3.157,10.54,55,,55,,9.961,,0.59,0.48,35.31,0.82,14,8.264,22.03,27.67,35.86,,,23.93,189.5,8.789,42.69,2.518,3.183,3.696,11,5.68,11,285.4,75.53
105-87-3,"acetic acid, (E)-3,7-dimethyl-2,6-octadien-1-ol ester  / geranyl acetate",,7.174,,4.237,13.81,,232.2,18.87,28.63,6.823,22,,,,,,,,9.2,,1.8,,55,55,42.75,48.34,55,46.74,0.3,3.4,55,1.1,55,13.64,8.954,1.164,0.8828,2.028,14.78,6.437,,,,,4.519,,,36.21,39.83,38.28,3.015,20.74,22.99,42.4,21.53,,22,29.38,26.3,9.5,39.1,22.8,32.19,26.74,19.62,10.74,16.89,,,,,,,,,19.35,30.54,17.73,8.118,,,,,,,,,,,,,,,,,,0.58,,,,,,,,5.187,,,,,,,25.63,13.2,243.5,25.56,2.73,1.54,1.91,,1.67,,,2.462,,,,86.16,110,110,,,,,2.56,,123,,8.53,,,,,,,4.371,5.365,9.247,13.24,50.52,10.16,4.895,22,22,22,22,22,22,22,22,7.661,11.87,10.98,22,11,11,11,7.387,11,11,,0.35,1.64,2.079,4.081,,,,11.23,12.74,8.765,12.96,25.09,24.79,23.76,25.64,20.91,26.66,11.93,8.184,20.58,21.83,33,33,29.14,29.73,31.32,,2.47,9,,5.7,5,6.96,110,7.09,14,43.1,23.06,17.45,44,44,8.82,14.21,44.92,38.93,29.37,10.63,6.55,8.915,4.719,,,0.11,2.727,55,10.95,1.133,,28.4,,75.61,26.4,,,,,19.46,14.4,84.79,,,25.71,9.692,13.42,21.03,26.19,31.39,32.4,,2.071,20.75,,,14.77,,6.844,55,49.7,2.209,2.116,1.518,1.5,22,0.7244,14.37,4.858,13.96,46.2,47.43,38.37,44.05,44,21.8,44,68.12,55,23.5,,,,,7.749,33.27,37.35,52.18,20.74,,,22,,,,22,,13.58,44,44,44,23.39,15.21,88.91,75.93,55,31.9,55,45.23,55,7.77,12.37,15.56,,11.01,25.57,24.29,22.07,18.51,23.96,,110,4.3,110,14.96,,25.57,110,11.4,3.106,15.24,55,5.912,26.4,55,48.38,6.332,55,11.27,11.65,,,,,,19.7,10.34,22.52,31.52,30.56,12.74,55,2.114,9.075,36.15,34.97,13.72,3.5,,9.2,,8.6,4.609,3.484,2.43,3.793,3.111,7.869,44,32.57,41.24,15.81,9.98,33.1,34.5,,13.97,0.21,281.6,18.92,33.91,48.29,281.6,182.2,11.2,8.9,6.4,10.77,11.57,7.489,12.82,27.5,0.71,5.16,18.35,3.917,10.47,,10.9,17.4,8.362,29.65,30.97,55,13.46,10.4,55,4.724,1.203,13.2,10.05,8.65,,10.7,,12.17,,25.09,1.243,55,3.426,12.16,7.18,18.68,31.36,14.32,,,,,9.981,37.58,,,,,,,180.9,189.8
16725-53-4,(Z)-9-Tetradecenyl acetate / Z9-14:Ac,,11.55,,2.559,8.863,,367.8,41.96,34.45,4.357,21,7.105,6.333,3.916,14.19,6.228,14.08,10.71,9.1,13.15,4.483,14.3,55,49.83,55,41.82,55,55,10.92,55,55,42.56,11.27,9.8,2.1,0.63,0.21,3.91,4.4,0.83,,,,,1.1,,,26.36,35.58,36.25,6.318,22.41,30.06,39.62,17.97,106.5,17.65,38.16,,,,33,45.48,33,51.6,,,40.66,,,,,,,,17.66,27.85,36.56,21.04,,,,,,,,,,,,,,,,,,0.7223,,,1.317,,0.3136,,,5.78,20.36,,88.4,,,,27.28,37.96,347.1,42.06,3.92,1.3,2.5,3.63,1.56,3.6,,0.8839,,33,33,75.82,110,97.83,,,12.36,13.89,2.902,,,2.036,4.763,2.22,,,1.56,2.23,2.54,5.321,4.951,4.841,21.34,46.76,10.47,1.131,22,22,22,22,19.49,22,22,22,8.559,14.61,14.13,22,5.306,8.478,5.085,1.545,5.344,11.69,19.08,3.046,16.53,1.984,2.092,6.6,,5.8,8.683,21.23,13.18,24.96,13.04,29.85,13.87,28.72,22.52,22.15,4.348,5.299,22,44.74,33,33,33,33,33,,2.47,9,,6.056,4.878,,,5.085,14.12,16.48,39.67,20.31,44,44,11.56,,,,,10.63,5.618,8.417,4.189,,,0.1131,2.699,16.05,,0.74,40.63,72.83,48.83,161.9,26.4,,,,,15.96,29.72,92.35,16.07,18.19,22.72,7.897,15.09,17.18,25.78,25.98,29.14,1.73,1.649,20.44,63.15,1.097,25.33,4.361,5.275,51.94,44.08,1.75,1.591,1.853,1.248,9.384,1.031,1.631,1.48,1.442,51.43,110,110,44.22,28.1,24.2,44,47.94,46.35,26.64,,,,,19.91,30.74,27.73,49.38,7.2,3.81,2.5,14.19,,,,12.63,,13.58,44,44,44,23.39,13.89,32.81,,55,,55,,,,,,,8.446,35.41,30.45,18.28,13.53,18.39,,110,,,25.14,,65.83,110,40.25,38.94,42.15,55,6.762,30.76,55,41.72,15.11,55,7.69,8.835,19.35,14.53,32.29,27.37,12.53,12.46,13.54,12.93,49.32,44.63,29,55,0.26,3.359,45.72,39.42,28.22,3.522,4.892,6.12,13.6,4.7,4.61,3.584,2.318,3.209,2.479,4.839,12.43,13.84,19.77,8.686,2.846,16.58,12.78,8.277,24.84,0.2624,281.6,14.7,30.86,37.41,176.6,198.8,7.8,,,11.19,12.34,15.52,16.08,27.5,0.71,5.16,4.4,0.17,,6.159,7.834,3.82,0.47,4.4,4.4,25.14,,8.49,55,0.5,1.34,13.2,13.2,55,,55,,19.19,,1.595,0.16,18.7,0.61,9.97,5.898,22.16,26.52,25.74,,,23.93,189.5,5.845,44.94,2.518,3.183,3.696,11,5.68,11,,
110-93-0,6-methyl-5-hepten-2-one,,11.16,,4.26,19.43,,247.9,23.44,29.2,6.733,22,33,33,33,6.37,33,5.3,11.5,10.72,,3.838,15.1,55,55,35.49,55,55,46.61,0.5038,6.672,39.28,3.404,23.27,20.1,20.1,,,,22,22,,,,,9.79,,,55,55,55,12.96,33,33,55,,,,31.67,26.3,9.5,39.1,7.72,20,33,55,10.77,16.75,55.13,,,,,,,,19.35,40.41,15.1,8.547,,,,,,,,,,,,,,,,,,0.9208,,,,,,,,5.685,,,,,,,,5.354,82.38,12.19,2.997,1.563,1.893,,1.603,,,2.588,,33,33,110,110,110,,,29.77,,2.129,,123,2.956,10.73,8.5,,,,,,5.967,7.452,14.96,9.088,47.03,9.291,17.69,22,22,22,22,22,22,22,22,9.274,22,22,22,11,11,11,4.514,11,11,,0.956,3.744,3.354,5.624,,,,10.77,33,33,33,33,22.21,24.53,23.55,21.93,26.28,12.45,7.596,20.78,22.01,33,33,29.45,30.18,31.56,,,5.61,,,,6.96,110,5.581,10.53,43.1,23.06,17.45,44,44,8.82,14.21,44.92,38.93,29.37,,,,,,,,,55,10.95,,,51.43,,,17.58,,,,,12.44,44.06,69.43,32.27,32.83,17.65,11.06,10.89,16.79,38.5,,31.97,,11.77,,63.15,,15.19,9.964,7.592,55,36.92,,,,,,,22,4.64,22,47.48,110,56.91,110,44,21.8,44,68.67,55,23.5,,,,,8.524,28.43,55,55,86.5,,,8.12,,,,10.07,11,,,,,,16.5,,75.93,55,31.9,55,45.23,55,7.77,12.37,15.56,,15.39,,,,16.35,26.79,23.97,110,4.3,110,16.83,,25.57,110,21.14,5.762,29.58,55,6.274,25.74,55,52.75,7.757,55,12.96,11.53,,,,,,16.81,10.04,19.06,25.26,32.31,10.29,55,2.199,8.807,40.3,30.23,26.75,2.58,,7.424,,7.183,,,,,,15.23,15.5,5.099,6.99,27.97,33.93,33.1,34.5,,34.56,,,,,,,,11.2,8.9,6.4,9.7,8.6,6.325,12.03,,,,20.16,9.393,10.47,5.77,11.74,25.26,14.09,41.46,44,19.95,13.46,9.367,55,10.74,,,,8.65,,10.7,,12.17,,27.23,2.6,55,4.968,14.11,10.25,37.67,32.61,,,,,,5.55,37.58,,,,,,,180.9,189.8
591-78-6,2-hexanone,,18.19,,0.84,28.65,,312.7,47.69,31.35,4.904,22,,,,,,,,10.7,,,11.8,55,39.35,55,55,55,44.98,55,55,55,55,2.77,18.3,6.83,33,33,33,22,22,,,,,22,,,19.51,20.41,22.46,16.11,13.2,16.94,25.71,14.53,127.9,15.03,35.69,,,,33,33.1,33,55,,,55.13,,,,,,,,17.85,27.65,44.09,23.19,,,,,,,,,,,,,,,,,,0.693,,,2.749,,3.099,,,6.262,,,91.25,,,,24.63,14.43,113.7,15.41,3.92,1.3,2.5,3.63,1.56,3.6,,1.171,,33,33,75.6,110,110,,,,,3.894,,,8.81,5.64,8.441,12,11.71,2.88,3.07,3.53,11.92,13.73,22,13.75,40.18,8.238,44.7,22,22,22,22,22,22,22,22,4.043,22,22,22,7.333,11,11,2.042,11,11,8.797,7.334,39.21,5.27,4.575,,,,13.48,20.64,18.37,33,33,24.53,11.34,12.88,25.76,33,20.13,22,20.03,15,28.03,33,33,19.65,33,,,,,,,,,7.221,15.42,19.55,44,14.36,44,44,13.19,,,,,10.63,6.55,8.906,4.703,,,0.0995,2.236,55,,0.9236,,86.85,48.83,14.75,26.4,20.77,5.077,18.79,7.219,33.29,29.46,89.86,23.66,32.02,20.19,17.66,12.65,26.03,38.5,37.23,22.59,2.25,6.922,19.77,69.67,,28.61,8.443,,55,35.8,2.209,2.116,1.518,1.711,1.936,11.5,4.783,2.218,4.491,53,76.24,65.46,69.17,,,,89.22,55,27.21,,,,,5.2,35.2,32.33,50.47,7.717,3.81,2.5,4.995,3.011,22,4.282,9.138,,10.19,44,44,44,18.17,8.788,58.11,,55,,,,,,,,,16.43,,,,26.91,23.13,,110,,,25.14,,55.6,110,55,55,55,55,4,13.2,55,55,9.3,55,2,7.626,17.8,16.66,30.49,27.65,14.22,7.914,10.1,13.21,22.56,32.44,10.63,55,0.3953,19.07,38.3,30.23,17.99,2.5,,4.114,,6.14,,,,,,4.394,5.272,2.081,14.61,9.21,8.661,,,,25.68,0.21,281.6,18.92,33.91,48.29,281.6,182.2,,,,14.14,13.19,17.5,8.792,27.5,0.71,5.16,17.22,10.46,,5.039,,,2.254,5.708,16.17,5.523,13.76,8.49,55,3.403,1.823,9.214,10.86,33.33,,35.31,,11.8,,18.15,3.627,55,5.978,14.11,10.25,37.67,32.61,28.93,,,,,8.7,39.48,,,,,,,283.5,76.98
111-70-6,1-heptanol,,19.6,,0.84,11.81,,312.7,47.69,31.35,3.482,22,7.25,33,3.99,0.96,10.7,14.6,11.62,10.25,,,12.09,55,51.6,55,55,55,55,22.84,55,55,37.81,6.704,22.16,4.729,33,33,33,22,22,,,,,17.71,,,53.49,47.73,52.92,7.493,20.81,24.65,55,13.38,59.53,14.69,31.18,,,,32.21,26.61,33,55,,,44.07,,,,,,,,17.33,24.73,13.43,6.344,,,,,,,,,,,,,,,,,,0.44,,,5.242,,10.3,,,6.569,,,69.78,,,,55,35.74,380.7,48.45,3.92,1.3,2.5,3.63,1.56,3.6,,0.863,,33,33,110,110,110,,,24.6,,2.85,,,3.797,12.07,8.141,12,11.71,2.449,2.821,3.235,22,9.15,22,20.6,55,25.8,55,22,22,22,22,22,22,22,8.387,10.4,12.57,22,22,6.217,11,11,2.379,11,11,5.04,8.534,39.61,3.79,4.647,6.6,,7.249,16.61,20.41,14.62,29.16,21.8,17.17,19.12,24.72,29.87,33,22,22,21.19,51.03,29.29,33,33,26.78,33,,,,,7,4.6,,,7.956,19.22,25.83,43.15,20.5,44,44,21.77,,,,,10.63,4.799,6.268,2.439,,,0.1551,2.019,52.49,,1.21,47.52,81.9,48.83,17.88,6.2,26.4,6.02,9.01,9.68,10.41,4.789,81.61,23.06,32.74,23.65,9.544,7.791,19.01,25.26,27.36,29.91,2.102,10,21.67,94.11,1.152,18.1,10.23,,51.84,41.69,1.004,0.7493,1.806,1.711,1.936,11.5,3.068,3.896,2.764,50.58,47.03,52.65,110,,,,110,55,15.4,,,,,5.2,35.2,33.77,55,8.009,3.81,2.5,4.141,3.011,22,4.282,17.72,11.17,7.73,44,44,44,16.42,6.2,58.11,,55,,55,,,,,,,31.37,66.54,47.17,12.69,15.06,18.86,,91.72,,,21.63,,48.99,110,55,55,55,55,4,13.2,55,55,9.3,55,2,14.55,26.83,8.5,40.4,26.31,7.64,19.71,16.57,13.7,55,55,55,55,0.5664,4.723,52.12,33.55,39.08,3.326,,5.148,,,,13.88,,,,9.667,15.63,1.041,16.53,5.14,5.146,,,,28.72,,,,,,,,7.8,,,14.31,13.87,17.13,10.51,,,,10.15,1.54,12.59,4.365,8.8,16.39,4.655,10.03,14.89,13.54,13.76,8.49,55,1.364,3.133,1.468,11.73,55,,55,,13.57,,0.7585,0.4473,55,2.744,6.481,5.112,22.36,30.1,22.22,,,23.93,189.5,4.87,43.92,,,,11,5.68,11,334.1,49.1
127-41-3,ionone (alpha),,,14.69,1.54,7.33,23.07,7.76,4.12,10.2,3.79,11.86,15.3,18.2,5.52,3.5,33,,,,,,,55,19,22.1,55,55,55,0.3,1.4,9.5,1,7.2,,,,,,,,,,,,,,,55,55,55,6.47,18.02,6.63,1.88,,,,17.7,,,,15.29,23.8,33,19.5,7.09,8.47,,4.7,7.61,5.8,6.56,11.63,8.11,18.03,7.34,,,,,,,,,,,,,,,,,,,,,,,,,,,,,,30.06,,15.37,,,,,,,,,,,,,,,,,,,32.1,110,110,28.67,14.86,,,,,,,1.1,1.9,,,,,,7.67,22,22,13.2,28.9,5.32,7.13,22,22,22,22,16.67,22,18.49,22,22,18.79,8.39,17.14,,,,,,,,,,6.22,6.79,,,,,,,,,12.93,33,17.14,11.49,24.84,15.02,5.06,10.21,4.9,13.32,33,16.53,13.69,9.26,,,,,,,,,,,,,,,,,,,,,,,,,,2.1,,,12.59,,,7.92,,,,,,,,,,,49.36,,,,,,,,,,,6.66,20.15,,,,,,12.9,12.3,,,,,,,,,,21.4,10.53,11.45,8.31,35.6,9.7,44,10.41,,,,,,,,,,,,,,,,,,,11.22,,,,,,4.7,10.89,9.2,42.49,,,,,,,,0.26,14.3,,,,18.75,,25.12,40.69,10.6,51.28,4.37,110,5.79,15.51,3.43,2.47,7.14,,,,,,,,,5.06,,,,,,,,,21.5,22.2,6.1,40.87,,,,,,,,,,,,,,,,7.896,14.44,12.17,21.88,,,24.8,20.7,,,,,,,,,,,,,,,,,,,,13.81,11.58,14.25,,16.79,,4.35,11.01,9.66,22.57,14.75,6.57,38.37,,,,,11.44,,5.07,,4.93,,,,55,,,,,,,,,,,,,,,,,,,,
99-83-2,alpha-phellandrene / Phellandrene,,19.41,,,,,,,,,22,,,,,,,,,,,,,,,,,,,,,,,,,,,,,,,,,,,,,55,55,55,33,33,12.99,55,,56.68,,,,,,11.49,,20.07,20.29,,,,,,,,,,,,,,,,,,,,,,,,,,,,,,,,,,,,,,,,,,,,,,,,52.11,458.7,71.07,,,,,,,,,,,,,,,,,,,,,,,,,,,,,,,,,,,,,,,,,,22,22,22,,22,22,22,,,,,,,,,,,,,,,,,,,,,,33,33,33,22,22,22,,33,33,33,33,33,,,,,,,5.66,47.66,,,,,,,,,,,,,,,,,,,,,,,,,,,,,,,,,,,,,,,,,,,,,,,,,,18.44,,,,,,,,,,,,,,,110,110,,,,,,,,,,,,,,17.65,55,,,,,,,,,,,,,,,,,,55,,,,,,,,,,,,,,,,,,,,,,,,,,,,,,,,,,,,,,,,13.66,,,,,,55,,8.33,,,,,,,,,,,,,,,,,59.1,110.6,,,,,,,,,,,,,,,,,,,,,,,,,,,,,,,,,,,55,,,,,,,,,,,,,55,,,,,,,,,,,,,,,,,,,,
19902-08-0,(1R)-(+)-beta-pinene,,22.22,,,,,,,,,22,,,,,,,,,,,,,,,,,,,,,,,,,,,,22,22,,,,,6.45,,,20.34,25.03,26.15,33,30.84,20.29,48.89,,,,,,,,31.55,20.41,33,16.51,,,,,,,,,,,,44,77,28.91,,,,,,,,,,,,,,,,,,,,,,,,,,,,,,,,,44.02,55.17,311.5,447.4,,,,,,,,,,,,110,110,110,,,,,,,,,,,,,,,,16.58,8.058,22,7.1,55,9.38,27.72,22,22,22,22,22,22,22,22,22,22,22,22,11,11,11,11,11,11,,4.298,15.18,12.62,9.537,,,,,,,,,15.2,33,,,,,,,55,,,,,,,,,,5.8,3.7,3.8,94.62,5.06,5.452,,,,,,,20.36,37.88,34.28,25.82,,,,,,,,,,,,,,,,26.4,,,,,14.85,42.64,122.1,,,11.91,12.18,,38.9,38.5,6.26,38.5,,2.02,,,,91.28,,,55,30.9,,,,,,,,,,,97.2,110,,,,,,,,,,,,16.8,35.2,22.41,55,,,,,,,,,,,,,,,13.5,27.38,,55,22.28,25.13,4.24,15.91,21.04,25.77,32.82,,10.79,,,,14.67,,,,21.15,,14.72,,30.29,,55,8.47,55,55,9.402,16.53,55,55,26.9,55,21.7,5.78,,,,,,4.62,,,31.1,55,11.5,55,35.2,32.71,,,,,,,,,,,,,,3.53,,,15.75,471.6,7.031,,,,26.6,,,,,,,,,9.7,16.5,,,,33.31,,,,,,,,,,,,,2.8,,,55,,,,,,,,,,,,,,,6.44,6.17,,,,16.75,15.9,,,,,,,,,,,9.71,74.96
57-10-3,hexadecanoic acid  / palmitic acid,,18.73,,0.84,12.39,,312.7,47.69,31.35,5.418,22,6.878,6.551,2.82,5.104,4.855,14.57,11.58,7.303,7.3,4.763,12.83,55,40.33,55,55,55,42.31,55,55,55,55,1,14.72,5.003,33,33,33,22,22,,,,,18.47,,,48.63,48.67,42.97,8.789,19.17,27.9,51.23,13.19,110.9,14.58,33.28,,,,33,34.07,33,55,,,40.62,,,,,,,,17.47,29.35,69.86,37.22,,,,,,,,,,,,,,,,,,0.8737,,,1.08,,0.5445,,,6.318,12.7,,79.66,,,,55,13.1,176.4,16.29,3.92,1.3,2.5,3.63,1.56,3.6,,1.631,2.88,33,33,47.68,110,96.93,,,,,2.85,,,2.31,8.799,6.299,12,11.71,2.88,3.07,3.53,10.99,15.93,22,19.48,47.49,10.72,39.92,18.49,22,22,22,7.168,22,10.62,4.944,6.851,10.47,4.483,16.96,7.533,11,11,2.908,11,11,8.666,7.554,36.15,8.27,5.89,6.6,,6.681,8.797,3.101,4.212,18.87,18.49,33,18.37,33,33,33,22,22,22,55,15.29,33,33,33,33,,,,,7,4.6,,,6.507,15.32,17.9,43.23,14.83,44,44,11.76,,,,,10.63,,7.26,2.24,,,0.09725,2.252,55,,0.9713,27.87,80.19,48.83,28.46,26.4,20.98,4.784,17.49,6.84,14.97,31.2,94.82,27.29,32.17,29.26,12.88,8.658,22.38,27.63,37.35,22.59,2.25,6.197,19.52,71.02,1.319,25.86,7.158,3.67,52.47,41.88,1.416,1.181,2.005,1.711,1.936,11.5,3.6,2.59,3.43,51.24,64.33,75.01,58.81,28.1,24.2,44,98.19,55,23.27,,,,,5.2,35.2,34.16,47.89,7.849,3.81,2.5,22,3.011,22,4.282,22,11.17,10.19,44,44,44,18.17,10.6,38.16,,55,,55,,,,,,,31.27,66.54,47.17,12.69,15.1,22.2,,110,,,22.73,,48.71,110,43.74,26.47,55,55,4,13.2,55,55,9.3,55,2,8.933,19.63,14.19,32.61,27.33,12.26,8.394,13.48,13.34,22.1,55,7.2,55,0.4032,10.09,51.09,41.72,39.69,3.279,,3.633,,,,,,,,5.303,7.509,2.169,14.97,9.21,5.281,16.27,12.78,8.277,27.57,0.21,281.6,18.92,33.91,48.29,281.6,182.2,7.8,,,14.79,13.68,17.5,11.18,,,,22,22,12.59,3.457,8.8,,1.74,8.73,22,8.183,13.76,8.49,55,3.236,2.293,5.371,10.99,55,,55,,5.82,,3.567,1.686,55,9.76,13.34,7.447,22.6,29.75,32.15,,,23.93,189.5,24.15,40.78,,,,11,5.68,11,292.2,70.82
106-30-9,heptanoic acid / ethyl ester / Ethyl heptanoate,,17.8,,0.84,8.252,,312.7,47.69,31.35,4.283,20.48,6.669,5.555,3.018,8.387,4.941,1.039,13.1,8.349,7.3,5.863,12.85,55,37.4,55,55,51.28,41.57,55,55,55,55,4.271,33,33,33,33,33,22,22,,,,,22,,,43.16,38.29,35.26,5.352,20.35,27.63,55,9.22,118.9,14.37,30.01,,,,33,46.58,33,55,,,36.38,,,,,,,,17.52,22.04,30.99,16.34,,,,,,,,,,,,,,,,,,0.6096,,,1.76,,1.352,,,6.072,16.77,,81.53,,,,17.72,22.93,193.5,17.57,,,,,,,,0.8897,2.88,33,33,75.91,110,110,,,12.36,13.89,3.034,,,2.25,7.413,5.34,12,11.71,2.88,3.07,3.53,11.03,15.81,22,19.16,47.11,10.58,40.21,19.55,22,22,22,6.737,22,12.06,7.241,6.074,13.3,3.717,18.45,7.053,11,11,3.099,11,11,12.33,6.646,32.13,6.703,7.25,6.6,,5.8,13.35,3.47,5.241,23.82,33,27.56,17.24,16.46,27.17,33,17.6,22,20.44,51.03,26.16,33,33,21.98,33,,,,,7,4.6,,,6.761,13.9,18.39,43.13,14.46,44,44,12.17,,,,,10.63,,7.26,2.24,,,0.09663,2.188,36.25,,1.034,20.55,79.79,,28.89,26.4,21.68,4.529,16.38,6.662,34.37,73.19,95.17,24.76,19.98,19.74,15.44,13.59,21.08,32.75,34.5,21.46,2.25,6.186,19.48,70.89,,12.49,6.734,4.527,52.87,40.73,2.201,2.147,1.527,1.952,3.813,6.671,2.634,2.563,2.378,52.32,68.34,68.62,42.22,28.1,24.2,44,62.01,55,22.98,,,,,5.2,35.2,32.05,50.86,7.711,3.718,2.41,1.808,3.011,22,4.282,11.99,,10.19,44,44,44,18.17,10.71,37.79,,55,,55,,,,,,,35.51,,,,12.77,25.83,,110,,,22.97,,48.48,110,46.13,22.2,55,55,4,13.2,55,55,9.3,55,2,8.733,19.28,14.62,32.21,27.39,12.6,9.581,13.31,13.31,20.88,39.67,10.21,55,0.3937,20.28,49.07,40.87,35.06,4.736,3.7,3.799,13.6,5.5,,,,,,5.236,9.831,4.965,11.74,9.21,4.711,16.39,12.78,8.277,30.94,0.21,281.6,18.92,33.91,48.29,281.6,182.2,,,,14.71,13.64,17.5,11.36,27.5,0.71,5.16,19.59,12.05,12.59,4.702,8.8,,2.224,5.656,16.2,8.7,13.76,8.49,55,2.716,1.781,9.427,10.6,55,,55,,5.82,,10.3,2.257,55,5.879,12.38,7.29,23.51,28.76,51.57,,,23.93,189.5,8.08,42.72,,,,,,,288.6,73.29
6378-65-0,Hexyl hexanoate,,17.95,,0.84,8.178,,312.7,47.69,31.35,4.42,22,7.252,5.218,3.926,19.46,5.806,16.3,13.1,7.788,14.9,4.332,12.85,55,36.05,55,55,55,41.33,55,55,55,55,3.61,15.37,8.991,1.077,0.8009,2.056,11.41,5.501,,,,,6.03,,,44.66,55,43.79,1.54,33,22.55,33.93,12.47,107.1,10.76,44,,,,33,55,33,55,,,35.81,,,,,,,,17.58,6.99,32.45,16.93,,,,,,,,,,,,,,,,,,0.6111,,,1.721,,1.296,,,5.938,16.42,,83.31,,,,55,12.82,169.7,15.67,,,,,,,,0.9468,,33,33,90.53,110,110,,,12.36,13.89,2.889,,,2.218,7,4.926,12,11.71,2.88,3.07,3.53,10.03,12.27,14.64,19.09,47.04,10.56,8.796,22,22,22,22,15.66,22,22,22,5.728,15.6,10.81,22,7.058,11,11,3.102,11,11,16.2,6.644,32.13,6.71,7.265,6.6,,5.8,3.98,2.23,3.3,33,33,33,33,16.46,27.17,33,17.55,22,20.44,43.14,26.16,33,33,21.98,33,,,,,7,4.6,,,6.652,14.62,18.68,42.87,15.4,44,44,12.67,,,,,10.63,6.55,8.656,4.241,,,0.0995,2.318,29.96,,0.9985,19.11,79.71,,52.49,26.4,21.68,4.529,16.38,6.662,27.29,41,92.16,26.13,21.84,20.04,14.81,14.18,20.38,38.5,36.28,22.9,2.25,2.771,20.33,70.87,,30.93,6.078,4.973,51.86,43.36,2.202,2.143,1.526,1.466,7.35,2.675,2.621,2.549,2.365,52.53,78.12,80.79,26.1,28.1,24.2,44,31,55,22.92,,,,,5.2,35.2,32.1,50.84,6.804,3.739,2.431,1.808,3.011,22,4.282,19.49,,11.32,44,44,44,19.93,10.21,37.72,,55,,55,,,,,,,35.51,,,,12.77,22.85,,110,,,23.02,,48.28,110,46.24,39.99,55,55,4,13.2,55,55,9.3,55,2,8.822,19.78,14.01,32.79,27.3,12.12,8.335,13.27,13.3,27.73,42.06,17.47,55,0.3939,18.51,46.98,39.97,30.67,5.011,3.7,3.902,13.6,5.5,4.609,3.412,2.384,3.534,2.84,4.46,11.1,6.937,15.25,9.21,4.066,15.86,12.78,8.277,30.92,0.21,281.6,18.92,33.91,48.29,281.6,182.2,,,,14.69,13.63,17.5,11.4,27.5,0.71,5.16,9.652,3.781,12.59,5.106,8.108,3.82,1.437,5.172,8.138,6.707,13.76,8.49,55,1.285,1.331,13.2,10.61,55,,55,,5.82,,11.45,1.749,42.53,6.205,8.825,5.584,25.87,28.26,27.88,,,23.93,189.5,8.08,42.73,,,,,,,287.9,73.8
110-62-3,Valeraldehyde / pentanal,,14.33,,,60.59,,312.7,47.69,31.35,4.32,22,7.25,33,3.99,0.96,10.7,15.34,11.72,8.911,,,14.3,52.73,48.25,55,55,51.35,49.1,26.01,48.82,55,33.56,15.62,5.182,5.022,7.523,7.441,8.458,22,22,,,,,19.99,,,17.62,13.42,11.25,6.96,12.57,33,45.49,,,16.38,,,,,33,55,33,55,,,55.13,,,,,,,,22.36,35.72,43.09,18.11,,,,,,,,,,,,,,,,,,0.44,,,3.603,,5.127,,,6.84,,,48.73,,,,47.21,14.29,225.4,41.77,3.913,1.321,2.516,3.645,1.57,3.6,,0.8866,,,,110,110,110,,,,,3.07,,,1.895,10.71,8.5,12,11.71,1.56,2.23,2.54,11.26,9.139,10.35,31.17,55,15.97,5.922,22,22,22,22,14.87,22,17.22,22,17.57,12.22,10.19,19.52,7.48,9.878,8.118,2.226,8.909,11.39,,3.312,20.6,4.999,8.838,6.6,,5.8,25.36,32.14,15.72,25.49,8.123,33,24.05,18.74,15.67,17.7,3.21,2.606,19.55,50.3,28.31,33,33,25.69,33,,,,,7,4.6,,,4.28,13.46,16.44,36.78,28.17,44,44,12.8,,,,,,4.212,7.582,3.682,,,,3.069,29.99,,1.45,37.96,75.64,46.79,67.14,26.4,21.01,6.707,26.4,9.879,28.81,59.61,118.2,24.26,30.13,11.92,15.72,18.39,21.11,29.27,16.35,23.65,,6.446,18.17,113.1,1.095,53.52,5.219,,54.18,40.71,1.031,0.8687,3.467,3.932,6.091,22,6.997,22,6.313,51.29,24.89,25.65,110,,,,41.84,26.8,11.8,,,,,,,26.06,55,13.63,,,22,,,,22,12.59,16.06,44,44,26.14,24.62,8.2,22.03,,55,,55,,,,,,1.69,29.97,66.54,47.17,12.69,15.89,17.42,23.67,110,,,20.67,,62.14,,55,55,55,55,6.2,14.1,55,55,55,55,22.6,8.333,,,,,,24.45,15.3,13.52,30.53,55,28.09,55,0.6274,8.42,51.19,37.49,38.96,3,,,,,,,,,,7.438,44,0.96,12.25,6.049,3.165,,,,23.8,0.5296,281.6,6.641,22.93,16.73,40.59,261.5,7.8,,,10.4,10.5,12.76,11.29,27.5,0.71,5.16,3.822,2.028,,5.03,8.8,,0.8018,3.209,4.179,55,13.76,8.49,55,1.522,1.47,2.314,12.36,55,,55,,55,,0.5283,0.5437,55,2.193,13.79,8.102,21.99,31.32,29.57,,,23.93,189.5,4.88,48.24,2.518,3.183,3.696,11,5.68,11,357.6,40.76
10482-56-1,alpha-terpineol / 4-terpinol / (S)-(-)-α-Terpineol,,11.68,,,,,,,,,22,,,,,,,,,,,,,,,,,,,,,,,,,,,,22,22,,,,,6.79,,,,,,,,,55,,,,,,,,11.28,,33,18.21,,,,,,,,,,,,44,29.68,13.87,,,,,,,,,,,,,,,,,,,,,,,,,,9.25,,,,4.06,,,55,215.1,62.31,76.45,3.86,1.63,2.28,,1.93,,,,,,,110,110,110,,,25.01,,,,,,,,12.55,9.24,,,,13.38,3.514,22,9,55,12.29,37.61,22,22,22,22,22,22,22,22,22,17.46,22,22,11,11,11,5.36,11,11,,1.54,14.65,6.92,8.67,,5.3,9.6,,,,,,33,33,21.63,24.44,33,22,22,22,55,33,33,25.08,33,19.65,,,,,,,3.739,110,8.25,44,44,44,10.89,44,44,18.06,22.83,29.42,47.04,23.51,,,,,,,,,55,18.31,,,,,,,,,,,,,,,,,,,,,,,,,,,,14.64,,,55,30.9,,,,,,,,,,,54.2,47,,,,,,,,,,,,11,35.2,23.99,55,40.7,,,,,,,,,,,,,,,,,55,590.9,33.87,12.27,15.11,22.34,20.96,16.53,,18.28,,,,4.12,,,,,,18.23,,,,55,55,55,55,7,55,38.2,55,17.3,55,12.1,78.3,13.81,29.23,26.56,21.61,20.94,38.54,24.27,20.1,27.6,55,23.6,55,,35.2,,,,,,,,,,,,,,,,,19.26,,,,,,,,,,,,,,,10.5,18,13.5,7.8,8.3,23.26,,,,,,,,,,,,,1.57,,7.47,55,21.22,,,,,,,,,,,,55,,,,,,,,,18.74,58.05,,,,,,,,,,
123-92-2,"acetic acid, isopentyl ester  / isopentyl acetate / isoamyl acetate",,,,18.68,83.17,,414.7,38.17,36.93,3.3,22,16.8,33,33,33,13.6,,,1.791,15.32,2.605,,55,42.65,55,46.75,55,55,55,55,55,55,55,11.04,5.447,1.167,0.8857,2.029,4.4,0.7345,,,,,0.9203,,,23.83,33.4,33.66,9.074,22.13,33,42.08,20.06,,22,,,,,33,55,33,49.6,,,,,,,,,,,,32.48,47.46,23.67,,,,,,,,,,,,,,,,,,0.58,,,12.9,,2.5,,,,26.77,,106.7,,,,15.95,197.6,1100,51.99,,,,,,,,0.7,,,,110,110,110,,,,,6.61,,,,8.53,,,,,,,4.4,4.4,4.4,,,,1.237,22,22,22,22,22,22,22,22,,22,22,22,,,,,,,,,,,,,,,25.63,33,33,33,33,24.53,11.34,33,33,33,22,22,22,38.39,33,33,33,33,33,,2.47,,,5.7,5,,,,,,,,,,,,,,,10.63,6.55,8.909,4.708,,,0.11,2.727,,,1.144,,90.54,,152,26.4,,,,,26.62,40.7,83.32,,,20.07,20.04,13.42,23.8,22.4,40.13,27.41,,3.087,20.79,,,17.61,3.358,4.7,47.9,55,2.209,2.116,1.518,1.5,22,0.7244,,,,53,,,110,,,,72.49,,,,,,,30,29.5,20.18,44.87,9.276,,,22,,,,12.16,,13.58,44,44,44,23.39,14.51,88.91,,55,,,,,,,,,4,25.57,24.29,22.07,15.43,18.77,,,,,,,,110,31.46,28.9,29.38,55,9.7,55,55,34.5,21.1,55,19.4,9.787,,,,,,9.687,16.76,,30.5,55,55,55,1.219,12.43,36.15,34.97,13.72,2,6.3,7.5,,2.5,4.609,3.414,2.385,3.538,2.844,7.006,,,6.81,23.67,4.141,11.6,9.5,17.7,39.77,0.21,281.6,18.92,33.91,48.29,281.6,182.2,,,,11.1,13.2,15.75,26.41,27.5,0.71,5.16,6.522,0.8342,,6.285,7.58,3.82,1.537,6.522,6.522,55,,,55,0.6133,1.334,13.2,10.82,,,,,,,23.49,0.4175,25.18,2.903,14.89,6.26,20.18,25.63,25.52,,,,,,,,,,,,,,
120-72-9,indole,,,,,,,,,,,22,,,,,,,,15.3,,,16.8,,,,,,,,,,,,,,,,,,,,,,,,,,27.12,22.42,24.65,14.5,13.13,33,25.41,,,,,,,,33,55,33,55,,,,,,,,,,,,,,,,,,,,,,,,,,,,,,,,,,,,,,,,,,,,,,,,,,,,,,,,,,,,,,,,,,,32.9,,6.15,66.11,68.86,,,,,,,,,,,,,,,,22,22,22,22,22,22,22,22,22,22,22,22,,,,,,,,,,,,,1.4,10.1,,,,,,,,,,,,,,,,,,,,,,,,,,,,,,,,,,,,,,,,,,,,,,,,,,,,,,,,,,,,,,,,,,,,,,,,,,,,,75.24,,,,,,,,,,,,,,,110,110,,,,,,,,61.7,19.17,15.65,13.68,,,,,,,,,,,,,,,,,,,,34.44,,55,,,,,,,,,,,,,,,,,,,,,,,,,,,,,,,,,,,10.87,55,19.66,21.25,22.03,,,,,,,55,,,,,,,,,,,,,,,,15.03,,,6.53,,,,,,,,,,,,,,,,,,,,11.53,,,,,,,,,,,,,,,,55,,,,,,,,,,,,,55,,,,,,,,,,,,,,,,,,,,
629-59-4,tetradecane,,22.11,,0.84,12.54,,312.7,47.69,31.35,4.112,19.83,7.25,33,3.99,0.96,10.7,14.7,11.23,9.748,,,12.74,55,51.6,55,55,55,55,26.01,48.82,55,33.56,15.62,13.32,7.53,33,33,33,22,22,,,,,22,,,55,55,46.18,6.057,27.65,25.25,55,13.42,59.53,15.22,31.08,,,,31.41,35.59,33,55,,,44.15,,,,,,,,17.3,44,77,44,,,,,,,,,,,,,,,,,,0.44,,,8.279,,24.1,,,6.707,,,69.78,,,,55,10.54,568.2,22.42,3.92,1.3,2.5,3.63,1.56,3.6,,0.863,,33,33,110,110,110,,,,,2.85,,,2.819,11.24,8.215,17.35,14.79,2.479,2.839,3.257,7.86,22,22,55,55,13.74,23.87,22,22,22,22,22,22,22,8.64,11.74,22,22,22,7.413,11,11,2.869,11,11,6.12,7.634,36.36,5.329,7.611,6.6,,6.939,21.8,22.97,15.06,28.53,14.69,33,19.24,16.39,24.74,33,22,22,19.54,46.6,28.8,33,33,20.94,33,,,,,7,4.6,,,6.645,16.96,21.5,41.74,20.32,44,44,16.79,,,,,10.63,,7.26,2.24,,,0.0995,2.124,47.4,,1.413,46.52,83.17,48.83,26.95,26.4,21,4.759,17.38,6.806,8.47,19.77,96.2,27.57,32.26,23.65,11.46,8.534,20,25.26,21.62,29.91,2.25,6.24,19.55,78.19,1.151,110,10.23,,52.49,42.24,1.055,0.8593,2.52,1.711,1.936,11.5,3.409,5.141,3.067,51,50.16,58.09,54.93,,,,100.2,55,25.72,,,,,5.2,35.2,28.49,55,8.133,2.879,2.49,4.141,3.011,22,4.282,17.72,11.17,10.19,44,44,44,18.17,10.23,39.51,,55,,55,,,,,,,31.37,66.54,47.17,12.69,14.66,19.25,,98.63,,,20.04,,54.33,110,36.88,35.76,55,55,4,13.2,55,55,9.3,55,2,8.22,26.83,8.5,40.4,26.31,7.64,19.71,17.69,13.86,55,55,55,55,0.5286,8.065,52.19,38.98,41.62,3.256,,5.073,,,,,,,,16.59,44,0.96,17.93,5.455,5.713,,,,29.58,0.64,281.6,5.36,21.17,13.47,27.31,281.6,7.8,,,15.44,13.95,17.5,7.07,,,,14.6,8.586,12.59,4.382,8.8,,4.362,9.918,15.47,15.16,13.76,8.49,55,3.947,3.197,3.26,13.2,55,,55,,17.22,,1.594,1.69,55,7.736,7.597,5.882,22.41,28.61,27.07,,,23.93,189.5,4.924,44.58,2.518,3.183,3.696,11,5.68,11,635.5,39.18
34010-20-3,(Z)-9-Hexadecenyl acetate / Z9-16:Ac,,14.75,,2.27,8.398,,361.4,42.55,34.09,4.332,20.96,7.176,6.603,3.926,13.26,6.296,14.11,10.72,9.146,13.15,4.735,13.34,55,49.93,55,42.49,55,55,13.41,55,55,34.31,9.773,8.981,3.436,1.099,0.8218,2.051,6.22,1.526,,,,,1.821,,,27.37,36.25,37.48,5.995,22.15,29.96,39.93,17.72,101.6,17.65,37.68,,,,33,47.8,33,52.07,,,40.22,,,,,,,,17.63,28.19,35.9,20.66,,,,,,,,,,,,,,,,,,0.7014,,,1.168,,0.2813,,,6.054,19.64,,86.82,,,,27.28,20.05,255,40.44,3.92,1.3,2.5,3.63,1.56,3.6,,0.8848,,33,33,75.12,110,97.55,,,12.36,13.89,2.884,,,1.916,4.638,2.855,12,11.71,1.882,2.459,2.809,6.094,5.727,5.31,24.56,49.15,12.11,1.197,22,22,22,22,19.5,22,22,22,8.683,14.62,14.14,22,5.344,8.516,5.153,1.569,5.412,11.68,14.38,3.083,16.73,2.012,2.124,6.6,,5.8,8.17,20.75,12.62,24.65,12.52,30.28,14.18,27.86,23.33,25.72,8.371,8.548,22,44.22,33,33,33,33,33,,2.47,9,,6.122,4.857,,,5.86,15.6,19.07,40.7,20.51,44,44,14.23,,,,,10.63,5.657,8.302,3.928,,,0.112,2.444,21.56,,0.9468,42.24,72.83,48.83,129.4,26.4,20.58,4.091,14.44,5.661,18.61,32.11,93.33,16.93,20.83,22.02,8.559,14.53,19.44,25.3,26.34,28.64,1.898,1.691,20.41,63.15,1.135,25.79,4.376,5.13,51.7,43.99,2.14,2.42,1.6,1.5,22,0.64,1.731,1.645,1.529,51.42,65.27,68.7,40.41,28.1,24.2,44,42.13,55,33.46,,,,,18.3,31.01,32.05,49.87,9.8,3.81,2.5,14.43,3.011,22,4.282,12.82,,12.74,44,44,44,22.11,14.06,34.68,,55,,55,,,,,,,9.032,37.09,31.44,17.8,13.39,18.51,,110,,,21.42,,67.3,110,50.96,48.28,50.32,55,6.488,28.77,55,42.63,14.55,55,6.916,8.598,20.04,13.72,33.07,27.26,11.89,13.28,15.2,13.25,43.95,45.37,29.4,55,0.42,3.769,46.84,39.91,30.4,3.482,4.892,5.896,13.6,4.7,4.61,3.584,2.318,3.209,2.479,4.463,14.36,8.169,20.08,8.879,2.893,15.88,12.78,8.277,25.78,0.2602,281.6,14.85,30.97,37.78,179.8,198.1,7.8,,,12.12,13.15,15.78,15.36,27.5,0.71,5.16,4.4,1.24,,6.149,7.885,3.82,0.47,4.4,4.4,22.82,13.76,8.49,55,0.76,0.8,13.2,4.43,55,,55,,19.23,,1.639,0.59,19.04,1.7,10.66,5.859,22.3,26.41,26.17,,,23.93,189.5,5.3,44.92,2.518,3.183,3.696,11,5.68,11,304.9,63.05
122-40-7,pentyl cinnamaldehyde / α-Amylcinnamaldehyde / 2 Pentyl 3 phenylpropenoic Aldehyde,,25.8,,,60.59,,312.7,47.69,31.35,5.183,22,4.96,3.41,0.92,0.64,1.79,,,2.7,7.3,4.235,,,,,,,,55,55,55,55,2.77,17.86,9.71,,,,22,22,,,,,22,,,42.68,41.9,37.08,13.41,16.92,33,40.09,9.22,,22,16.5,,,,33,55,33,55,,,,,,,,,,,17.61,17.17,77,44,,,,,,,,,,,,,,,,,,0.1951,,,0.5,,0.13,,,,27.88,,,,,,,8.207,77.92,7.146,,,,,,,,0.7,2.88,33,33,12.63,10.28,5.82,,,19.39,13.89,2.85,,,0.8731,21.6,8.5,,,,,,17.4,11.73,22,14.9,42.58,24.1,55,18.68,22,22,22,7.653,22,11.09,7.47,8.881,10.93,4.919,17.22,3.05,11,11,1.62,11,11,,8.79,31.86,8.27,5.89,,,,,,,,,,,25.44,27.52,27.32,16.32,18.23,22,46.26,28.09,33,33,28.67,33,,,,,,,,,6.44,15.09,16.53,44,12.97,44,44,10.06,,,,,,,,,,9,,,24.27,,,14.83,48.37,,,26.4,,,,,33.76,74.39,80.66,,24.96,14.07,18.89,11.6,29.98,6.81,36.1,23.84,,10.53,,63.15,,24.29,4.2,2.7,55,34.8,,,,,,,1.832,1.224,1.634,49,22.04,18.57,15.51,31.74,20.37,44,19.8,,,,,,,13.19,21.59,46.2,47.82,,,,22,,,,22,,14.71,21.14,44,17.68,18.77,10.65,14.82,16.31,46.89,,,,,,,,0.81,15.56,,,,,20.22,24.63,110,,,,,,,44.33,35.24,55,,,,,,,,,6.868,16.63,55,23.63,25.48,22.93,7.245,6.7,12.51,22.84,37.64,11.24,47.02,,,,,,9.517,6.198,5.534,13.6,5.5,,,,,,3.683,1.85,1.23,5.219,,,17.45,12.78,8.277,16.94,,,,,,,,,,,9.138,9.952,13.66,96.51,,,,22,8.786,,3.336,,,4.417,8.684,16.5,11.44,,8.49,21.9,3.494,,,,21.19,,20.81,,9.586,,3.586,1.686,55,6.326,12.38,7.29,23.51,28.76,51.57,,,,,10.59,40.78,,,,,,,189.8,369.1
10378-01-5,(Z)-9-Hexadecen-1-ol / Z9-16:OH,,16.02,,0.84,1.951,,,,,3.792,17.24,7.25,33,3.99,0.96,10.7,14.11,10.73,10.24,,,12.52,55,53.84,55,50.27,49.34,40.89,2.785,55,55,14.41,16.62,27.73,4.37,28.31,27.34,28.4,11.45,5.538,,,,,6.069,,,41.59,40.96,44.56,7.609,23.73,20.39,30.21,18.86,,14.78,,,,,31.07,34.62,33,55,,,,,,,,,,,15.74,21.28,14.3,5.327,,,,,,,,,,,,,,,,,,1.6,,,1.349,,0.8245,,,6.84,,,69.78,,,,47.9,17.73,171.2,34.54,3.92,1.3,2.5,3.63,1.56,3.6,,0.863,,33,33,54.23,110,95.21,,,24.6,,3.07,,,3.148,2.616,4.782,12,11.71,1.953,2.507,2.865,11.41,8.898,6.883,32.67,55,17.47,2.817,22,22,22,22,17.27,22,16.97,18.69,11.3,11.8,9.738,19.39,5.448,8.849,5.773,1.642,6.018,11.57,5.199,4.965,24.26,1.681,1.828,6.6,,6.411,8.478,28.79,8.324,18.46,3.734,26.18,15,24.45,18.57,18.03,2.697,2.866,21.03,55,31.12,33,33,29.99,33,,,,,7,4.6,,,7.068,17.89,23.47,41.95,21.39,44,44,19.3,,,,,10.63,4.814,6.829,2.904,,,0.1445,2.302,46.21,,1.076,58.29,78.04,47.8,28.4,11.07,21.12,4.78,17.48,6.879,11.66,11.88,93.66,15.73,27.47,24.52,8.736,8.242,11.4,13.12,21.17,20.12,1.92,4.762,19.04,90.91,1.26,31.35,10.23,,53.05,45.41,0.97,0.69,1.68,0.68,0.76,1.9,4.262,2.595,2.946,49.65,54.69,55.17,60.64,,,,91.37,55,16.7,,,,,8.074,35.2,41.88,55,7.57,,,4.141,3.011,22,4.282,17.72,11.17,10.56,44,44,44,18.75,9.339,16.71,41.08,55,,55,,,,,,1.64,15.35,66.54,47.17,12.69,14.25,18,,110,,,21.59,,50.63,110,50.58,34.56,34.8,55,8.2,30.8,55,39.5,27,55,13,11.58,,,,,,23.13,18.15,14.96,42.22,55,35.21,55,0.28,0.17,51.61,37.86,40.12,4.473,,5.221,,,4.61,8.111,1.97,2.13,1.14,6.798,15.23,3.11,20.36,6.818,3.532,,,,28.68,0.3964,281.6,9.219,25.92,23.32,74.47,233.5,7.8,9.2,15.8,13.38,13.24,15.95,11.3,27.5,0.71,5.16,4.196,0.43,12.59,4.509,8.8,16.39,1.067,3.338,5.34,21.91,13.76,,55,0.98,0.97,1.01,13.2,55,,26.59,,31.91,,0.3,0.23,55,1.255,7.622,5.407,20.84,29.76,20.5,,,20.78,85.37,4.924,45.52,2.518,3.183,3.696,11,5.68,11,357.6,40.76
127-91-3,beta-pinene,,23.35,,,,,,,,,22,,,,,,,,,,,,,,,,,,,,,,,,,,,,22,22,,,,,6.45,,,7.07,11.07,12.37,33,30.84,20.29,55,,,,,,,,33,17.75,33,16.51,,,,,,,,,,,,44,77,28.91,,,,,,,,,,,,,,,,,,,,,,,,,,,,,,,,,42.66,55.17,311.5,447.4,,,,,,,,,,,,110,110,110,,,,,,,,,,,,,,,,16.58,8.058,22,7.1,55,9.38,27.72,22,22,22,22,22,22,22,22,22,21.38,22,22,11,11,11,11,11,11,,4.24,13.92,12.19,9.3,,,,,,,,,15.2,33,,,,,,,55,,,,,,,,,,5.8,3.7,3.453,94.62,5.06,5.452,,,,,,,20.17,42.64,41.67,31.64,,,,,,,,,,,,,,,,26.4,,,,,14.85,42.64,122.1,,,11.91,12.18,,38.9,38.5,6.26,38.5,,2.02,,,,91.28,,,55,30.9,,,,,,,,,,,110,110,,,,,,,,,,,,16.8,35.2,22.41,55,,,,,,,,,,,,,,,13.5,27.38,,55,22.48,23.3,4.893,16.47,21.22,23.36,32.65,,11.28,,,,15.79,,,,21.15,,14.72,,30.29,,55,8.47,55,55,9.402,16.53,55,55,26.9,55,21.7,5.78,,,,,,5.712,,,31.1,55,11.5,55,35.2,35.2,,,,,,,,,,,,,,3.53,,,15.75,471.6,7.031,,,,26.6,,,,,,,,,9.7,16.5,,,,33.31,,,,,,,,,,,,,2.767,,,55,,,,,,,,,,,,,,,6.44,6.17,,,,15.57,14.51,,,,,,,,,,,9.71,74.96
93-58-3,Methyl benzoate,3.97,55,35.89,7.266,32.92,64.18,21.65,7.862,20.53,2.614,22,9.614,6.806,7.07,33,6.663,0.1002,,4.649,13.06,6.988,2.7,55,48.29,55,55,34.35,55,,,,,,27.96,23.4,,,,,,,,,,,,,24.65,27.7,24.57,11.3,11.99,33,37.91,,,22,,,,,24.96,55,33,46.9,,,28.26,,,,,,,,,7.18,,,,,,,,,,,,,,,,,,,,0.82,,,12.9,,2.5,,,,25.33,,,,,,,58.17,442.5,305.8,,,,,,,,0.9764,2.52,,,63.75,110,110,,,20.23,13.89,,17.78,19.75,,,,,,,,,9.42,10.53,22,12.1,18.1,1.42,35.22,22,18.62,17.95,13.86,22,22,22,22,22,22,22,22,,,,,,,,,,,,,,,,,,,,24.11,33,24.56,22.04,28.67,22,22,22,34.8,33,33,33,33,33,,,,,,,,63.7,7.01,16.04,27.53,44,10.99,44,44,11.25,,,,,,,,,,9,,,17.73,,,14.83,47.99,37.19,,26.4,,,,,45.77,77.31,73.07,,,9.81,18.79,,37.29,38.5,38.38,20.25,,7.55,,36.5,,32.85,8.132,3.913,55,38.39,,,,,,,,,,44.9,30.17,86.75,19.46,28.1,24.2,44,25.25,,,,,,,,,55,55,29.5,,,16.71,,,,6.238,,,,,,,22.54,,14.67,45.49,,,,,,,,,,,,,,39.22,,,10.8,,,,,,55,55,55,55,6.5,23.3,55,55,25.5,55,12.3,18.79,20.67,28.5,22.28,30.26,30.03,55,33.42,19.63,55,55,55,49.1,,,40.3,37.94,14.82,10,,7.5,,,,,,,,,,,9.297,28.83,6.749,24.31,14.85,13.56,31.97,,,,,,,,,11,13.5,,,,11.72,,,,,,9.89,,8.03,,,,,55,,9.52,25.57,,,,,8.07,,55,,10.03,,,,52.51,,16.43,9.62,23.21,20.13,31.74,,,,,4.07,31.86,,,,,,,,
112-44-7,Undecanal / Hendecanal / Undecylic aldehyde,,13.99,,0.84,6.667,,312.7,47.69,31.35,4.369,14.91,7.25,33,3.99,0.96,10.7,15.29,11.76,9.011,,,13.96,55,48.77,55,55,55,55,26.01,48.82,55,33.56,15.62,4.574,6.02,8.601,8.562,9.683,22,22,,,,,19.93,,,52.46,52.99,52.12,7.33,23.67,20.68,55,13.36,59.53,14.45,31.24,,,,29.97,46.98,33,55,,,35.81,,,,,,,,19.28,23.53,42.45,17.7,,,,,,,,,,,,,,,,,,0.44,,,2.476,,2.55,,,6.527,,,57.44,,,,48.59,14.08,207.8,39.73,3.915,1.314,2.511,3.64,1.567,3.6,,0.8804,,33,33,110,110,110,,,,,2.85,,,1.663,4.39,4.569,12,11.71,2.088,2.596,2.97,12.23,10.4,12.32,33.28,55,15.62,7.895,22,22,22,22,8.74,22,22,22,16.23,6.62,4.28,22,7.344,9.837,8.025,2.246,8.838,11.41,7.073,7.17,39.94,4.34,7.01,6.6,,5.8,24.13,31.98,14.61,24.78,8.105,33,23.61,18.03,16.43,19.15,4.31,3.512,19.43,49.1,28.09,33,33,25.36,33,,,,,7,4.6,,,4.87,14.34,17.6,38.27,25.07,44,44,13.57,,,,,10.63,4.331,7.508,3.03,,,0.1208,2.617,35.12,,1.27,37.12,74.92,47.45,51.46,26.4,21.65,4.517,16.33,6.635,28.71,47.39,118,24.04,28.5,13.55,15.5,16.91,20.88,36.4,17.55,30.28,1.998,6.019,18.82,74.6,1.147,14.16,8.1,,53.38,43.37,1.02,0.8544,3.334,2.63,4.44,22,4.722,11.7,4.209,51.32,48.33,51.1,67.63,,,,76.33,49.11,27.39,,,,,5.2,35.2,47.91,55,10,3.81,2.5,22,3.011,22,4.282,22,12.59,11.56,44,44,38.09,19.77,12.86,24.91,,55,,55,,,,,,1.69,55,66.54,47.17,12.69,15.34,18.06,23.67,110,,,20.63,,59.37,110,25.27,55,55,55,5.058,13.67,55,55,24.1,55,7.33,8.651,26.83,8.5,40.4,26.31,7.64,24.08,15.75,13.44,30.22,55,32.24,55,0.4974,8.201,51.86,38.49,40.73,3,,3.3,,,,,,,,5.89,14.06,1.05,9.342,6.065,3.608,,,,24.51,0.522,281.6,6.751,23.08,17.01,41.85,260,7.8,,,12.22,11.87,15.89,11.59,27.5,0.71,5.16,4.393,2.197,12.59,4.88,8.8,,0.7808,3.22,4.966,34.39,13.76,8.49,55,1.65,1.378,2.685,13.2,55,,55,,40.35,,0.5068,0.5451,55,1.868,9.893,7.19,22.46,27.94,29.85,,,23.93,189.5,3.955,47.25,2.518,3.183,3.696,11,5.68,11,330.7,50.51
629-80-1,Hexadecanal / 16:Ald,,13.99,,0.84,6.667,,312.7,47.69,31.35,4.369,14.91,7.25,33,3.99,0.96,10.7,15.29,11.76,9.011,,,13.96,55,48.77,55,55,55,55,55,55,55,32,4.8,2.1,14.4,8.601,8.562,9.683,22,22,,,,,19.93,,,52.46,52.99,52.12,7.33,23.67,20.68,15.62,13.36,59.53,14.45,31.24,,,,29.97,46.98,33,55,,,35.81,,,,,,,,19.28,35.53,42.45,17.7,,,,,,,,,,,,,,,,,,0.44,,,2.476,,2.55,,,6.527,,,57.44,,,,48.59,14.08,207.8,39.73,3.915,1.314,2.511,3.64,1.567,3.6,,0.8804,,33,33,110,110,110,,,,,2.85,,,1.663,4.39,4.569,12,11.71,2.088,2.596,2.97,12.23,10.4,12.32,33.28,55,15.62,7.895,22,22,22,22,14.4,22,17,22,16.23,11.85,9.795,19.4,4.22,11,11,1.7,11,11,7.073,0.55,3.58,1.07,3.65,6.6,,5.8,24.13,31.98,14.61,24.78,8.105,33,23.61,18.03,16.43,19.15,4.31,3.512,19.43,49.1,28.09,33,33,25.36,33,,,,,7,4.6,,,4.87,14.34,17.6,38.27,25.07,44,44,13.57,,,,,10.63,4.331,7.508,3.03,,,0.1208,2.617,35.12,,1.27,37.12,74.92,47.45,55.41,26.4,21.65,4.517,16.33,6.635,28.71,47.39,118,24.04,28.5,13.55,15.5,16.91,20.88,36.4,17.55,30.28,1.998,6.019,18.82,74.6,1.147,53.52,5.219,,53.38,43.37,1.02,0.8544,3.334,0.98,2.96,22,4.722,11.7,4.209,51.32,48.33,51.1,67.63,,,,76.33,49.11,27.39,,,,,5.2,35.2,47.91,55,10,3.81,2.5,22,3.011,22,4.282,22,12.59,11.56,44,44,38.09,19.77,12.86,24.91,,55,,55,,,,,,1.69,30.91,66.54,47.17,12.69,15.34,18.06,23.67,110,,,20.63,,59.37,110,40.93,43.3,46.72,55,5.058,13.67,55,55,24.1,55,7.33,8.651,26.83,8.5,40.4,26.31,7.64,24.08,15.75,13.44,30.22,55,32.24,55,0.4974,8.201,51.86,38.49,40.73,3,,3.3,,,,,,,,5.89,14.06,1.05,9.342,6.065,3.608,,,,24.51,0.522,281.6,6.751,23.08,17.01,41.85,260,7.8,,,12.22,11.87,15.89,11.59,27.5,0.71,5.16,4.4,4.4,12.59,4.88,8.8,,1.14,4.4,4.4,34.39,13.76,8.49,55,0.83,1.378,2.685,13.2,55,,55,,40.35,,0.5068,0.5451,55,1.868,9.893,7.19,22.46,27.94,29.85,,,23.93,189.5,3.955,47.25,2.518,3.183,3.696,11,5.68,11,330.7,50.51
123-51-3,3-methyl-1-butanol / Isoamyl alcohol,,,,18.68,83.17,,414.7,38.17,36.93,3.3,,,,,,,,,,,,,,,,,,,1.7,21.2,27,1.3,55,,,,,,,,,,,,,,,55,55,43.47,,,,55,,,,,,,,,,,,,,,,,,,,,,,36.97,77,17.69,,,,,,,,,,,,,,,,,,0.9652,,,,,,,,,,,106.7,,,,,,,,,,,,,,,,,,,,,,,,24.6,,6.77,,,,,,,,,,,,,,,,,,22,22,22,22,22,22,22,22,,22,22,22,,,,,,,,,,6.38,6.64,,,,,,,,,,,,,,,,,,,,,,,,,,,,,,,,,,,,,,,,,,,,,,,,,,,,,,,69.86,,,6.32,,,,,10.68,,64.21,,,,22.55,,42.13,,41.08,,,12.24,20.94,,,13.74,,,47.9,55,,,,,,,,,,,,,,,,,,,,,,,,,,,,,,,22,,,,22,,,,,,,,,,55,,,,,,,,,55,,,,,,,,,,,,,,55,55,16.25,55,8.3,20.3,55,55,13.5,55,25.6,,,,,,,,,,30.5,55,55,55,,,,,,,,,,,,,,,,,,,6.81,,31.12,,,,44.06,,,,,,,,,,,,,,,,,,,,,,,,,,,,,,55,,,,,,,,,,,,,,,,,,,,,,,,,,,,,,,,,
5392-40-5,"3,7-dimethyl-2,6-octadienal / (E)-Citral / Citral",,9.168,,4.25,13.88,,232.2,19.63,28.63,7.099,22,33,33,33,6.37,33,5.3,11.5,10.55,,3.54,15.1,55,55,36.72,55,55,45.91,0.4,12.1,27,2,5.6,20.1,20.1,,,,22,14.41,,,,,7.487,,,34.41,38.74,37.08,3.175,20.53,23.22,55,,,,44,26.3,9.5,39.1,22.89,20,26.92,19.63,11.18,16.41,,,,,,,,,19.65,40.76,15.08,8.004,,,,,,,,,,,,,,,,,,0.92,,,,,,,,5.68,,,,,,,,3.481,90.68,15.16,3.004,1.564,1.892,,1.601,,,3.9,,,,86.03,110,110,,,29.77,,2.056,,123,,,,,,,,,4.614,6.723,12.3,9.824,51.83,10.16,11.78,13.97,22,22,22,7.822,22,13.55,13.99,7.238,9.131,6.1,22,11,11,11,5.274,11,11,,0.7421,3.04,2.925,5.13,,,,11.34,12.91,8.897,13.31,25.43,22.96,26.27,23.48,20.21,25.14,11.24,7.172,20.51,22.34,33,33,28.01,29.58,28.96,,,5.219,,,,6.96,110,5.547,10.45,43.1,23.06,17.45,44,44,8.82,14.21,44.92,38.93,29.37,,,,,,,,,55,10.95,,,44.1,,,,,,,,,,69.43,,33.1,27.4,,,,38.5,,33.68,,11.77,,,,16.68,,6.751,55,35.57,,,,,,,14.57,4.851,14.16,47.15,50.97,42.76,36.65,44,21.8,44,68.71,55,23.5,,,,,7.088,30.01,55,55,86.5,,,22,,,,13.99,11,,,,,,14.98,,75.93,55,31.9,55,45.23,55,7.77,12.37,15.56,,15.3,,,,16.99,26.79,23.97,110,4.3,110,15.15,,25.57,110,13.23,3.348,17.07,55,6.014,24.96,55,52.42,6.891,55,12.12,15.08,,,,,,18.83,10.58,21.96,28.03,33.54,12.84,55,1.992,8.731,,,,2.5,,10,,8.2,,,,,,6.393,9.716,4.11,12.52,23.77,10.44,33.1,34.5,,36.76,,,,,,,,11.2,8.9,6.4,9.7,8.6,4.577,11.56,,,,22,8.533,10.47,,11.78,25.29,13.14,42.21,44,18.66,13.46,10.4,55,10.89,,,,8.65,,10.7,,12.17,,25.7,1.804,55,4.544,,,,,,,,,,10.71,37.58,,,,,,,42.25,98.17
689-67-8,"6,10-dimethyl-5,9-undecadien-2-one / Geranylacetone",,8.576,,3.92,14.66,,241.1,21.57,28.96,6.667,22,33,33,33,6.37,33,5.3,11.5,10.02,,2.74,15.1,55,55,38.3,55,55,44.94,0.5033,6.005,41.44,3.845,26.76,20.1,20.1,,,,22,15.56,,,,,9.58,,,40.25,42.98,41.71,3.616,22.28,23.94,43.32,,,,28.38,26.3,9.5,39.1,19.31,20,27.41,22.89,10.77,16.75,55.13,,,,,,,,19.08,40.34,12.52,6.194,,,,,,,,,,,,,,,,,,0.9009,,,,,,,,5.298,,,,,,,,4.046,94.42,12.83,3.004,1.564,1.892,,1.601,,,2.346,,33,33,91.23,110,110,,,29.77,,1.966,,123,2.935,10.77,8.5,,,,,,4.921,7.012,12.06,10.07,47.1,8.88,13.27,22,22,22,22,8.61,22,10.9,22,22,10.41,5.1,22,11,11,11,6.15,11,11,,0.601,2.557,2.65,4.888,,,,10.4,14.97,10.74,15.53,26.8,23.2,27.04,23.19,19.2,25.36,10.05,6.597,20.33,20.34,33,33,28.21,29.18,31.03,,,5.509,,,,6.96,110,5.547,10.45,43.1,23.06,17.45,44,44,8.82,14.21,44.92,38.93,29.37,,,,,,,,,55,10.94,,,39.42,,,,,,,,,,69.43,,33.1,29.63,,,,38.5,,32.48,,11.77,,63.15,,14.41,9.964,6.555,55,35.6,,,,,,,16.42,4.789,16.09,47.01,62.36,45.73,49.69,44,21.8,44,70.49,55,23.5,,,,,6.078,31.38,55,55,86.5,,,10.21,,,,11.95,11,,,,,,15.27,,75.93,55,31.9,55,45.23,55,7.77,12.37,15.56,,15.93,,,,17.32,26.79,23.97,110,4.3,110,15.56,,25.57,110,13.81,2.874,17.78,55,5.706,24.17,55,52.08,6.046,55,11.24,11.7,,,,,,25.54,9.753,19.37,26.64,31.35,10.61,55,1.858,8.027,,,,2.5,,6.2,,6.14,,,,,,4.12,44,6.97,12.19,22.03,12.39,33.1,34.5,,34.3,,,,,,,,11.2,8.9,6.4,9.7,8.6,3.509,11.32,,,,21,7.116,10.47,5.77,11.74,25.26,11.94,42.67,44,55,13.46,9.775,49.2,9.728,,,,8.65,,10.7,,12.17,,26.5,2.2,55,4.158,14.11,10.25,37.67,32.61,,,,,,8.136,37.58,,,,,,,180.9,189.8
35153-15-2,(Z)-Tetradec-9-enol /  Z9-14:OH,,16.41,,0.84,1.08,,,,,3.331,19.43,7.25,33,3.99,0.96,10.7,14.08,10.71,10.27,,,12.52,55,54.05,55,49.86,48.84,39.79,1.933,39.71,55,14.29,17.65,27.46,3.932,27.61,26.52,27.72,9.367,3.624,,,,,4.084,,,36.22,35.67,39.03,8.366,20.83,22.51,30.13,,,14.41,,,,,31.1,36.64,33,55,,,,,,,,,,,,21.27,14.48,6.582,,,,,,,,,,,,,,,,,,1.6,,,1.182,,0.6444,,,6.84,,,69.78,,,,47.22,20.65,173.5,48.71,3.92,1.3,2.5,3.63,1.56,3.6,,0.863,,,,53.43,110,94.63,,,24.6,,3.07,,,3.211,2.873,4.663,11.89,11.36,1.835,2.427,2.771,10.31,7.348,5.942,18.56,55,19.24,1.551,22,22,22,22,20.35,22,20.26,22,13.64,17.98,17.29,22,4.74,8.83,5.736,1.492,5.982,11.58,5.23,4.888,23.91,1.935,1.933,6.6,,5.8,8.078,28.66,8.099,18.21,3.607,25.04,14.76,24.19,17.34,16.81,2.142,2.187,21.06,55,31.18,33,33,30.07,33,,,,,7,4.6,,,7.188,18.41,24.89,41.64,23.21,44,44,21.51,,,,,10.63,4.809,6.808,2.955,,,0.1505,2.422,45.64,,1.066,58.94,77.6,47.66,29.82,11.79,20.95,4.835,17.71,6.908,8.908,10.12,85.65,14.26,27.28,25.34,7.291,8.101,10.78,11.72,20.65,18.78,1.895,4.549,18.84,113.2,1.093,31.35,10.23,,55,46.96,1.021,0.776,2.05,0.8963,0.9488,3.961,4.578,2.488,3.087,49.29,54,49.26,59.73,,,,80.36,55,12.4,,,,,10.7,35.2,35.31,55,7.385,,,4.141,3.011,22,4.282,17.72,,10.66,44,44,44,18.9,8.833,14.5,41.08,55,,55,,,,,,1.64,14.11,66.54,47.17,12.69,11.16,17.67,,110,,,17.96,,61.37,,50.64,34.84,34.91,55,8.2,30.8,55,39.5,27,55,13,15.71,,,,,,19.31,15.23,17.22,43.91,55,27.27,55,1.33,0.8013,50.81,36.62,38.05,4.998,,,,,4.61,8.111,1.97,2.13,1.14,10.64,32.95,5.021,22.12,6.64,3.296,,,,29.12,0.3992,281.6,9.144,25.85,23.13,73.36,234.2,7.8,9.2,15.8,11.68,12.72,15.8,12.96,27.5,0.71,5.16,3.49,0.39,,5.03,8.8,16.39,0.46,1.24,2.25,55,13.76,,45.25,1.78,1.91,1.7,5.74,55,,18.33,,55,,0.75,0.36,42.16,2.01,6.844,5.292,22.27,32.16,17.11,,,20.35,75.74,4.924,48.24,2.518,3.183,3.696,11,5.68,11,357.6,40.76
99-85-4,"gamma-terpinene /  1-methyl-4-(1-methylethyl)-1,4-cyclohexadiene / γ-Terpinene",,,,,,,,,,,,,,,,,,,,,,,,,,,,,,,,,,,,,,,,,,,,,,,,55,55,45.5,,,,,,,,,,,,,,,,,,,,,,,,,,,,,,,,,,,,,,,,,,,,,,,,,,,,,,,,,,,,,,,115.3,136.4,595.2,3.31,1.06,3.07,4.12,1.57,,,,,,,,,,,,,,,,,,,,,,,,,12.15,11.84,22,14.7,55,15.18,20.42,,,,,,,,,,,,,,,,,,,,,,,,,,,,,,,,,,,,,,,,,,,,,,,,,,,,,,6.81,19.42,22.15,44,7.31,44,44,5.92,32.74,21.38,51.07,41.75,,,,,,,,,,15.08,,,,,,,,,,,,,,,,,,,,,,,,,,,,,,,,,,,,,,,,,,,,,,,,,,,,,,,,,,,,,,,,,,,,,,,,,,,,,,66.27,,16.33,22.39,,,31.55,,,,,,,,,,,,,,,,,,,,,,,,,,,11.15,,,,,,9.616,9.369,16.09,,,,,,,,,,,,,,,,,,,,,,,,,,,,,,,,,,,,,,,,,,,,,,,,,,,,,,,,,,,,,,,,,,,,,,,,,,,,,,,,,14.19,69.32,,,,,,,,,,
5989-08-2,(+)-a-longipinene,,38.27,,,,,,,,9.79,22,,,,,,,,,,,,,,,,,,,,,,,,,,,,22,22,,,,,6.45,,,31.71,30.62,27.19,33,19.05,16.25,34.53,,,,,,,,16.62,55,33,21.83,,,,,,,,,,,,44,77,18.48,,,,,,,,,,,,,,,,,,,,,,,,,,,,,,,,,55,15.83,89.05,20.96,,,,,,,,,,,,110,110,110,,,,,,14.07,,,,,,,,,,22,8.9,22,,,,11.52,22,22,22,22,22,22,22,22,22,16.89,22,22,11,11,11,11,11,11,,4.73,28.07,16.2,11.41,,,,,,,,,15.2,33,,,,,,,55,,,,,,,,,,,,1.96,83.18,5.06,5.452,,,,,,,1100,961.5,150.4,1100,,,,,,,,,,,,,,,,26.4,,,,,14.85,42.64,122.1,,,11.91,12.18,,38.9,38.5,6.26,38.5,,2.02,,,,,,,,,,,,,,,,,,,110,110,,,,,,,,,,,,16.8,35.2,22.41,55,,,,,,,,,,,,,,,,27.38,,55,23.97,18.67,15.84,27.96,12.51,11.62,10.41,,15.48,,,,26.6,,,,21.15,,15.23,,30.49,110,55,8.47,55,55,7,34.6,55,55,15,55,22.4,12.68,,,,,,11.31,25.96,26.98,31.1,55,11.5,55,,,,,,,,,,,,,,,,3.53,,,,471.6,7.39,,,,26.6,,,,,,,,,9.7,16.5,,,,20.72,,,,,,,,,,,,,2.54,,,55,,,,,,,,,,,,,,,7.664,4.838,23.14,31.29,,21.57,20.47,57.79,136.2,,,,,,,,,116.8,385
90-02-8,2-hydroxybenzaldehyde / Salicylaldehyde,,55,127.4,6.26,31.86,38.61,39.12,4.965,50.58,5.184,22,10.7,33,8.59,12.7,33,,,,,,,,,,,,,,,,,,24.15,23.49,,,,22,22,,,,,22,,,16.94,20.5,17.83,8.697,15.38,33,21.75,,,22,,,,,33,55,33,48.06,,,28.26,,,,,,,,,44,77,44,,,,,,,,,,,,,,,,,,0.2151,,,,,,,,,,,15.69,,,,21.45,1100,302.1,1100,,,,,,,,4.3,3.2,,,85.26,110,110,,,31.42,,,,,0.85,8.67,,,,,,,22,12.23,22,24.5,55,86,55,22,22,22,22,19.07,22,22,22,22,22,16.83,22,3.05,11,11,1.62,11,11,,8.79,31.86,11.56,20.36,,,,,,,,,,,15.44,22.04,15.36,22,22,22,28.36,33,33,33,21.9,33,,,,,,,,63.7,7.01,16.04,27.53,44,10.99,44,44,11.25,,,,,,,,,,8.1,,,43.91,,,30.37,40.92,,,26.4,,,,,37.3,76.2,77.38,,24.96,12.09,19.96,11.6,41.41,14.11,36.21,22.26,,9.155,,,,86.99,9.226,9.7,55,39.87,,,,,,,,,,32.18,31.43,40.33,34.89,,,,23.99,,,,,,,35.2,12.9,38.7,55,29.5,2.93,5.32,22,,,,9.716,,18.75,21.7,44,18.93,18.06,18.59,,,55,,,,,,,,0.81,15.56,,,,,39.22,24.63,,,,,,,,55,55,55,,,,,,,,,,15.49,22.87,25.97,26.84,21.2,26.03,,,55,32.83,30.41,55,,,,,,,,,,,,,,,,,,,6.885,,5.923,,,,23.45,,,,,,,,,11,13.5,9.5,10.5,16.2,40.05,,,,28.67,,,,,,18.24,28.67,28.67,55,,,55,,,,,7.876,,16.54,,13.4,,,,49.12,13.13,16.43,9.62,23.21,20.13,31.74,,,,,4.159,20.23,,,,,,,192.9,523.1
2639-63-6,Hexyl butyrate,,18.45,,0.84,8.781,,312.7,47.69,31.35,4.41,15.14,7.252,5.218,3.926,19.46,5.806,16.3,13.1,7.788,14.9,4.332,12.85,55,34.62,55,55,55,38.74,55,55,55,55,5.126,13.76,7.443,1.077,0.8009,2.056,10.63,4.73,,,,,5.238,,,46.84,55,55,6,20.23,22.91,16.16,13.83,59.53,13.92,44,,,,33,29.82,33,55,,,37.26,,,,,,,,17.6,22.14,32.9,17.41,,,,,,,,,,,,,,,,,,0.44,,,2.047,,1.79,,,5.78,16.42,,83.91,,,,55,13.6,188.2,17.39,,,,,,,,0.8109,,33,33,92.57,110,110,,,12.36,13.89,2.904,,,2.366,6.468,4.635,12,11.71,2.88,3.07,3.53,9.86,12.34,14.28,20.17,48.29,11,7.88,22,22,22,22,10.31,22,22,22,6.384,22,7.48,22,7.058,11,11,3.102,11,11,13.25,6.644,32.13,6.589,7.398,6.6,,5.8,12.31,3.417,5.127,23.88,33,33,33,16.46,27.16,33,17.49,22,20.44,38.78,26.14,33,33,21.96,33,,,,,7,4.6,,,6.742,14.08,18.64,42.97,14.92,44,44,12.53,,,,,10.63,6.55,8.656,4.241,,,0.1014,2.318,28.3,,0.959,19.11,79.71,,52.49,26.4,21.68,4.529,16.38,6.662,27.94,38.2,92.16,26.13,21.84,17.57,14.87,14.93,21.87,38.5,36.47,22.93,2.25,2.771,20.33,72,,29.7,5.869,4.973,52.26,43.31,2.202,2.143,1.526,1.466,7.35,2.675,2.702,2.816,2.434,52.53,71.4,74.49,26.1,28.1,24.2,44,31,55,22.92,,,,,5.2,35.2,31.64,51.51,6.804,3.81,2.5,1.808,3.011,22,4.282,19.49,,11.32,44,44,44,19.93,10.21,37.72,,55,,55,,,,,,,35.51,,,,12.77,24.4,,110,,,23.02,,48.28,110,47.94,30.59,55,55,4,13.2,55,55,9.3,55,2,9.12,19.69,14.11,32.69,27.32,12.2,8.492,13.98,13.36,29.32,43.37,18.84,55,0.3939,19.59,46.98,39.97,30.67,5.011,3.7,4.016,13.6,5.5,4.609,3.412,2.384,3.534,2.84,4.704,11.41,5.738,7.07,9.21,4.066,15.86,12.78,8.277,30.92,0.21,281.6,18.92,33.91,48.29,281.6,182.2,,,,14.69,13.63,17.5,11.4,27.5,0.71,5.16,4.095,0.7912,12.59,5.266,8.108,3.82,0.5726,4.4,4.087,7.314,13.76,8.49,55,0.9338,1.331,13.2,10.61,55,,55,,5.82,,12.07,0.4152,41.81,1.687,8.611,5.562,25.62,28.1,27.66,,,23.93,189.5,7.422,43.09,,,,,,,297.9,67.21
589-38-8,3-hexanone,,11.02,,,28.68,,312.7,47.69,31.35,5.304,22,,,,,,,,,,,,55,35.13,55,55,55,38.56,55,55,55,55,2.77,,,,,,22,22,,,,,22,,,55,55,55,15.53,10.78,33,13.64,17.31,126.2,16.37,44,,,,33,17.53,33,55,,,39.93,,,,,,,,17.64,,,,,,,,,,,,,,,,,,,,,0.44,,,,,,,,5.78,,,83,,,,,8.207,77.92,7.146,,,,,,,,1.86,,33,33,74.73,110,110,,,,,,,,2.969,10.7,8.5,,,,,,13.35,11.18,22,8.5,31.9,5.73,55,22,22,22,22,22,22,22,22,3,22,22,22,,,,,,,,,,8.27,5.89,,,,2.079,25.01,3.966,12.49,1.304,,,16.41,27.42,33,22,22,20.51,37.92,26.45,33,33,22.41,33,,,,,,,,,6.832,13.01,17.05,44,12.22,44,44,10.39,,,,,,,,,,,,,55,,,,,,,26.4,,,,,33.6,,,,,23.43,17.77,20.41,28.11,38.5,39.93,24.04,,,,63.15,,24.69,8.338,,55,47.8,,,,,,,3.6,2.59,3.43,,110,110,,,,,,,,,,,,5.2,35.2,39.54,42.2,,,,7.78,,,,11.55,,,,,,,,,,55,,,,,,,,,,,,,,27.88,,110,,,25.14,,,,55,55,55,,,,,,,,,6.868,17.8,16.66,30.49,27.65,14.22,7.245,6.7,12.51,18.54,37.17,8.759,55,,35.2,,,,,,3.3,,,,,,,,9.15,1.85,1.23,48.85,,,,,,,,,,,,,,,,,,,,,,,,19.59,12.05,,3.53,,,3.018,6.966,15.42,4.472,,8.49,55,3.673,,,,55,,55,,5.82,,30.18,3.92,55,8.634,13.06,6.26,19.85,27.87,29.85,,,,,13.26,40.78,,,,,,,186.2,243.1
5973-71-7,"3,4-Dimethyl-benzaldehyde",3.68,55,60.83,2.48,17.95,18.77,18.11,9.73,,4.76,22,,,,,,,,,,,,,,,,,,,,,,,33,33,,,,22,22,,,,,22,,,55,55,55,6.83,11.84,33,55,,,22,,,,,33,55,33,55,,,,,,,,,,,,44,77,44,,,,,,,,,,,,,,,,,,,,,,,,,,,,,,,,,,,,,,,,,,,,,2.638,,,110,110,110,,,28.43,,,,,0.85,8.67,,,,,,,22,12.23,22,24.5,55,86,55,22,22,22,22,22,22,22,22,22,22,22,22,3.05,11,11,1.62,11,11,,8.79,31.86,11.56,20.36,,,,,,,,,,,8.9,24.49,12.75,22,22,22,22.3,33,33,33,16.26,33,,,,,,,,,,,,,,,,,,,,,,,,,,8.1,,,44.21,,,,21.16,,,26.4,,,,,32.16,75.41,80.66,,24.96,14.07,20.85,11.6,44.69,6.81,34.71,23.84,,10.53,,7.89,,18.82,8.036,,55,34.8,,,,,,,,,,49,23.35,19.47,40.46,,,,32.14,,,,,,,35.2,12.9,55,55,,,,22,,,,5.66,,18.75,21.7,44,18.93,18.06,11.2,,,55,,,,,,,,0.81,15.56,,,,,,14.08,,3.4,,,,,,55,55,55,,,,,,,,,,15.26,41.77,23.69,28.72,25.08,,,,55,33.3,29.3,55,,,39.32,38.01,31.63,,,,,,,,,,,,,,2.73,,,,,,16.94,,,,,,,,,,,9.5,10.5,16.2,96.51,,,,22,,,,,,22,22,22,55,,,55,,,,,7.75,,7.47,,16.22,,,,55,13.13,,,,,,,,,,4.03,20.23,,,,,,,192.9,523.1
128-37-0,"Butylated hydroxytoluene / 2,6-Di-tert-butyl-4-methylphenol",,,,,,,,,,,,,,,,,,,,,,,,,,,,,,,,,,,,,,,,,,,,,,,,,,,,,,,,,,,,,,,,,,,,,,,,,,,,,,,,,,,,,,,,,,,,,,,,,,,,,,,,,,,,,,,,,,,,,,,,,,,,,,,,,,,,,,,,,,,,,,,,,,,,,,,,,,,,,,,,,,,,,,,,,,,,,,,,1.9,,,,,,,,,,,,,,,24,,,,,,,,,,,,,,,,,,,,,,33.84,43.98,67.57,17.53,,,,,,,,,,,,,,,,,,,,,,,,,,,,,,,,,,,,,,,,,,,,,,,,,,,,,,,8.31,,,,80.92,,,,,,,,,,,,,,,,,,,,,,,,,11.8,,,55,33.8,,14.43,49.85,9.58,20.09,0.77,,,,,,,,,,,,,,,,,,,,,,,,,,,,16.78,55,27.12,32.14,18.84,,,,19,55,9.5,55,,,38.34,31.44,15.48,,,,,,,,,,,,,,,20.05,,,,,,,,,,,,,,,,,,,40.49,,,,,,,,,,,,,,,,15.14,20.43,,,,,,,,,,,,,,,,,,,,,,,,,,,,,,,,
543-49-7,2-heptanol,,25.95,,,60.59,,312.7,47.69,31.35,4.27,22,,,,,,,,10.7,,,11.8,,,,,,,55,55,55,55,2.77,20.14,5.779,33,33,33,22,22,,,,,18.04,,,49.66,46.25,46.34,6.856,26.58,30.79,50.28,,,14.29,,,,,33,22.2,33,55,,,,,,,,,,,17.63,41.12,47.8,27.58,,,,,,,,,,,,,,,,,,0.44,,,12.9,,55,,,6.84,,,,,,,55,302.1,925.9,110,,,,,,,,0.6797,,33,33,110,110,110,,,24.6,,,,,2.358,21.6,8.265,12,11.71,2.88,3.07,3.53,11.92,15.36,22,32.21,55,13.74,31.67,22,22,22,22,22,22,22,22,3,22,22,22,4.223,11,11,1.91,11,11,4.14,9.235,42.87,3.885,3.856,,,8.491,15.01,33,33,33,33,33,15.09,16.19,9.25,33,22,22,22,22.6,33,33,33,21.46,13.83,,,,,,,,,7.862,18.4,23.41,44,17.34,44,44,17.98,,,,,,,,,,,,,55,,,,86.85,,14.75,26.4,21.08,4.967,18.31,7.158,11.34,1.22,76.62,31.78,32.95,23.65,12.26,7.561,24.53,25.26,34.78,29.91,2.25,6.652,19.77,65.57,,67.71,10.23,,41.7,55,,,,1.711,1.936,11.5,3.6,2.59,3.43,,42.8,61.37,70.69,,,,80.42,55,28.72,,,,,5.2,35.2,30.57,52.86,8.443,2.12,2.48,8.401,3.011,22,4.282,20.83,11.17,10.19,44,44,44,18.17,9.962,58.11,,55,,,,,,,,,,,,,36.57,22.2,,78.87,,,26.82,,26.23,,47.41,21.59,55,,,,,,,,,24.92,,,,,,13.77,25.86,13.77,55,55,55,55,,35.2,40.27,9.84,12.25,,,3.3,,,,,,,,14.4,13.34,1.054,20.36,,13.39,,,,32.45,,,,,,,,,,,15.07,13.81,17.5,11.82,,,,19.77,12.05,12.59,3.791,,,5.301,11.28,20.28,55,13.76,8.49,55,3.26,13.2,2,13.2,55,,55,,5.82,,30.18,3.92,55,8.63,8.867,5,16.52,30.35,25.16,,,,,4.924,40.78,,,,,,,320.6,54.98
112-30-1,1-decanol,,19.6,,0.84,11.81,,312.7,47.69,31.35,3.482,22,7.25,33,3.99,0.96,10.7,14.6,11.62,10.25,,,12.09,55,51.6,55,55,55,55,22.84,55,55,37.81,6.704,22.16,4.729,33,33,33,22,22,,,,,17.71,,,53.49,47.73,52.92,7.493,20.81,24.65,34.91,13.38,59.53,14.69,31.18,,,,32.21,26.61,33,55,,,44.07,,,,,,,,17.33,44,35.03,11.69,,,,,,,,,,,,,,,,,,0.44,,,5.242,,10.3,,,6.569,,,69.78,,,,55,35.74,380.7,48.45,3.92,1.3,2.5,3.63,1.56,3.6,,1.8,,33,33,83.79,110,110,,,24.6,,2.85,,,3.797,12.07,8.141,12,11.71,2.449,2.821,3.235,13.87,13.82,22,23.95,55,17.47,41.71,22,22,22,22,22,22,22,8.387,10.4,12.57,22,22,6.217,11,11,2.379,11,11,5.04,8.534,39.61,3.79,4.647,6.6,,7.249,16.61,20.41,14.62,29.16,21.8,17.17,19.12,24.72,29.87,33,22,22,21.19,51.03,29.29,33,33,26.78,33,,,,,7,4.6,,,7.956,19.22,25.83,43.15,20.5,44,44,21.77,,,,,10.63,4.799,6.268,2.439,,,0.1551,2.019,52.49,,1.21,47.52,81.9,48.83,17.88,6.6,26.4,6.32,12.67,7.02,10.41,4.789,83.65,23.06,32.74,38.5,9.544,9.92,19.01,38.5,27.36,38.5,2.102,6.076,19.55,94.11,1.152,31.35,15.1,,51.84,41.69,1.004,0.7493,1.806,6.77,4.81,9.6,3.068,3.896,2.764,50.58,47.03,52.65,62.15,,,,94.21,55,14.31,,,,,5.2,35.2,33.77,55,8.009,3.81,2.5,4.141,3.011,22,4.282,17.72,11.17,10.19,44,44,44,18.17,7.536,35.96,,55,,55,,,,,,,31.37,66.54,47.17,12.69,15.06,18.86,,91.72,,,21.63,,48.99,110,55,29.4,37.84,55,4,13.2,55,55,9.3,55,2,14.55,26.83,8.5,40.4,26.31,7.64,19.71,16.57,13.7,55,55,55,55,0.5664,4.723,52.12,33.55,39.08,3.326,,5.148,,,,13.88,,,,9.667,15.63,1.041,16.53,5.14,5.146,,,,28.72,,,,,,,,7.8,,,14.31,13.87,17.13,10.51,,,,10.15,1.54,12.59,4.365,8.8,16.39,4.655,10.03,14.89,13.54,13.76,8.49,55,1.364,3.133,1.468,11.73,55,,55,,13.57,,0.7585,0.4473,55,2.744,6.481,5.112,22.36,30.1,22.22,,,23.93,189.5,4.924,43.92,,,,11,5.68,11,334.1,49.1
112-95-8,eicosane,,22.11,,0.84,12.54,,312.7,47.69,31.35,4.112,19.83,7.25,33,3.99,0.96,10.7,14.7,11.23,9.748,,,12.74,55,51.6,55,55,55,55,26.01,48.82,55,33.56,15.62,13.32,7.53,33,33,33,22,22,,,,,17.71,,,44.39,45.3,46.86,6.057,27.65,25.25,43.67,13.42,59.53,15.22,31.08,,,,31.41,35.59,33,55,,,44.15,,,,,,,,17.3,42.56,60.94,34.99,,,,,,,,,,,,,,,,,,0.44,,,8.279,,24.1,,,6.707,,,69.78,,,,55,23.74,380.2,28.74,3.92,1.3,2.5,3.63,1.56,3.6,,0.863,,33,33,110,110,110,,,,,2.85,,,2.819,11.24,8.215,10.45,10.6,2.479,2.839,3.257,4.73,10.18,22,7.7,55,10.12,55,22,22,22,22,22,22,22,8.387,11.74,12.57,22,22,7.413,11,11,2.869,11,11,6.12,7.634,36.36,5.329,7.611,6.6,,6.939,21.8,22.97,15.06,28.53,14.69,33,19.24,16.39,24.74,33,22,22,19.54,46.6,28.8,33,33,20.94,33,,,,,7,4.6,,,6.645,16.96,21.5,41.74,20.32,44,44,16.79,,,,,10.63,,7.26,2.24,,,0.0995,2.124,47.4,,1.413,46.52,83.17,48.83,26.95,26.4,21,4.759,17.38,6.806,9.971,19.77,96.2,27.57,32.26,23.65,11.46,8.534,20,25.26,21.62,29.91,2.25,6.24,19.55,78.19,1.151,33.54,10.23,,52.49,42.24,1.055,0.8593,2.52,1.711,1.936,11.5,3.409,5.141,3.067,51,50.16,58.09,54.93,,,,100.2,55,25.72,,,,,5.2,35.2,28.49,55,8.133,2.879,2.49,4.141,3.011,22,4.282,17.72,11.17,10.19,44,44,44,18.17,10.23,39.51,,55,,55,,,,,,,31.37,66.54,47.17,12.69,14.66,19.25,,98.63,,,20.04,,54.33,110,36.88,35.76,55,55,4,13.2,55,55,9.3,55,2,18.93,26.83,8.5,40.4,26.31,7.64,4.36,25.22,12.37,55,55,55,55,0.5286,8.065,52.19,38.98,41.62,3.256,,5.073,,,,,,,,16.59,24.77,1.004,17.93,5.455,5.713,,,,29.58,0.64,281.6,5.36,21.17,13.47,27.31,281.6,7.8,,,15.44,13.95,17.5,10.1,,,,14.6,8.586,12.59,4.382,8.8,,4.362,9.918,15.47,15.16,13.76,8.49,55,3.947,3.197,3.26,13.2,55,,55,,17.22,,1.594,1.69,55,7.736,7.597,5.882,22.41,28.61,27.07,,,23.93,189.5,4.924,44.58,2.518,3.183,3.696,11,5.68,11,346.6,44.41
100-47-0,benzonitrile,,,,,,,,,,,,,,,,,,,,,,,,,,,,,,,,,,,,,,,,,,,,,,,,,,,,,,,,,,,,,,,,,,,,,,,,,,,,,,77,44,,,,,,,,,,,,,,,,,,,,,,,,,,,,,,,,,,,,,,,,,,,,,,,,,,,,,36.55,,,,,,,,,,,,,,,,,,,,,,,,,,,,,,,,,,,,,,,,,,,,,,,,,,,17.32,33,,,,,,,,,,,,,,,,,,,,,,,,,,,,,,,,,,,,,,,,,,,,,,,,26.4,,,,,37.14,,71.31,30.24,28.3,12.5,20.92,13.16,49.03,38.5,32.56,14.53,,13.1,18.46,,,,,,,,,,,,,,,,,51.7,,,,,,,,,,,,,,,,,,,,,,,,,22,,,,,,,,,,,,,,,,,,,,,,,,,,,,,,,,,,,,,,,,,,,,,,,,,,,,,,,,,,,,,,,,,,,,,,,,,,,,,,,,,,,,,,,,,,,,,,,,,,,,,,,,,,,,,,,,,,,,55,,55,,55,,,,,,,,,,,,,,,,,,,,,,,,
106-28-5,"(2E,6E)-3,7,11-trimethyldodeca-2,6,10-trien-1-ol / trans,trans-Farnesol",,8.578,,3.961,12.33,,232.2,19.16,28.63,6.511,22,33,33,33,6.37,33,5.3,11.5,9.513,,2.124,15.1,55,55,33.89,55,55,48.2,0.6122,5.772,46.33,6.443,35.94,20.1,20.1,,,,22,12.12,,,,,7.299,,,55,55,55,1.13,12.33,15.06,45.48,,,,30.05,26.3,9.5,39.1,33,20,19.26,12.99,11.18,13.96,,,,,,,,,19.7,41.97,9.207,3.788,,,,,,,,,,,,,,,,,,1.104,,,,,,,,5.256,,,,,,,,3.275,99.81,15.29,3.002,1.564,1.892,,1.601,,,1.932,,,,110,110,110,,,29.77,,1.909,,123,,,,,,,,,4.33,6.598,11.14,10.43,51.08,9.736,11,7.458,22,22,22,4.019,22,9.276,9.882,6.631,4.99,2.957,22,11,11,11,7.94,11,11,,0.35,1.64,2.644,4.883,,,,14.12,15.26,11.03,15.83,26.95,22.19,27.28,26.07,17.86,22.11,6.372,4.413,20.84,21.18,33,33,26.04,30.32,30.39,,,4.911,,,,6.96,110,5.555,10.47,43.1,23.06,17.45,44,44,8.82,14.21,44.92,38.93,29.37,,,,,,,,,55,10.94,,,27.1,,,,,,,,,,69.43,,33.1,29.63,,,,38.5,,32.5,,11.77,,,,15.55,,5.4,55,32.92,,,,,,,12.36,4.938,11.88,46.59,39.21,36.53,28.57,44,21.8,44,83.63,55,23.5,,,,,4.964,33.29,55,55,86.5,,,22,,,,13.08,11,,,,,,14.09,,75.93,55,31.9,55,45.23,55,7.77,12.37,15.56,,15.95,,,,17.33,26.79,23.97,110,4.3,110,18.18,,25.57,110,8.653,1.32,14.85,55,6.405,25.32,55,53,7.699,55,13.05,14.06,,,,,,19.44,10.39,20.9,29.55,32.27,11.31,55,0.69,1.08,,,,2.619,,7.701,,7.391,,,,,,5.996,4.758,2.185,11.91,22.05,7.682,33.1,34.5,,51.45,,,,,,,,11.2,8.9,6.4,9.7,8.6,3.509,11.32,,,,22,5.953,10.47,,10.33,24.69,11.38,43.31,44,16.92,13.46,10.4,55,9.706,,,,8.65,,10.7,,12.17,,25.7,1.489,55,2.859,,,,,,,,,,11.78,37.58,,,,,,,180.9,189.8
40642-40-8,(Z)-8-dodecenyl alcohol / (Z)-8-Dodecen-1-ol / Z8-12:OH,,15.39,,0.84,1.08,,,,,3.627,22,7.25,33,3.99,0.96,10.7,14.04,10.69,10.3,,,12.51,55,50.26,55,45.61,51.33,45.56,1.996,40.21,55,8.805,33.58,27.57,4.044,24.39,23.98,22.26,8.659,3.069,,,,,3.498,,,34.77,34.56,37.75,8.55,20.39,22.9,30.04,,108.8,16.26,44,,,,31.19,29.92,33,55,,,,,,,,,,,24.53,21.27,15.36,7.36,,,,,,,,,,,,,,,,,,1.6,,,0.5,,0.13,,,,,,26.36,,,,45.49,35.94,402.2,84.21,3.898,1.371,2.555,3.68,1.593,3.6,,0.863,,,,53.8,110,94.48,,,24.6,,3.07,,,3.296,3.166,4.544,9.93,9.94,1.869,2.451,2.799,11.36,8.025,6.521,17.53,55,17.7,3.224,22,22,22,22,22,22,22,22,17.57,22,22,22,4.685,8.872,5.817,1.47,6.061,11.57,5.262,4.808,23.55,2.096,2.068,6.6,,5.8,7.643,28.5,7.849,17.92,3.466,21.26,14.31,24.87,18.78,18.26,3.633,2.944,22,55,33,33,33,33,33,,,,,7,4.6,,,7.208,18.44,24.95,41.67,23.18,44,44,21.57,,,,,10.63,4.82,6.808,2.92,,,0.1693,2.349,43.86,,1.37,62.39,72.83,44.87,31.75,26.4,20.96,4.821,17.65,6.889,3.14,12.79,103.7,6.19,26.95,38.5,5.59,8.253,3.05,2.73,13.05,7.76,1.73,2,17.72,113.1,1.111,31.35,10.23,,50.93,45.67,1.015,0.7667,2.039,0.9043,0.9703,4.067,7.345,2.527,4.216,49.23,50.08,44.83,84.68,,,,89.89,55,12.42,,,,,10.7,35.2,36.69,55,7.198,,,4.141,3.011,22,4.282,17.72,12.59,11.44,44,44,40.7,19.83,9.695,12.52,41.08,55,,55,,,,,,1.66,10.68,66.54,47.17,12.69,10.82,17.73,23.67,110,,,,,65.83,,55,38.37,38.89,55,7.315,22.39,55,45.22,36.1,55,16.29,16.39,,,,,,15.04,12.31,19.35,44.9,42.5,22.26,55,0.5947,0.8593,47.06,32.83,32.22,5.36,,,,,4.61,8.111,1.97,2.13,1.14,7.083,,,29.19,7.066,4.186,,,,29.69,0.3935,281.6,9.296,26,23.52,75.63,232.9,7.8,9.2,15.8,11.49,12.6,15.81,16.13,27.5,0.71,5.16,3.901,0.4518,,5.03,8.8,16.39,0.9161,3.004,4.815,55,,,45.02,0.9231,1.574,1.276,10.93,31.49,,12.7,,55,,0.5129,0.3038,28.01,1.227,6.696,5.28,22.27,32.16,17.11,,,19.16,53.94,4.924,48.24,2.518,3.183,3.696,11,5.68,11,,
99-86-5,"alpha-terpinene /  1-methyl-4-(1-methylethyl)-1,3-cyclohexadiene",,,,,,,,,,,,,,,,,,,,,,,,,,,,,,,,,,,,,,,,,,,,,,,,55,55,45.5,,,,,,,,,,,,,,,,,,,,,,,,,,,,,,,,,,,,,,,,,,,,,,,,,,,,,,,,,,,,,,,115.3,136.4,595.2,3.31,1.06,3.07,,1.57,,,,,,,,,,,,,,,,,,,,,,,,,12.53,11.13,22,14.7,55,15.18,20.42,,,,,,,,,,,,,,,,,,,,,,,,,,,,,,,,,,,,,,,,,,,,,,,,,,,,,,6.81,19.42,22.15,44,7.31,44,44,5.92,,,,,,,,,,,,,,15.08,,,,,,,,,,,,,,,,,,,,,,,,,,59.87,,,,,,,,,,,,,,,,,,,,,,,,,,,,,,,,,,,,,,,,,,,,,,,,,,,,,,,,,,,,,,,,,,,,,,,,,,,,,,,,,,,,,8.77,,,,,,9.45,6.18,13.81,,,,,,,,,,,,,,,,,,,,,,,,,,,,,,,,,,,,,,,,,,,,,,,,,,,,,,,,,,,,,,,,,,,,,,,,,,,,,,,,,,,,,,,,,,,,
626-82-4,hexanoic acid / butyl ester / Butyl hexanoate,,17.49,,0.84,9.133,,312.7,47.69,31.35,4.417,20.32,6.969,3.777,3.884,33,5.277,,,7.22,14.9,3.505,11.8,55,36.02,55,55,55,41.27,55,55,55,55,3.656,16.92,11.29,1.13,0.8528,2.073,12.92,7.144,,,,,7.697,,,44.22,49.93,45.17,4.703,20.24,27.15,36.72,12,124.4,14.16,36.86,,,,33,46.31,33,55,,,37.65,,,,,,,,17.77,33.7,46.61,18.57,,,,,,,,,,,,,,,,,,0.44,,,2.099,,1.876,,,5.941,17.49,,86.28,,,,55,21.77,150.6,26.99,,,,,,,,0.9407,,33,33,79.09,110,110,,,12.36,13.89,2.895,,,2.49,7.621,5.168,12,11.71,2.88,3.07,3.53,10.47,12.38,15.57,17.52,45.14,9.895,9.941,22,22,22,22,12.75,22,19.17,14.4,3.453,22,8.943,22,5.23,11,11,1.98,11,11,13.92,9.208,42.71,5.563,4.716,,,,15.15,33,12.36,33,33,,,16.41,27.41,33,17.74,22,20.51,43.6,26.43,33,33,22.39,33,,,,,,,,,7.142,14.46,18.82,44,13.61,44,44,12.32,,,,,10.63,6.55,8.776,4.458,,,0.09851,2.5,24.53,,1.052,14.83,86.85,,14.75,26.4,21.99,4.655,16.95,6.963,17.69,43.08,86.14,21.96,20.46,17.01,10.03,13.81,12.97,38.5,36.43,22.24,2.25,2.938,20.29,76.31,,28.58,6.176,5.425,52.56,43.43,2.202,2.146,1.526,1.464,6.907,2.881,2.19,1.493,1.988,50.78,73.03,73.96,27.55,28.1,24.2,44,30.72,55,22.79,,,,,5.2,35.2,32.88,49.86,7.587,3.742,2.433,1.808,3.011,22,4.282,19.49,,11.21,44,44,44,19.75,7.519,58.11,,55,,,,,,,,,,,,,,23.59,,110,,,21.93,,69.87,110,55,32.74,55,55,4,13.2,55,55,9.3,55,2,8.262,17.76,16.73,30.44,27.66,14.27,8.45,12.36,13.43,27.45,41.62,17.4,55,0.3938,19.82,36.15,34.97,13.72,8,3.7,4.11,13.6,5.5,4.609,3.412,2.384,3.532,2.838,3.908,11.77,8.826,12.71,9.21,4.156,18.5,12.78,8.277,32.45,0.21,281.6,18.92,33.91,48.29,281.6,182.2,,,,15.04,13.84,17.5,9.203,27.5,0.71,5.16,19.59,12.05,,5.002,,,2.182,6.43,12.39,4.472,13.76,8.49,55,1.395,1.329,13.2,10.58,55,,55,,5.82,,13.03,1.894,55,6.472,8.913,5.546,26.29,28.47,27.4,,,,,8.315,40.78,,,,,,,273.2,85.11
143-13-5,Nonyl acetate / 9:Ac,,19.56,,5.629,20.2,,360.6,42.62,34.05,4.44,22,7.259,5.255,3.927,19.23,5.818,16.3,13.1,7.814,14.9,4.34,12.84,55,40.96,55,47.14,55,49.55,55,55,55,55,8.876,8.987,3.429,1.087,0.811,2.055,7.993,2.592,,,,,2.987,,,23.55,29.16,46.51,3.73,17.24,33,55,18.86,104.5,22,37.43,,,,33,41.98,33,55,,,38.98,,,,,,,,17.6,31.33,38.47,20.96,,,,,,,,,,,,,,,,,,0.5059,,,4.711,,2.7,,,6.076,16.42,,88.61,,,,23.3,30.45,239.2,20.74,,,,,,,,0.8184,,33,33,104.4,110,110,,,12.36,13.89,2.92,,,2.38,7.169,4.723,12,11.71,2.88,3.07,3.53,8.309,9.945,11.12,20.32,48.46,11.07,4.324,22,22,22,22,12.17,22,22,22,7.246,6.68,6.34,22,6.185,9.802,7.943,2.109,8.775,11.42,11.2,6.649,32.12,6.453,7.499,5.974,,6.399,14.94,11.09,14.74,27.41,33,27.03,16.08,15.59,26.75,33,22,22,20.32,40.53,30.47,33,33,21.27,33,,2.47,,,6.133,4.854,,,6.598,15.33,19.5,42.39,17.03,44,44,13.88,,,,,10.63,6.55,8.668,4.261,,,0.1062,2.438,27.23,,0.9637,19.17,82.88,,81.99,26.4,21.68,4.529,16.38,6.662,23.95,39.03,88.48,26.26,22.09,20.66,11.9,13.06,22.18,38.5,32.18,26.98,2.25,1.994,20.41,72.1,1.319,30.06,5.544,4.961,55,33.8,1.95,1.815,1.644,1.478,10.97,1.654,2.834,3.22,2.551,52.38,64.47,67.95,36.31,28.1,24.2,44,31.37,55,23.04,,,,,13.14,32.06,24.37,48.46,6.759,3.81,2.5,2.404,3.011,22,4.282,6.964,,11.93,44,44,44,20.88,10.85,55.32,,55,,55,,,,,,,17.99,25.57,24.29,22.07,13.97,21.02,,110,,,22.92,,48.7,110,55,55,55,55,5.438,21.65,55,46.79,12.35,55,4.397,8.306,20.09,13.66,33.13,27.25,11.84,9.977,14.2,13.38,40.6,45.84,26.34,55,0.394,12.28,42.83,38.13,23.1,3.388,5.052,5.109,13.6,3.467,4.61,3.351,2.345,3.336,2.623,4.323,9.278,2.904,24.18,10.7,3.808,15.85,12.78,8.277,30.96,0.21,281.6,18.92,33.91,48.29,281.6,182.2,,,,13.74,14.29,16.07,14.53,27.5,0.71,5.16,4.097,0.7912,12.59,8.44,7.952,3.82,0.5725,4.4,4.089,12.32,13.76,8.49,55,0.7727,1.344,13.2,10.7,55,,55,,5.82,,12.26,0.4147,20.72,1.687,11.19,5.773,22.9,25.68,30.66,,,23.93,189.5,6.824,43.49,,,,,,,309.3,60.62
2921-88-2,Chlorpyrifos,,,,,,,,,,,,,,,,,,,,,,,,,,,,,,,,,,,,,,,4.46,2.53,4.74,5.06,3.36,4.17,,4.74,6.54,,,,,,,,,,,,,,,,,,,,,,,,,,,,,,,,,,,,,,,,,,,,,,,,,,,,,,,,,,,,,,,,,,,,,,,,,,,,,,,,,,,,,,,,,,,,,,,,,,,,,,,,,,,,,,,,,,,,,,,,,,,,,,,,,,,,,,,,,,,,,,,,,,,,,,,,,,,,,,,,,,,,,,,,,,,,,,,,,,,,,,,,,,,,,,,,,,,,,,,,,,,,,,,,,,,,,,,,,,,,,,,,,,,,,,,,,,,,,,,,,,,,,,,,,,,,,,,,,,,,,,,,,,,,,,,,,,,,,,,,,,,,,,,,,,,,,,,,,,,,,,,,,,,,,,,,,,,,,,,,,,,,,,,,,,,,,,,,,,,,,,,,,,,,,,,,,,,,,,,,,,,16.63,20.44,19.06,,5.89,,,,,,,,,,,,,,,,,,,,,,,
629-92-5,nonadecane,,22.11,,0.84,12.54,,312.7,47.69,31.35,4.112,19.83,7.25,33,3.99,0.96,10.7,14.7,11.23,9.748,,,12.74,55,51.6,55,55,55,55,26.01,48.82,55,33.56,15.62,13.32,7.53,33,33,33,22,22,,,,,17.71,,,44.39,45.3,46.86,6.057,27.65,25.25,43.67,13.42,59.53,15.22,31.08,,,,31.41,35.59,33,55,,,44.15,,,,,,,,17.3,42.56,60.94,34.99,,,,,,,,,,,,,,,,,,0.44,,,8.279,,24.1,,,6.707,,,69.78,,,,55,216,226.2,124.1,3.92,1.3,2.5,3.63,1.56,3.6,,0.863,,33,33,110,110,110,,,,,2.85,,,2.819,11.24,8.215,12.01,13.02,2.479,2.839,3.257,22,7.89,22,8.9,55,10.12,55,22,22,22,22,22,22,22,8.387,11.74,12.57,22,22,7.413,11,11,2.869,11,11,6.12,7.634,36.36,5.329,7.611,6.6,,6.939,21.8,22.97,15.06,28.53,14.69,33,19.24,16.39,24.74,33,22,22,19.54,46.6,28.8,33,33,20.94,33,,,,,7,4.6,,,6.645,16.96,21.5,41.74,20.32,44,44,16.79,,,,,10.63,,7.26,2.24,,,0.0995,2.124,47.4,,1.413,46.52,83.17,48.83,26.95,26.4,21,4.759,17.38,6.806,9.971,19.77,96.2,27.57,32.26,23.65,11.46,8.534,20,25.26,21.62,29.91,2.25,6.24,19.55,78.19,1.151,33.54,10.23,,52.49,42.24,1.055,0.8593,2.52,1.711,1.936,11.5,3.409,5.141,3.067,51,50.16,58.09,54.93,,,,100.2,55,25.72,,,,,5.2,35.2,28.49,55,8.133,2.879,2.49,4.141,3.011,22,4.282,17.72,11.17,10.19,44,44,44,18.17,10.23,39.51,,55,,55,,,,,,,31.37,66.54,47.17,12.69,14.66,19.25,,98.63,,,20.04,,54.33,110,36.88,35.76,55,55,4,13.2,55,55,9.3,55,2,19.49,26.83,8.5,40.4,26.31,7.64,8.58,5.99,14.33,55,55,55,55,0.5286,8.065,52.19,38.98,41.62,3.256,,5.073,,,,,,,,16.59,24.77,1.004,17.93,5.455,5.713,,,,29.58,0.64,281.6,5.36,21.17,13.47,27.31,281.6,7.8,,,15.44,13.95,17.5,10.1,,,,14.6,8.586,12.59,4.382,8.8,,4.362,9.918,15.47,15.16,13.76,8.49,55,3.947,3.197,3.26,13.2,55,,55,,17.22,,1.594,1.69,55,7.736,7.597,5.882,22.41,28.61,27.07,,,23.93,189.5,4.924,44.58,2.518,3.183,3.696,11,5.68,11,346.6,44.41
100-51-6,benzyl alcohol,2.64,,105,4.01,17.99,21.26,38.78,2.72,,3.75,22,,,,,,,,,4.7,7.7,,55,55,55,28.3,55,13.4,,,,,,16.76,15.78,,,,,,,,,,,,,34.33,33.17,28.81,15.58,14.81,33,39.33,,,,,,,,18.95,,33,55,,,,,,,,,,,,,,,,,,,,,,,,,,,,,,,,,,,12.9,,2.5,,,,,,15.69,,,,,,,,,,,,,,,1.9,2.52,,,110,110,110,,,36.55,,,,,5.02,,,,,,,,,,,27.1,55,103.2,26.57,22,22,22,22,22,22,22,22,22,22,18.32,22,,,,,,,,,,,,,,,33,33,33,33,33,25.97,33,33,33,33,22,22,22,48.48,33,33,33,33,33,,,,,,,,,,,,,,,,,,,,,,,,,390,,,,55,,,230.9,109.4,,,,,,,,,,,22.32,,38.5,,21.44,,38.5,,26.38,,,,36.5,,33.6,18.9,,55,32.49,,,,,,,,,,36.21,34.89,54.78,52.85,,,,50.6,,,,,,,,,55,55,,,,22,,,,22,,,,,,,11.8,16.88,,47.85,23.8,,5.47,55,22.21,17.5,56.93,,,,,,,,,,10.8,,,,26.5,,55,55,55,55,6.5,23.3,55,55,25.5,55,12.3,,22.01,12.36,25.83,25.64,17.25,,,,32.92,47.45,25.42,50.61,,,40.3,37.94,14.82,,,,,,,,,,,,,,9.812,11.46,4.424,82.6,21.6,19.5,26.69,,,,,,,,,,,,,,11.53,,,,28.12,,9.89,,8.03,,13.01,28.12,28.12,55,,9.52,44.83,,,,,55,,11.2,,8.97,,,,55,13.26,,,,,,,,,,,,,,,,,,,
629-50-5,tridecane,,22.11,,0.84,12.54,,312.7,47.69,31.35,4.112,19.83,7.25,33,3.99,0.96,10.7,14.7,11.23,9.748,,,12.74,55,51.6,55,55,55,55,26.01,48.82,55,33.56,15.62,13.32,7.53,33,33,33,22,22,,,,,17.71,,,44.39,45.3,46.86,6.057,27.65,25.25,55,13.42,59.53,15.22,31.08,,,,31.41,35.59,33,55,,,44.15,,,,,,,,17.3,44,77,44,,,,,,,,,,,,,,,,,,0.44,,,8.279,,24.1,,,6.707,,,69.78,,,,55,3.82,234.7,34.97,3.92,1.3,2.5,3.63,1.56,3.6,,0.863,,33,33,110,110,110,,,,,2.85,,,2.819,11.24,8.215,12,11.71,2.479,2.839,3.257,11.92,15.36,22,21.27,55,13.74,38.09,22,22,22,22,22,22,22,5.09,11.74,22,22,22,7.413,11,11,2.869,11,11,6.12,7.634,36.36,5.329,7.611,6.6,,6.939,21.8,22.97,15.06,28.53,14.69,33,19.24,16.39,24.74,33,22,22,19.54,46.6,28.8,33,33,20.94,33,,,,,7,4.6,,,6.645,16.96,21.5,41.74,20.32,44,44,16.79,,,,,10.63,,7.26,2.24,,,0.0995,2.124,47.4,,1.413,46.52,83.17,48.83,26.95,26.4,21,4.759,17.38,6.806,9.971,19.77,96.2,27.57,32.26,23.65,11.46,8.534,20,25.26,21.62,29.91,2.25,6.24,19.55,78.19,1.151,22,10.23,,52.49,42.24,1.055,0.8593,2.52,1.711,1.936,11.5,3.409,5.141,3.067,51,50.16,58.09,54.93,,,,100.2,55,25.72,,,,,5.2,35.2,28.49,55,8.133,2.879,2.49,4.141,3.011,22,4.282,17.72,11.17,10.19,44,44,44,18.17,10.23,39.51,,55,,55,,,,,,,31.37,66.54,47.17,12.69,14.66,19.25,,98.63,,,20.04,,54.33,110,55,19.74,55,55,4,13.2,55,55,9.3,55,2,206.8,26.83,8.5,40.4,26.31,7.64,55,17.69,13.86,55,55,55,55,0.5286,8.065,52.19,38.98,41.62,3.256,,5.073,,,,,,,,16.59,24.77,1.004,23.84,5.455,5.713,,,,29.58,0.64,281.6,5.36,21.17,13.47,27.31,281.6,7.8,,,15.44,13.95,17.5,10.1,,,,14.6,8.586,12.59,4.382,8.8,,4.362,9.918,15.47,15.16,13.76,8.49,55,7.76,3.197,3.26,13.2,55,,55,,17.22,,1.594,1.69,55,7.736,7.597,5.882,22.41,28.61,27.07,,,23.93,189.5,4.924,44.58,2.518,3.183,3.696,11,5.68,11,154.6,37.39
31501-11-8,[(Z)-hex-3-enyl] hexanoate,,15.46,,0.84,5.357,,312.7,47.69,31.35,4.581,20.5,7.802,3.771,3.973,33,5.103,,9.8,6.427,11.6,11.68,,55,45.81,55,47.6,50.63,37.33,19.59,55,55,55,3.211,15.13,9.828,1.133,0.856,2.065,9.951,4.117,,,,,4.601,,,31.61,39.41,34.64,7.244,20.81,27.82,31.7,15.18,116.9,15.59,35.95,,,,33,45.64,33,48.57,,,37.61,,,,,,,,17.75,44,11.78,8.66,,,,,,,,,,,,,,,,,,0.44,,,0.5,,0.13,,,5.78,25.54,,84.42,,,,51.44,21.79,286.4,24.2,3.92,1.3,2.5,3.63,1.56,3.6,,0.9426,,33,33,58.42,110,92.97,,,,,3.256,,,2.313,4.716,2.677,9.93,9.94,1.56,2.23,2.54,9.746,8.271,7.792,10.79,46.71,10.89,1.981,22,22,22,22,5.12,22,11.9,3.31,3.72,22,1.59,22,4.708,8.44,5.017,1.064,5.278,11.7,33.12,4.094,14.09,2.855,2.758,,,,13.41,3.751,5.4,24.1,33,,,24.31,27.69,33,15.8,18.59,20.96,39.03,31.44,33,33,29.12,33,,2.47,,,5.7,5,,,6.776,13.28,16.97,44,12.32,44,44,10.35,,,,,10.63,6.55,8.683,4.289,,,0.09786,2.383,55,,1.38,172.6,,48.83,125.9,26.4,,,,,26.45,46.57,87.28,16.09,18.77,19.2,15.55,15.29,20.7,23.75,34,23.86,,3.538,20.15,63.15,1.138,22.8,6.245,4.24,52.22,47.61,1.504,1.333,2.129,1.115,5.542,1.268,2.158,1.085,1.975,50.44,110,81.25,50.82,28.1,24.2,44,43.3,55,11.82,,,,,17.9,31.08,23.9,46.29,11.29,3.81,2.5,1.808,,,,19.49,,13.58,44,44,44,23.39,13.04,40.7,,55,,,,,,,,1.64,8.117,25.57,24.29,22.07,13.86,20.86,,110,,,25.14,,,110,55,32.2,55,55,6.277,26.08,55,43.68,14.96,55,6.382,13.26,18.54,15.59,31.36,27.52,13.37,8.279,13.14,16,39.58,35.7,21.15,55,1.391,18.38,37.73,25.3,14.55,8,,3.3,,,4.61,3.995,2.229,2.854,2.06,7.584,22.54,44,19.54,11.3,3.543,11.77,12.78,8.277,36.9,0.3084,281.6,12.25,28.82,31.09,125.9,211.7,,9.2,15.8,10.75,13.18,15.58,17.6,27.5,0.71,5.16,8.609,1.157,,4.788,7.58,3.82,1.464,5.67,8.594,21.28,,8.49,55,0.8654,1.257,13.2,10.16,55,,28.35,,23.09,,2.344,0.5801,27.71,3.038,9.412,6.328,24.86,30.04,23.41,,,,,24.15,40.78,2.518,3.183,3.696,,,,186.2,243.1
538-65-8,n-Butyl cinnamate,,,,,,,,,,3.82,20.59,5.34,3.79,3.68,33,5.71,0.1321,,3.821,11.93,3.407,,55,44.87,55,55,38.25,55,55,55,55,55,22.69,10.58,4.257,0.9554,0.7008,2.313,4.4,0.7345,,,,,0.9203,,,37.9,37.39,39.63,5.451,18.82,28.91,43.34,13.82,128.7,15.09,36.07,,,,33,45.83,33,55,,,37.76,,,,,,,,18.04,22.06,29.23,18.57,,,,,,,,,,,,,,,,,,0.09,,,12.9,,2.5,,,5.78,25.1,,91.25,,,,,,,,,,,,,,,0.8484,2.88,,,55.61,60.41,52.32,,,12.36,13.89,2.959,,,1.56,3.118,1.35,,,,,,4.4,4.4,4.4,,,,1.237,22,19.66,19.17,16.11,19.76,22,22,22,,17.73,17.56,22,,,,,,,16.2,,,,,,,,17.96,10.29,12.31,24.29,33,,,33,33,33,22,22,22,38.39,33,33,33,33,33,,,,,,,,,,,,,,,,,,,,,10.63,6.55,8.918,4.724,,9,0.11,2.727,4.35,,0.8207,14.83,90.54,,,26.4,,,,,29.06,61.57,95.09,15.75,13.32,9.425,15.95,15.29,23.42,26.81,37.25,17.96,,,,,,28.89,7.3,9.7,52.83,38.12,2.209,2.116,1.518,1.5,22,0.7244,,,,45.3,20.48,17.49,12.85,30.8,21.26,44,20.14,,,,,,,,,,,7.496,3.81,2.5,5.253,,,,5.855,,10.82,20.45,44,16.22,19.7,10,14.82,16.31,46.08,,,,,,,,,,,,,,,,,,,,,,110,55,55,55,55,4,13.2,55,55,9.3,55,2,,17.3,17.45,29.91,27.75,14.84,,,,48.88,55,32.47,46.22,0.3953,9.506,36.15,34.97,13.72,8,3.7,5.8,13.6,5.5,,,,,,2.2,,,12.33,9.21,2.38,18.21,12.15,9.433,,0.21,281.6,18.92,33.91,48.29,281.6,182.2,,,,8.7,9.3,11,,27.5,0.71,5.16,4.126,0.7915,,6.411,,,0.5715,4.4,4.118,55,,,15.46,0.6133,1.306,13.2,10.66,,,,,,,23.49,0.4074,48.37,1.687,8.915,5.712,24.56,27.36,29.56,,,,,4.07,31.86,,,,,,,,
6789-80-6,Z-hex-3-enal / Cis-3-hexenal,,19.29,,,,,,,,,22,,,,,,,,,,,,37.9,55,55,55,30,20.2,0.3634,26.43,55,2.433,55,8.266,3.44,5.097,5.295,6.634,,,,,,,,,,16.45,19.65,18.09,12.28,15.96,33,27.4,21.53,,16.05,,,,,33,55,33,50.54,,,,,,,,,,,,34.76,70.31,44,,,,,,,,,,,,,,,,,,,,,,,,,,,,,,,,,47.96,39.29,299.4,49.5,3.92,1.3,2.5,3.63,1.56,3.6,,,,,,110,110,110,,,,,4.41,,,5.55,7.2,,9.93,9.94,,,,13.66,10.71,11.27,11.85,55,14.23,55,22,22,22,22,22,22,22,22,,22,22,22,4.829,8.746,5.576,1.133,5.826,11.61,,4.88,15.08,2.027,1.932,,,,33,33,33,33,6.33,,,25.11,18.45,19.88,6.096,5.749,22,55,33,33,33,33,33,,2.47,,,5.7,5,,,,,,,,,,,,,,,,,,,,,,3.15,55,,1.918,172.6,,48.83,75.61,16.73,,,,,21.83,,85.93,16.6,30.93,14.39,19.6,14.35,29.82,11.2,19.44,20.44,,7.74,18.79,,1.127,52.75,,,55,30.9,0.9581,0.8261,4.561,0.8341,1.342,3.003,5.037,4.032,7.424,,110,47.84,63.21,,,,48.77,44,11.84,,,,,30,29.5,27.29,51.79,42.2,,,22,,,,13.42,,,,,,,10.51,22.39,,55,,,,,,,,1.64,11.56,25.57,24.29,22.07,13.12,17.24,,,,,,,,,55,55,55,55,8.827,39.72,55,37.22,24.23,55,15.5,24.97,,,,,,16.75,14.83,18.91,55,43.67,23.55,55,5.601,14.93,38.65,20.81,15.01,8,,,,,,13.88,,,,13.59,,,25.68,13.16,4.932,,,,26.83,0.64,281.6,5.36,21.17,13.47,27.31,281.6,,9.2,15.8,11.5,11,11.3,13.26,,,,12.5,1.911,,,,,4.987,11.37,13.32,55,,,55,1.058,1.481,2.969,13.2,55,,17.79,,55,,,0.6712,55,4.748,14.27,7.18,18.68,31.36,14.32,,,15.57,39.49,4.88,,2.518,3.183,3.696,,,,,
58594-45-9,(Z)-13-octadecenal  / Z13-18:Ald,,14.14,,0.84,1.08,,,,,6.67,15.36,7.25,33,3.99,0.96,10.7,14.82,11.3,9.271,,,14.3,52.63,48.58,55,53.27,51.19,48.85,0.8895,28.88,55,4.61,41.75,5.691,2.922,8.024,7.96,9.025,13.88,8.317,,,,,8.872,,,42.08,40.31,38.32,7.301,22.54,21.43,15.62,,,14.9,,,,,30.2,47.6,33,55,,,,,,,,,,,24.53,35.53,42.45,17.7,,,,,,,,,,,,,,,,,,1.6,,,1.182,,0.6444,,,6.84,,,49.57,,,,44.6,14.07,207.2,39.67,3.912,1.325,2.519,3.648,1.572,3.6,,0.8877,,,,110,110,110,,,,,3.07,,,1.597,1.06,1.35,12,11.71,1.56,2.23,2.54,7.743,6.492,5.128,33.13,55,15.78,1.807,22,22,22,22,14.27,22,16.99,22,16.19,11.84,9.783,19.4,5.431,8.604,5.312,1.624,5.568,11.65,6.99,3.17,17.18,1.955,2.525,6.6,,5.8,17.77,31.01,12.39,22.74,6.458,30.39,19.36,33,17.15,22.49,1.5,0.64,19.85,55,28.88,33,33,26.53,33,,,,,7,4.6,,,4.28,13.46,16.44,36.78,28.17,44,44,12.8,,,,,10.63,4.384,7.493,3.051,,,0.1224,2.71,23.41,,1.251,44.18,74.62,46.48,77.27,26.4,,,,,28.71,45.4,117.1,20.94,26.3,13.55,15.5,18.11,20.87,36.4,16.72,30.28,1.73,4.681,18.81,,1.1,34.3,5.219,,53.95,40.78,1.037,0.8631,3.268,1.679,2.705,7.984,4.03,5.854,3.181,50.82,24.89,25.65,69.8,,,,67.94,46.35,25.44,,,,,10.7,35.2,45.29,55,8.405,,,22,,,,22,12.59,14.71,44,44,34.35,23.97,12.42,15.69,41.08,55,,55,,,,,,1.69,30.94,66.54,47.17,12.69,14.96,17.55,23.67,110,,,17.96,,63.65,,40.93,43.3,46.72,55,6.2,14.1,55,55,55,55,22.6,8.541,,,,,,24.07,15.65,13.42,30.46,55,27.24,55,0.6,2.538,51.88,38.52,40.79,3,,,,,4.61,5.157,1.97,2.13,1.14,7.204,32.95,5.021,11.39,6.146,3.096,,,,24.92,0.5121,281.6,6.898,23.26,17.39,43.55,258.1,7.8,,,11.92,11.64,14.33,11.62,27.5,0.71,5.16,4.4,4.4,,5.03,8.8,16.39,0.93,4.4,4.4,55,13.76,,55,0.92,1.44,1.16,13.2,55,,55,,55,,0.5317,0.85,48.61,1.66,9.97,8.06,,,,,,22.88,147,4.102,48.24,2.518,3.183,3.696,11,5.68,11,357.6,40.76
502-99-8,alpha-ocimene,,9.05,,9.1,49.9,,232.2,18.87,28.63,9.046,22,,,,,,,,,,,,55,55,26.9,55,55,55,2.1,22.7,55,11.2,55,20.1,20.1,,,,18.85,11.9,,,,,6.557,,,21.61,27.55,24.92,5.68,22.69,24.91,31.12,,231.9,,44,,,,24.6,20,33,19.18,,,,,,,,,,,13.41,29.74,14.34,12.03,7.83,21.1,18.4,10.7,27.6,9.43,23.1,12.6,15.7,13.9,7.94,13,4.17,6.59,18.9,21.7,11.9,6.641,17.8,16.9,8.35,9.79,8.38,13.9,13.4,5.779,,,,4.13,,,,3.172,53.03,12.66,2.587,1.596,2.202,,1.74,,,,,,,98.26,110,110,,,,,2.547,,123,,,,,,,,,5.765,5.149,10.17,11.8,55,14.33,7.81,10.41,22,22,22,22,22,16.72,22,2.59,22,9.251,22,11,11,11,3.48,11,11,,,,2.187,4.047,,,,10.43,7.979,4.87,7.832,21.03,24.9,33,29.11,27.78,30.43,22,14.45,22,42.94,33,33,33,33,33,,,2.68,,7.2,2.9,6.96,110,6.509,13.42,33.7,11.34,12.69,44,44,10.1,14.21,44.92,38.93,29.37,,,,,,,,,55,11.02,,,64.52,,,17.58,,,,,12.44,44.06,,32.27,32.53,7.75,11.06,10.89,16.79,38.5,,23.98,,,,,,12.79,,,,,,,,,,,8.902,13.23,22,46.2,37.39,34.78,24.94,44,21.8,44,42.85,55,23.5,,,,,35.2,35.2,55,55,86.5,,,22,,,,10.69,,,,,,,14.71,,75.93,55,31.9,55,45.23,55,7.77,12.37,15.56,,13.6,,,,19.59,26.79,,,,110,17.21,,25.57,110,27.96,8.471,32.25,55,3.737,20.56,55,55,2.531,55,6.495,21.54,,,,,,18.13,6.58,44.82,22.8,34.77,9.999,55,1.28,15.17,,,,,,,,,,,,,,6.688,1.04,0.52,9.022,15.18,8.539,,,,75.56,,,,,,,,11.2,8.9,6.4,9.7,8.6,6.238,9.9,,,,22,22,,,17.63,,23.96,44,44,3.65,,,55,12.06,,,,,,,,,,,1.64,55,,,8.24,,,,12.82,14.38,,,17.94,37.58,,,,,,,,
7785-26-4,(1S)-(-)-alpha-pinene,,22.57,,,,,,,,9.79,22,,,,,,,,,,,,,,,,,,,,,,,,,,,,22,22,,,,,6.45,,,28.57,29.2,26.94,33,20.39,16.77,25.73,13.47,,,,,,,19.32,47.84,33,20.99,,,,,,,,,,,,44,77,18.48,,,,,,,,,,,,,,,,,,,,,,,,,,,,,,,,,49.14,73.34,935.2,109.3,,,,,,,,,,,,110,110,110,,,,,,14.07,,,,,,,,,,22,8.913,18.72,16.7,55,23.45,5.6,22,22,22,22,22,22,22,22,22,17.45,22,22,11,11,11,11,11,11,,4.667,25.74,15.64,11.13,,,,,,,,,15.2,33,,,,,,,55,,,,,,,,,,,,1.64,110,5.07,5.28,,,,,,,25.53,27.43,35.43,50.18,,,,,,1.5,,,,,,,,,,26.4,,,,,14.85,42.64,122.1,,,11.91,12.18,,38.9,38.5,6.26,38.5,,2.02,,,,14.99,,,,,,,,,,,,,,,110,110,,,,,,,,,,,,16.8,35.2,22.41,55,,,,,,,,,,,,,,,,27.38,,55,23.75,18.67,8.911,19.95,20.65,15.61,25.41,,14.81,,,,24.72,,,,21.15,,14.82,,30.38,110,55,8.47,55,55,7,34.6,55,55,15,55,22.4,6.796,,,,,,9.729,25.96,26.98,31.1,55,11.5,55,,35.2,,,,,,,,,,,,,,3.53,,,15.75,471.6,7.39,,,,26.6,,,,,,,,,9.7,16.5,,,,30.8,,,,,,,,,,,,,2.571,,,55,,,,,,,,,,,,,,,6.675,5.868,23.14,31.29,,20.48,19.34,57.79,136.2,,,,,,,,,116.8,385
94444-18-5,"3,7-Dimethyloctyl benzoate / 3,7-Dimethyl-1-octanol benzoate",3.386,55,,18.68,83.17,,414.7,38.17,36.93,3.3,22,16.8,33,33,33,13.6,,,2.3,19.8,1.4,,55,48.28,55,55,34.36,55,1.7,21.2,27,1.3,55,21.97,14.19,,,,,,,,,,,,,55,55,55,15.58,14.81,33,43.72,,,,,,,,18.95,,33,55,,,,,,,,,,,,7.18,,,,,,,,,,,,,,,,,,,,0.8279,,,12.9,,2.5,,,,24.73,,90.33,,,,,58.17,442.5,305.8,,,,,,,,0.7,2.52,,,,,,,,12.36,13.89,,,19.75,,,,,,,,,9.42,10.53,22,12.1,18.1,1.42,35.22,22,18.07,17.3,12.76,22,22,22,22,,22,22,22,,,,,,,,,,6.38,6.64,,,,,,,,,,,25.54,25.04,33,22,22,22,30.7,33,33,33,33,33,,,,,,,,,,,,,,,,,,,,,,,,,,,,,6.884,,,14.83,64.79,37.19,,26.4,,,,,26.62,,,,,,20.04,,23.8,,40.13,,,,,,,51.68,2.7,4.7,52.03,38.43,,,,,,,,,,44.9,,,13.11,28.1,24.2,44,20,,,,,,,,,55,55,,,,12.8,,,,6.376,,,,,,,,,,38.79,,,,,,,,,55,,,,,,,,10.8,,,,,,,,,,,,,,,,,18.79,21.2,26.51,23.89,31.26,30.15,55,33.42,19.63,43.79,49.18,37.15,41.72,,,,,,2.733,5.588,7.078,13.6,2.986,,,,,,,,,5.928,68.1,7.248,11.6,9.5,17.7,31.13,,,,,,,,,,,,,,11.53,,,,,,9.89,,8.03,,,,,55,,9.52,13.63,,,,,,,,,,,,,48.37,,18.59,,,,,,,,,4.07,31.86,,,,,,,,
94-50-8,Octyl benzoate,3.386,55,,,10.09,,,,,5.101,20.34,5.34,3.41,3.68,33,4.29,,,15.3,13.47,12.9,2.7,55,49.18,55,55,33.44,55,55,55,55,55,4.743,14.07,6.234,1.078,0.8022,2.055,6.701,1.786,,,,,2.11,,,37.58,45.46,47.14,4.769,20.71,28.21,35.36,14.76,99.57,15.12,36.76,,,,30.64,43.55,33,55,,,37.1,,,,,,,,16.95,13.25,33.67,18.27,,,,,,,,,,,,,,,,,,0.48,,,3.393,,0.7419,,,5.78,20.99,,91.25,,,,,22.37,189.6,48.92,,,,,,,,0.8,2.685,33,33,67.04,77.45,71.2,,,12.36,13.89,2.85,17.78,19.75,1.56,3.745,1.35,,,,,,6.935,7.412,11.51,12.1,18.1,1.42,7.686,22,18.85,18.22,14.36,19.76,22,22,22,3.316,15.29,14.83,22,,,,,,,16.2,,,8.27,5.89,,,,11.08,5.954,7.966,24.62,33,,,24.37,27.11,33,22,22,21.09,41.19,28.2,33,33,29.59,33,,,,,,,,,6.44,15.09,16.53,44,12.97,44,44,10.06,,,,,10.63,6.55,8.674,4.273,,9,0.11,2.283,9.339,,0.8968,14.83,61.97,37.19,420,26.4,,,,,28.47,49.68,90.93,,,19.57,15.45,15.4,22.55,38.5,31.77,26.55,,1.095,20.94,48.33,,38.88,4.277,3.1,51.9,39.11,2.203,2.142,1.525,1.5,22,0.7164,1.969,1.326,1.769,49.83,51.87,110,12.09,28.1,24.2,44,16.87,,,,,,,5.2,35.2,49.23,50.32,6.812,3.81,2.5,8.989,,,,5.445,,13.58,44,44,44,23.39,11.18,,14.67,41.63,,,,,,,,,,,,,,19.91,,,10.8,,,,,110,48.08,48.64,55,55,4.651,15.75,55,55,12.72,55,3.515,11.5,20.35,16.52,30.17,28.33,15.45,20.46,19.9,16.97,47.31,50.79,33.27,41.83,0.394,12.64,37.7,36.09,14.13,8.632,3.7,5.28,13.6,5.5,4.61,2.77,1.97,2.13,1.14,1.826,5.934,6.518,8.878,24.16,4.449,9.9,8.6,3.1,29.98,0.21,281.6,18.92,33.91,48.29,281.6,182.2,,,,,,,11.53,27.5,0.71,5.16,4.097,0.7912,9.89,5.196,8.03,,0.5725,4.4,4.088,26.66,,9.52,13.11,0.7847,1.323,13.2,10.57,55,,55,,5.82,,9.04,0.4148,40.48,1.687,8.867,5.699,24.29,27.15,29.45,,,,,9.003,35.57,,,,,,,,
64-04-0,α-Terpinene,,,105,4.01,17.99,21.26,38.78,2.72,,3.75,,,,,,,,,,4.7,7.7,,55,47.08,55,35.57,55,21.78,,,,,,15.66,14.66,,,,,,,,,,,,,31.12,30.56,22.18,,,,43.89,,,,,,,,,,,,,,,,,,,,,,,,,,,,,,,,,,,,,,,,,,,,,,12.9,,2.5,,,,,,15.69,,,,,,,,,,,,,,,1.9,,,,110,110,110,,,,,,,,5.02,,,,,,,,,,,27.1,55,103.2,26.57,22,22,22,22,20.14,22,22,22,22,22,18.33,22,,,,,,,,,,,,,,,33,33,33,33,33,25.89,33,33,33,33,22,22,22,55,33,33,33,33,33,,,,,,,,,,,,,,,,,,,,,,,,,390,,,,55,,,91.81,82.08,,,,,,,,,,,22.32,,38.5,,21.44,,38.5,,26.38,,,,36.5,,13.72,18.9,,55,32.42,,,,,,,,,,36.05,34.89,54.78,52.85,,,,64.59,,,,,,,,,55,55,,,,22,,,,22,,,,,,,11.8,16.88,,55,23.8,,5.47,55,22.21,17.5,56.93,,,,,,,,,,,,,,26.5,,55,55,55,55,6.5,23.3,55,55,25.5,55,12.3,,17.77,3.81,24.24,18.14,8.35,,,,34,55,26.1,55,,,40.3,37.94,14.82,,,,,,,,,,,,,,7.503,,4.18,82.6,21.6,19.5,,,,,,,,,,,,,,,,,,,28.2,,,,,,13.01,28.2,28.2,55,,,55,,,,,23.38,,8.439,,9.003,,,,49.4,13.26,,,,,,,,,,,,,,,,,,,
141-78-6,"acetic acid, ethyl ester / ethyl acetate",,17.47,,18.68,74.94,,377.9,41.07,34.99,3.682,22,,,,,,0.06,,,,13.7,,55,43.41,55,49.49,49.88,48.33,12.7,25.14,55,18.3,26.52,14.88,9.546,1.169,0.8882,2.03,8.41,2.886,,,,,3.302,,,28.22,36.99,37.21,8.736,20.03,30.85,27.76,16.19,164.3,20.54,31.76,,,,33,55,33,51.39,,,37.24,,,,,,,,19.58,30.15,37.21,23.2,,,,,,,,,,,,,,,,,,0.5441,,,12.9,,2.5,,,,,,101.3,,279.5,422,8.07,384.6,1100,42.35,,,,,,,,0.7958,,,,101.2,110,110,,,,,3.568,,,2.962,9.374,8.5,,,,,,6.796,6.34,8.264,8.5,31.9,5.73,1.237,22,22,22,22,19.76,22,22,22,,17.72,17.55,22,,,,,,,,,,,,,,,25.7,33,33,33,33,24.53,11.34,29.5,33,33,22,22,22,32.38,33,33,33,33,33,,2.47,9,,5.7,5,,,6.525,9.948,17.43,44,11.71,44,44,10.64,,,,,10.63,6.55,8.904,4.698,,9,0.11,2.727,,,1.154,,70.31,,148.6,26.4,,,,,29.43,49.43,88.85,15.75,13.32,15.57,18.4,14.84,27.02,19.59,41.88,23.83,,2.138,20.74,,,16.31,5.347,,52.73,42.85,2.209,2.116,1.518,1.5,22,0.7244,,,,53,43.47,39.48,75.34,,,,89.9,,,,,,,30,29.5,20.75,46.7,10.98,,,3.066,,,,19.67,,13.58,44,44,44,23.39,14.83,88.91,,55,,,,,,,,,4,25.57,24.29,22.07,15.43,26.44,,110,,,25.14,,,110,6.21,4.46,10.38,55,9.7,55,55,34.5,21.1,55,19.4,7.67,12.52,29.67,23.96,28.86,24.23,20.13,16.76,,45.65,43.27,33.58,55,1.259,12.77,37.75,32.57,21.18,3.966,6.3,8.052,,4.637,4.61,3.328,2.33,3.266,2.544,7.007,44,32.57,19.33,12.41,5.004,,,,13.97,0.21,281.6,18.92,33.91,48.29,281.6,182.2,,,,11.19,13.2,15.37,26.41,27.5,0.71,5.16,6.598,0.8342,,6.295,7.58,3.82,1.566,6.598,6.598,55,,8.49,55,0.6133,1.34,13.2,10.86,,,,,,,23.49,0.4175,42.33,2.945,12.8,6.787,22.22,26.84,29.42,,,,,8.745,39.82,,,,,,,,
2027-47-6,9-octadecenoic acid  / oleic acid,,14.49,,0.84,5.064,,312.7,47.69,31.35,5.808,15.73,6.85,8.717,2.872,3.366,5.418,14.12,10.73,10.07,7.3,8.19,13.34,55,53.44,55,43.87,55,55,55,55,55,55,1.4,7.2,1.7,8.274,7.506,7.5,11.04,5.125,,,,,5.645,,,42.21,42.41,40.83,10.56,23.63,22.05,45.09,12.29,105,13.99,34.17,,,,30.37,38.82,33,55,,,42.24,,,,,,,,17.4,29.54,28.86,12.73,,,,,,,,,,,,,,,,,,1.011,,,0.5,,0.13,,,6.264,,,75.98,,,,50.71,10.04,91.74,15.52,3.92,1.3,2.5,3.63,1.56,3.6,,1.576,2.88,33,33,30.88,110,80.26,,,,,2.956,,,2.01,4.635,3.888,12,11.71,1.884,2.46,2.811,8.347,7.421,6.466,23.31,48.1,11.62,1.704,18.91,22,22,22,5.673,22,9.544,5.597,8.633,8.236,2.149,15.66,5.344,8.516,5.153,1.569,5.412,11.68,8.228,3.083,16.73,2.714,2.455,6.6,,6.449,5.921,27.78,6.896,16.72,2.852,28.28,15.22,33,33,33,4.69,22,22,55,33,33,33,33,33,,,,,7,4.6,,,6.125,15.36,17.83,42.22,16.55,44,44,12.1,,,,,10.63,4.905,7.62,3.419,,,0.1123,2.313,42.6,,1.036,52.8,77.04,48.07,56.85,26.4,20.58,4.091,14.44,5.661,18.09,32.95,109.7,17.09,22.71,13.6,12,16.67,13.59,21.29,19.23,21.9,1.9,2.347,19.91,63.15,1.136,26.77,7.608,3.588,50.9,43.82,1.114,0.9353,2.443,0.8713,1.772,1.79,1.696,1.145,1.415,50.27,63.94,77.31,58.79,28.1,24.2,44,90.38,55,33.44,,,,,5.794,35.2,46.47,49.27,7.036,3.81,2.5,5.981,3.011,22,4.282,19.03,11.17,11.49,44,44,44,20.2,13.22,16.68,41.08,55,,55,,,,,,,15.4,66.54,47.17,12.69,14.27,18.97,,110,,,21.34,,67.34,110,39.45,36.58,47.22,55,4,13.2,55,55,9.3,55,2,7.406,19.63,14.19,32.61,27.33,12.26,14.23,15.04,13.21,17,44.71,9.426,55,0.3944,1.419,51.97,38.65,41.03,3,,3.3,,,4.61,4.517,2.339,3.309,2.592,4.824,9.278,4.412,11.06,6.568,3.263,11.77,12.78,8.277,26.59,0.3729,281.6,9.877,26.6,25.01,84.6,228,7.8,,,13.59,13.08,15.59,11.47,27.5,0.71,5.16,22,1.45,,3.699,8.281,7.838,0.34,1.57,22,9.465,13.76,8.49,55,1.314,1.114,3.136,10.59,44.64,,43.55,,12.09,,0.5326,0.64,38.92,2.396,14.03,8.259,22.01,27.71,32.45,,,21.61,106.4,8.932,42.64,2.518,3.183,3.696,11,5.68,11,287.2,74.27
33189-72-9,E-11-Tetradecen-1-ol acetate / E11-14:Ac,,,,3.349,7.491,,414.7,38.17,36.93,4.635,21.22,7.802,3.771,3.973,33,5.103,12.5,9.8,8.553,11.6,11.05,,55,51.57,55,42.48,49.74,41.8,20.97,55,55,55,7.845,8.93,3.373,1.124,0.8441,2.019,4.4,0.7345,,,,,0.9203,,,20.54,30.33,29.32,8.989,24.29,30.72,34.45,20.41,105.5,19.29,44,,,,33,48.2,33,48.54,,,37.21,,,,,,,,18.04,30.36,47.15,28.09,,,,,,,,,,,,,,,,,,0.8293,,,1.742,,0.4045,,,5.78,23.67,,99.79,,,,29.96,91.97,614.4,49.59,,,,,,,,0.8485,,,,83.14,110,100.7,,,,,3.37,,,2.639,4.203,1.35,9.93,9.94,1.56,2.23,2.54,5.602,5.602,4.996,10.65,55,13,1.042,22,22,22,22,19.75,22,22,22,3.72,15.27,14.82,22,3.777,7.888,4.106,0.8913,4.376,11.89,30.77,4.431,11.8,2.323,2.074,,,,8.692,21.4,13.26,24.95,13.03,27.68,9.977,33,28.49,33,17.73,19.72,22,40.52,33,33,33,33,33,,2.47,9,,5.7,5,,,,,,,,,,,,,,,10.63,6.55,8.701,4.321,,,0.114,2.571,36.37,,1.062,92.48,,,196.3,24.67,,,,,17.91,25.46,86.34,9.699,13.32,24.51,9.13,14.63,20.85,22.44,28.31,31.3,1.73,1.993,20.36,,1.116,31.62,3.9,4.24,52.66,44.6,1.799,1.657,1.817,1.282,10.49,0.9779,2.368,1.387,2.596,51.44,110,47.84,60.67,28.1,24.2,44,48.42,55,12.5,,,,,30,29.5,21.14,46.43,6.414,3.81,2.5,13.34,,,,9.762,,13.58,44,44,44,23.39,10.6,34.44,,55,,,,,,,,1.64,5.174,29.86,27.05,20.18,13.04,18.77,,,,,,,,110,40.05,38.17,43.16,55,8.062,38.71,55,38.34,19.05,55,12.13,16.26,19.52,14.32,32.49,27.35,12.37,8.411,16.61,22.88,50.5,41.3,28.41,55,0.5094,9.968,36.74,28.87,13.86,3.993,6.3,8.217,,4.344,4.61,2.77,1.97,2.13,1.14,9.768,27.73,40.09,20.02,10.74,3.477,11.77,12.78,8.277,31.88,0.2549,281.6,15.2,31.25,38.68,187.8,196.5,7.8,9.2,15.8,10.82,13.18,15.68,22.31,27.5,0.71,5.16,4.4,0.746,,6.411,7.58,3.82,0.9337,4.162,4.4,55,,,55,0.6312,1.259,13.2,10.38,55,,8.07,,55,,1.849,0.5248,13.53,1.702,12.91,6.153,21.33,27.41,22.85,,,15.57,39.49,,,2.518,3.183,3.696,11,5.68,11,,
53398-83-7,trans-2-Hexenyl butyrate,,20.03,,0.84,1.08,,,,,3.82,22,,,,,,,,,,,,55,43.56,55,42.53,55,47.45,20.54,55,55,55,3.469,12.98,7.956,1.249,0.9587,1.936,6.912,1.907,,,,,0.9203,,,55,55,55,7.02,8.72,33,4.11,14.77,108.8,22,44,,,,33,33.22,33,39.86,,,34.52,,,,,,,,24.53,25.87,38.36,23.87,,,,,,,,,,,,,,,,,,,,,0.5,,0.13,,,5.78,,,52.16,,,,49.2,43.17,799.9,94.65,3.88,1.43,2.6,3.72,1.62,,,0.7958,,,,110,110,110,,,,,3.295,,,1.56,1.06,1.35,,,,,,4.4,4.4,4.4,,,,4.315,22,22,22,22,13.98,22,22,22,3.72,22,6.39,22,,,,,,,35.91,,,20.04,9.44,,,,13.4,3.741,5.394,24.09,33,14.18,13.58,33,33,33,18.06,22,22,41.4,33,33,33,33,33,,2.47,,,5.7,5,,,7.13,11.69,17.43,44,11.71,44,44,10.64,,,,,10.63,6.55,8.776,4.458,,,0.09849,2.727,32.24,,1.16,74.11,,42.8,75.61,26.4,,,,,25.98,26.52,84.48,9.269,19.44,21.18,11.55,17.75,23.03,28.19,32.26,29.39,1.73,2.287,19.58,,,22.72,6.699,,44.4,55,2.209,2.116,1.518,1.5,22,0.7244,9.162,3.699,4.586,,24.89,25.65,79.62,,,,73.95,55,11.79,,,,,16.96,32.53,29.83,52.28,14.23,3.81,2.5,1.808,,,,19.89,12.59,14.84,44,44,33.44,24.03,13.63,88.91,41.08,55,,,,,,,,1.69,6.262,25.57,24.29,22.07,14.12,25.4,23.67,,,,,,,,55,55,55,55,6.22,22.07,55,46.81,21.36,55,9.269,11.86,17.88,16.53,30.59,27.64,14.12,7.866,13.19,22.26,55,30.03,24.38,55,1.006,16.19,40.24,37.96,31.9,,,,,,4.61,2.77,1.97,2.13,1.14,9.291,22.54,44,10.69,10.02,4.22,,,,37.22,0.21,281.6,18.92,33.91,48.29,281.6,182.2,,,,11.06,13.06,15.06,21.9,27.5,0.71,5.16,6.085,0.7915,,,,,0.9941,6.085,6.085,55,,,55,0.6133,1.203,13.2,10.05,9.74,,7.94,,55,,0.59,0.4074,39.12,2.57,11.41,6.078,23.82,29.73,23.57,,,17.52,32.52,9.92,,,,,,,,,
2497-18-9,(E)-2-hexen-1-yl acetate / trans-2-hexenyl acetate,,27.31,,3.765,8.826,,414.7,38.17,36.93,3.3,22,,,,,,,,,11.6,16.1,,55,55,55,31.9,55,55,7.61,28.05,55,21.35,9.979,10.42,4.85,1.243,0.9541,1.944,4.4,0.7345,,,,,0.9203,,,28,36.58,35.72,9.746,15.84,33,16.69,20.49,114.3,22,44,,,,33,35.8,33,45.07,,,30.58,,,,,,,,24.53,28.89,48.83,29.28,,,,,,,,,,,,,,,,,,0.58,,,0.5,,0.13,,,,35,,28.9,,,,55,58.93,1100,75.47,3.88,1.43,2.6,3.72,1.62,,,,,,,110,110,110,,,,,3.074,,,1.56,3.887,1.35,,,,,,4.4,4.4,4.4,,,,2.912,22,22,22,22,22,22,22,22,3.72,22,22,22,,,,,,,97.03,,,20.04,9.44,,,,12.01,30.4,17.62,24.75,12.68,18.85,12.37,33,33,33,22,22,22,41.48,33,33,33,33,33,,2.47,9,,5.7,5,,,7.13,11.69,17.43,44,11.71,44,44,10.64,,,,,10.63,6.55,8.786,4.476,,,0.1205,2.445,32.24,,1.224,74.11,,42.82,140.4,26.4,,,,,14.57,21.48,85.99,9.213,19.56,26.63,8.017,15.82,15.82,19.04,25.87,27.3,1.73,2.104,19.98,,,19.46,3.9,,51.1,47.01,2.209,2.116,1.518,1.5,22,0.7244,22,7.533,9.066,53,24.89,25.65,84.12,,,,73.77,55,11.81,,,,,19.84,31.66,23.25,55,10.4,,,14.1,,,,16.82,12.59,14.48,44,44,36.07,23.85,16.5,88.91,41.08,55,,,,,,,,1.69,5.437,25.57,24.29,22.07,14.52,21.12,23.67,,,,,,,110,37.18,35.03,40.77,55,8.395,35.44,55,40.11,28.75,55,20.38,10.76,,,,,,9.049,13.86,22.26,55,25.2,22.4,55,1.05,11.32,37.77,36.17,19.39,3.5,,9.2,,8.6,4.61,3.277,2.297,3.121,2.378,9.258,33.52,36.81,20.27,10.68,4.907,,,,25.11,0.21,281.6,18.92,33.91,48.29,281.6,182.2,,,,11.6,13.2,13.9,22.77,27.5,0.71,5.16,6.18,0.7915,,6.254,7.58,3.82,1.024,6.18,6.18,55,,,55,0.6133,1.267,13.2,10.43,9.74,,7.94,,55,,23.49,0.4074,26.58,2.62,12.51,6.451,19.84,26.79,22.49,,,17.52,32.52,,,,,,,,,,
116-31-4,retinal,,,14.69,1.54,7.33,23.07,7.76,4.12,10.2,3.79,11.86,33,33,7.67,1.59,17.1,,,3.1,,4.2,,55,19,22.1,55,55,55,0.3,1.4,9.5,1,7.2,,,,,,,,,,,,,,,55,55,55,6.47,18.02,6.63,1.88,,,,17.7,,,,15.29,23.8,33,19.5,7.09,8.47,,4.7,7.61,5.8,6.56,11.63,8.11,18.03,7.34,,,,,,,,,,,,,,,,,,,,,0.54,,,,,,,,,30.06,,15.37,,,,,,,,,,,,,,2.7,0.2,,,,32.1,110,110,5.15,3.62,,,,,,6.776,0.953,1.9,,,,,,7.67,22,22,13.2,28.9,5.32,7.13,22,22,22,22,11.09,22,14.33,22,22,14.91,9.297,11.88,,,,,,,,,,10.06,9.85,,,,,,,,,12.93,33,17.14,11.49,24.84,15.02,5.06,10.21,4.9,13.32,33,16.53,13.69,9.26,,,,,,,,,,,,,,,,,,,,,,,,,,1.383,,,12.59,,,7.92,,,,,,,,,,,49.36,,,,,,,,,,,6.66,20.15,,,,,,12.9,12.3,,,,,,,,,,6.9,4.3,4.47,9.837,35.6,9.7,44,5.36,55,55,,,,,,,,,,,,,,,,,9.22,,,,,,6.5,12.45,9.92,29.08,,,,,,,,0.26,8.97,,,,11.78,,25.12,40.69,10.6,51.28,4.37,110,5.79,15.51,3.43,2.47,7.14,,,,,,,,,5.06,,,,,,,,,21.5,22.2,6.1,26.41,,,,,,2.3,,6.3,13,9.1,,,,,,2.446,14.44,12.17,9.99,,,8.114,15.1,4.9,,,,,,,,,,,,,,,,,,,13.81,11.58,14.25,,16.79,,4.35,11.01,9.66,1.39,14.75,6.57,22.6,,,,,11.44,,5.07,,4.93,,,,55,,,,,,,,,,,,,,,,,,,,
18829-56-6,"2-nonenal, (E)",,18.03,,0.84,1.08,,,,,4.648,15.67,7.25,33,3.99,0.96,10.7,12.5,9.8,15.3,,,13.65,55,38.19,55,55,55,55,2.959,30.53,32.69,11.06,13.57,6.881,8.335,9.764,9.725,10.88,22,22,,,,,18.84,,,35.98,37.66,37.98,8.099,22.9,21.95,20.19,,,16.32,44,,,,30.35,27.63,33,55,,,23.14,,,,,,,,22.41,34.26,43.75,18.54,,,,,,,,,,,,,,,,,,,,,1.532,,1.044,,,6.84,,,23.5,,,,42.45,15.55,235,34.27,3.896,1.376,2.559,3.684,1.596,3.6,,0.9764,,33,33,90.15,110,110,,,,,3.07,,,1.975,1.06,2.782,12,11.71,1.923,2.487,2.842,10.89,11.06,8.681,34.87,55,14.82,3.61,22,22,22,22,16.14,22,17.33,22,14.79,12.41,10.4,19.58,5.608,8.782,5.643,1.741,5.892,11.6,6.18,3.35,18.14,12.91,7.79,6.6,,5.8,13.5,30.17,10.68,21.04,5.272,33,11.57,17.55,21.8,24.96,10.8,9.186,20.74,50.91,30.57,33,33,29.12,33,,,,,7,4.6,,,5.367,15.04,18.5,39.46,22.9,44,44,14.13,,,,,10.63,4.652,7.495,2.994,,,0.1324,2.45,26.23,,1.613,42.19,76.47,41.9,63.33,26.4,20.58,4.091,14.44,5.661,26.36,42.64,102.9,19.68,24.46,11.73,16.56,18.42,22.89,21.43,18.96,26.47,1.907,6.305,18.19,63.15,1.141,33.28,5.219,,51.39,38.71,1.063,0.8866,2.775,3.067,4.424,12.83,5.343,6.658,4.935,50.46,30.48,32.01,43.52,,,,68.39,50.58,20.35,,,,,5.2,35.2,50.41,55,11.01,,,22,3.011,22,4.282,19.06,12.59,13.76,44,44,32.67,22.39,11.34,19.08,,55,,55,,,,,,1.69,2.96,66.54,47.17,12.69,12.81,18.19,23.67,110,,,17.96,,67.15,,48.16,43.83,47.11,55,6.2,14.1,55,55,55,55,22.6,9.394,,,,,,19.48,20.88,15.93,42.24,45.9,29.14,55,0.5444,2.261,51.02,41.97,44.72,3,,3.3,,,4.61,5.075,1.97,2.13,1.14,7.885,12.69,1.058,18.86,6.227,3.444,,,,25.34,0.4426,281.6,8.138,24.74,20.56,59.12,243.8,7.8,,,11.63,12.86,14.64,15.64,27.5,0.71,5.16,9.033,1.641,,4.377,8.8,,1.875,5.646,9.665,37.31,13.76,,55,1.472,1.303,2.231,13.2,55,,55,,29.65,,0.5088,0.4895,55,1.619,7.738,6.955,22.27,32.16,17.11,,,23.93,189.5,4.862,46.3,2.518,3.183,3.696,11,5.68,11,357.6,40.76
72698-30-7,(E)-10-Hexadecenal / E10-16:Ald,,14.2,,0.84,1.951,,,,,4.973,14.92,7.25,33,3.99,0.96,10.7,14.83,11.31,9.319,,,13.93,52.96,49,55,53.51,51.72,49.68,1.103,31.87,55,5.068,39.2,5.607,3.234,7.817,7.787,8.896,15.85,11.01,,,,,11.53,,,52.46,52.99,52.12,7.329,23.63,20.7,15.62,18.86,,14.58,,,,,29.98,44.61,33,55,,,,,,,,,,,19.81,35.53,42.45,17.7,,,,,,,,,,,,,,,,,,1.6,,,1.349,,0.8245,,,6.84,,,52.67,,,,45.84,14.08,207.8,39.73,3.914,1.32,2.516,3.644,1.57,3.6,,0.8774,,33,33,110,110,110,,,,,3.07,,,1.752,1.06,2.588,12,11.71,1.865,2.448,2.796,9.276,7.458,6.344,33.28,55,15.62,2.686,22,22,22,22,14.4,22,17,22,14.96,11.85,9.795,19.4,3.11,5.34,1.43,0.28,2.67,13.91,5.899,2.09,8.86,0.4,0.6,6.6,,5.8,17.99,31.05,12.49,22.82,6.511,30.86,19.57,18.3,14.5,15.79,2.41,1.83,19.81,51,28.79,33,33,26.41,33,,,,,7,4.6,,,4.914,14.4,17.67,38.39,24.84,44,44,13.6,,,,,10.63,4.378,7.484,2.982,,,0.1188,2.599,29.95,,1.247,43.72,74.92,46.85,61.03,26.4,20.58,4.091,14.44,5.661,28.71,47.62,118.2,21.53,27.02,13.55,15.5,18.08,20.88,36.4,16.76,30.28,1.893,4.905,18.78,63.15,1.144,36.92,5.219,,53.26,41.67,1.023,0.8567,3.244,1.858,2.907,8.677,3.465,6.048,3.089,50.93,46.25,48.77,59.81,,,,74.81,49.03,27.33,,,,,7.247,35.2,47.82,55,8.548,,,22,3.011,22,4.282,22,12.59,12.39,44,44,38.58,21.05,12.85,19.13,41.08,55,,55,,,,,,1.69,30.91,66.54,47.17,12.69,14.98,17.9,23.67,110,,,17.96,,64.31,110,40.93,43.3,46.72,55,6.2,14.1,55,55,55,55,22.6,8.651,,,,,,24.08,15.75,13.44,30.22,55,32.24,55,0.5514,3.359,51.86,38.49,40.73,3,,3.3,,,4.61,5.157,1.97,2.13,1.14,5.925,15.23,3.11,10.51,6.169,3.212,,,,24.9,0.5115,281.6,6.908,23.27,17.41,43.67,258,7.8,,,12.21,11.86,14.96,11.59,27.5,0.71,5.16,4.413,1.824,,4.874,8.8,16.39,0.71,2.967,5.165,34.16,13.76,,55,1.43,1.367,2.587,13.2,55,,55,,39.15,,0.5085,0.5356,55,1.95,9.618,7.123,21.39,26.48,25.58,,,23.07,154,3.955,47.15,2.518,3.183,3.696,11,5.68,11,357.6,40.76
97-53-0,eugenol,3.68,,25.05,,2.15,34.83,3.72,,,3.35,,,,,,,,,,,,,,,,,,,6,22.7,55,55,55,33,33,,,,,,,,,,,,,,,,,,,,,,,,,,,,,,,,,,,,,,,,,,,,,,,,,,,,,,,,,,,,,,0.09,,,,,,,,,170.5,,,,,,,,,,,,,,,,,4.7,,,,110,110,110,,,,,3.81,,,,8.67,,,,,,,,,,,,,,,,,,,,,,,,,,,,,,,,,,,11.56,20.36,,,7.4,,,,,,,,,,,,,,,,,,,,,,,,,,,,,,,,,,,,32.07,94.97,71.58,34.47,,,,,,8.1,,,,,,,88.87,,,,,,,,,,,,,,,,,,,,,,,,,,13.61,,,,,,,,,,,,,44.9,30.01,110,110,,,,32.15,,,29.13,,16.16,46.23,,,,,,,,22,,,,,,,,,,,,,,,216.7,,,,,,2.95,,,,,,,,,,,,,,,,,,,,,,,,,,,,,,,,,13.53,,,,,,,,,,,,3,,9.2,,,,,,,,,,,,,,10.3,12.1,8,,,,,,,,,,,,,,,,,,,,,,,,,,,,,,,,,,,,,,,,,,,,,,,,,,,,,,,3.73,20.23,,,,,,,,
101-41-7,Methyl phenylacetate,3.411,55,75.93,6.186,23.35,37.95,29.92,5.488,27.11,3.957,22,7.802,3.771,3.973,33,5.103,0.17,,3.935,8.56,6.158,,55,45.28,55,45.3,45.78,36.41,,,,,,20.97,17.1,,,,,,,,,,,,,31.12,30.56,22.18,11.11,11.85,33,28.54,,,22,,,,,25.35,55,33,46.49,,,28.26,,,,,,,,,7.18,,,,,,,,,,,,,,,,,,,,0.82,,,12.9,,2.5,,,,28.21,,15.69,,856.8,573.6,,58.17,442.5,305.8,,,,,,,,1.059,2.52,,,76.77,110,110,,,12.36,13.89,,17.78,19.75,5.02,,,,,,,,9.42,10.53,22,15.52,25.51,5.335,32.28,22,22,22,22,22,22,22,22,22,22,22,22,,,,,,,,,,,,,,,33,33,33,33,33,24.71,33,27.26,23.39,29.03,22,22,22,40.52,33,33,33,33,33,,,,,,,,63.7,7.01,16.04,27.53,44,10.99,44,44,11.25,,,,,,,,,390,9,,,22.56,,,57.14,65.71,37.19,,26.4,,,,,45.77,77.31,73.07,22.32,,25.88,18.79,21.44,37.29,38.5,38.38,23.58,,7.55,,36.5,,13.72,13.15,4.24,55,34.11,,,,,,,,,,35.83,37.52,76.26,27.99,28.1,24.2,44,33,,,,,,,,,43.56,55,29.5,,,15.01,,,,11.18,,,,,,,19.05,16.88,14.67,45.05,23.8,,5.47,55,22.21,17.5,56.93,,,,,,,39.22,,,10.8,,,,26.5,,55,55,55,55,6.5,23.3,55,55,25.5,55,12.3,18.79,19.53,10.74,24.05,24.26,16.58,55,33.42,19.63,45.55,44.32,33.3,48.82,,,40.3,37.94,14.82,10,,8.375,,,,,,,,,,,9.295,44.33,6.169,31.03,16.21,12.2,32.53,,,,,,,,,11,13.5,,,,11.73,,,,31.11,,9.89,,8.03,,13.11,31.11,31.11,55,,9.52,41.03,,,,,55,,11.2,,8.97,,,,52.04,13.26,16.43,9.62,23.21,20.13,31.74,,,,,4.07,31.86,,,,,,,,
71-41-0,pentanol,,19.2,,,29.06,,312.7,47.69,31.35,3.472,22,7.25,33,3.99,0.96,10.7,16.3,13.1,10.01,,,12.06,55,51.6,55,55,55,55,22.02,55,55,37.23,6.999,20.43,5.677,33,33,33,22,22,,,,,17.71,,,55,55,55,7.36,20.4,33,55,13.38,59.53,14.33,31.18,,,,33,28.35,33,55,,,45.68,,,,,,,,17.65,24.73,12.95,6.093,,,,,,,,,,,,,,,,,,0.44,,,12.9,,55,,,6.562,,,69.78,,,,55,44.45,402.2,82.03,3.92,1.3,2.5,3.63,1.56,3.6,,0.863,,33,33,83.38,110,110,,,24.6,,2.85,,,3.747,11.08,8.153,12,11.71,2.453,2.823,3.238,14.15,13.58,17.3,23.79,55,17.76,22.94,22,22,22,22,22,22,22,8.387,10.28,12.57,22,22,6.182,11,11,2.362,11,11,4.989,14.28,75.89,3.676,4.506,6.6,,7.478,23.77,33,23.19,29.61,16.28,11.01,24.88,21.43,26.15,33,22,22,21.24,42.17,31.85,33,33,25.89,30,,,,,7,4.6,,,8.03,19.35,26.08,43.22,20.52,44,44,22.07,,,,,,4.799,6.104,2.477,,,0.22,2.014,55,,,28.07,83.17,48.83,17.57,8.18,26.4,6.66,26.4,12.36,10.6,4.455,84.09,22.96,32.69,23.65,10.03,7.768,19.64,25.26,26.34,29.91,2.106,6.103,19.56,113.2,1.126,20.45,10.23,,52.74,41.84,0.9392,0.6725,1.645,1.711,1.936,11.5,4.292,6.549,3.954,50.54,46.57,52.56,61.49,,,,94.6,55,14.07,,,,,5.2,35.2,33.61,54.05,7.97,3.81,2.5,4.141,3.011,22,4.282,17.72,11.17,10.19,44,44,44,18.17,7.289,36.71,,55,,55,,,,,,,30.06,,,,16.64,18.94,,89.83,,,21.9,,48.39,110,55,10.08,55,55,4,13.2,55,55,9.3,55,2,11.2,26.83,8.5,40.4,26.31,7.64,13.83,17.41,13.86,55,55,55,55,0.5666,4.856,47.91,25.88,28.26,3.332,,5.148,,,,13.88,,,,9.562,15.29,1.043,18.39,5.14,5.124,,,,27.85,,,,,,,,,,,14.12,13.65,17.04,9.056,,,,10.15,1.462,12.59,4.361,8.8,16.39,4.735,10.18,14.98,15.03,13.76,8.49,55,0.9508,3.148,1.469,11.75,55,,55,,16.27,,0.7384,0.4356,55,2.655,7.157,5.392,21.38,31.36,21.86,,,23.93,189.5,4.924,43.86,,,,,,,325.8,52.62
108-93-0,cyclohexanol,,,,,,,,,,,,,,,,,,,,,,,,,,,,,,,,,,,,,,,,,,,,,,,,,,,,,,,,,,,,,,,,,,,,,,,,,,,,,,,,,,,,,,,,,,,,,,,,,,,,,,,,,,,,,,,,,62.07,617.3,471.7,,,,,,,,,,,,,,,,,,,,,,,,,,,,,,22,4.25,9.51,55,55,,2.56,,,,,,,,,,,,,,,,,,,,,,,,,,,,,,,,,,,,,,,,,,,,,,,,,,,,,,,,,,,,,,,,,,,,,,,,,,,,,,,,,,,,,,,,,,,,,,,,,,,,,,,,,,,,,,,,,,,,,,34.6,50.68,19.68,,,,,55,14,,,,,,,,,,,,22,,,,22,,,,,,,,,,,,,,,,,,,,,,,,,,,,,,,,,,,,,,,,,,,,54,,,,,,9.82,31.39,42.68,,,,,,,,,,,,,,,,,,,,,,,,,,,,,,,,,,,,,,,,,,,,,,,,,,,,,,,,,,,,,,,,,,,,,,,,,,,,,,,,,,,,,,,,,,,,
60-12-8,phenylethyl alcohol  / 2-phenyl ethanol,,,105,4.01,17.99,21.26,38.78,2.72,,3.75,,,,,,,,,,4.7,7.7,,55,48.56,55,33.99,55,19.78,,,,,,16.95,15.98,,,,,,,,,,,,,29.28,27.97,23.19,,,,37.1,,,,,,,,,,,,,,,,,,,,,,,,,,,,,,,,,,,,,,,,,,,,,,12.9,,2.5,,,,,,15.69,,,,,,,,,,,,,,,1.9,,,,110,110,110,,,36.55,,,,,5.02,,,,,,,,,,,27.1,55,103.2,26.57,22,22,22,22,22,22,22,22,22,22,22,22,,,,,,,,,,,,,,,33,33,33,33,33,33,33,33,33,33,22,22,22,55,33,33,33,33,33,,,,,,,,,,,,,,,,,,,,,,,,,390,,,,55,,,122.2,88.22,,,,,,,,,,,22.32,,38.5,,21.44,,38.5,,26.38,,,,36.5,,25.81,18.9,,55,34.5,,,,,,,,,,42.2,34.89,54.78,52.85,,,,44.27,,,,,,,,,55,55,,,,22,,,,22,,,,,,,11.8,16.88,,55,23.8,,5.47,55,22.21,17.5,56.93,,,,,,,,,,,,,,26.5,,55,55,55,55,6.5,23.3,55,55,25.5,55,12.3,,17.77,3.81,24.24,18.14,8.35,,,,34,55,26.1,55,,,40.3,37.94,14.82,,,,,,,,,,,,,,7.289,11.46,4.424,82.6,21.6,19.5,26.69,,,,,,,,,,,,,,,,,,22,,,,,,12.76,22,22,55,,,55,,,,,23.35,,13.06,,9.188,,,,55,13.26,,,,,,,,,,,,,,,,,,,
110-54-3,hexane,,22.13,,,30.1,,312.7,47.69,31.35,4.127,22,7.25,33,3.99,0.96,10.7,14.7,11.09,9.748,,,12.74,55,51.6,55,55,55,55,26.01,48.82,55,33.56,15.62,13.32,7.53,33,33,33,22,22,,,,,17.71,,,44.25,44.92,46.08,6.085,23.95,26.96,55,13.42,59.53,14.93,31.08,,,,31.53,37.86,33,55,,,46.02,,,,,,,,17.67,42.56,60.94,34.99,,,,,,,,,,,,,,,,,,0.44,,,12.9,,55,,,6.707,,,69.78,,,,55,432.9,311.5,1100,3.92,1.3,2.5,3.63,1.56,3.6,,0.863,,33,33,110,110,110,,,,,2.85,,,2.78,11.25,8.251,12,11.71,2.491,2.846,3.265,11.92,15.36,22,21.27,55,13.74,38.09,22,22,22,22,22,22,22,8.387,11.74,12.57,22,22,7.608,11,11,2.812,11,11,6.12,7.255,39.72,5.329,7.611,6.6,,7.184,26.45,33,18.86,28.93,13.8,21.51,19.43,20.03,23.13,33,22,22,20.8,39.36,30.67,33,33,27.09,28.19,,,,,7,4.6,,,6.645,16.96,21.5,41.74,20.32,44,44,16.79,,,,,,,,,,,,2.727,48.31,,1.408,46.52,86.85,48.83,26.95,26.4,21.13,4.994,18.43,7.216,9.696,19.77,97.47,26.47,32.07,23.65,12.5,8.534,21.74,25.26,19.76,29.91,2.25,7.006,19.55,83.39,1.154,33.54,10.23,,53.01,42.1,0.9438,0.7282,2.705,1.711,1.936,11.5,4.464,8.054,4.081,51,49.22,58.44,40.46,,,,110,55,25.72,,,,,5.2,35.2,28.7,55,7.977,2.879,2.49,4.141,3.011,22,4.282,17.72,11.17,10.19,44,44,44,18.17,9.128,39.51,,55,,55,,,,,,,29.94,66.54,47.17,12.69,15.27,19.28,,96.81,,,20.23,,53.07,110,36.88,35.76,55,55,4,13.2,55,55,9.3,55,2,5.89,26.83,8.5,40.4,26.31,7.64,9.9,18.17,13.99,55,55,55,55,0.5253,9.248,51.16,37.46,38.9,3.256,,5.073,,,,,,,,16.29,24.77,1.004,18,5.455,5.738,,,,28.77,0.64,281.6,5.36,21.17,13.47,27.31,281.6,7.8,,,12.5,10.8,17.5,9.938,,,,14.6,8.586,12.59,4.382,8.8,,4.362,9.918,15.47,16.92,13.76,8.49,55,3.947,3.208,3.27,13.2,55,,55,,20.58,,3.017,1.69,55,7.736,10.72,6.299,20.9,30.74,27.06,,,23.93,189.5,4.924,44.58,2.518,3.183,3.696,11,5.68,11,336.2,48.48
124-18-5,decane,,22.11,,0.84,12.54,,312.7,47.69,31.35,4.112,19.83,7.25,33,3.99,0.96,10.7,14.7,11.23,9.748,,,12.74,55,51.6,55,55,55,55,26.01,48.82,55,33.56,15.62,13.32,7.53,33,33,33,22,22,,,,,7.43,,,44.55,46.42,47.23,6.057,27.65,25.25,33.57,13.42,59.53,15.22,31.08,,,,31.41,35.59,33,55,,,44.15,,,,,,,,17.3,42.56,60.94,34.99,,,,,,,,,,,,,,,,,,0.44,,,8.279,,24.1,,,6.707,,,69.78,,,,55,35.74,380.7,48.45,3.92,1.3,2.5,3.63,1.56,3.6,,0.863,,33,33,110,110,110,,,,,2.85,,,2.819,11.24,8.215,12,11.71,2.479,2.839,3.257,11.92,15.36,22,21.27,55,13.74,38.09,22,22,22,22,22,22,22,8.387,11.74,12.57,22,22,7.413,11,11,2.869,11,11,6.12,7.634,36.36,5.329,7.611,6.6,,6.939,21.8,22.97,15.06,28.53,14.69,33,19.24,16.39,24.74,33,22,22,19.54,46.6,28.8,33,33,20.94,33,,,,,7,4.6,,,6.645,16.96,21.5,41.74,20.32,44,44,16.79,,,,,10.63,,7.26,2.24,,,0.0995,2.124,47.4,,1.413,46.52,83.17,48.83,26.95,26.4,21,4.759,17.38,6.806,5.19,19.77,96.2,27.57,32.26,23.65,11.46,8.534,18.98,25.26,21.62,29.91,2.25,6.24,19.55,78.19,1.151,14.12,10.23,,52.49,42.24,1.055,0.8593,2.52,1.711,1.936,11.5,3.409,5.141,3.067,51,50.16,58.09,54.93,,,,100.2,55,55,,,,,5.2,35.2,28.49,55,8.133,2.879,2.49,4.141,3.011,22,4.282,17.72,11.17,10.19,44,44,44,18.17,10.23,39.51,,55,,55,,,,,,,31.37,66.54,47.17,12.69,14.66,19.25,,98.63,,,20.04,,54.33,110,7.46,55,55,55,4,13.2,55,55,9.3,55,2,14.55,26.83,8.5,40.4,26.31,7.64,19.71,17.69,13.86,55,55,55,55,0.5286,8.065,52.19,38.98,41.62,3.256,,5.073,,,,,,,,16.59,24.77,1.004,17.93,5.455,5.713,,,,29.58,0.64,281.6,5.36,21.17,13.47,27.31,281.6,7.8,,,15.44,13.95,17.5,10.1,,,,14.6,8.586,12.59,4.382,8.8,,4.362,9.918,15.47,15.16,13.76,8.49,55,3.947,3.197,3.26,13.2,55,,55,,17.22,,1.594,1.69,55,7.736,7.597,5.882,22.41,28.61,27.07,,,23.93,189.5,4.924,44.58,2.518,3.183,3.696,11,5.68,11,346.6,44.41
470-82-6,"1,8-cineole / eucalyptol",,,,,,,,,44.35,4.3,,,,,,,,,,,,,,,,,,,,,,,,,,,,,,,,,,,,,,24.16,21.11,28.59,,,,55,,,,,,,,,,,,,,,,,,,,,,16.66,,,,,,,,,,,,,,,,,,,,,,,,,,,,,,,,,,,,,60.72,178.9,1100,,,,,,,,,,,,110,110,110,,,,,,,,,,,,,,,,,,,,,,,22,22,22,22,22,22,22,22,,22,22,22,,,,,,,,,,,,,,,,,,,,,,,,,,,,,,,,,,,,,,,,,,,,,,,,,,,,,,,,,,,,,,,,,55.69,85.17,,,,,,,,,,,,,,,,,,,,,,,61.35,,,,,,,,,,,,,,,,,,,,,,,,,,,,,,,,,,,,,,,,,,,,,,,,,,,55,,,,,,,,,,,,,,,,,,,,,,,,,,,,,,,,,,5.79,,,,,,5.01,,,55,55,55,55,35.2,35.2,,,,,,,,,,,,,,13.97,,,11.01,,27.12,,,,,,,,,,,,,,,,,,,,,,,,,,,,,,,,,,55,,,,,,,,,,,,,55,,,,,,,,,,,,,,,,,,,,
7061-54-3,Phlorizin dihydrate,,,,,,,,,,,,,,,,,,,,,,,19.7,15.2,11.6,14.7,15.6,14.7,,,,,,,,,,,,,,,,,,,,,,,,,,,,,,,,,,,,,,,,,,,,,,,,,,,,,,,,,,,,,,,,,,,,,,,,,,,,,,,,,,,,,,,,,,,,,,,,,,,,,,,,,,,,,,,,,,,,,,,,,,,,22,22,19.24,22,22,15.93,22,22,,7.52,22,22,,,,,,,,,,,,,,,,,,,,,,,,,,,,,,,,,,,,,,,,,,,,,,,,,,,,,,,,,,,,,,,,,,,,,,,,,,,,,,,,,,,,,,,,,,,,,,,,,,,,,,,,,,,,,,,,,,,,,,,,,,,,,,,,,,,,,,,,,,,,,,,,,,,,,,,,,,,,,,,,,,,,,,,,,,,,,,,,,,,,,,,,,,,,,,,,,,,,,,,,,,,,,,,,,,,,,,,,,,,,,,,,,,,,,,,,,,,,,,,,,,,,,,,,,,,,,,,,,,,,,,,,,,,,,,,,,,
458-36-6,Coniferyl aldehyde,3.68,,98.44,,,,,,,4.85,,,,,,,,,,,,,,,,,,,3.6,9.1,9.5,12.4,2.8,33,33,,,,,,,,,,,,,,,,,,,,,,,,,,,,,,,,,,,,,,,,,,,,,,,,,,,,,,,,,,,,,,0.2269,,,,,,,,,141.1,,,,,,,,,,,,,,,,,4.475,2.24,,,110,110,110,,,,,,,,,8.67,,,,,,,,,,,,,,,,,,,,,,,,,,,,,,,,,,,11.56,20.36,,,7.4,,,,,,,,,,,,,,,,,,,,,,,,,,,,,,,,,,,,32.07,94.97,71.58,34.47,,,,,,8.1,,,,,,,39.4,,,,,,,,,,,,,,,,,,,,,,,,,,9.6,9.7,,,,,,,,,,,,44.9,25.3,48.32,41.21,37.5,16.1,44,38.58,,,,,,,,,,,,,,22,,,,,,10.82,20.45,44,16.22,19.7,10,14.82,16.31,,216.7,,,,,,2.95,,,,,,,,,,,,,,,,,,,,,,,,,,,,,,,,,13.53,,,,,,,,,,,,4.671,14.7,8.193,,,,,,,,,,,,,,10.3,12.1,8,,,,,,,,,,,,8.7,9.3,11,,,,,,,,,,,,,,,,,,,,,,,,,,,,,,,,,,,,,,,,,3.73,20.23,,,,,,,,
30507-70-1,"(Z9,E12)‐tetradecadienyl acetate / Z9,E12–14:Ac / Prodenialure B",,,,3.303,7.347,,414.7,38.17,36.93,4.815,20.94,,,,,,,,,,,,55,55,55,31.9,55,55,17.13,55,55,55,4.865,8.929,3.37,1.123,0.843,2.018,4.4,0.7345,,,,,0.9203,,,24.28,33.8,33.66,6.924,23.22,29.9,37.47,20.07,59.53,17.97,44,,,,33,46.79,33,50.62,,,35.81,,,,,,,,,26.18,37.35,21.6,,,,,,,,,,,,,,,,,,0.8515,,,2.074,,0.4741,,,5.78,,,106.7,,,,25.98,122.7,1100,60.22,,,,,,,,,,,,55.01,110,88.42,,,,,2.803,,,1.56,2.902,1.35,,,,,,4.4,4.4,4.4,,,,1.237,22,22,22,22,19.49,22,22,22,3.72,14.6,14.12,22,,,,,,,16.2,,,,,,,,7.712,20.22,11.75,24.03,11.5,24.53,11.34,33,27.52,33,16.22,16.8,22,42.89,33,33,33,33,33,,2.47,9,,5.7,5,,,,,,,,,,,,,,,10.63,6.55,8.71,4.338,,,0.1048,2.545,,,0.9707,172.6,,,218.7,26.4,,,,,18.02,26.24,86.82,,,27.78,8.318,13.42,19.64,27.28,27.81,32.74,1.88,1.503,20.85,,,26.98,3.9,,51.43,44.98,2.209,2.116,1.518,1.5,22,0.7244,0.8224,0.4387,0.7197,53,,,110,,,,72.49,,,,,,,30,29.5,20.31,45.29,6.686,3.81,2.5,5.55,,,,11.53,,13.58,44,44,44,23.39,13.26,88.91,,55,,,,,,,,,4,25.57,24.29,22.07,15.43,18.64,,,,,,,,110,37.05,34.89,40.66,55,7.058,32.95,55,40.79,15.72,55,8.581,10.95,26.83,8.5,40.4,26.31,7.64,6.911,16.76,,46.44,43.05,31.94,55,0.44,8.407,36.15,34.97,13.72,2.646,6.3,8.307,,4.637,4.609,3.519,2.452,3.928,3.248,7.117,31.21,38.01,19.95,10.88,3.669,,,,13.97,0.21,281.6,18.92,33.91,48.29,281.6,182.2,,,,11.4,12.66,15.24,26.41,27.5,0.71,5.16,4.4,0.17,,6.411,7.58,3.82,0.81,2.99,4.4,55,,,55,0.6133,1.257,13.2,10.37,,,,,,,3.376,0.21,14.4,0.57,12.86,5.954,22.02,26.89,24.38,,,,,,,,,,,,,,
20711-10-8,Z-11-Tetradecen-1-ol acetate / Z11-14:Ac,,,,3.349,7.491,,414.7,38.17,36.93,4.635,21.22,7.802,3.771,3.973,33,5.103,12.5,9.8,8.553,11.6,11.05,,55,51.57,55,42.48,49.74,41.8,20.97,55,55,55,7.845,8.93,3.373,1.124,0.8441,2.019,4.4,0.7345,,,,,0.9203,,,20.54,30.33,29.32,8.989,24.29,30.72,34.45,20.41,105.5,19.29,44,,,,33,48.2,33,48.54,,,37.21,,,,,,,,18.04,30.36,47.15,28.09,,,,,,,,,,,,,,,,,,0.8293,,,1.742,,0.4045,,,5.78,23.67,,99.79,,,,29.96,91.97,614.4,49.59,,,,,,,,0.8485,,,,83.14,110,100.7,,,,,3.37,,,2.639,4.203,1.35,9.93,9.94,1.56,2.23,2.54,5.602,5.602,4.996,10.65,55,13,1.042,22,22,22,22,19.75,22,22,22,3.72,15.27,14.82,22,3.777,7.888,4.106,0.8913,4.376,11.89,30.77,4.431,11.8,2.323,2.074,,,,8.692,21.4,13.26,24.95,13.03,27.68,9.977,33,28.49,33,17.73,19.72,22,40.52,33,33,33,33,33,,2.47,9,,5.7,5,,,,,,,,,,,,,,,10.63,6.55,8.701,4.321,,,0.114,2.571,36.37,,1.062,92.48,,,196.3,24.67,,,,,17.91,25.46,86.34,9.699,13.32,24.51,9.13,14.63,20.85,22.44,28.31,31.3,1.73,1.993,20.36,,1.116,31.62,3.9,4.24,52.66,44.6,1.799,1.657,1.817,1.282,10.49,0.9779,2.368,1.387,2.596,51.44,110,47.84,60.67,28.1,24.2,44,48.42,55,12.5,,,,,30,29.5,21.14,46.43,6.414,3.81,2.5,13.34,,,,9.762,,13.58,44,44,44,23.39,12.76,34.44,,55,,,,,,,,1.64,5.174,29.86,27.05,20.18,13.04,18.44,,,,,,,,110,40.05,38.17,43.16,55,8.062,38.71,55,38.34,19.05,55,12.13,16.26,19.52,14.32,32.49,27.35,12.37,8.411,16.61,22.88,50.5,41.3,28.41,55,0.5094,9.968,36.74,28.87,13.86,3.993,6.3,8.217,,4.344,4.61,2.77,1.97,2.13,1.14,9.768,27.73,40.09,20.02,10.74,3.477,11.77,12.78,8.277,31.88,0.2549,281.6,15.2,31.25,38.68,187.8,196.5,7.8,9.2,15.8,10.82,13.18,15.68,22.31,27.5,0.71,5.16,4.4,0.65,,6.411,7.58,3.82,1.8,4.4,4.4,55,,,55,0.6312,1.259,13.2,10.38,55,,8.07,,55,,1.849,0.52,18.72,2.77,12.91,6.153,21.33,27.41,22.85,,,15.57,39.49,,,2.518,3.183,3.696,11,5.68,11,,
28079-04-1,(Z)-8-Dodecenyl acetate / Z8-12:Ac,,15.39,,2.914,6.165,,414.7,38.17,36.93,4.538,22,7.641,6.997,3.978,12.04,6.302,14.05,10.69,9.048,11.6,6.074,14.3,55,48.44,55,39.63,55,55,20.57,55,55,55,7.543,7.4,1.9,2.57,2.23,1.19,5.724,1.28,,,,,1.546,,,26.01,34.76,35.99,6.841,20.36,31.55,30.31,18.24,106.4,18.73,38.88,,,,33,44.71,33,49.04,,,37.23,,,,,,,,19.03,27.48,37.35,21.49,,,,,,,,,,,,,,,,,,0.8703,,,1.504,,0.3539,,,5.78,20.9,,55.86,,,,34.54,57.46,667.3,71.32,3.88,1.43,2.6,3.72,1.62,,,0.8828,,33,33,78.42,110,98.87,,,12.36,13.89,2.872,,,1.506,3.648,1.35,,,1.56,2.23,2.54,4.4,4.4,3.979,55,55,,1.309,22,22,22,22,19.49,22,22,22,8.417,14.61,14.12,22,5.262,8.433,5.005,1.517,5.266,11.71,20.83,3.002,16.3,2.216,2.02,6.6,,5.8,8.681,21.3,13.21,24.95,13.03,24.15,13.56,26.38,23.13,21.79,5.965,7.327,22,44.14,33,33,33,33,33,,2.47,9,,5.994,4.899,,,4.28,13.46,16.44,36.78,28.17,44,44,12.8,,,,,10.63,6,8.393,4.085,,,0.1187,2.568,14.89,,0.9729,45.34,72.83,42.78,170.4,26.4,,,,,13.41,14.4,87.31,13.15,17.49,38.5,6.363,15.41,15.04,38.5,14.98,38.5,1.73,1.09,19.32,63.15,1.116,25.45,4.343,4.24,50.9,44.89,1.78,1.636,1.834,1.272,10.1,0.9931,3.71,2.326,2.463,51.46,24.89,25.65,58.5,28.1,24.2,44,52.1,55,20.13,,,,,21.82,31.15,28.9,49.8,6.789,3.81,2.5,13.92,,,,11.38,12.59,13.89,44,44,41.03,23.55,12.82,33.52,41.08,55,,55,,,,,,1.69,6.262,33.84,29.5,18.77,13.65,18.27,23.67,110,,,,,65.83,110,42.01,40.33,44.76,55,6.894,28.42,55,42.96,19.48,55,10.11,10.4,19.43,14.43,32.38,27.36,12.46,9.42,13.45,17.08,47.47,41.61,30.77,55,0.3953,3.818,43.54,37.36,25.7,2.698,6.3,8.217,,4.344,4.61,3.584,2.318,3.209,2.479,6.456,13.71,15.13,19.83,8.947,3.276,16.49,12.78,8.277,28.42,0.2576,281.6,15.01,31.1,38.21,183.6,197.3,7.8,,,11.01,13.08,15.4,21.74,27.5,0.71,5.16,4.126,0.7915,,6.164,7.787,3.82,0.5715,4.4,4.118,55,,,55,0.6324,1.26,13.2,10.39,9.74,,7.94,,55,,1.808,0.4074,18.2,1.687,12.64,5.943,21.99,26.65,25.26,,,19.98,68.27,3.773,48.24,2.518,3.183,3.696,11,5.68,11,,
14959-86-5,(Z)-7-Dodecenyl acetate / Z7-12:Ac,,11.55,,2.559,8.863,,367.8,41.96,34.45,4.357,21,7.105,6.333,3.916,14.19,6.228,14.08,10.71,9.1,13.15,4.483,14.3,55,49.83,55,41.82,55,55,10.92,55,55,42.56,11.27,8.9,1.6,0.33,0.39,6.32,4.4,0.65,,,,,0.77,,,26.36,35.58,36.25,6.318,22.41,30.06,39.62,17.97,106.5,17.65,38.16,,,,33,45.48,33,51.6,,,40.66,,,,,,,,17.66,27.85,36.56,21.04,,,,,,,,,,,,,,,,,,0.7223,,,1.317,,0.3136,,,5.78,20.36,,88.4,,,,27.28,37.96,347.1,42.06,3.92,1.3,2.5,3.63,1.56,3.6,,0.8839,,33,33,75.82,110,97.83,,,12.36,13.89,2.902,,,2.036,4.763,2.22,,,1.56,2.23,2.54,5.321,4.951,4.841,21.34,46.76,10.47,1.131,22,22,22,22,19.49,22,22,22,8.559,14.61,14.13,22,5.306,8.478,5.085,1.545,5.344,11.69,19.08,3.046,16.53,1.984,2.092,6.6,,5.8,8.683,21.23,13.18,24.96,13.04,29.85,13.87,28.72,22.52,22.15,4.348,5.299,22,44.74,33,33,33,33,33,,2.47,9,,6.056,4.878,,,5.085,14.12,16.48,39.67,20.31,44,44,11.56,,,,,10.63,5.618,8.417,4.189,,,0.1131,2.699,16.05,,0.77,40.63,72.83,48.83,161.9,26.4,,,,,15.96,29.72,92.35,16.07,18.19,22.72,7.897,15.09,17.18,25.78,25.98,29.14,1.73,1.649,20.44,63.15,1.097,25.33,4.361,5.275,51.94,44.08,1.75,1.591,1.853,1.248,9.384,1.031,1.631,1.48,1.442,51.43,110,110,44.22,28.1,24.2,44,47.94,46.35,26.64,,,,,19.91,30.74,27.73,49.38,6.87,3.81,2.5,14.19,,,,12.63,,13.58,44,44,44,23.39,13.89,32.81,,55,,55,,,,,,,8.446,35.41,30.45,18.28,13.53,18.39,,110,,,25.14,,65.83,110,40.25,38.94,42.15,55,6.762,30.76,55,41.72,15.11,55,7.69,8.835,19.35,14.53,32.29,27.37,12.53,12.46,13.54,12.93,49.32,44.63,29,55,0.3964,3.359,45.72,39.42,28.22,3.522,4.892,6.12,13.6,4.7,4.61,3.584,2.318,3.209,2.479,4.839,12.43,13.84,19.77,8.686,2.846,16.58,12.78,8.277,24.84,0.2624,281.6,14.7,30.86,37.41,176.6,198.8,7.8,,,11.19,12.34,15.52,16.08,27.5,0.71,5.16,4.15,0.7918,,6.159,7.834,3.82,0.5706,4.4,4.143,25.14,,8.49,55,0.6305,1.273,13.2,10.65,55,,55,,19.19,,1.595,0.4014,18.7,2.31,12.38,5.898,22.16,26.52,25.74,,,23.93,189.5,5.845,44.94,2.518,3.183,3.696,11,5.68,11,,
3025-30-7,"Ethyl (2E,4Z)-deca-2,4-dienoate / Pear ester",,14.03,,0.84,1.08,,,,,4.669,15.67,6.201,10.91,3.828,5.857,7.762,13.72,10.41,10.6,,,14.3,55,44.42,55,48.24,55,47.62,13.01,41.72,41.43,36.69,4.492,8.902,3.394,1.133,0.856,2.065,8.18,2.722,,,,,3.126,,,39.19,37.72,39.13,7.352,24,21.96,41.82,12.36,97.86,14.31,33.15,,,,30.35,44.68,33,55,,,33.03,,,,,,,,18.04,17.15,7.93,12.84,,,,,,,,,,,,,,,,,,1.6,,,0.5,,0.13,,,5.78,12.7,,69.78,,,,21.28,14.23,220.8,41.25,3.92,1.3,2.5,3.63,1.56,3.6,,0.9469,,,,53.58,110,87.69,,,,,3.239,,,1.509,1.834,1.35,,,1.56,2.23,2.54,6.973,5.486,5.454,29.2,55,18.43,1.487,22,22,22,22,14.38,22,17.63,14.33,11.26,15.64,7.869,19.61,6.591,8.725,5.535,1.759,5.786,11.61,8.979,2.821,16.73,3.096,3.203,6.6,,5.8,8.485,28.8,8.546,18.62,3.665,30.78,12.91,24.32,16.09,17.81,2.364,2.261,20.85,55,30.78,33,33,29.45,33,,,,,7,4.6,,,5.482,12.57,16.91,40.12,18.4,44,44,11.7,,,,,10.63,5.009,7.921,3.966,,9,0.1262,2.371,20.72,,1.003,44.57,72.83,48.83,156.3,26.4,,,,,27.45,45.21,106.5,15.75,13.32,2.52,11.91,14.44,20.85,6.84,22.98,8.81,1.808,2.765,19.76,,1.136,17.63,7.206,9.7,52.67,42.78,1.437,1.259,2.219,1.075,4.696,1.36,1.929,2.676,1.644,50.67,,,46.61,,,,88.95,55,31.46,,,,,,,45.25,55,7.194,3.81,2.5,2.362,,,,19.52,,13.58,44,44,44,23.39,12.73,22.03,,55,,55,,,,,,,11.75,66.54,47.17,12.69,14.06,19.85,,110,,,,,65.83,110,40.93,43.3,46.72,55,4,13.2,55,55,9.3,55,2,7.651,26.83,8.5,40.4,26.31,7.64,24.35,14.32,13.29,40.06,47.75,25.84,55,0.4687,2.341,51.35,37.74,39.4,6.479,3.7,6.676,13.6,5.5,4.61,3.342,2.339,3.309,2.592,3.62,22.54,44,16.16,6.833,2.605,,,,23.13,0.3275,281.6,11.44,28.1,29.03,111.1,216.7,7.8,,,11.63,11.96,13.9,11.48,27.5,0.71,5.16,4.102,0.7203,,5.913,8.8,,0.7149,4.143,4.093,55,,,55,0.6886,1.215,13.2,10.19,25.62,,23.41,,55,,0.5138,0.517,27.54,1.55,9.808,6.615,24.42,27.53,31.72,,,23.93,189.5,3.773,48.24,2.518,3.183,3.696,11,5.68,11,,
116-26-7,safranal,,,,,,,,,,,,,,,,,,,,,,,,,,,,,0.4,3,27,3.2,55,,,,,,,,,,,,,,,,,,,,,,,,,,,,,,,,,,,,,,,,,,,,,,,,,,,,,,,,,,,,,,,,,,,,,,,,,,,,,,,,,,,,,,,,,,,,,,,,,,,,,,,,0.9748,1.011,7.04,,,,,,,,,,,,,22,22,22,22,22,22,22,22,,22,22,22,,,,,,,,,,,,,,,,,,,,,,,,,,,,,,,,,,,,,,,,,,,,,,,,,,,,,,,,,,,,,,,,,,,,,,,,,,,,,,,,,,,,,,,,,,,,,,,,,,,,,,,,,,,,,,,,,,,,,,,,,,,,,,,,,,,,,,,,,,,,21.11,,,,,,,,,,,,,,,,,,,,,,,,,,,,,,,,,,,,,,,,,,,,,,34.03,,,,,,,,,,,,,,,,4.499,,,35.61,,,28.9,,35.4,,,,,,,,,,,,,,,,,,,,,,,,,,,,,,,15.85,,,,,,,,,,,,,,,,,,,,,,,,,,,,,,,,,
68279-24-3,(Z)-10-Hexadecenal / Z10-16:Ald,,14.2,,0.84,1.951,,,,,4.973,14.92,7.25,33,3.99,0.96,10.7,14.83,11.31,9.319,,,13.93,52.96,49,55,53.51,51.72,49.68,1.103,31.87,55,5.068,39.2,5.607,3.234,7.817,7.787,8.896,15.85,11.01,,,,,11.53,,,52.46,52.99,52.12,7.329,23.63,20.7,15.62,18.86,,14.58,,,,,29.98,44.61,33,55,,,,,,,,,,,19.81,35.53,42.45,17.7,,,,,,,,,,,,,,,,,,1.6,,,1.349,,0.8245,,,6.84,,,52.67,,,,45.84,14.08,207.8,39.73,3.914,1.32,2.516,3.644,1.57,3.6,,0.8774,,33,33,110,110,110,,,,,3.07,,,1.752,1.06,2.588,12,11.71,1.865,2.448,2.796,9.276,7.458,6.344,33.28,55,15.62,2.686,22,22,22,22,14.4,22,17,22,14.96,11.85,9.795,19.4,4.24,8.31,4.33,1.66,2.81,11,5.899,1.2,8.65,0.42,0.36,6.6,,5.8,17.99,31.05,12.49,22.82,6.511,30.86,19.57,18.3,14.5,15.79,2.41,1.83,19.81,51,28.79,33,33,26.41,33,,,,,7,4.6,,,4.914,14.4,17.67,38.39,24.84,44,44,13.6,,,,,10.63,4.378,7.484,2.982,,,0.1188,2.599,29.95,,1.247,43.72,74.92,46.85,61.03,26.4,20.58,4.091,14.44,5.661,28.71,47.62,118.2,21.53,27.02,13.55,15.5,18.08,20.88,36.4,16.76,30.28,1.893,4.905,18.78,63.15,1.144,36.92,5.219,,53.26,41.67,1.023,0.8567,3.244,1.858,2.907,8.677,3.465,6.048,3.089,50.93,46.25,48.77,59.81,,,,74.81,49.03,27.33,,,,,7.247,35.2,47.82,55,8.548,,,22,3.011,22,4.282,22,12.59,12.39,44,44,38.58,21.05,12.85,19.13,41.08,55,,55,,,,,,1.69,30.91,66.54,47.17,12.69,14.98,17.9,23.67,110,,,17.96,,64.31,110,40.93,43.3,46.72,55,6.2,14.1,55,55,55,55,22.6,8.651,,,,,,24.08,15.75,13.44,30.22,55,32.24,55,0.5514,3.359,51.86,38.49,40.73,3,,3.3,,,4.61,5.157,1.97,2.13,1.14,5.925,15.23,3.11,10.51,6.169,3.212,,,,24.9,0.5115,281.6,6.908,23.27,17.41,43.67,258,7.8,,,12.21,11.86,14.96,11.59,27.5,0.71,5.16,4.413,1.824,,4.874,8.8,16.39,0.71,2.967,5.165,34.16,13.76,,55,1.43,1.367,2.587,13.2,55,,55,,39.15,,0.5085,0.5356,55,1.95,9.618,7.123,21.39,26.48,25.58,,,23.07,154,3.955,47.15,2.518,3.183,3.696,11,5.68,11,357.6,40.76
3790-78-1,cis-Nerolidol,,9.407,,3.92,12.11,,232.2,22.34,28.63,7.905,22,,,,,,,,9.2,,1.8,,55,55,43.44,55,55,41.6,4.166,15.37,50.71,14.5,19.66,20.1,20.1,,,,22,15.38,,,,,7.009,,,34.77,33.27,33.13,1.838,18.75,26.16,45.52,,,,7,26.3,9.5,39.1,29.72,20,20.76,15.61,11.18,19.74,,,,,,,,,20.34,38.99,11.39,8.135,,,,,,,,,,,,,,,,,,1.243,,,,,,,,5.113,,,,,,,,3.952,186.7,19.33,3.384,1.595,1.871,,1.519,,,2.265,,,,100.1,110,110,,,29.77,,2.791,,123,,,,,,,,,4.046,8.472,17.26,8.735,50.37,8.518,17.88,22,22,22,22,4.77,22,15.53,22,5.004,4.485,7.651,17.62,11,11,11,2.59,11,11,,2.861,9.212,5.595,7.975,,,,9.114,9.406,5.579,9.942,23.64,30.65,25.31,16.46,19.81,27.89,22,10.67,18.54,16.77,33,33,27.61,25.27,23.64,,,4.411,,,,6.96,110,4.084,7.258,43.1,23.06,17.45,44,44,8.82,14.21,44.92,38.93,29.37,,,,,,,,,55,10.9,,,57.9,,,,,,,,,,69.43,,33.1,26.97,,,,38.5,,30.61,,11.77,,,,24.35,,7.43,55,24.36,,,,,,,8.264,5.157,7.728,49.19,68.56,65.29,35.83,44,21.8,44,83.06,55,23.5,,,,,18.94,22.53,55,55,86.5,,,22,,,,17.66,11,,,,,,15.47,,75.93,55,31.9,55,45.23,55,7.77,12.37,15.56,,15.98,,,,12.72,26.79,23.97,110,4.3,110,8.363,,25.57,110,20.06,4.965,13.6,55,6.612,28.86,55,48.8,8.637,55,12.68,12.65,,,,,,18.21,13.83,15.02,27.41,35.31,20.1,55,5.237,14.91,,,,2.198,,6.228,,7.531,,,,,,8.19,22.62,9.047,25.59,31.83,5.609,33.1,34.5,,37.51,,,,,,,,11.2,8.9,6.4,9.7,8.6,3.676,15.81,,,,22,16.39,10.47,,12.62,26.83,16.12,39.48,44,8.44,13.46,10.4,36.12,12.13,,,,8.65,,10.7,,12.17,,25.7,3.132,55,9.921,,,,,,,,,,14.39,37.58,,,,,,,180.9,189.8
98-55-5,p-menth-1-en-8-ol / alpha Terpineol,,11.68,,,,,,,,,22,,,,,,,,,,,,,,,,,,,,,,,,,,,,22,22,,,,,6.79,,,,,,,,,55,,,,,,,,11.28,,33,18.21,,,,,,,,,,,,44,29.68,13.87,,,,,,,,,,,,,,,,,,,,,,,,,,9.25,,,,4.06,,,55,195.5,101.9,89.77,3.86,1.58,2.28,,1.916,,,,,,,93.32,110,110,,,25.01,,,,,,,,12.55,9.24,,,,12.07,2.53,22,12.27,55,12.29,55,22,22,22,22,22,22,22,22,22,17.46,22,22,11,11,11,5.36,11,11,,1.54,14.65,6.92,8.67,,5.3,9.6,,,,,,33,33,21.63,24.44,33,22,22,22,55,33,33,25.08,33,19.65,,,,,,,3.739,110,8.25,44,44,44,10.89,44,44,18.06,22.83,29.42,47.04,23.51,,,,,,,,,55,18.31,,,,,,,,,,,,,,,,,,,,,,,,,,,,14.64,,,55,30.9,,,,,,,,,,,46.83,39.43,,,,,,,,,,,,11,35.2,23.99,55,40.7,,,,,,,,,,,,,,,,,55,590.9,33.87,12.27,15.11,22.34,20.96,16.53,,18.28,,,,4.12,,,,,,18.23,,,,55,55,55,55,7,55,38.2,55,17.3,55,12.1,43.3,13.81,29.23,26.56,21.61,20.94,30.47,24.81,18.94,27.6,55,23.6,55,,35.2,,,,,,,,,,,,,,,,,19.26,,,,,,,,,,,,,,,10.5,18,13.5,7.8,8.3,24.09,,,,,,,,,,,,,1.57,,7.47,55,21.22,,,,,,,,,,,,55,,,,,,,,,18.74,58.05,,,,,,,,,,
6753-98-6,α-Humulene/ alpha-caryophyllene,,12.17,,,,,,,,,22,,,,,,,,,,,,,,,,,,,,,,,13.4,4.5,,,,22,22,,,,,22,,,9.96,55,8.94,1.3,33,33,55,,,,44,,,,33,,33,13.88,,,,2.43,3.52,33,2.24,4.19,2.2,33,,,,,,,,,,,,,,,,,,,,,,,,,,,,,,,,,,,,,,26.77,507.6,38.52,1.61,2.05,2.718,,2.049,,,,,,,110,110,110,,,,,,,,,,,,,,,,12.29,14.83,16.11,23.18,55,15.64,6.564,2.54,22,22,22,22,22,22,22,,22,1.609,22,11,11,11,11,11,11,,3.88,8.67,3.58,3.78,,,,,,,,,33,33,,,,,,,,,,,,,4.3,,,6.416,,,,40.32,8.31,7.27,9.32,39.85,11.61,44,44,2.54,144.7,1100,139.7,1100,,,,,,,,,,15.55,,,,,,,,,,,,,,,,38.5,,,,38.5,,38.5,,,,57.75,,,,,,,,,,,,,,,,,,,34.41,,,,110,,,,,,,,,55,55,391.1,,,,,,,,,,,,,,55,,,55,30.8,4.15,16.13,33.48,16.37,16.34,7.45,,6.53,41.41,41.95,66.16,19.06,,,,,,4.28,,22.97,,55,55,55,55,9.4,55,24.4,55,0.9,55,9.7,13.6,,,,,,55,10.33,15.84,55,25.9,26.7,55,,,,,,,,,,,,,,,,,,,,20.91,2.42,,,,,,,,,,,,,,,,,,46.58,,,,,,2.76,,,,,,,,2.16,,55,,,,,,,,,,,,,55,,,,,,,,27.19,,,,,,,,,,,,
112-06-1,heptyl acetate,,19.56,,5.629,20.2,,360.6,42.62,34.05,4.44,20.95,7.259,5.255,3.927,19.23,5.818,16.3,13.1,7.814,14.9,4.34,12.84,55,40.96,55,47.14,55,49.55,55,55,55,55,8.876,8.987,3.429,1.087,0.811,2.055,7.993,2.592,,,,,2.987,,,35.36,42.91,46.46,4.843,19.56,29.93,40.3,17.23,104.5,17.26,37.43,,,,33,41.98,33,55,,,38.98,,,,,,,,17.6,31.33,38.47,20.96,,,,,,,,,,,,,,,,,,0.5059,,,4.711,,2.7,,,6.076,16.42,,88.61,,,,23.3,30.45,239.2,20.74,,,,,,,,0.8184,,33,33,104.4,110,110,,,12.36,13.89,2.92,,,2.38,7.169,4.723,12,11.71,2.88,3.07,3.53,8.309,9.945,11.12,20.32,48.46,11.07,4.324,22,22,22,22,22,22,22,22,7.246,22,22,22,6.185,9.802,7.943,2.109,8.775,11.42,11.2,6.649,32.12,6.453,7.499,5.974,,6.399,14.94,11.09,14.74,27.41,33,27.03,16.08,15.59,26.75,33,22,22,20.32,37.4,30.47,33,33,21.27,33,,2.47,,,6.133,4.854,,,6.598,15.33,19.5,42.39,17.03,44,44,13.88,,,,,10.63,6.55,8.668,4.261,,,0.1062,2.438,27.23,,0.9637,19.17,82.88,,81.99,26.4,21.68,4.529,16.38,6.662,23.95,39.03,88.48,26.26,22.09,20.66,11.9,13.06,22.18,38.5,32.18,26.98,2.25,1.994,20.41,72.1,1.319,30.06,5.544,4.961,44.5,55,1.95,1.815,1.644,1.478,10.97,1.654,2.834,3.22,2.551,52.38,64.47,67.95,36.31,28.1,24.2,44,31.37,55,23.04,,,,,13.14,32.06,24.37,48.46,6.759,3.81,2.5,2.404,3.011,22,4.282,6.964,,11.93,44,44,44,20.88,10.85,55.32,,55,,55,,,,,,,17.99,25.57,24.29,22.07,13.97,21.02,,110,,,22.92,,48.7,110,40.62,39.64,46.74,55,5.438,21.65,55,46.79,12.35,55,4.397,8.306,20.09,13.66,33.13,27.25,11.84,9.977,14.2,13.38,40.6,45.84,26.34,55,0.394,12.28,42.83,38.13,23.1,3.388,5.052,5.109,13.6,3.467,4.61,3.351,2.345,3.336,2.623,2.2,9.278,2.904,36.89,10.7,3.808,15.85,12.78,8.277,30.96,0.21,281.6,18.92,33.91,48.29,281.6,182.2,,,,13.74,14.29,16.07,14.53,27.5,0.71,5.16,4.097,0.7912,12.59,5.848,7.952,3.82,0.5725,4.4,4.089,12.32,13.76,8.49,55,0.7727,1.344,13.2,10.7,55,,55,,5.82,,12.26,0.4147,20.72,1.687,7.55,3.34,18.85,21.63,34.34,,,23.93,189.5,6.824,43.49,,,,,,,309.3,60.62
84-74-2,"phthalic acid, dibutyl ester  / dibutyl phthalate",3.97,55,150.3,9.15,51.85,64.18,39.41,8.29,50.58,5.403,22,7.591,4.823,4.446,24,5.384,,,4.023,13.05,3.347,,55,46.01,55,55,36.87,55,55,55,55,55,22.76,12.9,4.7,1.128,0.8517,2.071,4.4,0.7345,,,,,0.9203,,,37.24,40.53,44.97,5.792,16.49,30.88,46.19,14.43,129.9,16.18,37.39,,,,33,47.85,33,52,,,34.68,,,,,,,,18.04,20.97,39.81,20.3,,,,,,,,,,,,,,,,,,0.48,,,12.9,,2.5,,,5.78,24.22,,91.25,,,,,58.17,442.5,305.8,,,,,,,,0.934,2.88,,,65.33,73.33,66.53,,,12.36,13.89,2.85,17.78,,3.34,8.53,,,,,,,6.375,6.73,9.635,12.1,18.1,1.42,3.635,22,19.69,19.22,16.2,19.78,22,22,22,22,17.76,17.59,22,,,,,,,16.2,,,,,,,,18.06,10.46,12.45,24.4,33,,,28.2,27.47,27.85,22,22,22,38.73,33,33,33,33,33,,,,,,,,63.7,7.01,16.04,27.53,44,10.99,44,44,11.25,,,,,10.63,6.55,9.037,4.958,,9,0.11,2.727,4.35,,0.8207,14.83,51.82,37.19,,26.4,,,,,30.43,52.64,83.78,,,14.23,15.81,15.51,24.77,38.5,37.84,22.81,,2.54,20.94,36.5,,30.68,4.808,4.931,52.76,41.82,2.209,2.116,1.518,1.5,22,0.7244,,,,49.07,29.78,110,16.07,28.1,24.2,44,20.49,,,,,,,,,34.2,55,10.68,3.81,2.5,3.4,,,,4.47,,,,,,,21.36,,14.67,45.7,,,,,,,,,,,,,,39.22,,,,,,,,110,55,55,55,55,4.833,16.47,55,55,13.78,55,4.06,18.79,17.21,17.61,29.8,27.77,14.96,55,33.42,19.63,50.82,49.74,34.96,45.84,0.3953,11.23,37.26,35.77,14.02,8.547,3.7,6.259,13.6,5.5,,,,,,3.476,,,12.36,82.01,6.646,20.61,12.98,10.18,35.04,0.21,281.6,18.92,33.91,48.29,281.6,182.2,,11,13.5,,,,11.92,27.5,0.71,5.16,4.126,0.7915,,6.411,,,0.5715,4.4,4.118,55,,,14.18,0.6133,1.328,13.2,10.79,,,,,,,23.49,0.4074,51.49,1.687,9.795,6.053,24.46,25.62,27.42,,,,,4.07,31.86,,,,,,,,
22679-54-5,p-tert-Butylbenzophenone,3.169,55,,,,,,,,,22,7.802,3.771,3.973,33,5.103,,,3.1,5.9,6,2.7,55,55,55,55,28.4,55,,,,,,33,33,,,,,,,,,,,,,55,55,55,15.58,14.81,33,43.61,,,,,,,,18.95,,33,55,,,,,,,,,,,,7.18,,,,,,,,,,,,,,,,,,,,,,,,,,,,,,,,,,,,58.17,442.5,305.8,,,,,,,,0.9345,2.52,,,,,,,,,,,,19.75,,,,,,,,,9.42,10.53,22,12.1,18.1,1.42,35.22,22,17.54,16.69,11.76,22,22,22,22,,22,22,22,,,,,,,,,,,,,,,,,,,,,,20.03,19.28,33,22,22,22,30.7,33,33,33,33,33,,,,,,,,,,,,,,,,,,,,,,,,,,,,,12.97,,,,,37.19,,,,,,,,,,,,,,,,,,,,,,,,52.01,3.4,2.6,,,,,,,,,,,,,,,11.8,28.1,24.2,44,30.02,,,,,,,,,55,55,,,,22,,,,,,,,,,,11.8,,,41.82,,,,,,,,,,,,,,,,,10.8,,,,,,,,,,,,,,,,,18.79,21.74,28.64,21.22,31.1,31.93,55,33.42,19.63,42.66,41.77,32.27,44.76,,,,,,,,,,,,,,,,,,,9.875,11.46,4.86,5,6.5,1.8,26.69,,,,,,,,,,,,,,11.53,,,,,,9.89,,8.03,,,,,55,,9.52,19.27,,,,,,,,,,,,,,,,,,,,,,,,,,,,,,,,,
117-39-5,Quercetin,,,,,,,,,,,1.979,6.87,5.68,6.13,3.82,2.5,,,,,,,,,,,,,,,,,,,,,,,,,,,,,,,,,,,,,,,,,,,,,,8.61,,2.63,,,,,,,,,,,,7.33,10.33,,,,,,,,,,,,,,,,,,,,,,,,,,,,,,,,,,,,,,,,,,,,,,,,,,,,,,,,,,,,1.19,,3.7,,,,,,,,,,,,,,,,,,,,,,,,,,,,,,,,,,,,,,,,,,,,,,,,,,,,,,,,,,,,,,,,,,,,,,,,,,,,,,,,,,,,,,,,,,,,,,,,,,,,,,,,,,,,,,,,,,,,,,,,,,,,,,,,,,,,,,,,,,,,,,,,,,,,,,,,,,,,,,,,,,,,,,,,,,,,,,,,,,,,,,,,,,,,,,,,,,,,,,,,,,,,,,,,,,,,,,,,,,,,,,,,,,,,,,,,,,,,,,,,,,,2.2,,,,,,,,,,,,,,,,,,,,,,,,,,,,,,,,,,,,,,,,,,,,,,,,,,,,,,,
112-70-9,1-tridecanol / 13:OH,,19.6,,0.84,11.81,,312.7,47.69,31.35,3.482,22,7.25,33,3.99,0.96,10.7,14.6,11.62,10.25,,,12.09,55,51.6,55,55,55,55,22.84,55,55,37.81,6.704,22.16,4.729,33,33,33,22,22,,,,,17.71,,,53.49,47.73,52.92,7.493,20.81,24.65,38.53,13.38,59.53,14.69,31.18,,,,32.21,26.61,33,55,,,44.07,,,,,,,,17.33,24.73,13.43,6.344,,,,,,,,,,,,,,,,,,0.44,,,5.242,,10.3,,,6.569,,,69.78,,,,55,35.74,380.7,48.45,3.92,1.3,2.5,3.63,1.56,3.6,,0.863,,33,33,83.79,110,110,,,24.6,,2.85,,,3.797,12.07,8.141,12,11.71,2.449,2.821,3.235,13.87,13.82,22,23.95,55,17.47,41.71,22,22,22,22,22,22,22,8.387,10.4,12.57,22,22,6.217,11,11,2.379,11,11,5.04,8.534,39.61,3.79,4.647,6.6,,7.249,16.61,20.41,14.62,29.16,21.8,17.17,19.12,24.72,29.87,33,22,22,21.19,51.03,29.29,33,33,26.78,33,,,,,7,4.6,,,7.956,19.22,25.83,43.15,20.5,44,44,21.77,,,,,10.63,4.799,6.268,2.439,,,0.1551,2.019,52.49,,1.21,47.52,81.9,48.83,17.88,7.829,21.14,4.771,17.44,6.873,10.41,4.789,83.65,23.06,32.74,23.65,9.544,7.791,19.01,25.26,27.36,29.91,2.102,6.076,19.55,94.11,1.152,73.17,3.5,,51.84,41.69,1.004,0.7493,1.806,0.75,0.93,7.2,3.068,3.896,2.764,50.58,47.03,52.65,62.15,,,,94.21,55,14.31,,,,,5.2,35.2,33.77,55,8.009,3.81,2.5,3.48,3.37,22,3.02,22,11.17,10.19,44,44,44,18.17,7.536,35.96,,55,,55,,,,,,,31.37,66.54,47.17,12.69,15.06,18.86,,91.72,,,21.63,,48.99,110,55,29.4,37.84,55,4,13.2,55,55,9.3,55,2,14.55,26.83,8.5,40.4,26.31,7.64,19.71,16.57,13.7,55,55,55,55,0.5664,4.723,52.12,33.55,39.08,3.326,,5.148,,,,13.88,,,,9.667,15.63,1.041,16.53,5.14,5.146,,,,28.72,,,,,,,,7.8,,,14.31,13.87,17.13,10.51,,,,10.15,1.54,12.59,4.365,8.8,16.39,4.655,10.03,14.89,13.54,13.76,8.49,55,1.364,3.133,1.468,11.73,55,,55,,13.57,,0.7585,0.4473,55,2.744,6.481,5.112,22.36,30.1,22.22,,,23.93,189.5,4.924,43.92,,,,11,5.68,11,334.1,49.1
593-45-3,octadecane,,22.11,,0.84,12.54,,312.7,47.69,31.35,4.112,19.83,7.25,33,3.99,0.96,10.7,14.7,11.23,9.748,,,12.74,55,51.6,55,55,55,55,26.01,48.82,55,33.56,15.62,13.32,7.53,33,33,33,22,22,,,,,17.71,,,44.39,45.3,46.86,6.057,27.65,25.25,43.67,13.42,59.53,15.22,31.08,,,,31.41,35.59,33,55,,,44.15,,,,,,,,17.3,42.56,60.94,34.99,,,,,,,,,,,,,,,,,,0.44,,,8.279,,24.1,,,6.707,,,69.78,,,,55,46.1,160.5,27.96,3.92,1.3,2.5,3.63,1.56,3.6,,0.863,,33,33,110,110,110,,,,,2.85,,,2.819,11.24,8.215,9.64,10.96,2.479,2.839,3.257,22,6.33,10.46,10.7,55,12.58,55,22,22,22,22,22,22,22,22,11.74,22,22,22,7.413,11,11,2.869,11,11,6.12,7.634,36.36,5.329,7.611,6.6,,6.939,21.8,22.97,15.06,28.53,14.69,33,19.24,16.39,24.74,33,22,22,19.54,46.6,28.8,33,33,20.94,33,,,,,7,4.6,,,6.645,16.96,21.5,41.74,20.32,44,44,16.79,,,,,10.63,,7.26,2.24,,,0.0995,2.124,47.4,,1.413,46.52,83.17,48.83,26.95,26.4,21,4.759,17.38,6.806,9.971,19.77,96.2,27.57,32.26,23.65,11.46,8.534,20,25.26,21.62,29.91,2.25,6.24,19.55,78.19,1.151,33.54,10.23,,52.49,42.24,1.055,0.8593,2.52,1.711,1.936,11.5,3.409,5.141,3.067,51,50.16,58.09,54.93,,,,100.2,55,25.72,,,,,5.2,35.2,28.49,55,8.133,2.879,2.49,4.141,3.011,22,4.282,17.72,11.17,10.19,44,44,44,18.17,10.23,39.51,,55,,55,,,,,,,31.37,66.54,47.17,12.69,14.66,19.25,,98.63,,,20.04,,54.33,110,36.88,35.76,55,55,4,13.2,55,55,9.3,55,2,14.55,26.83,8.5,40.4,26.31,7.64,19.71,17.69,13.86,55,55,55,55,0.5286,8.065,52.19,38.98,41.62,3.256,,5.073,,,,,,,,16.59,24.77,1.004,17.93,5.455,5.713,,,,29.58,0.64,281.6,5.36,21.17,13.47,27.31,281.6,7.8,,,15.44,13.95,17.5,10.1,,,,14.6,8.586,12.59,4.382,8.8,,4.362,9.918,15.47,15.16,13.76,8.49,55,3.947,3.197,3.26,13.2,55,,55,,17.22,,1.594,1.69,55,7.736,7.597,5.882,22.41,28.61,27.07,,,23.93,189.5,4.924,44.58,2.518,3.183,3.696,11,5.68,11,346.6,44.41
112-40-3,dodecane,,33.07,,0.84,12.54,,312.7,47.69,31.35,4.112,19.83,7.25,33,3.99,0.96,10.7,14.7,11.23,9.748,,,12.74,55,51.6,55,55,55,55,26.01,48.82,55,33.56,15.62,13.32,7.53,33,33,33,22,22,,,,,17.71,,,44.39,45.3,46.86,6.057,27.65,25.25,25.55,13.42,59.53,15.22,31.08,,,,31.41,35.59,33,55,,,44.15,,,,,,,,17.3,44,77,44,,,,,,,,,,,,,,,,,,0.44,,,8.279,,24.1,,,6.707,,,69.78,,,,55,4.61,961.5,21.8,3.92,1.3,2.5,3.63,1.56,3.6,,0.863,,33,33,110,110,110,,,,,2.85,,,2.819,11.24,8.215,12,11.71,2.479,2.839,3.257,11.92,15.36,22,21.27,55,13.74,38.09,22,22,22,22,22,22,22,1.95,11.74,1.34,22,22,7.413,11,11,2.869,11,11,6.12,7.634,36.36,5.329,7.611,6.6,,6.939,21.8,22.97,15.06,28.53,14.69,33,19.24,16.39,24.74,33,22,22,19.54,46.6,28.8,33,33,20.94,33,,,,,7,4.6,,,6.645,16.96,21.5,41.74,20.32,44,44,16.79,,,,,10.63,,7.26,2.24,,,0.0995,2.124,47.4,,1.413,46.52,83.17,48.83,26.95,26.4,21,4.759,17.38,6.806,9.971,19.77,96.2,27.57,32.26,23.65,11.46,8.534,20,25.26,21.62,29.91,2.25,6.24,19.55,78.19,1.151,33.54,10.23,,52.49,42.24,1.055,0.8593,2.52,1.711,1.936,11.5,3.409,5.141,3.067,51,50.16,58.09,54.93,,,,100.2,55,25.72,,,,,5.2,35.2,40.6,55,8.133,2.879,2.49,4.141,3.011,22,4.282,17.72,11.17,10.19,44,44,44,18.17,10.23,39.51,,55,,55,,,,,,,31.37,66.54,47.17,12.69,14.66,19.25,,98.63,,,20.04,,54.33,110,36.88,35.76,55,55,4,13.2,55,55,9.3,55,2,14.55,26.83,8.5,40.4,26.31,7.64,55,17.69,13.86,55,55,55,55,0.5286,8.065,52.19,38.98,41.62,3.256,,5.073,,,,,,,,16.59,24.77,1.004,17.93,5.455,5.713,,,,29.58,0.64,281.6,5.36,21.17,13.47,27.31,281.6,7.8,,,15.44,13.95,17.5,10.1,,,,14.6,8.586,12.59,4.382,8.8,,4.362,9.918,15.47,15.16,13.76,8.49,55,3.947,3.197,3.26,13.2,55,,55,,17.22,,1.594,1.69,55,7.736,7.597,5.882,22.41,28.61,27.07,,,23.93,189.5,4.924,44.58,2.518,3.183,3.696,11,5.68,11,346.6,44.41
143-08-8,1-nonanol,,19.6,,0.84,11.81,,312.7,47.69,31.35,3.482,22,7.25,33,3.99,0.96,10.7,14.6,11.62,10.25,,,12.09,55,51.6,55,55,55,55,22.84,55,55,37.81,6.704,22.16,4.729,33,33,33,22,22,,,,,17.71,,,53.49,47.73,52.92,7.493,20.81,24.65,40.18,13.38,59.53,14.29,31.18,,,,32.21,26.61,33,55,,,44.07,,,,,,,,17.33,24.73,13.43,6.344,,,,,,,,,,,,,,,,,,0.44,,,5.242,,10.3,,,6.569,,,69.78,,,,55,35.74,380.7,48.45,3.92,1.3,2.5,3.63,1.56,3.6,,0.863,,33,33,83.79,110,110,,,24.6,,2.85,,,3.797,12.07,8.141,12,11.71,2.449,2.821,3.235,13.87,13.82,22,23.95,55,17.47,41.71,22,22,22,22,22,22,22,8.387,10.4,12.57,22,22,6.217,11,11,2.379,11,11,5.04,8.534,39.61,3.79,4.647,6.6,,7.249,16.61,20.41,14.62,29.16,21.8,17.17,19.12,24.72,29.87,33,22,22,21.19,51.03,29.29,33,33,26.78,33,,,,,7,4.6,,,7.956,19.22,25.83,43.15,20.5,44,44,21.77,,,,,10.63,4.799,6.268,2.439,,,0.1551,2.019,52.49,,1.21,47.52,81.9,48.83,16.64,7.829,21.14,4.771,17.44,6.873,10.41,4.789,83.65,23.06,32.74,23.65,9.544,7.791,19.01,25.26,27.36,29.91,2.102,6.076,19.55,94.11,1.152,15.8,10.23,,51.84,41.69,1.004,0.7493,1.806,1.711,1.936,11.5,3.068,3.896,2.764,50.58,47.03,52.65,28.45,,,,110,55,11.8,,,,,5.2,35.2,33.77,55,8.009,3.81,2.5,22,3.011,22,4.282,17.72,11.17,10.19,44,44,44,18.17,7.536,35.96,,55,,55,,,,,,,31.37,66.54,47.17,12.69,15.06,18.86,,91.72,,,21.63,,48.99,110,55,55,14.26,55,4,13.2,55,55,9.3,55,2,14.55,26.83,8.5,40.4,26.31,7.64,19.71,16.57,13.7,55,55,55,55,0.5664,4.723,52.12,33.55,39.08,3.326,,5.148,,,,13.88,,,,9.667,15.63,1.041,16.53,5.14,5.146,,,,28.72,,,,,,,,7.8,,,14.31,13.87,17.13,10.51,,,,10.15,1.54,12.59,4.365,8.8,16.39,4.655,10.03,14.89,13.54,13.76,8.49,55,1.364,3.133,1.468,11.73,55,,55,,13.57,,0.7585,0.4473,55,2.744,6.481,5.112,22.36,30.1,22.22,,,23.93,189.5,6.94,43.92,,,,11,5.68,11,334.1,49.1
629-78-7,heptadecane,,22.11,,0.84,12.54,,312.7,47.69,31.35,4.112,19.83,7.25,33,3.99,0.96,10.7,14.7,11.23,9.748,,,12.74,55,51.6,55,55,55,55,26.01,48.82,55,33.56,15.62,13.32,7.53,33,33,33,22,22,,,,,17.71,,,44.39,45.3,46.86,6.057,27.65,25.25,55,13.42,59.53,15.22,31.08,,,,31.41,35.59,33,55,,,44.15,,,,,,,,17.3,42.56,60.94,34.99,,,,,,,,,,,,,,,,,,0.44,,,8.279,,24.1,,,6.707,,,69.78,,,,55,35.74,380.7,48.45,3.92,1.3,2.5,3.63,1.56,3.6,,0.863,,33,33,110,110,110,,,,,2.85,,,2.819,11.24,8.215,13.27,11.57,2.479,2.839,3.257,22,13.26,22,13.2,55,14.74,29.44,22,22,22,22,22,22,22,22,11.74,22,22,22,7.413,11,11,2.869,11,11,6.12,7.634,36.36,5.329,7.611,6.6,,6.939,21.8,22.97,15.06,28.53,14.69,33,19.24,16.39,24.74,33,22,22,19.54,46.6,28.8,33,33,20.94,33,,,,,7,4.6,,,6.645,16.96,21.5,41.74,20.32,44,44,16.79,,,,,10.63,,7.26,2.24,,,0.0995,2.124,47.4,,1.413,46.52,83.17,48.83,26.95,26.4,21,4.759,17.38,6.806,9.971,19.77,96.2,27.57,32.26,23.65,11.46,8.534,20,25.26,21.62,29.91,2.25,6.24,19.55,78.19,1.151,33.54,10.23,,52.49,42.24,1.055,0.8593,2.52,1.711,1.936,11.5,3.409,5.141,3.067,51,50.16,58.09,54.93,,,,100.2,55,25.72,,,,,5.2,35.2,28.49,55,8.133,2.879,2.49,4.141,3.011,22,4.282,17.72,11.17,10.19,44,44,44,18.17,10.23,39.51,,55,,55,,,,,,,31.37,66.54,47.17,12.69,14.66,19.25,,98.63,,,20.04,,54.33,110,36.88,35.76,55,55,4,13.2,55,55,9.3,55,2,14.55,26.83,8.5,40.4,26.31,7.64,19.71,17.69,13.86,55,55,55,55,0.5286,8.065,52.19,38.98,41.62,3.256,,5.073,,,,,,,,64.5,24.77,1.004,20.14,5.455,5.713,,,,29.58,0.64,281.6,5.36,21.17,13.47,27.31,281.6,7.8,,,15.44,13.95,17.5,10.1,,,,14.6,8.586,12.59,4.382,8.8,,4.362,9.918,15.47,15.16,13.76,8.49,55,3.947,3.197,3.26,13.2,55,,55,,17.22,,1.594,1.69,55,7.736,7.597,5.882,22.41,28.61,27.07,,,23.93,189.5,4.924,44.58,2.518,3.183,3.696,11,5.68,11,346.6,44.41
623-37-0,3-hexanol,,,,,,,,,,,22,,,,,,,,,,,,,,,,,,,,,,,,,,,,22,22,,,,,22,,,49.51,47.3,44.37,6.22,33,33,31.54,,,,,,,,33,,33,55,,,,,,,,,,,,44,40.68,44,,,,,,,,,,,,,,,,,,,,,,,,,,,,,,,,,55,104.6,805.6,177.1,,,,,,,,,2.04,,,110,110,110,,,,,,19.58,,,,,,,,,,,,,44.76,55,,38.75,22,22,22,22,22,22,22,22,,22,22,22,3.73,11,11,1.87,11,11,,,,,,,,8.491,15.01,33,33,33,33,33,19.7,16.19,9.25,33,22,22,22,22.6,33,33,33,33,33,,,,,,,,,,,,,,,,,,,,,,,,,,,,,55,,,140.9,,,,,,,,,24.81,,,,,,20.54,,35.4,,33.86,,,,,59.67,,77.97,,,41.7,55,,,,,,,,,,,37.17,56.54,110,,,,49.95,55,29.4,,,,,,,,,,,,22,,,,22,11.17,,,,,,16.5,,,55,,,,,,,,,,,,,19.76,,,59.3,,,28.96,,20.13,,55,20.15,55,,,,,,,,,12.66,,,,,,9.829,16.08,18.04,55,55,55,55,,,40.27,9.84,12.25,,,,,,,,,,,18.65,,,20.36,,31.12,,,,,,,,,,,,,,,,,,14.18,,,,,,12.59,3.6,,,,,,55,,,55,,,,,,,,,,,,,,,9.32,3.33,13.28,26.05,22.13,,,,,,,,,,,,,,
96-17-3,2-methylbutanal / 2-Methylbutyraldehyde,,,,,,,,,,,,,,,,,,,,,,,,,,,,,,,,,,,,,,,,,,,,,,,,,,,,,,,,,,,,,,,,,,,,,,,,,,,,,,,,,,,,,,,,,,,,,,,,,,,,,,,,,,,,,,,,,35.59,606.1,25.4,,,,,,,,0.6,,,,,,,,,,,5.921,,,,,,,,,,,,,,,,,,,,,,,,,,,,,,,,,,,,,,,,,,,,,,,,,,,,,,,,,,,,,,,,,,,,,,,,,,,,,,,,,,,,,,,,,,,,,,,,,,,,,,,,,,,,,,,,,,,,,,,,,,,,,,,,,,,,,,,,,,,,,,,,,,,,,,,,,,,,,,,,,,,,,,,,,,,,,,,,,,,,,,,,,,,,,,,,,,,,,,,,,,,,17.77,3.81,24.24,18.14,8.35,13.53,,,,,,,,,37.95,37.69,47.34,,,,,,,,,,,,,,,,,,,,,,,,,,,,,,,,,,,,,,,,,,,,,,,,,,,,,,,,,,,,,,,55,,,,,,,,,,,4.2,,,,,,,,,
23192-82-7,(E)-9-Tetradecenyl acetate / E9-14:Ac,,11.55,,2.559,8.863,,367.8,41.96,34.45,4.357,21,7.105,6.333,3.916,14.19,6.228,14.08,10.71,9.1,13.15,4.483,14.3,55,49.83,55,41.82,55,55,10.92,55,55,42.56,11.27,9.027,3.491,1.076,0.8014,2.081,5.657,1.249,,,,,1.511,,,26.36,35.58,36.25,6.318,22.41,30.06,39.62,17.97,106.5,17.65,38.16,,,,33,45.48,33,51.6,,,40.66,,,,,,,,17.66,27.85,36.56,21.04,,,,,,,,,,,,,,,,,,0.7223,,,1.317,,0.3136,,,5.78,20.36,,88.4,,,,27.28,37.96,347.1,42.06,3.92,1.3,2.5,3.63,1.56,3.6,,0.8839,,33,33,75.82,110,97.83,,,12.36,13.89,2.902,,,2.036,4.763,2.22,,,1.56,2.23,2.54,5.321,4.951,4.841,21.34,46.76,10.47,1.131,22,22,22,22,19.49,22,22,22,8.559,14.61,14.13,22,5.306,8.478,5.085,1.545,5.344,11.69,19.08,3.046,16.53,1.984,2.092,6.6,,5.8,8.683,21.23,13.18,24.96,13.04,29.85,13.87,28.72,22.52,22.15,4.348,5.299,22,44.74,33,33,33,33,33,,2.47,9,,6.056,4.878,,,5.085,14.12,16.48,39.67,20.31,44,44,11.56,,,,,10.63,5.618,8.417,4.189,,,0.1131,6.3,16.05,,0.9495,40.63,72.83,48.83,161.9,26.4,,,,,15.96,29.72,92.35,16.07,18.19,22.72,7.897,15.09,17.18,25.78,25.98,29.14,1.73,1.649,20.44,63.15,1.097,25.33,4.361,5.275,51.94,44.08,1.75,1.591,1.853,1.248,9.384,1.031,1.631,1.48,1.442,51.43,110,110,44.22,28.1,24.2,44,47.94,46.35,26.64,,,,,19.91,30.74,27.73,49.38,6.87,3.81,2.5,14.19,,,,12.63,,13.58,44,44,44,23.39,13.89,32.81,,55,,55,,,,,,,8.446,35.41,30.45,18.28,13.53,18.39,,110,,,25.14,,65.83,110,40.25,38.94,42.15,55,6.762,30.76,55,41.72,15.11,55,7.69,8.835,19.35,14.53,32.29,27.37,12.53,12.46,13.54,12.93,49.32,44.63,29,55,0.5,3.359,45.72,39.42,28.22,3.522,4.892,6.12,13.6,4.7,4.61,3.584,2.318,3.209,2.479,4.839,12.43,13.84,19.77,8.686,2.846,16.58,12.78,8.277,24.84,0.2624,281.6,14.7,30.86,37.41,176.6,198.8,7.8,,,11.19,12.34,15.52,16.08,27.5,0.71,5.16,4.4,0.67,,6.159,7.834,3.82,0.36,4.4,4.4,25.14,,8.49,55,0.76,2.71,13.2,13.2,55,,55,,19.19,,1.595,0.34,18.7,1.62,12.38,5.898,22.16,26.52,25.74,,,23.93,189.5,5.845,44.94,2.518,3.183,3.696,11,5.68,11,,
106-23-0,Citronellal,,14.79,,4.227,13.75,,232.2,18.87,28.63,7.184,22,33,33,33,6.37,33,5.3,11.5,13.25,,10.93,15.1,55,55,26.9,55,55,55,1.2,55,55,7.2,55,20.1,20.1,,,,22,22,,,,,7.57,,,39.73,44.94,38.87,6.515,19.87,26.48,43.04,,,,39.17,,,,17.43,20,28.38,26.11,11.18,13.96,,,,,,,,,19.35,44,13.77,4.045,,,,,,,,,,,,,,,,,,2.1,,,,,,,,6.316,,,,,,,,12.96,61.54,20.24,2.73,1.54,1.91,,1.67,,,2.743,,,,87.01,110,110,,,,,1.63,,123,,,,,,,,,8.24,4.25,22,11.8,55,14.33,20.72,13.63,22,22,22,7.307,22,13.08,13.65,12.45,9.635,6.328,22,11,11,11,6.187,11,11,,0.35,1.64,,,,,,15.29,24.58,21.35,27.8,33,28.74,18.38,33,22.57,21.22,7.297,3.443,22,26.28,33,33,27.58,33,33,,,,,,,6.96,110,7.09,14,43.1,23.06,17.45,44,44,8.82,14.21,44.92,38.93,29.37,,,,,,,,,55,,,,70.12,,,,,,,,,,,,,,,,,,,,,,,,,15.07,,8.631,,,,,,,,,22,4.64,22,46.2,49.91,39.45,38.72,44,21.8,44,59.07,55,23.5,,,,,4.1,35.2,55,55,,,,22,,,,10.6,,,,,,,15.58,,75.93,55,31.9,55,45.23,55,7.77,12.37,15.56,,,,,,17.89,,,,4.3,110,19.67,,25.57,110,15.84,4.576,26.88,55,8.277,21.95,55,55,13.36,55,23.48,,,,,,,12.53,,,26.31,32.01,9.546,55,0.69,6.505,,,,2.5,,9.2,,7.9,,,,,,8.615,7.646,2.172,10.2,45.7,24.5,33.1,34.5,,49.89,,,,,,,,11.2,,,9.7,8.6,20.5,10.83,,,,22,5.459,10.47,,8.68,24.01,11.42,44,44,16.12,,,55,13.89,,,,8.65,,10.7,,12.17,,25.7,1.09,55,1.7,,,,,,,,,,8.858,37.58,,,,,,,180.9,189.8
53939-27-8,(Z)-9-tetradecenal / Z9-14:Ald,,14.14,,0.84,1.08,,,,,6.67,15.36,7.25,33,3.99,0.96,10.7,14.82,11.3,9.271,,,14.3,52.63,48.58,55,53.27,51.19,48.85,0.3,6.1,55,1.5,55,8.6,2,4.96,6.58,5.6,13.88,8.317,,,,,8.872,,,42.08,40.31,38.32,7.301,22.54,21.43,15.62,,,14.9,,,,,30.2,47.6,33,55,,,,,,,,,,,24.53,35.53,42.45,17.7,,,,,,,,,,,,,,,,,,1.6,,,1.182,,0.6444,,,6.84,,,49.57,,,,44.6,14.07,207.2,39.67,3.912,1.325,2.519,3.648,1.572,3.6,,0.8877,,,,110,110,110,,,,,3.07,,,1.597,1.06,1.35,12,11.71,1.56,2.23,2.54,7.743,6.492,5.128,33.13,55,15.78,1.807,22,22,22,22,14.27,22,16.99,22,16.19,11.84,9.783,19.4,5.431,8.604,5.312,1.624,5.568,11.65,6.99,3.17,17.18,1.955,2.525,6.6,,5.8,17.77,31.01,12.39,22.74,6.458,30.39,19.36,19.07,14.06,14.95,1.918,1.468,19.85,51.73,28.88,33,33,26.53,33,,,,,7,4.6,,,4.28,13.46,16.44,36.78,28.17,44,44,12.8,,,,,10.63,4.384,7.493,3.051,,,0.1224,2.71,23.41,,1.251,44.18,74.62,46.48,77.27,26.4,,,,,28.71,45.4,117.1,20.94,26.3,13.55,15.5,18.11,20.87,36.4,16.72,30.28,1.73,4.681,18.81,,1.1,34.3,5.219,,53.95,40.78,1.037,0.8631,3.268,1.679,2.705,7.984,4.03,5.854,3.181,50.82,24.89,25.65,69.8,,,,67.94,46.35,25.44,,,,,10.7,35.2,45.29,55,8.405,,,22,,,,22,12.59,14.71,44,44,34.35,23.97,12.42,15.69,41.08,55,,55,,,,,,1.69,30.94,66.54,47.17,12.69,14.96,17.55,23.67,110,,,17.96,,63.65,,40.93,43.3,46.72,55,6.2,14.1,55,55,55,55,22.6,8.541,,,,,,24.07,15.65,13.42,30.46,55,27.24,55,0.6377,2.538,51.88,38.52,40.79,3,,,,,4.61,5.157,1.97,2.13,1.14,7.204,32.95,5.021,11.39,6.146,3.096,,,,24.92,0.5121,281.6,6.898,23.26,17.39,43.55,258.1,7.8,,,11.92,11.64,14.33,11.62,27.5,0.71,5.16,3.658,1.605,,5.03,8.8,16.39,0.7376,2.924,4.083,55,13.76,,55,1.339,1.465,2.276,12.17,55,,55,,55,,0.5317,0.5184,48.61,2.135,9.97,8.06,,,,,,22.88,147,4.102,48.24,2.518,3.183,3.696,11,5.68,11,357.6,40.76
20126-76-5,(-)-terpinen-4-ol,,,,,,,,,,,22,,,,,,,,,,,,,,,,,,,,,,,,,,,,,,,,,,,,,9.96,55,8.94,1.3,33,33,55,,,,44,,,,33,,33,13.88,,,,,,,,,,,,,,,,,,,,,,,,,,,,,,,,,,,,,,,,,,,,,,,,26.77,507.6,38.52,,2.05,3.42,,2.02,,,,,,,,,,,,,,,,,,,,,,,,,22,8.74,22,42.7,55,,26.51,,,,,,,,,,,,,,,,,,,,,,,,,,,,,,,,,,,,,,,,,,,,,,4.3,,,6.3,,,,40.32,,,,,,,,,,,,,,,,,,,,,,15.55,,,,,,,,,,,,,,,,,,,,,,,,,,57.75,,,,,,,,,,,,,,,,,,,34.41,,,,110,,,,,,,,,,,,,,,,,,,,,,,,,,,,,,,,,,,,,,,,,,,,,,,4.28,,22.97,,,,,,,,,,,,,13.6,,,,,,7.55,10.33,15.84,,,,,,,,,,,,,,,,,,,,,,,,,,,,,,,,,,,,,,,,,,,,,,,,,,,,,,,,,,,,,,,,,,,,,,,,,,,,,,,,,,,,,,,,,,,,
928-94-9,Z-2-hexen-1-ol,,27.31,,,,,,,,,22,,,,,,,,,,,,55,51.69,55,43.27,52.89,49.43,6.42,55,55,38.6,3.84,23.01,3.535,12.08,11.61,10.58,,,,,,,,,,19.68,22.69,23.45,10.18,12.32,33,14.55,,108.8,22,44,,,,33,29.75,33,49.85,,,,,,,,,,,24.53,28.46,77,44,,,,,,,,,,,,,,,,,,,,,0.5,,0.13,,,,,,9.96,,,,44.36,33.43,314.2,127.9,3.88,1.43,2.6,3.72,1.62,,,,,,,88.61,110,110,,,,,,,,5.55,7.2,,9.93,9.94,1.56,2.23,2.54,12.73,12.73,7.387,10.65,55,13,13.57,22,22,22,22,22,22,22,22,,22,22,22,3.846,8.528,5.173,1.009,5.431,11.68,6.99,7.12,13.54,5.124,3.835,,,,2.079,25.01,3.966,12.49,1.304,12.88,14.06,33,30.87,33,22,22,22,55,33,33,33,33,33,,,,,,,,,,,,,,,,,,,,,,4.799,6.104,2.477,,,0.22,2.239,42.64,,2.638,74.11,,46.8,,21.05,17.09,6.75,26.4,8.07,8.361,13.27,82.7,6.19,26.41,26.38,8.695,17.42,11.93,9.438,17.91,18.73,1.73,3.108,18.36,,1.113,30.69,,,49.62,45.43,0.9427,0.7212,2.352,0.7308,0.8414,2.194,17.92,6.329,8.813,47.6,54.16,35.54,110,,,,110,55,10.3,,,,,10.7,35.2,42.56,55,23.3,,,16.35,,,,15.06,12.59,16.06,44,44,26.14,24.62,14.1,4.97,41.08,55,,55,,,,,,1.664,14.88,,,,9.323,17.64,23.67,,,,,,,,55,55,55,55,7.177,21.22,55,46.25,37.9,55,16.92,16.65,,,,,,12.27,9.199,21.93,55,40.62,23.62,55,1.405,1.027,39.03,26.95,20.83,8,,,,,,13.88,,,,7.92,,,27.41,8.052,6.47,,,,32.23,0.64,281.6,5.36,21.17,13.47,27.31,281.6,,9.2,15.8,11,12,17.1,14.49,,,,11.96,0.7195,,,,,3.611,6.978,12.77,55,,,48.23,0.9348,1.297,1.268,10.99,23.72,,8.007,,55,,0.5083,0.3197,,1.284,,,,,,,,17.04,34.04,,,2.518,3.183,3.696,,,,,
6909-30-4,(+) -limonene oxide,,,,,,,,,,,,,,,,,,,,,,,,,,,,,,,,,,,,,,,,,,,,,,,,,,,,,,,,,,,,,,,,,,,,,,,,,,,,,,,,,,,,,,,,,,,,,,,,,,,,,,,,,,,,,,,,,87.87,64.39,226.8,,,,,,,,,,,,,,,,,,,,,,,,,,,,,,,,,,,,,22,22,22,22,22,22,22,22,,22,22,22,,,,,,,,,,,,,,,,,,,,,,,,,,,,,,,,,,,,,,,,,,,,,,,,,,48.08,50.94,26.48,37.81,,,,,,,,,,,,,,,,,,,,,,,,,,,,,,,,,,,,,,,,,,,,,,,,,,,,,,,,,,,,,,,,,,,,,,,,,,,,,,,,,,,,,,,55,40.85,,5.13,15.02,43.34,19.7,23.7,,,,,,,,,,,,,,,,,,,,,,,,,,,,,,,,,22.73,,,,,,55,,,,,,,,,,,,,,,,7.46,,,75.66,,,,,,,,,,,,,,,,,,,,21.6,,,,,,,,,,,,,,,,55,,,,,,,,,,,,,,,,,,,,,,,,,,,,,,,,,
469-61-4,(-)-α-Cedrene,,7.21,,,,,,,,,22,,,,,,,,,,,,,,,,,,0.4,1.4,33.8,2,20,,,,,,22,22,,,,,6.45,,,31.71,30.62,27.19,33,19.05,16.25,21.15,,,,,,,,16.62,55,33,21.83,,,,,,,,,,,,44,77,18.48,,,,,,,,,,,,,,,,,,,,,,,,,,,,,,,,,55,40.82,1100,29.1,,,,,,,,,,,,110,110,110,,,21.91,,,,,,,,,,,,,22,9.03,4.38,16.7,55,23.45,2.6,22,22,22,22,15.09,22,22,22,22,20.09,9.469,22,11,11,11,11,11,11,,4.73,28.07,16.2,11.41,,,,,,,,,15.2,33,16.35,9.22,20.15,11.68,6.25,22,36.93,33,33,19.85,22.71,19.37,,,,,,,1.955,94.62,5.06,5.452,,,,,,,18.61,16.85,29.04,35.68,,,,,,,,,,,,,,,,26.4,,,,,14.85,42.64,122.1,,,11.91,12.18,,38.9,38.5,6.26,38.5,,2.02,,,,,,,,,,,,,,,22,4.9,7.53,,110,110,,,,,,,,,,,,16.8,35.2,22.41,55,,,,,,,,,,,,,,,,27.38,,55,23.97,18.67,8.14,18.6,21.1,13.29,31.29,,15.48,,,,26.6,,,,21.15,,14.72,,,,55,8.47,55,55,7,34.6,55,55,15,55,22.4,5.78,,,,,,10.65,,,27.37,37.01,13.15,55,,,,,,,,,,,,,,,,3.53,,,28.33,471.6,7.39,,,,26.6,,,,,,,,,9.7,16.5,,,,33.73,,,,,,,,,,,,,19.17,,,55,,,,,,,,,,,25.94,3.12,,,6.44,6.17,,,,20.72,19.56,,,,,,,,,,,,
18172-67-3,(1S)-(-)-beta-Pinene,,22.22,,,,,,,,,22,,,,,,,,,,,,,,,,,,,,,,,,,,,,22,22,,,,,6.45,,,55,55,55,33,33,20.93,48.89,,,,,,,,33,20.41,33,15.87,,,,,,,,,,,,44,77,28.91,,,,,,,,,,,,,,,,,,,,,,,,,,,,,,,,,44.02,55.17,311.5,447.4,,,,,,,,,,,,110,110,110,,,,,,,,,,,,,,,,16.58,8.058,22,7.1,55,9.38,27.72,22,22,22,22,22,22,22,22,22,21.38,22,22,11,11,11,11,11,11,,4.298,15.18,12.62,9.537,,,,,,,,,15.2,33,,,,,,,55,,,,,,,,,,5.8,3.7,3.83,94.62,5.06,5.452,,,,,,,20.17,42.64,41.67,31.64,,,,,,,,,,,,,,,,26.4,,,,,14.85,42.64,122.1,,,11.91,12.18,,38.9,38.5,6.26,38.5,,2.02,,,,91.28,,,55,30.9,,,,,,,,,,,97.2,110,,,,,,,,,,,,16.8,35.2,22.41,55,,,,,,,,,,,,,,,13.5,27.38,,55,22.48,25.13,4.893,16.47,21.22,23.36,32.65,,11.28,,,,15.79,,,,21.15,,14.72,,30.29,,55,8.47,55,55,9.8,14.9,55,55,29.2,55,21.6,5.78,,,,,,5.712,,,31.1,55,11.5,55,35.2,32.71,,,,,,,,,,,,,,3.53,,,15.75,471.6,7.031,,,,26.6,,,,,,,,,9.7,16.5,,,,33.25,,,,,,,,,,,,,2.767,,,55,,,,,,,,,,,,,,,6.44,6.17,,,,16.75,15.9,,,,,,,,,,,9.71,74.96
99-76-3,Methyl 4-hydroxybenzoate / HOB,3.97,55,13.39,6.2,24.08,64.18,14.34,7.58,11.04,1.35,22,,,,,,0.08,,,14.9,4.76,,55,55,55,55,28.4,55,,,,,,33,33,,,,,,,,,,,,,13.17,17.48,14.53,8.17,9.68,33,36.65,,,22,,,,,33,55,33,39.91,,,28.26,,,,,,,,,,,,,,,,,,,,,,,,,,,,,0.82,,,,,,,,,,,,,,,,58.17,442.5,305.8,,,,,,,,1.094,,,,60.01,110,110,,,,,,17.78,19.75,,,,,,,,,9.42,10.53,22,12.1,18.1,1.42,35.22,22,17.69,16.87,12.05,22,22,22,22,22,22,22,22,,,,,,,,,,,,,,,,,,,,,,33,23.56,24.15,22,22,22,39.5,33,33,33,33,33,,,,,,,,63.7,7.01,16.04,27.53,44,10.99,44,44,11.25,,,,,,,,,,,,,43.51,,,,41.4,37.19,,26.4,,,,,45.77,77.31,73.07,,,9.81,18.79,,37.29,38.5,38.38,20.25,,7.55,,36.5,,24.72,5.2,,55,48.1,,,,,,,,,,53,32.11,110,25.21,,,,29.55,,,44.98,25.47,56.42,8.918,,,43.3,55,29.5,,,22,,,,5.03,,,,,,,24.91,,14.67,43.84,,,,,,,,,,,,,,39.22,,,,,,,,,55,55,55,55,6.5,23.3,55,55,25.5,55,12.3,18.79,18.43,26.41,21.47,28.39,25.09,55,33.42,19.63,55,47.34,41.95,48.03,,,,,,,,,,,,,,,,,,,8.139,,7.97,27.06,18.22,18.14,36.71,,,,,,,,,11,13.5,,,,11.92,,,,,,,,,,,,,55,,,24.24,,,,,,,,,,,,,55,,16.43,9.62,23.21,20.13,31.74,,,,,,,,,,,,,,
120-51-4,benzoic acid benzyl alcohol ester  / benzyl benzoate,3.397,55,37.62,4.983,20.8,21.26,23.62,4.533,11.04,2.254,22,9.637,6.853,7.117,33,6.684,,,3.658,13.25,6.237,2.7,55,45.46,55,49.56,41.63,44.07,,,,,,33,33,,,,,,,,,,,,,35.4,34.22,30.39,15.58,14.81,33,37.37,,,,,,,,18.95,,33,55,,,,,,,,,,,,7.18,,,,,,,,,,,,,,,,,,,,0.82,,,12.9,,2.5,,,,25.72,,15.69,,,,,58.17,442.5,305.8,,,,,,,,1.9,2.52,,,110,110,110,,,20.35,13.89,,17.78,19.75,5.02,,,,,,,,9.42,10.53,22,14.98,24.29,4.416,32.69,22,18.52,17.83,13.66,22,22,22,22,22,22,22,22,,,,,,,,,,,,,,,33,33,33,33,33,27.28,33,27.16,26.75,33,22,22,22,39.57,33,33,33,33,33,,,,,,,,,,,,,,,,,,,,,,,,,390,9,,,15.7,,,52.16,77.22,37.19,,,,,,,,,,22.32,,38.5,,21.44,,38.5,,26.38,,,,36.5,,30.45,5.348,4.088,55,30.92,,,,,,,,,,32.56,28.75,74,16.95,28.1,24.2,44,25.15,,,,,,,,,55,55,,,,14.61,,,,10.5,,,,,,,11.8,16.88,14.67,19.37,23.8,,5.47,55,22.21,17.5,56.93,,,,,,,,,,10.8,,,,26.5,,55,55,55,55,6.5,23.3,55,55,25.5,55,12.3,18.79,19.55,27.68,24.25,29.51,27.79,55,33.42,19.63,46.26,48.87,32.37,29.49,,,40.3,37.94,14.82,10,,7.5,,,,,,,,,,,5.71,35.82,5.586,82.6,21.6,19.5,29.45,,,,,,,,,,,,,,11.53,,,,31.11,,9.89,,8.03,,13.11,31.11,31.11,55,,9.52,11.88,,,,,25.12,,21.45,,9.389,,,,49.72,13.26,,,,,,,,,,4.07,31.86,,,,,,,,
4748-78-1,4-ethyl Benzaldehyde,3.68,55,60.83,2.48,17.95,18.77,18.11,9.73,,4.76,22,,,,,,0.17,,,,,,,,,,,,,,,,,33,33,,,,22,22,,,,,22,,,38.05,38.41,35.38,7.958,16.28,33,55,,,22,,,,,33,55,33,55,,,,,,,,,,,,44,77,44,,,,,,,,,,,,,,,,,,,,,,,,,,,,,,,,,,,,,,,,,,,,,2.649,,,110,110,110,,,28.43,,,,,0.85,8.67,,,,,,,22,12.23,22,24.5,55,86,55,22,22,22,22,22,22,22,22,22,22,22,22,3.05,11,11,1.62,11,11,,8.79,31.86,11.56,20.36,,,,,,,,,,,8.9,24.49,12.75,22,22,22,22.3,33,33,33,16.26,33,,,,,,,,,,,,,,,,,,,,,,,,,,8.1,,,44.21,,,,29.64,,,26.4,,,,,32.16,75.41,80.66,,24.96,14.07,20.85,11.6,44.69,6.81,34.71,23.84,,10.53,,5.54,,15.75,8.04,,55,34.8,,,,,,,,,,49,23.35,19.47,40.46,,,,32.14,,,36.45,48.21,27.95,11.72,35.2,12.9,55,55,,,,22,,,,5.66,,18.75,21.7,44,18.93,18.06,11.2,,,55,,,,,,,,0.81,15.56,,,,,,13.83,,3.819,,,,,,55,55,55,,,,,,,,,,14.19,33.08,23.75,31.79,27.05,,,,55,33.3,29.3,55,,,40.3,37.94,14.82,,,,,,,,,,,,,,2.73,,,,,,16.94,,,,,,,,,,,9.5,10.5,16.2,96.51,,,,22,,,,,,22,22,22,55,,,55,,,,,7.75,,7.47,,16.22,,,,55,13.13,,,,,,,,,,4.163,20.23,,,,,,,192.9,523.1
14816-18-3,Phoxim,,,,,,,,,,,,,,,,,,,,,13.7,,55,55,55,55,28.4,55,,,,,,,,,,,3.27,4.17,4.92,4.58,4.73,4.85,,3.3,3.27,,,,,,,,,,,,,,,,,,,,,,,,,,,,,,,,,,,,,,,,,,,,,,,,,,,,,,,,,,,,,,,,,,,,,,,,,,,,,,,,,,,,,,,,,,,,,,,,,,,,,,,,,22,12.5,11.04,4.61,22,22,22,22,,22,22,22,,,,,,,,,,,,,,,,,,,,,,33,33,33,22,22,22,,33,33,33,33,33,,,,,,,,,,,,,,,,,,,,,,,,,,,,,,,,,,,,,,,,,,,,,,,,,,,,,,,,,,,,,,,,,,,,,,,,,,,,,,,,,,,,,,,,,,,,,,,,,,,,,,,,,,,55,,,,,,,,,,,,,,,,,,,,,,,,,,,,,,,,,,,,,,,,,,,55,55,27.9,55,,,,,,,,,,,,,,,,,,,2.71,,,,,,,,,,,,,,,,,,,,,,,,,,,,,,,,,55,,,55,,,,,,,,,,,,,,,,,,,,,,,,,,,,,,,,,
584-02-1,3-pentanol,,,,,,,,,,,22,,,,,,,,,,,,,,,,,,,,,,,,,,,,,,,,,,,,,45.36,55,37.09,6.22,33,33,40.59,,,,,,,,33,,33,55,,,,,,,,,,,,,,,,,,,,,,,,,,,,,,,,,,,,,,,,,,,,,,,55,73.53,1100,179.2,,,,,,,,,,,,110,110,110,,,,,5.882,19.58,,,,,,,,,,,,,42.4,55,,55,22,22,22,22,22,22,22,22,,22,22,22,,,,,,,,,,,,,,,,,,,,33,25.18,16.19,9.25,33,22,22,22,22.6,33,33,33,30.76,28.62,,,,,,,,,,,,,,,,,,,,,,,,,,,,,55,,,140.9,,,,,,,,,,,,,,,,,,,,,,,,,,77.97,,,41.7,55,,,,,,,,,,,,,,,,,,,,,,,,,,,,,,,22,,,,22,,,,,,,,,,55,,55,,,,,,,,,,,19.76,,,,,,,,,,,,,,,,,,,,,11.79,,,,,,5.87,13.99,19.55,55,55,55,55,,,,,,,,,,,,,,,,18.65,,,20.36,,31.12,,,,,,,,,,,,,,,,,,,,,,,,,,,,,,,55,,,55,,,,,,,,,,,,,55,,9.32,3.33,13.28,26.05,22.13,,,,,,,,,,,,,,
91-20-3,naphthalene,,,,,,,,,,,22,,,,,,,,15.3,,,16.8,,,,,,,,,,,,,,,,,,,,,,,,,,27.12,22.42,24.65,14.5,13.13,33,55,15.49,,,,,,,33,55,33,55,,,,,,,,,,,,,,,,,,,,,,,,,,,,,,,,,,,,,,,,,,,,,,,,,,,,,,,,,,,,,,,,,,,32.47,,6.15,66.11,68.86,,,,,,,,,,,,,,,,22,22,22,22,22,22,22,22,22,22,22,22,,,,,,,,,,,,,,,,,,,,,,,,,,,,,,,,,,,,,,,,,,,,,,,,,,,,,,,,,,,,,,,,,,,,,,,,,,,,,,,,,,,,,,,,,,,75.24,12.9,,,,,,,,,,,,,,110,110,,,,,,,,61.7,19.17,15.65,13.68,,,,,,,,,,,,22,,,,,,,,34.44,,55,,,,,,,,,,,,,,,,,,,,,,,,,,,,,,,,,,,,,,,,,,,55,33.7,26.6,55,,,39.32,38.01,31.63,,,,,,,,,,,15.03,,,13.65,,,,,,,,,,,,,,,,,,,,11.53,,,,,,,,,,,,,,,,55,,,,,8.07,,55,,10.03,,,,55,,,,,,,,,,,,,,,,,,,29.79,27.29
629-62-9,pentadecane,,22.11,,0.84,12.54,,312.7,47.69,31.35,4.112,19.83,7.25,33,3.99,0.96,10.7,14.7,11.23,9.748,,,12.74,55,51.6,55,55,55,55,26.01,48.82,55,33.56,15.62,13.32,7.53,33,33,33,22,22,,,,,17.71,,,44.39,45.3,46.86,6.057,27.65,25.25,55,13.42,59.53,15.22,31.08,,,,31.41,35.59,33,55,,,44.15,,,,,,,,17.3,42.56,60.94,34.99,,,,,,,,,,,,,,,,,,0.44,,,8.279,,24.1,,,6.707,,,69.78,,,,55,35.74,380.7,48.45,3.92,1.3,2.5,3.63,1.56,3.6,,0.863,,33,33,110,110,110,,,,,2.85,,,2.819,11.24,8.215,17.31,17.18,2.479,2.839,3.257,11.92,15.36,22,21.27,55,13.74,38.09,22,22,22,22,22,22,22,8.387,11.74,12.57,22,22,7.413,11,11,2.869,11,11,6.12,7.634,36.36,5.329,7.611,6.6,,6.939,21.8,22.97,15.06,28.53,14.69,33,19.24,16.39,24.74,33,22,22,19.54,46.6,28.8,33,33,20.94,33,,,,,7,4.6,,,6.645,16.96,21.5,41.74,20.32,44,44,16.79,,,,,10.63,,7.26,2.24,,,0.0995,2.124,47.4,,1.413,46.52,83.17,48.83,26.95,26.4,21,4.759,17.38,6.806,11.41,19.77,96.2,27.57,32.26,23.65,11.46,8.534,20,25.26,21.62,29.91,2.25,6.24,19.55,78.19,1.151,24.57,10.23,,52.49,42.24,1.055,0.8593,2.52,1.711,1.936,11.5,3.409,5.141,3.067,51,50.16,58.09,54.93,,,,100.2,55,25.72,,,,,5.2,35.2,13.84,55,8.133,2.879,2.49,4.141,3.011,22,4.282,17.72,11.17,10.19,44,44,44,18.17,10.23,39.51,,55,,55,,,,,,,31.37,66.54,47.17,12.69,14.66,19.25,,98.63,,,20.04,,54.33,110,55,55,55,55,4,13.2,55,55,9.3,55,2,14.55,26.83,8.5,40.4,26.31,7.64,19.71,17.69,13.86,55,55,55,55,0.5286,8.065,52.19,38.98,41.62,3.256,,5.073,,,,,,,,16.59,24.77,1.004,17.93,5.455,5.713,,,,29.58,0.64,281.6,5.36,21.17,13.47,27.31,281.6,7.8,,,15.44,13.95,17.5,11.39,,,,14.6,8.586,12.59,4.382,8.8,,4.362,9.918,15.47,15.16,13.76,8.49,55,3.947,3.197,3.26,13.2,55,,55,,17.22,,1.594,1.69,55,7.736,7.597,5.882,22.41,28.61,27.07,,,23.93,189.5,4.924,44.58,2.518,3.183,3.696,11,5.68,11,465.7,46.22
111-87-5,1-octanol,,19.6,,0.84,11.81,,312.7,47.69,31.35,3.482,22,7.25,33,3.99,0.96,10.7,14.6,11.62,10.25,,,12.09,55,51.6,55,55,55,55,22.84,55,55,37.81,6.704,22.16,4.729,33,33,33,22,22,,,,,17.71,,,53.49,47.73,52.92,7.493,20.81,24.65,26.03,13.38,59.53,14.69,31.18,,,,32.21,26.61,33,55,,,44.07,,,,,,,,17.33,24.73,13.43,6.344,,,,,,,,,,,,,,,,,,0.44,,,5.242,,10.3,,,6.569,,,69.78,,,,55,35.74,380.7,48.45,3.92,1.3,2.5,3.63,1.56,3.6,,0.863,,33,33,83.79,110,110,,,24.6,,2.85,,,3.797,12.07,8.141,12,11.71,2.449,2.821,3.235,13.87,13.82,22,23.95,55,17.47,41.71,22,22,22,22,22,22,22,8.387,10.4,12.57,22,22,6.217,11,11,2.379,11,11,5.04,8.534,39.61,3.79,4.647,6.6,,7.249,16.61,20.41,14.62,29.16,21.8,17.17,19.12,24.72,29.87,33,22,22,21.19,51.03,29.29,33,33,26.78,33,,,,,7,4.6,,,7.956,19.22,25.83,43.15,20.5,44,44,21.77,,,,,10.63,4.799,6.268,2.439,,,0.1551,2.019,52.49,,1.21,47.52,81.9,48.83,17.88,7.829,21.14,4.771,17.44,6.873,10.41,4.789,83.65,23.06,32.74,23.65,9.544,7.791,19.01,25.26,27.36,29.91,2.102,6.076,19.55,94.11,1.152,15.86,10.23,,51.84,41.69,1.004,0.7493,1.806,1.711,1.936,11.5,3.068,3.896,2.764,50.58,35.89,40.65,49.09,,,,94.21,55,14.31,,,,,5.2,35.2,25.26,55,8.009,3.81,2.5,4.141,3.011,22,4.282,17.72,11.17,10.19,44,44,44,18.17,7.536,35.96,,55,,55,,,,,,,31.37,66.54,47.17,12.69,15.06,18.86,,91.72,,,21.63,,48.99,110,55,29.4,37.84,55,4,13.2,55,55,9.3,55,2,14.55,26.83,8.5,40.4,26.31,7.64,19.71,16.57,13.7,55,55,55,55,0.5664,4.723,52.12,33.55,39.08,3.326,,5.148,,,,13.88,,,,9.667,15.63,1.041,16.53,5.14,5.146,,,,28.72,,,,,,,,7.8,,,14.31,13.87,17.13,10.51,,,,10.15,1.54,12.59,4.365,8.8,16.39,4.655,10.03,14.89,13.54,13.76,8.49,55,1.364,3.133,1.468,11.73,55,,55,,13.57,,0.7585,0.4473,55,2.744,6.481,5.112,22.36,30.1,22.22,,,23.93,189.5,6.67,43.92,,,,11,5.68,11,334.1,49.1
3658-80-8,dimethyl trisulfide,,,,,,,,,,,,,,,,,,,,,,,,,,,,,,,,,,,,,,,,,,,,,,,,,,,,,,,,,,,,,,,,,,,,,,,,,,,,,,,,,,,,,,,,,,,,,,,,,,,,,,,,,,,,,,,,,,,,,,,,,,,,,33,33,,,,,,,,,,,,,,,,,,,,,,,,,,,,,,,,,,,,,,,,,,,,,,,,,,,,,,,,,,,,,,,,,,,,,,,,,,,,,,,4.21,32.82,14.11,9.89,13.25,44,44,14.11,,,,,,,,,,,,,,,,,,31.01,,,,,,,,,,,,,,,,,,,,,,,,21.39,,,,,,,,,,,,,,,,,,,,,,,,,,,,,,,,,,,,,,,,,,,,,,,,,,,,,,,,,,,,,,,,,,,,,,,,,,,,,,,,,,,,,,,,,,,,,,,,,,,,,,,,,,,,,,,,,,,,,,,,,,,,,,,,,,,,,,,,,,,,,,,,,,,,,,,,,,,,,,,,,,,,,,,,,,,,,,,,,,,,,,,
1335-39-3,2-Hexen-1-al,,23.35,,,,,,,,,20.56,7.25,33,3.99,0.96,10.7,13.24,10.13,11.7,,,14.3,55,36.65,55,50.72,55,55,1.239,23.46,31.25,6.819,15.98,17.77,11.46,4.548,4.242,3.848,22,22,,,,,22,,,11.32,13.16,14.52,10.69,15.24,33,22.01,,108.8,18.47,44,,,,33,19.05,33,55,,,23.14,,,,,,,,24.53,35.42,61.33,31.07,,,,,,,,,,,,,,,,,,,,,,,,,,,,,12.1,,,,41.05,26.97,795.8,59.03,3.884,1.415,2.589,3.71,1.613,3.6,,0.9126,,,,46.12,110,110,,,,,,,,1.39,,,,,,,,9.877,6.481,7.152,28.99,55,18.43,7.584,22,22,22,22,21.2,22,21.31,22,17.57,20.34,20.03,22,6.974,8.95,5.97,1.918,6.211,11.54,6.99,2.974,17.79,9.46,6.503,6.6,,5.8,33,33,18.03,27.41,9.904,26.83,11.7,21.1,29.13,30.38,17.86,18.23,21.68,55,32.38,33,33,31.99,33,,,,,7,4.6,,,4.28,13.46,16.44,36.78,28.17,44,44,12.8,,,,,,4.54,7.608,3.791,,,0.22,3.15,28.38,,2.786,53.01,72.83,39.81,67.14,26.4,,,,,19.66,33.15,81.16,17.1,26.86,18.16,19.76,20.65,25.39,6.156,21.25,18.48,1.73,8.179,17.38,,1.127,18.98,5.219,,49.2,37.51,0.9581,0.8261,4.561,1.96,3.102,9.566,19.47,17.3,15.79,51.63,24.89,25.65,38.01,,,,57.28,51.8,9.528,,,,,10.7,35.2,48.07,55,23.3,,,22,,,,14.59,12.59,16.06,44,44,26.14,24.62,7.619,22.03,41.08,55,,55,,,,,,1.69,9.076,66.54,47.17,12.69,13.15,17.24,23.67,110,,,,,65.83,,52.16,50.23,51.7,55,6.2,14.1,55,55,55,55,22.6,9.256,,,,,,14.19,18.97,21.04,55,55,24.1,55,0.5692,35.2,43.18,36.78,33.16,3,,,,,,,,,,9.102,,,40.52,6.753,5.261,,,,26.4,0.64,281.6,5.36,21.17,13.47,27.31,281.6,7.8,,,9.982,13.28,14.5,26.02,,,,23.59,2.489,,5.03,8.8,,15.61,22.72,24.2,55,,,55,1.46,1.481,2.969,13.2,20.52,,18.27,,55,,,0.6712,55,2.73,,8.06,,,,,,19.84,65.71,4.153,48.24,2.518,3.183,3.696,11,5.68,11,,
1211-29-6,Methyl jasmonate,,,,,,,,,,,,,,,,,,,,,,,,,,,,,,,,,,,,,,,,,,,,,,,,,,,,,,,,,,,,,,,,,,,,,,,,,,,,,,,,,,,,,,,,,,,,,,,,,,,,,,,,,,,,,,,,,,,,,,,,,,,,,,,,,,,,,,,,,,,,,,,,,,,,,,,,,,,,,,,,,,,,,,,,,,,,,,,,,,,,,,,,,,,,,,,,,,,,,,,,,,,,,,,,,,,,,,,,,,,,,,,,,,,,,,,,,,,,,35.82,60.81,,,23.78,13.05,14.24,,28,,30.87,,,,,,,,,,,,,,,,,,,,,,,,,,,,,,,,,,,,,,,,,,,,,,,,,,,,,,,,,,,,,,,,,,,,,,,,,,,,,,,,,,,,,,,,,,,,,,,,,,,,,,,,,,,,,,,,,,,,,,,,,,,,,,,,,,,,,,,,,,,,,,,,,,,,,,,,,,,,,,,,,,,,,,,,,,,,,,,,,,,,,,,,,,,,,,
16974-10-0,(Z)-7-Tetradecenyl acetate / Z7-14:Ac,,14.75,,2.27,8.398,,361.4,42.55,34.09,4.332,20.96,7.176,6.603,3.926,13.26,6.296,14.11,10.72,9.146,13.15,4.735,13.34,55,49.93,55,42.49,55,55,13.41,55,55,34.31,9.773,8.981,3.436,1.099,0.8218,2.051,6.22,1.526,,,,,1.821,,,27.37,36.25,37.48,5.995,22.15,29.96,39.93,17.72,101.6,17.65,37.68,,,,33,47.8,33,52.07,,,40.22,,,,,,,,17.63,28.19,35.9,20.66,,,,,,,,,,,,,,,,,,0.7014,,,1.168,,0.2813,,,6.054,19.64,,86.82,,,,27.28,20.05,255,40.44,3.92,1.3,2.5,3.63,1.56,3.6,,0.8848,,33,33,75.12,110,97.55,,,12.36,13.89,2.884,,,1.916,4.638,2.855,12,11.71,1.882,2.459,2.809,6.094,5.727,5.31,24.56,49.15,12.11,1.197,22,22,22,22,19.5,22,22,22,8.683,14.62,14.14,22,5.344,8.516,5.153,1.569,5.412,11.68,14.38,3.083,16.73,2.012,2.124,6.6,,5.8,8.17,20.75,12.62,24.65,12.52,30.28,14.18,27.86,23.33,25.72,8.371,8.548,22,44.22,33,33,33,33,33,,2.47,9,,6.122,4.857,,,5.86,15.6,19.07,40.7,20.51,44,44,14.23,,,,,10.63,5.657,8.302,3.928,,,0.112,1.18,21.56,,0.9468,42.24,72.83,48.83,129.4,26.4,20.58,4.091,14.44,5.661,18.61,32.11,93.33,16.93,20.83,22.02,8.559,14.53,19.44,25.3,26.34,28.64,1.898,1.691,20.41,63.15,1.135,25.79,4.376,5.13,51.7,43.99,1.753,1.611,1.864,1.255,9.629,1.011,1.731,1.645,1.529,51.42,65.27,68.7,40.41,28.1,24.2,44,42.13,55,33.46,,,,,18.3,31.01,32.05,49.87,6.93,3.81,2.5,14.43,3.011,22,4.282,12.82,,12.74,44,44,44,22.11,14.06,34.68,,55,,55,,,,,,,9.032,37.09,31.44,17.8,13.39,18.51,,110,,,21.42,,67.3,110,50.96,48.28,50.32,55,6.488,28.77,55,42.63,14.55,55,6.916,8.598,20.04,13.72,33.07,27.26,11.89,13.28,15.2,13.25,43.95,45.37,29.4,55,0.34,3.769,46.84,39.91,30.4,3.482,4.892,5.896,13.6,4.7,4.61,3.584,2.318,3.209,2.479,4.463,14.36,8.169,20.08,8.879,2.893,15.88,12.78,8.277,25.78,0.2602,281.6,14.85,30.97,37.78,179.8,198.1,7.8,,,12.12,13.15,15.78,15.36,27.5,0.71,5.16,3.19,0.5,,6.149,7.885,3.82,0.73,4.4,3.16,22.82,13.76,8.49,55,0.6453,1.252,13.2,10.16,55,,55,,19.23,,1.639,0.46,19.04,1.687,10.66,5.859,22.3,26.41,26.17,,,23.93,189.5,5.3,44.92,2.518,3.183,3.696,11,5.68,11,304.9,63.05
5146-66-7,Geranyl nitrile / Citralva,,7.345,,4.246,13.85,,232.2,18.87,28.63,6.915,22,,,,,,,,9.2,,1.8,,55,55,39.28,55,55,44.59,0.4,9.1,18.9,1.5,6.8,20.1,20.1,,,,22,12.9,,,,,7.288,,,33.47,37.92,36.2,2.922,19.99,22.77,42.06,,,,29.88,26.3,9.5,39.1,24.4,20,26.6,18.49,11.18,16.44,,,,,,,,,19.35,40.97,32.69,44,,,,,,,,,,,,,,,,,,0.28,,,,,,,,5.29,,,,,,,,3.473,90.93,15.16,2.73,1.54,1.91,,1.67,,,2.459,,,,85.07,110,110,,,,,1.804,,123,,,,,,,,,4.54,5.487,11.14,13.09,50.96,10.52,8.973,8.741,22,22,22,7.236,22,11.36,13.26,6.704,9.591,3.964,22,11,11,11,7.02,11,11,,0.35,1.64,2.078,4.082,,,,11.33,12.2,8.226,12.59,25.02,21.1,27.1,24.48,19.09,25.23,10.45,6.33,20.33,22.3,33,33,28.39,29.18,31.03,,,4.911,,,,6.96,110,7.09,14,43.1,23.06,17.45,44,44,8.82,14.21,44.92,38.93,29.37,,,,,,,,,55,10.95,,,35.82,,,,,,,,,,,,,38.5,,,,38.5,,38.5,,,,,,13.83,,5.4,55,34.11,,,,,,,13.6,4.887,13.16,46.2,42.95,36.67,32.55,44,21.8,44,64.32,55,23.5,,,,,4.1,35.2,55,55,86.5,,,22,,,,13.2,,,,,,,14.71,,75.93,55,31.9,55,45.23,55,7.77,12.37,15.56,,15.1,,,,19.63,26.79,,110,4.3,110,15.08,,25.57,110,13.27,3.358,17.06,55,5.71,22.64,55,52.09,5.768,55,11.51,13.08,,,,,,17.91,8.733,22.61,27.38,31.85,11.05,55,1.559,8.518,,,,2.746,,8.223,,7.486,,,,,,6.858,8.447,3.694,12.35,20.28,9.778,33.1,34.5,,39.31,,,,,,,,11.2,8.9,6.4,9.7,8.6,4.564,9.882,,,,22,6.156,10.47,,11.8,25.3,11.25,44,44,14.18,13.46,10.4,55,10.45,,,,8.65,,10.7,,12.17,,25.7,1.81,55,3.552,,,,,,,,,,11.86,37.58,,,,,,,180.9,189.8
7786-61-0,4-ethenyl-2-methoxyphenol / 2‐methoxy‐4‐vinylphenol / 4-vinylguaiacol,3.68,,40.93,,2.15,34.83,3.72,,,3.825,,,,,,,,,,,,,,,,,,,4.587,14.04,21.85,25.14,11.5,33,33,,,,,,,,,,,,,,,,,,,,,,,,,,,,,,,,,,,,,,,,,,23.91,77,44,,,,,,,,,,,,,,,,,,0.09,,,,,,,,,170.5,,,,,,,,,,,,,,,,,4.7,,,,110,110,110,,,36.05,,3.81,,,,8.67,,,,,,,,,,,,,,,,,,,,,,,,,,,,,,,,,,,11.56,20.36,,,7.4,,,,,,,,,,,,,,,,,,,,,,,,,,,,,,,,,,,,32.07,94.97,71.58,34.47,,,,,,8.1,,,,,,,88.87,,,,,,,,,,,,,,,,,,,,,,,,,,11.66,,,,,,,,,,,,,44.9,30.01,110,110,,,,32.15,,,,,,,,,,,,,,22,,,,,,,,,,,,,,,216.7,,,,,,2.95,,,,,,,,,,,,,,,,,,,,,,,,,,,,,,,,,13.53,,,,,,,,,,,,3.49,,9.2,,,,,,,,,,,,,,10.3,12.1,8,,,,,,,,,,,,,,,,,,,,,,,,,,,,,,,,,,,,55,,55,,23.4,,,,,,,,,,,,,,,3.73,20.23,,,,,,,,
68-26-8,Retinol,,,14.69,1.54,7.33,23.07,7.76,4.12,10.2,3.79,11.86,25.02,26.64,6.813,2.112,21.67,,,3.1,,4.2,,55,19,22.1,55,55,55,0.3,1.4,9.5,1,7.2,,,,,,,,,,,,,,,55,55,55,6.47,18.02,6.63,1.88,,,,17.7,,,,15.29,23.8,33,19.5,7.09,8.47,,4.7,7.61,5.8,6.56,11.63,8.11,18.03,7.34,,,,,,,,,,,,,,,,,,,,,0.54,,,,,,,,,30.06,,15.37,,,,,,,,,,,,,,2.7,0.6,,,,32.1,110,110,5.15,3.62,,,,,,7.711,0.9674,1.9,,,,,,7.67,22,22,13.2,28.9,5.32,7.13,22,22,22,22,10.57,22,13.9,22,22,14.51,8.751,11.38,,,,,,,,,,10.06,9.85,,,,,,,,,12.93,33,17.14,11.49,24.84,15.02,5.06,10.21,4.9,13.32,33,16.53,13.69,9.26,,,,,,,,,,,,,,,,,,,,,,,,,,1.39,,,12.59,,,7.92,,,,,,,,,,,49.36,,,,,,,,,,,6.66,20.15,,,,,,12.9,12.3,,,,,,,,,,6.9,4.3,4.47,13.38,35.6,9.7,44,5.36,55,55,,,,,,,,,,,,,,,,,9.22,,,,,,6.5,12.45,9.92,27.81,,,,,,,,0.26,8.97,,,,11.78,,25.12,40.69,10.6,51.28,4.37,110,5.79,15.51,3.43,2.47,7.14,,,,,,,,,5.06,,,,,,,,,21.5,22.2,6.1,25.09,,,,,,2.3,,6.3,13,9.1,,,,,,2.34,14.44,12.17,9.136,,,3.7,12.1,4.9,,,,,,,,,,,,,,,,,,,13.81,11.58,14.25,,16.79,,4.35,11.01,9.66,1.39,14.75,6.57,21.23,,,,,11.44,,5.07,,4.93,,,,55,,,,,,,,,,,,,,,,,,,,
106-25-2,"cis-3,7-Dimethyl-2,6-octadien-1-ol / nerol",,10.01,,9.1,49.9,,309.4,64.77,20.69,6.13,22,33,33,33,6.37,33,5.3,11.5,9.565,,2.182,15.1,55,55,32.72,55,55,49.13,0.6492,6.411,45.9,6.234,35.12,20.1,20.1,,,,22,13.03,,,,,7.306,,,39.71,42.86,41.56,2.085,17.34,19.86,46.49,,,,31.34,26.3,9.5,39.1,27.14,20,24.04,16.34,11.18,15.2,,,,,,,,,19.7,41.74,9.912,4.215,,,,,,,,,,,,,,,,,,1.152,,,,,,,,5.266,,,,,,,,3.208,92.2,14.86,3.001,1.564,1.893,,1.602,,,1.987,,,,74.93,110,110,,,29.77,,2.004,,123,,,,,,,,,4.471,6.648,11.66,10.13,51.47,9.968,10.9,8.139,22,22,22,5.082,22,10.74,10.49,6.626,7.004,3.256,22,11,11,11,7.588,11,11,,0.4749,2.107,2.765,4.945,,,,15.57,16.09,12.12,16.34,26.89,22.18,27.31,26.07,18.24,22.39,6.775,4.679,20.92,22.2,33,33,26.3,30.51,30.33,,,4.911,,,,6.96,110,5.563,10.49,43.1,23.06,17.45,44,44,8.82,14.21,44.92,38.93,29.37,,,,,,,,,55,10.95,,,26.72,,,17.58,,,,,12.44,44.06,69.43,32.27,32.83,21.49,11.06,10.89,16.79,38.5,,31.75,,11.77,,,,15.83,,5.4,55,34.27,,,,,,,13.1,4.907,12.64,46.57,39.03,36.39,28.49,44,21.8,44,84.03,55,23.5,,,,,5.121,32.99,55,55,86.5,,,22,,,,11.44,11,,,,,,14.07,,75.93,55,31.9,55,45.23,55,7.77,12.37,15.56,,15.29,,,,17.34,26.79,23.97,110,4.3,110,19.04,,25.57,110,8.931,2.152,15.19,55,6.643,25.8,55,53.28,8.364,55,13.7,14.83,,,,,,19.27,10.25,22.18,30.8,33.69,11.99,55,1.329,7.793,,,,2.628,,7.824,,7.488,,,,,,6.087,4.746,2.215,11.81,22.06,7.666,33.1,34.5,,51.93,,,,,,,,11.2,8.9,6.4,9.7,8.6,4.002,11.31,,,,22,6.771,10.47,,10.3,24.67,12.23,43.25,44,17.26,13.46,10.4,50.82,9.825,,,,8.65,,10.7,,12.17,,25.7,1.486,55,2.901,,,,,,,,,,11.73,37.58,,,,,,,180.9,189.8
544-12-7,E-3-hexen-1-ol / trans-3-Hexen-1-ol,,19.29,,,,,,,,,22,,,,,,,,,11.6,16.1,,52.98,55,55,52.97,40.39,25.3,3.8,55,55,17.6,55,17,4.419,17.14,17.73,19.69,,,,,,,,,,13.23,17.18,17.34,15.28,15.54,33,18.35,21.53,,22,,,,,33,55,33,52.14,,,,,,,,,,,,37.13,63.23,38.59,,,,,,,,,,,,,,,,,,,,,,,,,,,35,,,,,,47.15,56.73,311.7,46.95,,,,,,,,,,,,110,110,110,,,,,4.41,,,5.55,7.2,,9.93,9.94,1.56,2.23,2.54,22,22,17.34,10.65,55,13,10.5,22,22,22,22,22,22,22,22,3.72,22,22,22,4.08,11,11,1.51,11,11,97.03,33.53,21.21,19.99,14.87,,,,,,,,,9.757,15.57,33,33,33,22,22,22,31.4,33,33,33,33,33,,2.47,,,5.7,5,,,,,,,,,,,,,,,,4.799,6.104,2.477,,,0.22,2.011,55,,2.467,172.6,,46.8,75.61,11.05,17.09,6.75,26.4,8.07,14.06,12.79,74.1,6.19,,14.43,18.84,14.35,38.7,12.19,24.79,21.32,1.73,7.289,17.96,,1.106,93.15,,,55,46.39,0.9343,0.6697,1.64,0.68,0.6524,1.849,13.51,5.836,13.94,47.6,110,47.84,50.7,,,,51.71,55,12.76,,,,,17.8,32.26,25.37,55,9.339,,,22,,,,8.89,,13.58,44,44,44,23.39,12.28,12.45,41.08,55,,55,,,,,,1.64,20.72,25.57,24.29,22.07,6.99,18.07,,,,,,,,,55,55,55,55,8.412,33.63,55,38.7,26.01,55,13.81,53.85,,,,,,16.71,14.44,22.67,55,55,21.1,55,9.85,7.143,37.95,19.72,14.13,8,,,,,4.61,7.142,1.97,2.13,1.14,14.19,22.54,44,42.37,15.23,5.553,,,,35.04,,,,,,,,,9.2,15.8,10.3,12.8,14.48,13.23,,,,18.92,0.3641,,,,16.39,11.77,17.04,19.52,55,,,26.37,0.9154,1.26,1.217,10.72,55,,8.07,,55,,0.5083,0.3191,30.14,2.548,14.27,7.18,18.68,31.36,14.32,,,16.27,36.73,,,,,,,,,922.8,619.6
1576-95-0,Z-2-penten-1-ol,,19.29,,,,,,,,,22,,,,,,,,,,,,50.94,55,55,49.42,42.65,31.44,,,,,,13.23,4.694,4.62,5.12,7.01,,,,,,,,,,10.81,15.33,15.02,17.16,17.41,33,17.58,21.53,,22,,,,,33,55,33,49.85,,,,,,,,,,,,30.61,70.9,44,,,,,,,,,,,,,,,,,,,,,,,,,,,,,,,,,45.39,34.59,99.8,41.67,,,,,,,,,,,,110,110,110,,,,,4.41,,,5.55,7.2,,9.93,9.94,,,,22,22,22,10.65,55,13,38.38,22,22,22,22,22,22,22,22,,22,22,22,4.08,11,11,1.51,11,11,20.54,33.53,21.21,19.99,14.87,,,,,,,,,10.83,15.28,33,25.52,33,22,22,22,31.4,33,33,33,33,33,,2.47,,,5.7,5,,,,,,,,,,,,,,,,,,,,,,,55,,2.391,172.6,,46.8,75.61,11.68,,,,,18.19,,72.7,,,12.66,19.1,14.35,33.86,12.72,29.11,24.88,,8.274,18.35,,,110,,,55,43.29,,,,,,,7.3,22,22,47.6,110,47.84,77.25,,,,67.81,55,13.16,,,,,14.28,33.5,30.69,52.98,9.339,,,22,,,,8.89,,13.58,44,44,44,23.39,12.9,14.33,41.08,55,,55,,,,,,1.64,13.08,25.57,24.29,22.07,8.723,18.77,,,,,,,,,55,55,55,55,8.594,36.22,55,38.03,25.2,55,14.54,29.61,,,,,,21.86,11.47,22.2,55,47.48,22.63,55,35.2,17.39,37.95,19.72,14.13,8,,,,,4.61,6.554,1.97,2.13,1.14,11.74,,,31.13,12.98,6.982,,,,33.13,,,,,,,,,9.2,15.8,10.77,12.5,15.01,13.92,,,,25.14,0.65,,,,,18.48,25.14,25.14,55,,,37.83,,,,,55,,8.07,,55,,,0.52,30.14,6.724,14.27,7.18,18.68,31.36,14.32,,,15.57,39.49,,,,,,,,,922.8,619.6
616-25-1,1-penten-3-ol,,,,,,,,,,,,,,,,,,,,,,,,,,,,,,,,,,,,,,,22,22,,,,,22,,,,,,,,,,,,,,,,,,,,,,,,,,,,,,,,,,,,,,,,,,,,,,,,,,,,,,,,,,,,,,,,,,,55,229.9,165.8,271.7,,,,,,,,,,,,110,110,110,,,,,,19.58,,,,,,,,,,,,,50.12,55,,31.09,22,22,22,22,22,22,22,22,,22,22,22,3.73,11,11,1.87,11,11,,,,,,,,8.1,,,,,,33,16.72,,,,,,22,,33,33,33,33,33,,,,,,,,,,,,,,,,,,,,,,,,,,,,,55,,,140.9,,,,,,,,,,,,,,,,,,,,,,,,,,77.97,,,41.7,55,,,,,,,,,,,48.08,110,110,,,,49.95,55,29.4,,,,,,,,,,,,22,,,,22,11.17,,,,,,,,,55,,,,,,,,,,,,,19.76,,,,,,,,,,,,,,,,,,,,,7.985,,,,,,23.49,14.03,19.43,,,,55,,,,,,,,,,,,,,,,18.65,,,,,,,,,,,,,,,,,,,,,,,21.53,,,,,,,,,,,,,,,,55,,,,,,,,,,,,,,,9.203,4.666,14.3,30.18,22.13,,,,,,,,,,,,,922.8,619.6
61301-56-2,(E)-11-hexadecen-1-ol / E11-16:OH,,16.41,,0.84,1.08,,,,,3.331,19.43,7.25,33,3.99,0.96,10.7,14.08,10.71,10.27,,,12.52,55,54.05,55,49.86,48.84,39.79,1.933,39.71,55,14.29,17.65,27.46,3.932,27.61,26.52,27.72,9.367,3.624,,,,,4.084,,,36.22,35.67,39.03,8.366,20.83,22.51,30.13,,,14.41,,,,,31.1,36.64,33,55,,,,,,,,,,,,21.27,14.48,6.582,,,,,,,,,,,,,,,,,,1.6,,,1.182,,0.6444,,,6.84,,,69.78,,,,47.22,20.65,173.5,48.71,3.92,1.3,2.5,3.63,1.56,3.6,,0.863,,,,53.43,110,94.63,,,24.6,,3.07,,,3.211,2.873,4.663,11.89,11.36,1.835,2.427,2.771,10.31,7.348,5.942,18.56,55,19.24,1.551,22,22,22,22,20.35,22,20.26,22,13.64,17.98,17.29,22,4.74,8.83,5.736,1.492,5.982,11.58,5.23,4.888,23.91,1.935,1.933,6.6,,5.8,8.078,28.66,8.099,18.21,3.607,25.04,14.76,24.19,17.34,16.81,2.142,2.187,21.06,55,31.18,33,33,30.07,33,,,,,7,4.6,,,7.188,18.41,24.89,41.64,23.21,44,44,21.51,,,,,10.63,4.809,6.808,2.955,,,0.1505,2.422,45.64,,1.066,58.94,77.6,47.66,29.82,11.79,20.95,4.835,17.71,6.908,8.908,10.12,85.65,14.26,27.28,25.34,7.291,8.101,10.78,11.72,20.65,18.78,1.895,4.549,18.84,113.2,1.093,31.35,10.23,,55,46.96,1.021,0.776,2.05,0.8963,0.9488,3.961,4.578,2.488,3.087,49.29,54,49.26,59.73,,,,80.36,55,12.4,,,,,10.7,35.2,35.31,55,7.385,,,4.141,3.011,22,4.282,17.72,,10.66,44,44,44,18.9,8.833,14.5,41.08,55,,55,,,,,,1.64,14.11,66.54,47.17,12.69,11.16,17.67,,110,,,17.96,,61.37,,50.64,34.84,34.91,55,8.2,30.8,55,39.5,27,55,13,15.71,,,,,,19.31,15.23,17.22,43.91,55,27.27,55,0.77,0.33,50.81,36.62,38.05,4.998,,,,,4.61,8.111,1.97,2.13,1.14,10.64,32.95,5.021,22.12,6.64,3.296,,,,29.12,0.3992,281.6,9.144,25.85,23.13,73.36,234.2,7.8,9.2,15.8,11.68,12.72,15.8,12.96,27.5,0.71,5.16,3.867,0.4744,,5.03,8.8,16.39,0.9365,3.017,4.636,55,13.76,,45.25,0.66,1.36,1.64,13.2,55,,18.33,,55,,0.56,0.26,42.16,1.424,6.844,5.292,22.27,32.16,17.11,,,20.35,75.74,4.924,48.24,2.518,3.183,3.696,11,5.68,11,357.6,40.76
1139-30-6,(-)-Caryophyllene oxide,,12.17,,,,,,,,,22,,,,,,,,,,,,,,,,,,,,,,,13.4,4.5,,,,22,22,,,,,22,,,9.22,55,12.35,1.46,33,33,2.84,,,,,,,,33,,33,13.84,,,,2.43,3.52,33,2.24,4.19,2.2,33,,,,,,,,,,,,,,,,,,,,,,,,,,,,,,,,,,,,,,87.87,64.39,226.8,1.61,,2.29,,2.07,,,,,,,110,110,110,,,,,,,,,,,,,,,,7.97,22,12.77,14.7,55,15.64,2.32,5.525,22,22,22,22,22,22,22,,22,2.857,22,11,11,11,11,11,11,,3.88,8.67,3.58,3.78,,,,,,,,,33,33,,,,,,,,,,,,,4.3,,,6.5,,,,64.82,8.31,7.27,9.32,39.85,11.61,44,44,2.54,48.08,50.94,26.48,37.81,,,,,,,,,,,,,,,,,,,,,,,,,,38.5,,,,38.5,,38.5,,,,,,,,,,,,,,,,,,,,,,,,,,,,,,,,,,,,55,55,391.1,,,,,,,,,,,,,,55,,,55,34.1,4.15,10.68,25.09,15.26,16.37,64.82,,6.53,41.41,41.95,66.16,19.06,,,,,,,,,,55,55,55,55,9.4,55,24.4,55,0.9,55,9.7,,,,,,,22.73,,,55,25.9,26.7,55,,,,,,,,,,,,,,,,7.46,,,75.66,20.91,2.42,,,,,,,,,,,,,,,,,,36.18,,,,,,2.76,,,,,,,,2.16,,55,,,,,,,,,,,,,55,,,,,,,,27.19,,,,,,,,,,,9.71,74.96
3779-61-1,trans-(3E)-beta-ocimene,,14.09,,,,,,25.19,,10.24,22,,,,,,,,,,,,55,55,24,55,55,55,55,55,55,55,9.6,20.1,20.1,,,,15.12,10.64,,,,,5.923,,,26.25,26.18,23.7,4.609,20.63,23.19,18.24,,206.4,,44,,,,33,20,33,14.69,,,,,,,,,,,11.93,33.05,18.9,18.76,7.83,21.1,18.4,10.7,27.6,9.43,23.1,12.6,15.7,13.9,7.94,13,4.17,6.59,18.9,21.7,11.9,7.967,17.8,16.9,8.35,9.79,8.38,13.9,13.4,6.071,,,,4.13,,,,1.836,50.05,10.55,2.56,1.64,2.404,,1.768,,,,,,,110,110,110,,,29.77,,6.28,,,,,,,,,,,5.552,7.684,12.58,7.248,55,11.84,7.722,17.46,22,22,22,22,22,20.21,22,2.59,22,16.83,22,11,11,11,2.366,11,11,,6.7,18.53,3.174,4.901,,,,13.96,4.29,2.65,3.014,13.27,20.05,18.57,28.85,29.26,31.63,22,19.46,22,52.06,33,33,32.42,33,31.46,,,2.68,,7.2,2.9,6.96,110,5.93,12.82,25.79,5.24,8.97,44,44,11.7,14.21,44.92,38.93,29.37,,,,,,,,,55,11.02,,,99.56,,,17.58,,,,,12.44,44.06,69.43,32.27,32.72,9.752,11.06,10.89,16.79,38.5,,28.21,,11.77,,,,16.23,,,,,,,,,,,5.74,22,22,50.3,45.67,49.99,21.47,44,21.8,44,44.28,,,,,,,35.2,33.06,55,55,86.5,,,22,,,,22,11,,,,,,15.4,,,55,31.9,55,45.23,55,7.77,12.37,15.56,,11.96,,,,18.04,26.79,23.97,,,110,14.69,,25.57,,33.21,5.924,36.94,55,4.581,29.84,55,55,5.083,55,8.05,22.37,,,,,,25.65,8.447,37.76,21.99,37.56,16.27,55,1.989,19.34,,,,1.8,,5,,7.7,,,,,,4.205,1.04,0.52,3.976,10.83,5.014,,,,,,,,,,,,,8.9,6.4,9.7,8.6,6.238,10.86,,,,22,110,,,17.63,,44,30.5,44,10.83,,,55,10.18,,,,,,,,,,,1.64,55,14.87,,8.24,,,,12.82,14.38,,,30.27,,,,,,,,,
3650-28-0,(+)-Sativene,,55,,,,,,,,,,,,,,,,,,,,,,,,,,,,,,,,,,,,,,,,,,,,,,,,,,,,,,,,,,,,,,,,,,,,,,,,,,,,,,,,,,,,,,,,,,,,,,,,,,,,,,,,,,,,,,,,,,,,,,,,,,,,,,,,,,,,,,,,,,,,,,,,,,,,,,,,,,,,,,,,,,,,,,,,,,,,,,,,,,,,,,,,,,,,,,,,,,,,,,,,,,,,,,,,,,,60.24,492.6,609.8,163.7,,,,,,,,,,,,,,,,,,,,,,,,,,,,,,,,,,,,,,,,,,,,,,,,,,,,,,,,,,,,,,,,,,,,,,,,,,,,,,,,,,,,,,,,,,,,19.47,16.51,9.28,,,,,,,,,,,,,,,,,,,,,,,,,,,,,,,,,,,,,,,,,,,,,,,,,,,,,,,,,,,,,,,,,,,,,,,,,,,,,,,,,,,,,,,,,,,,,,,,,,,,,,,,,,,,,,,,,,,,,,,,,,,,,,,
544-63-8,tetradecanoic acid  / myristic acid,,18.73,,0.84,12.39,,312.7,47.69,31.35,7.71,22,6.878,6.551,2.82,5.104,4.855,14.57,11.58,7.303,7.3,4.763,12.83,55,40.33,55,55,55,42.31,55,55,55,55,1.7,14.72,5.003,33,33,33,22,22,,,,,18.47,,,48.63,48.67,42.97,8.789,19.17,27.9,51.23,13.19,110.9,14.58,33.28,,,,33,34.07,33,55,,,40.62,,,,,,,,17.47,29.35,69.86,37.22,,,,,,,,,,,,,,,,,,0.8737,,,1.08,,0.5445,,,6.318,12.7,,79.66,,,,55,13.1,176.4,16.29,3.92,1.3,2.5,3.63,1.56,3.6,,1.631,2.88,33,33,47.68,110,96.93,,,,,2.85,,,2.31,8.799,6.299,12,11.71,2.88,3.07,3.53,10.99,15.93,22,19.48,47.49,10.72,39.92,18.49,22,22,22,7.168,22,10.62,4.944,6.851,10.47,4.483,16.96,7.533,11,11,2.908,11,11,8.666,7.554,36.15,7.245,6.653,6.6,,6.681,8.797,3.101,4.212,18.87,18.49,33,18.37,27.98,28.93,33,16.17,19.04,21.12,55,25.19,33,33,29.7,33,,,,,7,4.6,,,6.507,15.32,17.9,43.23,14.83,44,44,11.76,,,,,10.63,,7.26,2.24,,,0.09725,2.252,51.26,,0.9713,27.87,80.19,48.83,28.46,26.4,20.98,4.784,17.49,6.84,14.97,31.2,94.82,27.29,32.17,29.26,12.88,8.658,22.38,27.63,37.35,22.59,2.25,6.197,19.52,71.02,1.319,25.86,7.158,3.67,52.47,41.88,1.416,1.181,2.005,1.711,1.936,11.5,2.181,1.635,1.991,51.24,64.33,75.01,58.81,28.1,24.2,44,98.19,55,23.27,,,,,5.2,35.2,34.16,47.89,7.849,3.81,2.5,7.484,3.011,22,4.282,16.71,11.17,10.19,44,44,44,18.17,10.6,38.16,,55,,55,,,,,,,31.27,66.54,47.17,12.69,15.1,21.26,,110,,,22.73,,48.71,110,43.74,26.47,55,55,4,13.2,55,55,9.3,55,2,8.933,19.63,14.19,32.61,27.33,12.26,8.394,13.48,13.34,18.46,44.98,9.885,55,0.4032,10.09,51.09,41.72,39.69,3.279,,3.633,,,,,,,,5.303,7.509,2.169,14.97,9.21,5.281,16.27,12.78,8.277,27.57,0.21,281.6,18.92,33.91,48.29,281.6,182.2,7.8,,,14.79,13.68,17.5,11.18,,,,22,9.27,12.59,3.457,8.8,,2.3,4.92,9.54,8.183,13.76,8.49,55,3.236,2.293,5.371,10.99,55,,55,,7.286,,3.567,1.686,55,8.89,13.34,7.447,22.6,29.75,32.15,,,23.93,189.5,11.93,41.63,,,,11,5.68,11,292.2,70.82
93-89-0,Ethyl benzoate,3.386,34.75,41.6,7.441,34.5,64.18,23.03,7.905,22.53,3.122,22,8.786,5.975,6.168,33,6.363,0.1285,,3.836,13.16,13.7,2.7,55,55,55,55,28.4,55,55,55,55,55,8,26.35,20.69,,,,3.27,4.17,4.92,4.58,4.73,4.85,,3.3,3.27,31.48,32.32,29.88,10.31,14.05,33,37.48,9.22,143.5,22,27.85,,,,25.27,55,33,50.75,,,29.44,,,,,,,,,9.79,,,,,,,,,,,,,,,,,,,,0.82,,,12.9,,2.5,,,,25.43,,,,,,8.07,104,585.6,166.4,,,,,,,,1.01,2.365,,,60.01,110,110,,,12.36,13.89,3.545,17.78,19.75,,,,,,,,,9.42,10.53,22,12.1,18.1,1.42,35.22,22,12.5,11.04,4.61,22,22,22,22,22,22,22,22,,,,,,,,,,,,,,,,,,,,24.37,16.99,33,33,33,22,22,22,33.47,33,33,33,33,33,,,,,,,,63.7,7.072,13.62,21.74,44,11.36,44,44,10.93,,,,,,,,,,9,,,11.47,,,14.83,53.27,37.19,,26.4,,,,,36.87,75.42,73.07,,,9.81,17.89,,28.79,38.5,39.9,20.25,,7.55,,36.5,,30.01,4.905,4.471,55,34.98,,,,,,,,,,44.9,34.3,80.6,15.36,28.1,24.2,44,22.83,,,,,,,,,46.73,55,29.5,,,9.826,,,,6.024,,,,,,,23.08,,14.67,55,,,,,,,,,,,,,,35.8,,,10.8,,,,,,24.91,12.55,30.02,55,6.5,23.3,55,55,25.5,55,12.3,14.26,18.32,27.24,23.99,29.08,25.49,40.37,33.42,19.63,55,55,27.9,55,,,40.3,37.94,14.82,9.24,3.7,6.848,13.6,5.5,,,,,,6.02,,,2.71,41.18,6.808,23.75,13.08,10.08,31.35,,,,,,,,,11,13.5,,,,11.66,,,,,,9.89,,8.03,,,,,55,,9.52,55,,,,,,,,,,,,,52.2,,14.46,8.485,23.35,23.66,39.54,,,,,4.07,31.86,,,,,,,,
131-11-3,Dimethyl phthalate,3.572,55,76.28,8.204,41.81,64.18,29.68,8.084,33,4.334,22,7.802,3.771,3.973,33,5.103,0.1117,,4.644,12.18,6.873,,55,45.17,55,55,37.88,55,,,,,,25.76,19.73,,,,,,,,,,,,,15.99,20.2,17.69,9.246,10.5,33,40.62,,,22,26,,,,29.67,55,33,42.44,,,28.26,,,,,,,,,7.18,,,,,,,,,,,,,,,,,,,,0.82,,,12.9,,2.5,,,,20.93,,,,,,,58.17,442.5,305.8,,,,,,,,0.97,2.52,,,60.01,110,110,,,12.36,13.89,,17.78,19.75,,,,,,,,,9.42,10.53,22,12.1,18.1,1.42,35.22,22,20.33,19.98,17.68,22,22,22,22,22,22,22,22,,,,,,,,,,,,,,,,,,,,,,26.51,21.76,25,22,22,22,37.64,33,33,33,33,33,,,,,,,,63.7,7.01,16.04,27.53,44,10.99,44,44,11.25,,,,,,,,,,,,,20.29,,,14.83,40.61,37.19,,26.4,,,,,45.77,77.31,73.07,,,9.81,18.79,,37.29,38.5,38.38,20.25,,7.55,,36.5,,32.13,18.1,4.24,55,42.29,,,,,,,,,,,22.27,110,31.42,28.1,24.2,44,48.33,,,,,,,,,33.42,55,29.5,,,22,,,,5.03,,,,,,,11.8,,14.67,55,,,,,,,,,,,,,,39.22,,,10.8,,,,,,55,55,55,55,6.5,23.3,55,55,25.5,55,12.3,18.79,21.2,26.51,23.89,31.26,30.15,55,33.42,19.63,51.36,39.94,35.95,55,,,,,,,,,,,,,,,,,,,13.51,83.85,7.818,23.35,15.98,13.16,34.63,,,,,,,,,11,13.5,,,,11.84,,,,,,9.89,,8.03,,,,,55,,9.52,41.34,,,,,,,,,,,,,53.29,,16.43,9.62,23.21,20.13,31.74,,,,,4.07,31.86,,,,,,,,
112-12-9,2-undecanone,,18.73,,0.84,23.72,,312.7,47.69,31.35,4.968,22,6.901,7.279,2.883,4.573,5.11,14.57,11.58,7.59,7.3,8.19,12.83,55,40.51,55,55,55,46.04,55,55,55,55,2.77,18.23,6.905,33,33,33,22,22,,,,,22,,,43.16,42.64,39.46,12.09,15.7,27.9,55,13.59,110.9,14.89,33.28,,,,33,34.07,33,55,,,45.43,,,,,,,,17.58,27.06,49.02,27.65,,,,,,,,,,,,,,,,,,0.7061,,,1.974,,1.673,,,6.318,12.7,,79.66,,,,55,23.8,128.7,9.51,3.92,1.3,2.5,3.63,1.56,3.6,,1.175,2.88,33,33,76.55,110,110,,,,,2.85,,,2.317,10.59,7.276,12,11.71,2.88,3.07,3.53,11.68,14.24,22,14.99,41.89,8.796,44.33,18.24,22,22,22,6.575,22,10.05,6.396,4.937,9.883,3.966,16.63,7.533,11,11,2.908,11,11,8.666,7.554,36.15,6.672,7.177,6.6,,6.681,13.3,3.517,6.332,23.87,33,33,18.37,13,25.49,33,19.86,22,19.96,38.98,27.6,33,33,19.24,33,,,,,7,4.6,,,6.559,15.51,19.04,42.64,16.44,44,44,13.25,,,,,10.63,,7.26,2.24,,,0.09838,2.274,48.6,,0.9451,27.87,80.19,48.83,28.46,26.4,20.98,4.784,17.49,6.84,17.75,32.72,94.83,27.29,32.17,29.26,16.36,8.658,20.56,27.63,37.17,22.59,2.25,6.197,19.5,67.1,1.319,20.44,8.257,3.669,53.04,40.13,1.492,1.267,1.941,1.711,1.936,11.5,3.187,2.331,2.93,51.38,69.53,72.06,58.81,28.1,24.2,44,98.19,55,23.27,,,,,5.2,35.2,31.78,50.97,7.775,3.81,2.5,22,3.011,22,4.282,8.3,11.17,10.19,44,44,44,18.17,10.6,38.16,,55,,55,,,,,,,31.27,66.54,47.17,12.69,15.1,21.93,,110,,,23.71,,48.71,110,42.97,34.63,55,55,4,13.2,55,55,9.3,55,2,8.56,19.63,14.19,32.61,27.33,12.26,8.28,10.61,13.05,21.32,32.6,9.544,55,0.3936,10.43,50.12,41.31,37.42,3.036,,4.392,,6.14,,,,,,4.203,4.654,1.842,16.7,9.21,7.398,11.77,12.78,8.277,27.57,0.21,281.6,18.92,33.91,48.29,281.6,182.2,7.8,,,14.79,13.68,17.5,11.18,27.5,0.71,5.16,17.5,10.65,12.59,4.844,8.8,,2.266,5.728,16.15,6.436,13.76,8.49,55,3.595,2.03,8.56,10.76,40.68,,42.11,,10.02,,12.45,3.411,55,6.016,14.15,7.723,25.13,28.64,32.21,,,23.93,189.5,8.72,41.6,,,,11,5.68,11,292.2,70.82
124-76-5,Isoborneol,,,,,,,,,44.35,4.3,,,,,,,,,,,,,,,,,,,,,,,,,,,,,,,,,,,,,,24.16,21.11,28.59,,,,55,,,,,,,,,,,,,,,,,,,,,,16.66,,,,,,,,,,,,,,,,,,,,,,,,,,,,,,,,,,,,,60.72,178.9,1100,,,,,,,,,,,,74.49,110,110,,,,,,,,,,,,,,,,,,,,,,,22,22,22,22,22,22,22,22,,22,22,22,,,,,,,,,,,,,,,,,,,,,,,,,,,,,,,,,,,,,,,,,,,,,,,,,,20.36,33.39,49.73,40.29,,,,,,,,,,,,55.69,85.17,,,,,,,,,,,,,,,,,,,,,,,61.35,,83.39,,,,,,,,,,,,,,,,,,,,,,,,,,,,,,,,,,,,,,,,,,,,,,8.2,28.91,,55,27.61,,10.12,35.19,25.88,26.21,17.37,,,,,,,,,,,,,,,,,,,,,,,,,,,5.79,,,,,,5.01,,,55,55,55,55,35.2,35.2,,,,12,,10,,,,,,,,13.97,,,5.26,,27.12,,,,,,,,,,,,,,,11.8,11.8,18.7,42.79,,,,,,,,,,,,,,,,55,,,,,,,,,,,,,55,,,,,,,,,,,,,,,,,,,40.17,163.7
629-76-5,pentadecanol / 15:OH,,19.6,,0.84,11.81,,312.7,47.69,31.35,3.482,22,7.25,33,3.99,0.96,10.7,14.6,11.62,10.25,,,12.09,55,51.6,55,55,55,55,22.84,55,55,37.81,6.704,22.16,4.729,33,33,33,22,22,,,,,17.71,,,53.49,47.73,52.92,7.493,20.81,24.65,55,13.38,59.53,14.69,31.18,,,,32.21,26.61,33,55,,,44.07,,,,,,,,17.33,24.73,13.43,6.344,,,,,,,,,,,,,,,,,,0.44,,,5.242,,10.3,,,6.569,,,69.78,,,,55,35.74,380.7,48.45,3.92,1.3,2.5,3.63,1.56,3.6,,0.863,,33,33,83.79,110,110,,,24.6,,2.85,,,3.797,12.07,8.141,12,11.71,2.449,2.821,3.235,13.87,13.82,22,23.95,55,17.47,41.71,22,22,22,22,22,22,22,8.387,10.4,12.57,22,22,6.217,11,11,2.379,11,11,5.04,8.534,39.61,3.79,4.647,6.6,,7.249,16.61,20.41,14.62,29.16,21.8,17.17,19.12,24.72,29.87,33,22,22,21.19,51.03,29.29,33,33,26.78,33,,,,,7,4.6,,,7.956,19.22,25.83,43.15,20.5,44,44,21.77,,,,,10.63,4.799,6.268,2.439,,,0.1551,2.019,52.49,,1.21,47.52,81.9,48.83,17.88,7.829,21.14,4.771,17.44,6.873,10.41,4.789,83.65,23.06,32.74,23.65,9.544,7.791,19.01,25.26,27.36,29.91,2.102,6.076,19.55,94.11,1.152,91.23,27.5,,51.84,41.69,1.004,0.7493,1.806,1.47,1.41,22,3.068,3.896,2.764,50.58,47.03,52.65,62.15,,,,94.21,55,14.31,,,,,5.2,35.2,33.77,55,8.009,3.81,2.5,0.59,3.01,22,1.96,11.99,11.17,10.19,44,44,44,18.17,7.536,35.96,,55,,55,,,,,,,31.37,66.54,47.17,12.69,15.06,18.86,,91.72,,,21.63,,48.99,110,55,29.4,37.84,55,4,13.2,55,55,9.3,55,2,14.55,26.83,8.5,40.4,26.31,7.64,19.71,16.57,13.7,55,55,55,55,0.5664,4.723,52.12,33.55,39.08,3.326,,5.148,,,,13.88,,,,9.667,15.63,1.041,16.53,5.14,5.146,,,,28.72,,,,,,,,7.8,,,14.31,13.87,17.13,10.51,,,,10.15,1.54,12.59,4.365,8.8,16.39,4.655,10.03,14.89,13.54,13.76,8.49,55,1.364,3.133,1.468,11.73,55,,55,,13.57,,0.7585,0.4473,55,2.744,6.481,5.112,22.36,30.1,22.22,,,23.93,189.5,4.924,43.92,,,,11,5.68,11,334.1,49.1
112-42-5,1‐undecanol,,19.6,,0.84,11.81,,312.7,47.69,31.35,3.482,22,7.25,33,3.99,0.96,10.7,14.6,11.62,10.25,,,12.09,55,51.6,55,55,55,55,22.84,55,55,37.81,6.704,22.16,4.729,33,33,33,22,22,,,,,17.71,,,53.49,47.73,52.92,7.493,20.81,24.65,36.55,13.38,59.53,14.69,31.18,,,,32.21,26.61,33,55,,,44.07,,,,,,,,17.33,24.73,13.43,6.344,,,,,,,,,,,,,,,,,,0.44,,,5.242,,10.3,,,6.569,,,69.78,,,,55,35.74,380.7,48.45,3.92,1.3,2.5,3.63,1.56,3.6,,0.863,,33,33,83.79,110,110,,,24.6,,2.85,,,3.797,12.07,8.141,12,11.71,2.449,2.821,3.235,13.87,13.82,22,23.95,55,17.47,41.71,22,22,22,22,22,22,22,8.387,10.4,12.57,22,22,6.217,11,11,2.379,11,11,5.04,8.534,39.61,3.79,4.647,6.6,,7.249,16.61,20.41,14.62,29.16,21.8,17.17,19.12,24.72,29.87,33,22,22,21.19,51.03,29.29,33,33,26.78,33,,,,,7,4.6,,,7.956,19.22,25.83,43.15,20.5,44,44,21.77,,,,,10.63,4.799,6.268,2.439,,,0.1551,2.019,52.49,,1.21,47.52,81.9,48.83,13.08,7.829,21.14,4.771,17.44,6.873,10.41,4.789,83.65,23.06,32.74,23.65,9.544,7.791,19.01,25.26,27.36,29.91,2.102,6.076,19.55,94.11,1.152,31.35,10.23,,51.84,41.69,1.004,0.7493,1.806,1.711,1.936,11.5,3.068,3.896,2.764,50.58,47.03,52.65,62.15,,,,94.21,55,14.31,,,,,5.2,35.2,33.77,55,8.009,3.81,2.5,9.41,3.011,22,4.282,22,11.17,10.19,44,44,44,18.17,7.536,35.96,,55,,55,,,,,,,31.37,66.54,47.17,12.69,15.06,18.86,,91.72,,,21.63,,48.99,110,55,29.4,37.84,55,4,13.2,55,55,9.3,55,2,14.55,26.83,8.5,40.4,26.31,7.64,19.71,16.57,13.7,55,55,55,55,0.5664,4.723,52.12,33.55,39.08,3.326,,5.148,,,,13.88,,,,9.667,15.63,1.041,16.53,5.14,5.146,,,,28.72,,,,,,,,7.8,,,14.31,13.87,17.13,10.51,,,,10.15,1.54,12.59,4.365,8.8,16.39,4.655,10.03,14.89,13.54,13.76,8.49,55,1.364,3.133,1.468,11.73,55,,55,,13.57,,0.7585,0.4473,55,2.744,5.27,4.39,22.27,32.16,17.11,,,23.93,189.5,4.924,43.92,,,,11,5.68,11,334.1,49.1
1120-21-4,undecane / hendecane,,20.37,,0.84,12.54,,312.7,47.69,31.35,4.112,22,7.25,33,3.99,0.96,10.7,14.7,11.23,9.748,,,12.74,55,51.6,55,55,55,55,26.01,48.82,55,33.56,15.62,13.32,7.53,33,33,33,22,22,,,,,22,,,38.45,39.55,55,4.55,33,33,55,13.42,59.53,15.22,31.08,,,,33,35.59,33,55,,,44.15,,,,,,,,17.3,42.56,60.94,34.99,,,,,,,,,,,,,,,,,,0.44,,,8.279,,24.1,,,6.707,,,69.78,,,,55,35.74,380.7,48.45,3.92,1.3,2.5,3.63,1.56,3.6,,0.863,,33,33,110,110,110,,,,,2.85,,,2.819,11.24,8.215,12,11.71,2.479,2.839,3.257,11.92,15.36,22,21.27,55,13.74,38.09,22,22,22,22,22,22,22,2.8,11.74,22,22,22,7.413,11,11,2.869,11,11,6.12,7.634,36.36,5.329,7.611,6.6,,6.939,21.8,22.97,15.06,28.53,14.69,33,19.24,16.39,24.74,33,22,22,19.54,46.6,28.8,33,33,20.94,33,,,,,7,4.6,,,6.645,16.96,21.5,41.74,20.32,44,44,16.79,,,,,10.63,,7.26,2.24,,,0.0995,2.124,47.4,,1.413,46.52,83.17,48.83,26.95,26.4,21,4.759,17.38,6.806,9.971,19.77,96.2,27.57,32.26,23.65,11.46,8.534,20,25.26,21.62,29.91,2.25,6.24,19.55,78.19,1.151,110,10.23,,52.49,42.24,1.055,0.8593,2.52,1.711,1.936,11.5,3.409,5.141,3.067,51,50.16,58.09,54.93,,,,100.2,55,25.72,,,,,5.2,35.2,28.49,55,8.133,2.879,2.49,4.141,3.011,22,4.282,17.72,11.17,10.19,44,44,44,18.17,10.23,39.51,,55,,55,,,,,,,31.37,66.54,47.17,12.69,14.66,19.25,,98.63,,,20.04,,69.87,110,55,55,55,55,4,13.2,55,55,9.3,55,2,14.55,26.83,8.5,40.4,26.31,7.64,19.71,17.69,13.86,55,55,55,55,0.5286,8.065,52.19,38.98,41.62,3.256,,5.073,,,,,,,,16.59,24.77,1.004,17.93,5.455,5.713,,,,29.58,0.64,281.6,5.36,21.17,13.47,27.31,281.6,7.8,,,15.44,13.95,17.5,10.1,,,,14.6,8.586,12.59,4.382,8.8,,4.362,9.918,15.47,15.16,13.76,8.49,55,3.947,3.197,3.26,13.2,55,,55,,17.22,,1.594,1.69,55,7.736,7.597,5.882,22.41,28.61,27.07,,,23.93,189.5,4.924,44.58,2.518,3.183,3.696,11,5.68,11,346.6,44.41
624-92-0,dimethyl disulfide,,,,,,,,,,,,,,,,,,,,,,,,,,,,,,,,,,,,,,,,,,,,,,,,,,,,,,,,,,,,,,,,,,,,,,,,,,,,,,,,,,,,,,,,,,,,,,,,,,,,,,,,,,,,,,,,,,,,,,,,,,,,,33,33,,,,,,,,,,,,,,,,,,,,,,,,,,,,,,,,,,,,,,,,,,,,,,,,,,,,,,,,,,,,,,,,,,,,,,,,,,,,,,,5.11,44,23.77,44,25.75,44,44,15.69,,,,,,,,,,,,,,,,,,31.64,,,,,,,,,,,,,,,,,,,,,,,,21.39,,,,,,,,,,,,,,,,,,,,,,,,,,,,,,,,,,,,,,,,,,,,,,,,,,,,,,,,,,,,,,,,,,,,,,,,,,,,,,,,,,,,,,,,,,,,,,,,,,,,,,,,,,,,,,,,,,,,,,,,,,,,,,,,,,,,,,,,,,,,,,,,,,,,,,,,,,,,,,,,,,,,,,,,,,,,,,,,,,,,,,,
89-78-1,l-(-)-Menthol /  5-methyl-2-(1-methylethyl)cyclohexanol,,,,1.84,16.93,,,,,4.34,,,,,,,20.2,13.9,4.6,,,5,,,,,,,,,,,,,,,,,,,,,,,,,,,,,,,,,,,,,,,,,,,,,,,,,,,,,,,,,,,,,,,,,,,,,,,,,,,,,,,,,,,,,,,,,,,,,,,,,,,,,,,,,,,,,,,,,,,,,,,,,,,,,,,,,,,,,,,,,,,,,,,,,,,,,,,,,,5.3,9.6,,,,,,,,,,,,,,,,,,,,,,,,,,,,,,,,,,,,,,,,,,,,,,,,,,,,,,,,,,,,,,,,,,,,,,,,,,,,,,,,,,,,,,,,22,5.63,22,,,,,,,,,,,,,,,,,,,,,,,,,,,,,,,,,,,,55,,,,,,,,,,,,,,,,,,,,,,,,,,,,,,,,,,,,,,,,,,,55,55,55,55,,,,,,,,,,,,,,,,,,,,,,,,,,,,,,,,,,,,,,,,,,,,,,,,,,,,,,,55,,,,,9.9,,55,,6.99,,,,,,,,,,,,,,,,,,,,,,,,
490-10-8,"(4aSR,7SR,7aRS)-nepetalactone / Nepetalactone",,,,,,,,,,,,,,,,,,,,,,,,,,,,,,,,,,,,,,,,,,,,,,,,,,,,,,,,,,,,,,,,,,,,,,,,,,,,,,,,,,,,,,,,,,,,,,,,,,,,,,,,,,,,,,,,,,,,,,,,,,,,,,,,,,,,,,,,,,,,,,,,,,,,,,,,,,,,,,,,,,,,,,,,,,,,,,,,,,,,,,,,,,,,,,,,,,,,,,,,,,,,,,,,,,,,,,,,,,,,,,,,,,,,,,,,,,,,,,,,,,,,,,,,,,,,,,,,,,,,,,,,,,,,,,,,,,,,,,,,,,,,,,,,,,,,,,,,,,,,,,,,,,,,,,,,,,,,,,,,,,,,,,,,,55,8.8,20.3,55,55,13.7,55,12.4,,,,,,,,,,,,,,,,,,,,,,,,,,,,,,,,,,,,,,,,,,,,,,,12.2,18.7,,,,,,,,,,,,,,,,,,,,,,,,,,,,,,,,,,,,,,,,,,,,,,,,,,,,,
38363-29-0,(E)-8-Dodecenyl acetate / E8-12:AC,,15.39,,2.914,6.165,,414.7,38.17,36.93,4.538,22,7.641,6.997,3.978,12.04,6.302,14.05,10.69,9.048,11.6,6.074,14.3,55,48.44,55,39.63,55,55,20.57,55,55,55,7.543,8.816,3.245,1.191,0.903,1.947,5.724,1.28,,,,,1.546,,,26.01,34.76,35.99,6.841,20.36,31.55,30.31,18.24,106.4,18.73,38.88,,,,33,44.71,33,49.04,,,37.23,,,,,,,,19.03,27.48,37.35,21.49,,,,,,,,,,,,,,,,,,0.8703,,,1.504,,0.3539,,,5.78,20.9,,55.86,,,,34.54,57.46,667.3,71.32,3.88,1.43,2.6,3.72,1.62,,,0.8828,,33,33,78.42,110,98.87,,,12.36,13.89,2.872,,,1.506,3.648,1.35,,,1.56,2.23,2.54,4.4,4.4,3.979,55,55,,1.309,22,22,22,22,19.49,22,22,22,8.417,14.61,14.12,22,5.262,8.433,5.005,1.517,5.266,11.71,20.83,3.002,16.3,2.216,2.02,6.6,,5.8,8.681,21.3,13.21,24.95,13.03,24.15,13.56,26.38,23.13,21.79,5.965,7.327,22,44.14,33,33,33,33,33,,2.47,9,,5.994,4.899,,,4.28,13.46,16.44,36.78,28.17,44,44,12.8,,,,,10.63,6,8.393,4.085,,,0.1187,2.568,14.89,,0.9729,45.34,72.83,42.78,170.4,26.4,,,,,8.85,24.23,83,13.15,17.49,38.5,2.18,15.41,12.44,38.5,23.13,38.5,1.73,1.1,22.7,63.15,1.116,25.45,4.343,4.24,50.9,44.89,1.78,1.636,1.834,1.272,10.1,0.9931,3.71,2.326,2.463,51.46,24.89,25.65,58.5,28.1,24.2,44,52.1,55,20.13,,,,,21.82,31.15,28.9,49.8,6.789,3.81,2.5,13.92,,,,11.38,12.59,13.89,44,44,41.03,23.55,12.82,33.52,41.08,55,,55,,,,,,1.69,6.262,33.84,29.5,18.77,13.65,18.27,23.67,110,,,,,65.83,110,42.01,40.33,44.76,55,6.894,28.42,55,42.96,19.48,55,10.11,10.4,19.43,14.43,32.38,27.36,12.46,9.42,13.45,17.08,47.47,41.61,30.77,55,0.3953,3.818,43.54,37.36,25.7,2.698,6.3,8.217,,4.344,4.61,3.584,2.318,3.209,2.479,6.456,13.71,15.13,19.83,8.947,3.276,16.49,12.78,8.277,28.42,0.2576,281.6,15.01,31.1,38.21,183.6,197.3,7.8,,,11.01,13.08,15.4,21.74,27.5,0.71,5.16,4.126,0.7915,,6.164,7.787,3.82,0.5715,4.4,4.118,55,,,55,0.6324,1.26,13.2,10.39,9.74,,7.94,,55,,1.808,0.4074,18.2,1.687,12.64,5.943,21.99,26.65,25.26,,,19.98,68.27,3.773,48.24,2.518,3.183,3.696,11,5.68,11,,
5949-05-3,(−)-citronella,,14.79,,4.227,13.75,,232.2,18.87,28.63,7.184,22,33,33,33,6.37,33,5.3,11.5,13.7,,12.9,15.1,55,55,26.9,55,55,55,1.012,34.08,51.01,6.729,43.2,20.1,20.1,,,,22,22,,,,,7.57,,,39.73,44.94,38.87,6.515,19.87,26.48,43.04,,,,39.17,,,,17.43,20,28.38,26.11,11.18,13.96,,,,,,,,,19.35,44,13.77,4.045,,,,,,,,,,,,,,,,,,1.987,,,,,,,,6.26,,,,,,,,12.96,61.54,20.24,2.73,1.54,1.91,,1.67,,,2.743,,,,87.01,110,110,,,,,1.63,,123,,,,,,,,,8.24,4.25,22,11.8,55,14.33,20.72,13.63,22,22,22,7.307,22,13.08,13.65,12.45,9.635,6.328,22,11,11,11,6.187,11,11,,0.35,1.64,,,,,,15.29,24.58,21.35,27.8,33,28.74,18.38,33,22.57,21.22,7.297,3.443,22,26.28,33,33,27.58,33,33,,,,,,,6.96,110,7.09,14,43.1,23.06,17.45,44,44,8.82,14.21,44.92,38.93,29.37,,,,,,,,,55,,,,65.17,,,,,,,,,,,,,,,,,,,,,,,,,15.07,,8.631,,,,,,,,,22,4.64,22,46.2,49.91,39.45,38.72,44,21.8,44,59.07,55,23.5,,,,,4.1,35.2,55,55,,,,22,,,,10.6,,,,,,,15.58,,75.93,55,31.9,55,45.23,55,7.77,12.37,15.56,,,,,,17.89,,,,4.3,110,19.67,,25.57,110,15.84,4.576,26.88,55,8.277,21.95,55,55,13.36,55,23.48,,,,,,,12.53,,,26.31,32.01,9.546,55,0.69,6.505,,,,2.5,,8.967,,7.758,,,,,,8.615,7.646,2.172,10.2,45.7,24.5,33.1,34.5,,49.89,,,,,,,,11.2,,,9.7,8.6,20.5,10.83,,,,22,5.459,10.47,,8.68,24.01,11.42,44,44,16.12,,,55,13.89,,,,8.65,,10.7,,12.17,,25.7,1.09,55,1.7,,,,,,,,,,8.858,37.58,,,,,,,180.9,189.8
562-74-3,4-Carvomenthenol / Terpinen-4-ol / p-Menth-1-en-4-ol,,,,,,,,,,,22,,,,,,,,,,,,,,,,,,,,,,,,,,,,,,,,,,,,,9.96,55,8.94,1.3,33,33,55,,,,44,,,,33,,33,13.88,,,,,,,,,,,,,,,,,,,,,,,,,,,,,,,,,,,,,,,,,,,,,,,,26.77,507.6,38.52,,2.05,3.42,,2.02,,,,,,,,,,,,,,,,,,,,,,,,,22,8.74,22,42.7,55,,26.51,,,,,,,,,,,,,,,,,,,,,,,,,,,,,,,,,,,,,,,,,,,,,,4.3,,,6.3,,,,40.32,,,,,,,,,,,,,,,,,,,,,,15.55,,,,,,,,,,,,,,,,,,,,,,,,,,57.75,,,,,,,,,,,,,,,,,,,34.41,,,,110,,,,,,,,,,,,,,,,,,,,,,,,,,,,,,,,,,,,,,,,,,,,,,,4.28,,22.97,,,,,,,,,,,,,13.6,,,,,,9.04,10.33,15.84,,,,,,,,,,,,,,,,,,,,,,,,,,,,,,,,,,,,,,,,,,,,,,,,,,,,,,,,,,,,,,,,,,,,,,,,,,,,,,,,,,,,,,,,,,,,
93-15-2,4-Allylveratrole / Methyleugenol,,,10.83,,2.15,34.83,3.72,,,2.67,,,,,,,,,,,,,,,,,,,6,22.7,55,55,55,33,33,,,,,,,,,,,,,,,,,,,,,,,,,,,,,,,,,,,,,,,,,,,,,,,,,,,,,,,,,,,,,,0.09,,,,,,,,,,,,,,,,,,,,,,,,,,4.7,,,,110,110,110,,,,,3.81,,,,,,,,,,,,,,,,,,,,,,,,,,,,,,,,,,,,,,,,,,,7.4,,,,,,,,,,,,,,,,,,,,,,,,,,,,,,,,,,,,32.07,94.97,71.58,34.47,,,,,,,,,,,,,88.87,,,,,,,,,,,,,,,,,,,,,,,,,,16.7,,,,,,,,,,,,,44.9,30.01,110,110,,,,32.15,,,29.13,,16.16,46.23,,,,,,,,22,,,,,,,,,,,,,,,216.7,,,,,,2.95,,,,,,,,,,,,,,,,,,,,,,,,,,,,,,,,,13.53,,,,,,,,,,,,3,,9.2,,,,,,,,,,,,,,,,,,,,,,,,,,,,,,,,,,,,,,,,,,,,,,,,,,,,,,,,,,,,,,,,,,,,,,,,,,,,,,,,
1135-66-6,(-)-isolongifolene,,,,,,,,,,,,,,,,,,,,,,,,,,,,,,,,,,,,,,,,,,,,,,,,,,,,,,,,,,,,,,,,,,,,,,,,,,,,,,,,,,,,,,,,,,,,,,,,,,,,,,,,,,,,,,,,,21.31,35.56,32.36,,,,,,,,,,,,,,,,,,,,,,,,,,,,,,,,,,,,,,,,,,,,,,,,,,,,,,,,,,,,,,,,,,,,,,,,,,,,,,,,,,,,,,,,,,,,,,,,,,367.6,1100,1100,1100,,,,,,,,,,,,,,,,,,,,,,,,,,,,,,,,,,,,,,,,,,,,,,,,,,,,,,,,,,,,,,,,,,,,,,,,,,,,,,,,,,,,,,,,44.2,55,5.16,55,27.75,22.72,27.07,,,,,,,,,,,,,,,,,,,,,,,,,,,,,,,,,17.97,,,,,,,,,,,,,,,,,,,,,,,,,,,,,,,,,,,,,,,,,,,,,,,,,,,,,,,,,,,,,,,,,,,,,,,,,,,,,,,,,,,,,,,,,,,,,,
121-33-5,4-hydroxy-3-methoxybenzaldehyde / vanillin,3.68,55,79.62,2.48,17.95,18.77,18.11,9.73,,4.81,22,10.7,33,8.59,12.7,33,,,,,,,,,,,,,4.241,12.2,16.68,19.99,7.273,33,33,,,,22,22,,,,,22,,,43.51,43.77,41.55,7.527,14.5,33,39.43,,,22,,,,,33,55,33,55,,,,,,,,,,,,44,77,44,,,,,,,,,,,,,,,,,,0.1539,,,,,,,,,170.5,,,,,,21.45,1100,302.1,1100,,,,,,,,4.568,2.486,,,110,110,110,,,28.43,,,,,0.85,8.67,,,,,,,22,12.23,22,24.5,55,86,55,22,22,22,22,22,22,22,22,22,22,22,22,3.05,11,11,1.62,11,11,,8.79,31.86,11.56,20.36,,,7.4,,,,,,,,8.9,24.49,12.75,22,22,22,22.3,33,33,33,16.26,33,,,,,,,,,,,,,,,,,32.07,94.97,71.58,34.47,,,,,,8.1,,,44.21,,,,33.37,,,26.4,,,,,32.16,75.41,80.66,,24.96,14.07,20.85,11.6,44.69,6.81,34.71,23.84,,10.53,,6.88,,25.74,10.64,9.7,55,34.8,,,,,,,,,,46.04,27.92,66.86,82.51,,,,32.15,,,,,,,35.2,12.9,55,55,,2.93,5.32,22,,,,5.66,,18.75,21.7,44,18.93,18.06,11.2,,,55,216.7,,,,,,2.95,0.81,15.56,,,,,,16.01,,3.687,,,,,,55,55,55,,,,,,,,,,15.31,34.45,24.39,28.17,23.82,15.13,,,55,33.3,29.3,55,,,,,,3.574,,9.2,,,,,,,,,,,2.73,,,10.3,12.1,8,16.94,,,,,,,,,,,9.5,10.5,16.2,96.51,,,,22,,,,,,22,22,22,55,,,55,,,,,7.75,,7.47,,16.22,,,,55,13.13,,,,,,,,,,3.73,20.23,,,,,,,192.9,523.1
104-67-6,γ-Undecanolactone / C14Ald,,,,,,,,,,,,,,,,,,,,,,,,,,,,,4.7,30.3,55,15.2,8,,,,,,,,,,,,,,,,,,,,,,,,,,,,,,,,,,,,,,,,,,,,44,21.01,18.94,,,,,,,,,,,,,,,,,,,,,,,,,,,,,,,,,,,,,,,,,,,,,,,,,,,,,,,,,,,,,,,,,,,,,,,,,,,,,,,,,,,,,,,,,,,,,,,,5.3,,7.2,,,,,,,,,,,,,,,,,,,,,,,,,,,,,,,,,,,,,,,,,,,,,,,,,,,,,,,,,,,,,,,,,,,,,,,,,,,,,,,,,,,,,,,,,,,,,,,,,,,,,,,,,,,,,,2.12,2.48,,,,,,,,,,,,,,,,,,,,,,,,,,,,,,,,,,,,,,,,,,,,,,,,,,,,,,,,,,,,,,,,,,,3.7,,9.2,,,,,,,,,,,,,,,,,,,,,,,,,,,,,,,,,,,,,,,,,,,,,,,,,,,,,,,,,,,,,,,,,,,,,,,,,,,,,,,,
136-60-7,Butyl benzoate,3.386,55,13.39,6.2,24.08,,14.34,7.58,11.04,3.339,22,8.057,5.072,4.883,26.78,5.614,,,4.159,13.44,1,2.7,55,49.27,55,55,33.35,55,55,55,55,55,5.175,14.93,8.051,1.128,0.8514,2.071,4.4,0.7345,,,,,0.9203,,,43.17,45.25,46.34,6.634,17.68,30.93,46.18,14.41,129.7,15.11,37.37,,,,29.57,45.91,33,55,,,37.78,,,,,,,,18.04,15.46,39.8,20.29,,,,,,,,,,,,,,,,,,0.6176,,,12.9,,2.5,,,5.78,22.26,,91.25,,,,,58.17,442.5,305.8,,,,,,,,1,2.492,,,61.88,70.46,63.32,,,12.36,13.89,2.85,17.78,19.75,3.34,8.53,,,,,,,7.453,8.05,13.41,12.1,18.1,1.42,7.284,22,17.74,16.92,12.13,22,22,22,22,,22,22,22,,,,,,,16.2,,,8.27,5.89,,,,18.04,10.42,12.42,24.38,33,,,27.77,27.4,33,22,22,22,40.21,30.12,33,33,33,33,,,,,,,,,6.44,15.09,16.53,44,12.97,44,44,10.06,,,,,10.63,6.55,8.915,4.719,,9,0.11,2.727,7.537,,0.8207,14.83,59.21,37.19,,26.4,,,,,28.94,47.44,90.46,,,17.11,15.84,15.51,23.37,38.5,37.31,24.79,,1.095,20.94,36.5,,32.06,4.555,4.687,52.83,38.22,2.209,2.116,1.518,1.5,22,0.7244,3.6,2.59,3.43,48.67,22.27,110,17.96,28.1,24.2,44,15.98,,,,,,,5.2,35.2,51.17,51.9,7.365,3.81,2.5,9.201,,,,4.452,,,,,,,11.8,,14.67,55,,,,,,,,,,,,,,22.2,,,10.8,,,,,110,55,55,55,55,4.967,17.01,55,55,14.58,55,4.497,18.79,17.76,22.05,26.65,28.41,19.65,55,33.42,19.63,47.97,50.06,33.57,55,0.3953,11.15,37.5,35.95,14.08,8.565,3.7,5.593,13.6,5.5,,,,,,3.476,,,6.852,27.45,4.863,41.3,12.7,9.558,29.93,0.21,281.6,18.92,33.91,48.29,281.6,182.2,,,,,,,11.53,27.5,0.71,5.16,4.126,0.7915,9.89,5.001,8.03,,0.5715,4.4,4.118,55,,9.52,3.78,0.7736,1.327,13.2,10.78,55,,55,,5.82,,23.49,0.4074,51.06,1.687,8.887,5.663,24.59,27.3,28.99,,,,,7.368,34.59,,,,,,,,
4695-62-9,(+)-fenchone,,,,,,,,,,,,,,,,,,,,,,,,,,,,,,,,,,,,,,,,,,,,,,,,,,,,,,,,,,,,,,,,,,,,,,,,,,,,,,,,,,,,,,,,,,,,,,,,,,,,,,,,,,,,,,,,,162.3,1100,29.96,,,,,,,,,,,,50.83,110,110,,,,,,,,,,,,,,,,,,,,,,,22,22,22,22,22,22,22,22,,22,22,22,,,,,,,,,,,,,,,,,,,,,,,,,,,,,,,,,,,,,,,,,,,,,,,,,,26.75,121.6,39.81,49.39,,,,,,,,,,,,,,,,,,,,,,,,,,,,,,,,,,,,,,83.39,,,,,,,,,,,,,,,,,,,,,,,,,,,,,,,,,,,,,,,,,,,,,,8.2,28.91,,55,34.4,55,7.386,43.36,27.75,22.72,27.07,,,,,,,,,,,,,,,,,,,,,,,,,,,,,,,,,17.97,,,,,,55,,,,,,,,,,,,,,,,,,,2.55,,,,,,,,,,,,,,,,,11.8,11.8,18.7,42.79,,,,,,,,,,,,,,,,55,,,,,,,,,,,,,,,,,,,,,,,,,,,,,,,,,
937-30-4,4'-Ethylacetophenone / p-Ethylacetophenone / 1-(4-ethylphenyl)-ethanone,2.941,55,13.39,6.2,24.08,,14.34,7.58,11.04,1.35,22,,,,,,0.17,,,14.9,3.643,,55,45.15,55,55,37.91,55,,,,,,33,33,,,,,,,,,,,,,55,55,55,15.58,14.81,33,55,,,,,,,,18.95,,33,55,,,,,,,,,,,,,,,,,,,,,,,,,,,,,,,,0.82,,,,,,,,,,,,,,,,58.17,442.5,305.8,,,,,,,,1.362,2.52,,,110,110,110,,,,,,,,,,,,,,,,9.42,10.53,22,12.1,18.1,1.42,35.22,22,19.71,19.24,16.23,22,22,22,22,,22,22,22,,,,,,,,,,,,,,,,,,,,,,18.72,20.39,33,22,22,22,30.7,33,33,33,33,33,,,,,,,,,,,,,,,,,,,,,,,,,,,,,12.97,,,,68.44,37.19,,,,,,,,,,,,,,,,,,,,,,5.54,,41.48,5.2,,55,30.2,,,,,,,,,,,,,17.96,,,,32.19,,,36.45,48.21,27.95,11.72,,,55,55,,,,22,,,,,,,,,,,,,,55,,,,,,,,,,,,,,,13.83,,10.8,,,,,,,,,,,,,,,,,18.79,17.05,29.77,24.88,26.79,24.23,55,33.42,19.63,39.23,38.14,28.74,55,,,40.3,37.94,14.82,,,,,,,,,,,,,,11.51,,,38.39,19.27,18.58,,,,,,,,,,,,,,,11.53,,,,,,9.89,,8.03,,,,,55,,9.52,38.58,,,,,,,,,,,,,55,,,,,,,,,,,,,,,,,,,,
4340-84-5,4-hydroxy-4′isopropyl-azobenzene / Benzaldehyde 4-hydroxy-4′-isopropylazobenzene,,,,,,,,,,,,,,,,,,,1.9,1.1,4.2,1.2,,,,,,,,,,,,,,,,,,,,,,,,,,,,,,,,32.21,,,,,,,,,,,,,,,,,,,,,,,,,,,,,,,,,,,,,,,,,,,,,,,,,,,,,,,,,,,55.52,1100,276.2,,,,,,,5,0.5,,,,,,,,,,,,,54.53,,,,,,,,,9.44,8.06,22,16.7,9.2,1.42,46.6,22,22,22,22,22,22,22,22,,22,22,22,,,,,,,,,,,,,,,,,,,,33,13.34,,,,,,,,,,,,,,,,,,,,,4.71,27.7,15.13,44,7.63,44,44,4.96,,,,,,,,,,,,,,,,,,,,,,,,,,,,,,,,,,,,,,,,64.94,,110,10.59,,,,,,,,,,,,,53,,,,,,,,,,46.3,23.33,62.14,8.589,,,,,,,,22,,,,,,,,,,,,,,55,34.32,,15.14,16.51,11.73,23.79,,,,,,,,,,,,,,,,,,,,55,8.1,23.8,55,55,55,55,29.4,20.7,,,,,,29.82,,16.89,55,33.7,26.6,55,,,,,,,,,,,,,,,,19.21,,,16.07,,,,,,,,,,,,,,,,,,,,,,,,,,,,,,,,,,,,55,,,,,,,,,,,,,,,,,,,,,,,,,,,,,,,,,
83-34-1,3-methyl-indole / skatole,,,,,,,,,,,22,,,,,,,,15.3,,,16.8,,,,,,,,,,,,,,,,,,,,,,,,,,27.12,22.42,24.65,14.5,13.13,33,25.41,,,,,,,,33,55,33,55,,,,,,,,,,,,,,,,,,,,,,,,,,,,,,,,,,,,,,,,,,,,,,,,,,,,,,,,,,,,,,,,,,,32.9,,6.15,,,,,,,,,,,,,,,,,,22,22,22,22,22,22,22,22,22,22,22,22,,,,,,,,,,,,,1.4,10.1,,,,,,,,,,,,,,,,,,,,,,,,,,,,,,,,,,,,,,,,,,,,,,,,,,,,,,,,,,,,,,,,,,,,,,,,,,,,,,,,,,,,,,,,,,,,110,110,,,,,,,,21.4,15.57,26.37,31.28,,,,,,,,,,,,,,,,,,,,,,55,,,,,,,,,,,,,,,,,,,,,,,,,,,,,,,,,,,10.87,55,19.66,21.25,22.03,,,,,,,55,,,39.32,38.01,31.63,,,,,,,,,,,,,,6.53,,,,,,,,,,,,,,,,,,,,,,,,,,,,,,,,,,,,55,,,,,,,,,,,,,55,,,,,,,,,,,,,,,,,,,170.3,78.69
141-93-5,"1,3-diethylbenzene",,,,,,,,,,,,,,,,,,,,,,,55,55,55,28.3,55,13.4,,,,,,,,,,,,,,,,,,,,27.31,25.26,24.4,,,,50.59,,,,,,,,,,,,,,,,,,,,,,,,,,,,,,,,,,,,,,,,,,,,,,,,,,,,,,,,,,,,,,,,,,,,,,,,,55.51,110,110,,,34.28,,,,,,,,,,,,,,,,,,,,22,22,22,22,22,22,22,22,,22,22,22,,,,,,,,,,,,,,,,,,,,24.11,33,33,33,33,22,22,22,,33,33,33,33,33,,,,,,,,,,,,,,,,,,,,,,,,,,,,,55,,,230.9,66.83,,,,,,,,,,,22.32,,38.5,,21.44,,38.5,,26.38,,,,5.54,,99.33,,,,,,,,,,,,,,,34.89,54.78,,,,,,,,36.45,48.21,27.95,11.72,,,55,55,,,,22,,,,22,,,,,,,,,,55,,,,,,,,,,,,,,,18.36,,,,,,,,,,,,,,,,,,,,28.81,22.4,29.73,31.27,22.93,,,,,,,55,,,40.3,37.94,14.82,,,,,,,,,,,,,,,,,,,,,,,,,,,,,,,,,,,,,,,,,,,,,,,,,,55,,,,,55,,11.2,,8.97,,,,55,,,,,,,,,,,,,,,,,,,,
109-66-0,pentane,,21.86,,,60.59,,312.7,47.69,31.35,4.159,22,7.25,33,3.99,0.96,10.7,16.3,11.6,9.131,,,12.75,55,51.6,55,55,55,55,26.01,48.82,55,33.56,15.62,13.22,7.567,33,33,33,22,22,,,,,17.71,,,42.21,39.46,35.62,6.059,20.88,29.95,36.17,,,14.33,,,,,33,38.99,33,55,,,55.13,,,,,,,,17.67,42.44,59.77,34.33,,,,,,,,,,,,,,,,,,0.44,,,12.9,,55,,,6.84,,,69.78,,,,55,46.25,400.4,85.84,3.92,1.3,2.5,3.63,1.56,3.6,,0.863,,33,33,110,110,110,,,,,,,,3.039,9.987,8.253,12,11.71,2.354,2.764,3.168,11.92,15.36,22,21.27,55,13.74,38.09,22,22,22,22,22,22,22,8.387,11.72,12.57,22,22,7.624,11,11,2.82,11,11,4.14,7.214,39.6,5.362,7.666,6.6,,5.8,28.88,33,22.23,29.23,14.83,14.74,26.82,19.95,23.07,33,22,22,20.81,30.06,30.71,33,33,29.34,33,,,,,7,4.6,,,6.621,16.91,21.4,41.72,20.29,44,44,16.68,,,,,,,,,,,,2.727,55,,1.73,28.07,84.12,48.83,27.22,26.4,20.72,5.128,19.02,7.28,9.857,16.55,97.75,26.45,32.06,23.65,12.53,8.558,21.86,25.26,19.72,29.91,2.25,7.012,19.54,82.8,1.116,17.04,10.23,,55,40.98,0.9462,0.7438,2.734,1.711,1.936,11.5,4.46,8.024,4.079,50.53,41.57,45.19,52.51,,,,90.22,55,25.5,,,,,5.2,35.2,26.94,55,8.443,,,4.141,3.011,22,4.282,17.72,,10.19,44,44,44,18.17,8.384,39.27,,55,,55,,,,,,,29.97,,,,18.39,19.09,,92.19,,,20.75,,45.42,,55,55,55,,,,,,,,,11.08,,,,,,13.75,18.1,13.98,55,55,55,55,0.5584,5.906,51.19,37.49,38.96,3,,3.3,,,,,,,,16.25,23.35,1.009,17.69,5.455,5.366,,,,28.53,0.64,281.6,5.36,21.17,13.47,27.31,281.6,,,,14.74,13.35,17.5,10.02,,,,14.56,8.595,12.59,3.906,8.8,,4.294,9.784,15.34,16.85,13.76,8.49,55,3.832,2.722,2.035,13.2,55,,55,,20.46,,2.84,1.789,55,5.4,10.21,6.704,21.88,31.62,25.14,,,23.93,189.5,4.924,44.57,2.518,3.183,3.696,,,,340.1,46.76
65-85-0,benzoic acid,3.143,55,105,4.01,17.99,21.26,38.78,2.72,,3.75,22,9.601,6.78,7.044,33,6.652,,,5.148,9.923,6.823,2.7,55,48.74,55,46.05,40.43,37.71,,,,,,24.78,24.16,,,,22,22,,,,,22,,,40.04,39.57,36.32,13.63,16.26,33,33.76,,,22,26,,,,21.76,55,33,55,,,,,,,,,,,,16.8,77,44,,,,,,,,,,,,,,,,,,,,,12.9,,2.5,,,,35,,15.69,,,,,58.17,442.5,305.8,,,,,,,,1.006,2.674,,,89.12,110,110,,,32.86,,,17.78,19.75,1.906,,,,,,,,12.23,11.03,22,15.03,25.48,5.02,40.4,22,19.38,18.84,15.49,22,22,22,22,22,22,22,22,3.05,11,11,1.62,11,11,,8.79,31.86,,,,,,33,33,33,33,33,33,33,18.62,22.31,29.16,22,22,22,31.77,33,33,33,30.09,33,,,,,,,,,,,,,,,,,,,,,,,,,390,,,,22.09,,,91.81,78.26,37.19,,26.4,,,,,32.16,75.41,80.66,22.32,24.96,23.27,20.85,15.77,44.69,16.19,34.71,25.08,,10.53,,36.5,,98.67,10.98,3.654,55,32.33,,,,,,,,,,33.15,26.28,48.95,18.71,28.1,24.2,44,26.51,,,,,,,35.2,12.9,55,55,,,,22,,,,12.75,,18.75,21.7,44,18.93,18.06,11.58,16.88,14.67,41.36,,,,,,,,0.81,15.56,,,,,,24.63,,10.8,,,,,,55,55,55,55,6.5,23.3,55,55,25.5,55,12.3,18.79,20.52,32.02,22.2,29.94,29.58,55,33.42,19.63,42.4,41.17,31.07,44.74,,,,,,,,,,,,,,,,,,,8.658,11.46,4.86,19.39,11.82,7.723,26.69,,,,,,,,,,,9.5,10.5,16.2,19.57,,,,27.32,,9.89,,8.03,,15.92,27.32,27.32,55,,9.52,20.69,,,,,14.11,,18.91,,11.19,,,,48.73,13.19,,,,,,,,,,4.44,,,,,,,,192.9,523.1
35153-20-9,Z-12-Tetradecen-1-ol acetate / Z12-14:Ac,,17.47,,3.906,9.295,,414.7,38.17,36.93,4.799,20.92,,,,,,,,,,,,55,55,55,31.9,55,55,19.98,55,55,55,7.113,8.929,3.368,1.122,0.8418,2.018,4.4,0.7345,,,,,0.9203,,,25.5,34.86,35.14,6.487,22.82,29.84,38.58,19.94,104.1,17.5,44,,,,33,47.57,33,51.22,,,37.21,,,,,,,,18.04,26.82,37.34,21.47,,,,,,,,,,,,,,,,,,0.8505,,,2.04,,0.4671,,,5.78,,,99.81,,,,23.25,136.7,1100,58.24,,,,,,,,,,,,75.27,110,97.61,,,,,2.776,,,1.56,3.255,1.35,,,,,,4.4,4.4,4.4,,,,1.237,22,22,22,22,19.49,22,22,22,3.72,14.59,14.11,22,,,,,,,16.2,,,,,,,,8.566,20.14,12.87,25.23,13.52,24.53,11.34,33,29.33,33,15.61,18.47,22,41.35,33,33,33,33,33,,2.47,9,,5.7,5,,,,,,,,,,,,,,,10.63,6.55,8.801,4.505,,,0.1051,2.557,,,0.9683,,,,235.3,26.4,,,,,18.66,29.36,87.18,15.75,13.32,23.26,8.734,14.84,20.05,25.31,28.38,29.62,1.88,1.485,20.85,,,27,3.9,,51.29,44.94,2.209,2.116,1.518,1.5,22,0.7244,0.8224,0.4387,0.7197,53,,,110,,,,72.49,,,,,,,30,29.5,20.28,45.19,6.677,3.81,2.5,5.55,,,,10.97,,13.58,44,44,44,23.39,13.29,88.91,,55,,,,,,,,,4,25.57,24.29,22.07,15.43,18.65,,,,,,,,110,37.05,34.89,40.66,55,6.809,31.1,55,41.57,15.21,55,7.826,10.7,19.52,14.32,32.49,27.35,12.37,7.416,16.76,,45.85,44.45,32.55,55,0.4176,8.74,36.15,34.97,13.72,2.646,6.3,8.307,,4.637,4.24,4.19,2.86,9.19,6.64,6.261,32.32,37.42,19.92,10.82,3.704,,,,13.97,0.21,281.6,18.92,33.91,48.29,281.6,182.2,,,,11.51,12.45,15.09,26.41,27.5,0.71,5.16,4.4,0.5877,,6.411,7.58,5.008,0.8053,4.001,4.4,55,,,55,0.6133,1.266,13.2,10.42,,,,,,,6.855,0.3664,17.89,1.347,12.98,5.911,22.13,26.66,25.03,,,,,,,,,,,,,,
16491-36-4,cis-3-Hexenyl butyrate,,17.47,,0.84,1.08,,,,,3.82,20.63,,,,,,,,,11.6,16.1,,55,41.67,55,47.46,50.43,33.33,21.44,55,55,55,3.916,13.8,7.283,1.165,0.8837,2.029,6.466,1.656,,,,,0.9203,,,32.39,40.3,37.73,11.21,16.82,30.99,11.13,17.47,122,17.17,44,,,,33,44.32,33,46.96,,,35.25,,,,,,,,18.04,29.28,35.58,23.76,,,,,,,,,,,,,,,,,,,,,0.5,,0.13,,,5.78,35,,82.87,,,,51.39,56.69,435.2,48.68,,,,,,,,0.7958,,,,82.29,110,100.4,,,,,3.491,,,2.8,3.369,1.35,9.93,9.94,,,,9.858,9.858,9.858,10.65,55,13,1.237,22,22,22,22,0.36,22,22,22,3.72,22,10.85,22,4.08,11,11,1.51,11,11,49.42,33.53,21.21,19.99,14.87,,,,13.4,3.745,5.396,24.09,33,,,33,29.97,33,18.29,22,22,31.4,33,33,33,33,33,,2.47,,,5.7,5,,,7.13,11.69,17.43,44,11.71,44,44,10.64,,,,,10.63,6.55,8.784,4.473,,,0.0995,2.727,55,,1.585,172.6,,,116.2,23.23,,,,,24.8,35.34,81.32,,,15.13,16.61,16.31,24.72,17.58,34.17,25.72,,3.519,20.08,,,24.39,6.699,,55,48.8,2.209,2.116,1.518,1.5,22,0.7244,3.406,2.095,4.001,,110,47.84,79.43,,,,61.77,55,12.5,,,,,30,29.5,21.51,47.15,12.59,3.81,2.5,5.729,,,,16.21,,13.58,44,44,44,23.39,14.17,46.62,,55,,,,,,,,1.64,6.256,25.57,24.29,22.07,12.44,23.86,,,,,,,,,55,32.34,55,55,7.487,34.04,55,39.92,18.02,55,10.05,21.75,17.87,16.56,30.58,27.64,14.14,8.052,16.56,22.88,55,34.41,24.66,55,4.651,35.2,37.24,24.65,13.97,8,,,,,4.61,3.958,2.221,2.823,2.022,13.98,22.54,44,7.34,14.78,3.734,,,,42.4,0.21,281.6,18.92,33.91,48.29,281.6,182.2,,9.2,15.8,10.74,13.18,15.59,21.19,27.5,0.71,5.16,11.14,0.8168,,,7.58,3.82,4.336,11.14,11.14,55,,,55,0.6133,1.203,13.2,10.05,55,,8.07,,55,,3.62,0.4253,28.36,3.884,10.06,6.191,23.01,30.62,20.39,,,15.57,39.49,9.92,,,,,,,,,
67446-07-5,(Z)-5-Decenyl acetate / Z5-10:Ac,,11.55,,2.925,10.46,,367.8,41.96,34.44,4.278,21.1,7.023,6.085,3.906,15.15,6.167,14.05,10.62,9.061,13.15,4.234,14.3,55,49.86,55,41.8,55,55,11.37,55,55,42.94,11.61,9.4,8.5,3.94,4.35,2.41,5.576,1.212,,,,,1.469,,,24.42,33.13,33.85,6.743,22.55,30.35,37.61,18.26,111.8,17.8,38.7,,,,33,45.93,33,51.27,,,41.12,,,,,,,,17.81,33.61,37.88,21.87,,,,,,,,,,,,,,,,,,0.6899,,,1.497,,0.3525,,,5.78,21.11,,89.94,,,,27.2,49.06,564.2,53.35,3.92,1.3,2.5,3.63,1.56,3.6,,1.043,,33,33,79.06,110,99.13,,,12.36,13.89,2.906,,,2.11,5.155,2.368,,,1.56,2.23,2.54,5.465,5.034,5.012,19.51,46.05,10.48,1.191,22,22,22,22,19.58,22,22,22,8.089,14.83,14.35,22,6.153,8.457,5.047,1.576,5.307,11.7,20.77,2.638,15.53,2.052,2.186,6.6,,5.8,9.383,21.87,13.97,25.38,13.79,29.35,13.55,29.08,23.3,22.95,5.013,6.016,22,44.64,33,33,33,33,33,,2.47,9,,5.994,4.899,,,4.28,13.46,16.44,36.78,28.17,44,44,12.8,,,,,10.63,5.623,8.483,4.325,,,0.1127,2.708,9.752,,0.9591,38.79,72.83,48.83,159,26.4,,,,,19.71,29.64,90.4,15.97,18.23,21.62,8.985,15.01,20.7,24.86,28.62,28.38,1.73,1.695,20.47,63.15,1.096,24.78,4.981,5.441,52.18,44.17,1.768,1.61,1.836,1.258,9.738,1.016,1.366,1.272,1.189,51.46,,,47.49,28.1,24.2,44,39.33,45.25,24.08,,,,,30,29.5,26.65,49.07,6.877,3.81,2.5,9.952,,,,9.73,,13.58,44,44,44,23.39,12.23,37.31,,55,,55,,,,,,,6.893,33.8,29.48,18.78,15.04,18.17,,110,,,25.14,,65.83,110,42.24,40.58,44.95,55,7.057,32.94,55,40.79,15.72,55,8.578,9.064,18.63,15.46,31.47,27.5,13.27,12.01,13.79,13.04,49.97,44.22,29.44,55,0.3964,3.522,42.68,34.68,22.25,3.554,4.896,7.319,13.6,4.697,4.61,3.56,2.316,3.201,2.47,5.387,14.21,16.4,19.09,8.881,2.891,17.42,12.78,8.277,24.55,0.2597,281.6,14.88,31,37.86,180.5,198,7.8,,,11.16,12.4,15.52,16.44,27.5,0.71,5.16,4.151,0.7918,,6.166,7.815,3.82,0.5706,4.4,4.143,27.85,,8.49,55,0.6292,1.272,13.2,10.64,55,,55,,55,,1.906,0.4012,19.17,1.687,12.37,5.899,22.21,26.72,24.97,,,23.93,189.5,4.143,48.24,2.518,3.183,3.696,11,5.68,11,,
141-32-2,"2-Propenoic acid, butyl ester",,11.02,,,24.57,,312.7,47.69,31.35,4.759,20.62,6.517,3.78,3.831,33,5.383,,,6.427,14.9,3.273,,55,35.24,55,55,55,41.58,55,55,55,55,6.833,10.01,4.149,1.131,0.8544,2.071,9.332,3.595,,,,,4.054,,,38.54,28.14,40.17,5.512,18.72,29.01,40.25,14.47,132.9,15.14,38.13,,,,33,47.07,33,55,,,39.03,,,,,,,,18.04,27.74,34.15,18.24,,,,,,,,,,,,,,,,,,0.44,,,,,,,,5.78,18.04,,91.25,,,,,14.21,197.7,23.4,,,,,,,,0.7464,,33,33,86.23,110,110,,,12.36,13.89,2.958,,,2.495,5.425,2.664,,,,,,6.578,6.168,7.883,21.76,41.97,5.73,4.119,22,22,22,22,19.76,22,22,22,3.397,17.72,17.56,22,3.73,11,11,1.87,11,11,16.2,,,8.27,5.89,,,8.1,18.13,10.57,12.55,24.46,33,,,16.41,27.4,33,22,22,20.51,32.38,26.42,33,33,22.37,33,,,,,,,,,6.776,13.28,16.97,44,12.32,44,44,10.35,,,,,10.63,6.55,8.91,4.71,,,0.11,2.727,10.13,,0.9083,14.83,,,420,26.4,,,,,24.49,45.63,89.97,15.75,13.32,17.63,12.04,15.35,21.32,38.5,33.25,25.19,,1.095,20.94,63.15,,30.74,5.733,6.28,52.43,43.03,2.209,2.116,1.518,1.5,22,0.7244,3.6,2.59,3.43,53,72.72,110,20.62,28.1,24.2,44,17.07,55,29.4,,,,,5.2,35.2,39.54,42.2,6.451,3.81,2.5,2.208,,,,7.736,11.17,13.58,44,44,44,23.39,10.6,,,55,,,,,,,,,,,,,,23.51,,110,,,25.14,,,110,55,38.89,55,55,4,13.2,55,55,9.3,55,2,6.71,17.15,17.71,29.73,27.78,15.04,9.812,9.854,15.71,31.42,44.78,20.95,55,0.3953,12.86,36.15,34.97,13.72,8,3.7,4.932,13.6,5.5,4.61,3.333,2.334,3.283,2.563,4,7.855,9.736,15.34,9.21,2.38,19.62,12.78,8.277,,0.21,281.6,18.92,33.91,48.29,281.6,182.2,,,,,,,21.53,27.5,0.71,5.16,4.126,0.7915,,5.331,,,0.5715,4.4,4.118,4.472,,8.49,55,0.7959,1.312,13.2,10.69,55,,55,,5.82,,24.93,0.4074,26.93,1.687,8.929,5.661,24.58,27.28,28.97,,,,,24.15,40.78,,,,,,,186.2,243.1
35237-64-0,(Z)-11-tetradecenal  / Z11-14:Ald,,13.11,,0.84,1.08,,,,,6.67,15.04,7.25,33,3.99,0.96,10.7,14.81,11.3,9.282,11.6,16.1,14.3,48.7,53.53,55,55,41.61,31.8,0.9508,30.18,55,4.699,40.97,7.8,2.1,4.62,5.12,7.01,14.14,8.647,,,,,9.2,,,52.44,52.98,52.1,7.322,23.34,20.9,15.62,21.53,,15.15,,,,,30.04,55,33,55,,,,,,,,,,,,35.53,42.45,17.7,,,,,,,,,,,,,,,,,,1.6,,,0.5,,0.13,,,,35,,69.78,,,,47.96,14.05,205.9,39.51,3.92,1.3,2.5,3.63,1.56,3.6,,0.9126,,,,110,110,110,,,,,,,,2.078,3.495,1.35,9.93,9.94,1.56,2.23,2.54,8.596,6.896,6.058,21.46,55,15.27,3.339,22,22,22,22,15.39,22,16.98,22,15.02,11.81,9.752,19.39,5.377,8.55,5.213,1.589,5.47,11.67,25.04,3.116,16.9,1.881,2.421,6.6,,5.8,17.41,30.95,12.22,22.58,6.376,33,20.02,18.7,14.14,15.14,2.057,1.56,19.98,51.5,29.12,33,33,26.9,33,,2.47,,,6.611,4.708,,,4.28,13.46,16.44,36.78,28.17,44,44,12.8,,,,,10.63,4.047,6.569,2.807,,,0.1258,2.655,32.71,,1.667,54.21,72.83,48.83,89.74,26.4,,,,,28.7,42.88,111.7,20.6,30.93,13.55,15.48,17.58,20.85,36.4,17.96,30.28,1.73,5.603,18.58,,1.122,35.29,5.219,,55,42.03,1.027,0.8464,3.301,1.732,2.748,8.089,3.464,3.959,3.58,50.83,110,47.84,64,,,,67.12,48.46,24.97,,,,,30,29.5,43.83,55,7.258,,,22,,,,22,,13.58,44,44,44,23.39,12.74,14.96,,55,,55,,,,,,1.64,31.01,45.17,36.05,15.88,13.92,17.76,,110,,,,,65.83,,40.93,43.3,46.72,55,8.824,39.67,55,37.23,24.25,55,15.48,12.76,,,,,,24.04,15.19,14.8,29.1,49.39,20.95,55,0.814,5.122,51.94,38.6,40.94,4.155,,,,,4.61,5.32,1.97,2.13,1.14,8.146,22.54,44,16.31,8.21,3.422,,,,27.3,0.5121,281.6,6.898,23.26,17.39,43.55,258.1,7.8,9.2,15.8,11.13,11.39,13.38,11.76,27.5,0.71,5.16,5.037,1.639,,5.03,8.8,16.39,1.289,4.457,5.474,55,,,55,1.369,1.38,2.41,13.2,55,,27.12,,55,,0.5211,0.5391,35.1,2.26,11.95,7.805,18.68,31.36,14.32,,,21.57,129.8,4.037,48.24,2.518,3.183,3.696,11,5.68,11,,
2548-87-0,"2-octenal, (E)-",,18.49,,0.84,1.08,,,,,,16.24,7.25,33,3.99,0.96,10.7,13.29,9.8,11.54,,,14.3,55,38.17,55,55,55,55,2.88,30.15,32.19,10.94,13.22,7.515,8.807,9.695,9.652,10.8,13.93,8.379,,,,,8.933,,,33.66,35.44,35.93,8.181,21.68,22.92,20.06,,,15.86,44,,,,30.62,28.32,33,55,,,23.14,,,,,,,,24.53,34.52,45.78,19.87,,,,,,,,,,,,,,,,,,,,,1.854,,1.489,,,6.84,,,20.86,,,,42.47,16.24,320,41.77,3.896,1.376,2.559,3.684,1.596,3.6,,0.8652,,,,87.99,110,110,,,,,3.07,,,1.73,1.06,1.35,12,11.71,1.56,2.23,2.54,10.39,8.511,7.301,32.84,55,15.19,3.069,22,22,22,22,16.68,22,17.66,22,14.98,16.02,14.69,19.77,6.703,8.791,5.661,1.8,5.909,11.59,6.99,2.861,17.04,7.15,9.89,6.6,,5.8,14.06,30.29,11.31,21.51,5.297,33,11.41,17.8,22.57,25.64,11.56,9.994,20.89,51.25,30.86,33,33,29.57,33,,,,,7,4.6,,,4.28,13.46,16.44,36.78,28.17,44,44,12.8,,,,,10.63,4.647,7.494,3.767,,,0.1321,2.449,23.97,,1.698,43,77.22,41.89,92.98,26.4,,,,,27.78,42.9,100.7,19.41,23.72,13.35,17.39,18.49,23.46,16.13,18.34,21.07,1.798,6.635,18.03,,1.142,31.33,5.219,,51.39,38.7,1.063,0.8873,2.787,3.049,4.394,12.72,7.822,11.03,7.268,50.46,24.89,25.65,39.41,,,,66.35,50.16,18.33,,,,,,,49.98,55,11.87,,,22,,,,18.56,12.59,16.06,44,44,26.14,24.62,10.71,14.93,,55,,55,,,,,,1.69,13.63,66.54,47.17,12.69,11.93,17.62,23.67,110,,,17.96,,62.38,,48.58,44.48,47.58,55,6.2,14.1,55,55,55,55,22.6,8.053,,,,,,21.13,20.25,16.38,43.88,45.07,26.04,55,0.5437,2.112,47.27,35.3,34.84,3,,,,,,13.88,,,,9.374,32.95,5.021,22.91,6.23,3.178,,,,24.5,0.4439,281.6,8.111,24.71,20.49,58.76,244.1,7.8,,,10.74,12.03,14,16.01,27.5,0.71,5.16,9.962,1.643,,5.03,8.8,,2.279,6.406,10.62,55,13.76,,55,1.468,1.306,2.254,13.2,55,,55,,55,,0.5082,0.4911,55,1.629,9.97,8.06,,,,,,23.93,189.5,4.031,48.24,2.518,3.183,3.696,11,5.68,11,357.6,40.76
3913-71-1,(E)-dec-2-enal / E2-10-Ald,,18.03,,0.84,1.08,,,,,4.648,15.67,7.25,33,3.99,0.96,10.7,13.33,10.22,11.4,,,13.65,55,38.19,55,55,55,55,1.3,16.7,16.2,9.6,3.8,6.881,8.335,9.764,9.725,10.88,22,22,,,,,18.84,,,35.98,37.66,37.98,8.099,22.9,21.95,20.19,,,16.32,44,,,,30.35,27.63,33,55,,,23.14,,,,,,,,22.41,34.26,43.75,18.54,,,,,,,,,,,,,,,,,,,,,1.532,,1.044,,,6.84,,,23.5,,,,42.45,15.55,235,34.27,3.896,1.376,2.559,3.684,1.596,3.6,,0.9764,,33,33,90.15,110,110,,,,,3.07,,,1.975,1.06,2.782,12,11.71,1.923,2.487,2.842,10.89,11.06,8.681,34.87,55,14.82,3.61,22,22,22,22,16.14,22,17.33,22,14.79,12.41,10.4,19.58,5.608,8.782,5.643,1.741,5.892,11.6,6.18,3.35,18.14,4.809,4.198,6.6,,5.8,13.5,30.17,10.68,21.04,5.272,33,11.57,17.55,21.8,24.96,10.8,9.186,20.74,50.91,30.57,33,33,29.12,33,,,,,7,4.6,,,5.367,15.04,18.5,39.46,22.9,44,44,14.13,,,,,10.63,4.652,7.495,2.994,,,0.1324,2.45,26.23,,1.613,42.19,76.47,41.9,63.33,26.4,20.58,4.091,14.44,5.661,26.36,42.64,102.9,19.68,24.46,11.73,16.56,18.42,22.89,21.43,18.96,26.47,1.907,6.305,18.19,63.15,1.141,33.28,5.219,,51.39,38.71,1.063,0.8866,2.775,3.067,4.424,12.83,5.343,6.658,4.935,50.46,30.48,32.01,43.52,,,,68.39,50.58,20.35,,,,,5.2,35.2,50.41,55,11.01,,,22,3.011,22,4.282,19.06,12.59,13.76,44,44,32.67,22.39,11.34,19.08,,55,,55,,,,,,1.69,9.314,66.54,47.17,12.69,12.52,18.19,23.67,110,,,17.96,,67.15,,48.16,43.83,47.11,55,6.2,14.1,55,55,55,55,22.6,9.394,,,,,,19.48,20.88,15.93,42.24,45.9,29.14,55,0.5444,2.261,51.02,41.97,44.72,3,,3.3,,,4.61,5.075,1.97,2.13,1.14,7.885,12.69,1.058,18.86,6.227,3.444,,,,25.34,0.4426,281.6,8.138,24.74,20.56,59.12,243.8,7.8,,,11.63,12.86,14.64,15.64,27.5,0.71,5.16,9.033,1.641,,4.377,8.8,,1.875,5.646,9.665,37.31,13.76,,55,1.472,1.303,2.231,13.2,55,,55,,29.65,,0.5088,0.4895,55,1.619,7.738,6.955,22.27,32.16,17.11,,,23.93,189.5,4.862,46.3,2.518,3.183,3.696,11,5.68,11,357.6,40.76
2244-16-8,(S)-carvone  / (+)-carvone / (S)-2-methyl-5-(1-methylethenyl)-2-cyclohexen-1-one,,11.68,,,,,,,,,22,,,,,,,,,,,,,,,,,,2.3,13.6,55,19.2,9.6,,,,,,22,22,,,,,6.79,,,,,,,,,37.88,13.47,,,,,,,11.28,,33,18.21,,,,,,,,,,,,44,29.68,13.87,,,,,,,,,,,,,,,,,,,,,,,,,,9.25,,,,4.06,,,55,123.2,1100,195.3,,1.36,2.28,,1.85,,,,,,,75.06,110,110,,,25.01,,,,,,,,,,,,,22,17.24,22,55,55,,14.99,22,22,22,22,22,22,22,22,22,22,22,22,11,11,11,5.36,11,11,,1.54,14.65,6.92,8.67,,,,,,,,,,,21.63,24.44,33,22,22,22,55,33,33,25.08,33,19.65,,,,,,,3.739,110,8.25,44,44,44,10.89,44,44,18.06,22.83,29.42,47.04,23.51,,,,,,,,,,,,,,,,,,,,,,,,,,,,,,,,,,,,,,14.81,,,55,30.9,,,,,,,,,,,110,110,,,,,,,,,,,,11,35.2,23.99,55,40.7,,,,,,,,,,,,,,,,,55,590.9,33.87,12.27,15.11,22.34,20.96,16.53,,18.28,,,,4.12,,,,,,18.23,,,,55,55,55,55,7,55,38.2,55,17.3,55,12.1,10.33,13.81,29.23,26.56,21.61,20.94,17.25,26.17,16.4,27.6,55,23.6,55,,35.2,,,,,,,,,,,,,,15.57,,,19.26,,,,,,,,,,,,,,,10.5,18,,,,28.52,,,,,,,,,,,,,1.57,,,55,21.22,,,,,,,,,,,,55,,,,,,,,,18.74,58.05,,,,,,,,,,
63408-45-7,(Z)‐7‐Nonadecen‐11‐one,,14.45,,0.84,5.041,,312.7,47.69,31.35,5.269,15.73,7.25,33,3.99,0.96,10.7,14.11,10.73,10.08,,,13.34,55,53.44,55,43.81,55,55,6.934,55,55,55,1.073,6.664,2.028,8.238,7.468,7.459,10.98,5.069,,,,,5.588,,,42.21,42.41,40.83,10.56,23.63,22.05,45.09,13.43,79.1,13.99,32.88,,,,30.37,38.82,33,55,,,43.18,,,,,,,,17.4,29.58,28.77,12.72,,,,,,,,,,,,,,,,,,0.8177,,,0.5,,0.13,,,6.258,,,69.78,,,,48.88,10.04,91.74,15.52,3.92,1.3,2.5,3.63,1.56,3.6,,1.219,,33,33,35.85,110,82.38,,,,,2.956,,,2.009,4.586,3.857,12,11.71,1.883,2.46,2.81,8.321,7.394,6.454,23.28,48.08,11.61,1.699,18.92,22,22,22,5.672,22,9.55,5.587,8.609,8.263,2.147,15.68,5.344,8.516,5.153,1.569,5.412,11.68,8.244,3.083,16.73,2.071,1.986,6.6,,5.8,1.45,18.95,3.71,8.96,1.26,28.27,15.2,25.29,17.06,19.27,2.796,2.874,20.89,55,31.33,33,33,24.78,33,,,,,7,4.6,,,5.949,15.51,18.64,41.21,19.07,44,44,13.47,,,,,10.63,4.907,7.626,3.426,,,0.1123,2.353,37.01,,1.035,52.85,72.83,48.07,57.23,26.4,20.58,4.091,14.44,5.661,18.06,32.84,109.6,17.07,22.63,13.61,11.99,16.65,13.57,21.25,19.21,21.88,1.899,2.336,19.92,63.15,1.136,26.76,7.608,,50.87,43.84,1.116,0.9372,2.441,0.8722,1.781,1.787,2.012,1.484,1.587,50.27,68.26,71.54,58.79,,,,90.38,55,33.44,,,,,6.431,35.2,49,51.82,7.033,3.81,2.5,6.079,3.011,22,4.282,15.17,,11.51,44,44,44,20.22,13.21,16.63,41.08,55,,55,,,,,,,15.37,66.54,47.17,12.69,14.27,18.58,,110,,,21.37,,67.32,110,39.45,36.58,47.22,55,4,13.2,55,55,9.3,55,2,7.404,26.83,8.5,40.4,26.31,7.64,14.23,15,13.21,18.18,39.81,10.03,55,0.3944,1.425,51.97,38.65,41.03,3,,3.3,,,4.61,4.508,2.339,3.309,2.592,4.797,9.29,4.493,11.08,6.575,3.256,,,,26.58,0.3719,281.6,9.909,26.63,25.09,85.12,227.8,7.8,,,13.57,13.07,15.98,11.47,27.5,0.71,5.16,6.295,1.059,,4.47,8.275,7.816,0.569,2.592,8.037,9.465,13.76,8.49,55,0.9078,1.113,3.144,10.57,38.98,,37.43,,19.27,,0.5187,0.4813,34.62,1.071,14.68,7.979,20.12,28.14,34.57,,,21.6,106.2,6.179,44.06,2.518,3.183,3.696,11,5.68,11,267.2,90.47
106-22-9,"beta-Citronellol / 3,7-dimethyl-6-octen-1-ol  / citronellol",,15.59,,4.237,13.81,,232.2,20.24,28.63,7.346,22,33,33,33,6.37,33,5.3,11.5,12.2,,7.263,15.1,55,55,25.73,55,55,55,1.022,18.99,43.55,4.985,42.92,20.1,20.1,,,,22,22,,,,,7.278,,,46.62,49.09,41.64,5.27,18.18,24.74,55,,,,37.89,,,,19.89,20,27.08,22.92,11.18,13.96,,,,,,,,,19.85,41,24.4,11.83,,,,,,,,,,,,,,,,,,1.645,,,,,,,,6.483,,,,,,,,12.96,61.54,20.24,3.104,1.572,1.886,,1.578,,,2.328,,,,86.18,110,110,,,29.77,,4.116,,123,,,,,,,,,6.538,9.186,22,6.675,55,11.46,32.74,13.04,22,22,22,7.307,22,13.45,13.05,10.61,9.682,6.611,22,11,11,11,4.255,11,11,,1.16,4.387,12.76,13.73,,,,16.92,24.53,21.29,27.77,33,23.31,19.08,27.01,24.22,21.73,8.959,5.459,22,25.57,33,33,26.43,33,26.93,,,,,,,6.96,110,5.099,9.455,43.1,23.06,17.45,44,44,8.82,14.21,44.92,38.93,29.37,,,,,,,,,55,,,,63.3,,,6.32,,,,,10.68,,66.22,,33.1,15.15,22.55,,42.13,38.5,41.08,38.5,,12.05,20.94,,,20.8,,5.4,,,,,,,,,22,4.64,22,47.76,52.88,46.05,35.22,44,21.8,44,68.97,55,23.5,,,,,9.811,27.29,55,55,,,,22,,,,16.69,11,,,,,,15.53,,75.93,55,31.9,55,45.23,55,7.77,12.37,15.56,,16.17,,,,13.37,,23.97,,4.3,110,20.41,,25.57,110,22.74,7.804,21.06,55,8.3,20.3,55,55,13.5,55,25.6,25.85,,,,,,14.28,22.09,19.52,28.67,35.8,13.67,55,2.111,7.499,,,,2.38,,7.992,,7.605,,,,,,6.108,4.683,1.567,10.52,44.91,15.44,33.1,34.5,,44.06,,,,,,,,11.2,,,9.7,8.6,20.5,14.91,,,,22,11.54,10.47,,8.68,24.01,15.98,40.18,44,21.03,,,55,13.45,,,,8.65,,10.7,,12.17,,25.7,1.09,55,4.099,,,,,,,,,,11.89,37.58,,,,,,,180.9,189.8
40716-66-3,trans-nerolidol,,9.407,,3.92,12.11,,232.2,22.34,28.63,7.905,22,,,,,,,,9.2,,1.8,,55,55,55,55,55,55,4.166,15.37,50.71,14.5,19.66,20.1,20.1,,,,22,15.38,,,,,7.009,,,34.77,33.27,33.13,1.838,18.75,26.16,45.52,,,,14.71,26.3,9.5,39.1,29.72,20,23.81,15.61,11.18,19.74,,,,,,,,,20.34,38.99,11.39,8.135,,,,,,,,,,,,,,,,,,1.243,,,,,,,,5.113,,,,,,,,3.952,186.7,19.33,3.384,1.595,1.871,,1.519,,,2.265,,,,100.1,110,110,,,29.77,,2.791,,123,,,,,,,,,4.046,8.472,17.26,8.735,50.37,8.518,17.88,18.06,22,22,22,9.822,22,22,22,5.004,2.87,1.2,10.08,11,11,11,2.59,11,11,,2.861,9.212,5.595,7.975,,,,9.114,9.406,5.579,9.942,23.64,30.65,25.31,16.46,19.81,27.89,17.23,11.08,18.54,16.77,33,33,27.61,25.27,23.64,,,4.411,,,,6.96,110,4.084,7.258,43.1,23.06,17.45,44,44,8.82,14.21,44.92,38.93,29.37,,,,,,,,,55,10.9,,,57.9,,,,,,,,,,69.43,,33.1,26.97,,,,38.5,,30.61,,11.77,,,,24.35,,7.43,55,21.8,,,,,,,8.264,5.157,7.728,49.19,68.56,65.29,35.83,44,21.8,44,83.06,55,23.5,,,,,18.94,22.53,55,55,86.5,,,22,,,,17.66,11,,,,,,15.47,,75.93,55,31.9,55,45.23,55,7.77,12.37,15.56,,15.98,,,,12.72,26.79,23.97,110,4.3,110,8.363,,25.57,110,20.06,4.965,13.6,55,6.612,28.86,55,48.8,8.637,55,12.68,12.65,,,,,,18.21,13.83,15.02,27.41,35.31,20.1,55,5.237,14.91,,,,2.198,,6.228,,7.531,,,,,,5.432,44,12.57,17.23,31.83,5.609,33.1,34.5,,37.51,,,,,,,,11.2,8.9,6.4,9.7,8.6,3.676,15.81,,,,22,16.39,10.47,,12.62,26.83,16.12,39.48,44,8.44,13.46,10.4,36.12,12.13,,,,8.65,,10.7,,12.17,,25.7,3.132,55,9.921,,,,,,,,,,14.39,37.58,,,,,,,180.9,189.8
3387-41-5,4-methylene-1-(1-methylethyl)-bicyclo[3.1.0]hexane / Sabinene,,23.35,,,,,,,,,22,,,,,,,,,,,,,,,,,,,,,,,,,,,,,,,,,,,,,19.72,24.67,26.08,33,33,20.93,55,,,,,,,,33,17.75,33,15.87,,,,,,,,,,,,44,,,,,,,,,,,,,,,,,,,,,,,,,,,,,,,,,,,42.66,42.18,609.8,85.47,,,,,,,,,,,,110,110,110,,,,,,,,,,,,,,,,11.34,7.05,22,7.1,55,9.38,27.72,22,22,22,22,22,22,22,22,22,22,22,22,11,11,11,11,11,11,,4.24,13.92,12.19,9.3,,,,,,,,,,,,,,,,,,,,,,,,,,,,,3.815,,,,,,,,,,20.36,37.88,34.28,25.82,,,,,,,,,,,,,,,,,,,,,,,,,,,,,,,,,,,,,,,,,,,,,,,,,,,,,110,110,,,,,,,,,,,,,,,,,,,,,,,,,,,,,,,,,55,22.28,23.3,4.24,15.91,21.04,25.77,32.82,,10.79,,,,14.67,,,,,,,,30.29,,,,,55,9.8,14.9,55,55,29.2,55,21.6,,,,,,,4.62,,,,,,55,,35.2,,,,,,,,,,,,,,,,,15.75,,,,,,,,,,,,,,,,,,,,33.25,,,,,,,,,,,,,2.8,,,55,,,,,,,,,,,,,,,,,,,,15.57,14.51,,,,,,,,,,,,
876-02-8,4-hydroxy-3-methylacetophenone,2.64,,13.39,6.2,24.08,,14.34,7.58,11.04,1.35,22,,,,,,,,,,,,,,,,,,,,,,,,,,,,,,,,,,,,,55,55,55,15.58,14.81,33,45.46,,,,,,,,18.95,,33,55,,,,,,,,,,,,,,,,,,,,,,,,,,,,,,,,0.82,,,,,,,,,,,,,,,,,,,,,,,,,,,2.52,,,110,110,110,,,,,,,,,,,,,,,,,,,,,,,22,22,22,22,22,22,22,22,,22,22,22,,,,,,,,,,,,,,,,,,,,,,15.79,20.1,33,22,22,22,30.7,33,33,33,33,33,,,,,,,,,,,,,,,,,,,,,,,,,,,,,12.97,,,,,,,,,,,,,,,,,,,,,,,,,,,64.94,,34.64,,,,,,,,,,,,,,,,,,,,,,,,,,,,,,55,55,,,,22,,,,,,,,,,,,,,55,,,,,,,,,,,,,,,,,10.8,,,,,,,,,55,8.1,23.8,55,55,55,55,29.4,,18.27,17.07,22.98,27.48,20.41,,,,29.3,27.8,23.1,55,,,,,,,,,,,,,,,,,,,30.86,,,,,,,,,,,,,,,,,,,,11.53,,,,,,9.89,,8.03,,,,,55,,9.52,55,,,,,,,,,,,,,,,,,,,,,,,,,,,,,,,,,
81-13-0,D‐panthenol / Dexpanthenol,,,,,,,,,,,,,,,,,,,,,,,,,,,,,,,,,,,,,,,,,,,,,,,,,,,,,,,,,,,,,,,,,,,,,,,,,,,,,,,,,,,,,,,,,,,,,,,,,,,,,,,,,,,,,,,,,,,,,,,,,,,,,,,,,,,,,,,,,,,,,,,,,,,,,,,,,,,,,,,,,,,,,,,,,,,,,,,,,,,,,,,,,,,,,,,,,,,,,,,,,,,,,,,,,,,,,,,,,,,,,,,,,,,,,,,,,,,,,,,,,,,,,,,,,,,,,,,,,,,,,,,,,,,,,,,,,,,,,,,,,,,,,,,,,,,,,,,,,,,,,,,,,,,,,,,,,,,,,,,,,,,,,,,,,,,,,,,,,,,,,,,,,,,,,,,,,,,,,,,,,,,,,,,,,,,,,,,,,,,,,,,,,,,,,,,,,,,,,,,,,,,,,,,,,,,,,,,,,,,6.82,4.07,20.11,28.55,18,,,,,,,,,,,,,,
110-39-4,Butanoic acid octyl ester,,18.45,,0.84,8.781,,312.7,47.69,31.35,4.41,19.49,7.252,5.218,3.926,19.46,5.806,16.3,13.1,7.788,14.9,4.332,12.85,55,34.62,55,55,55,38.74,55,55,55,55,5.126,13.76,7.443,1.077,0.8009,2.056,10.63,4.73,,,,,5.238,,,43.74,48.86,48.7,5.107,19.69,26.92,31.7,13.83,108.1,14.59,39.29,,,,33,43.01,33,55,,,37.26,,,,,,,,17.6,22.14,32.9,17.41,,,,,,,,,,,,,,,,,,0.44,,,2.047,,1.79,,,5.895,16.42,,83.91,,,,55,13.6,188.2,17.39,,,,,,,,0.8109,,33,33,92.57,110,110,,,12.36,13.89,2.904,,,2.366,6.468,4.635,12,11.71,2.88,3.07,3.53,9.86,12.34,14.28,20.17,48.29,11,7.88,22,22,22,22,14.89,22,22,22,6.384,16.27,10.33,22,7.058,11,11,3.102,11,11,13.25,6.644,32.13,6.589,7.398,6.6,,5.8,12.31,3.417,5.127,23.88,33,33,33,16.46,27.16,33,17.49,22,20.44,38.78,26.14,33,33,21.96,33,,,,,7,4.6,,,6.742,14.08,18.64,42.97,14.92,44,44,12.53,,,,,10.63,6.55,8.656,4.241,,,0.1014,2.318,28.3,,0.959,19.11,79.71,,52.49,26.4,21.68,4.529,16.38,6.662,27.94,38.2,92.16,26.13,21.84,17.57,14.87,14.93,21.87,38.5,36.47,22.93,2.25,2.771,20.33,72,,29.7,5.869,4.973,52.26,43.31,2.202,2.143,1.526,1.466,7.35,2.675,2.702,2.816,2.434,52.53,71.4,74.49,26.1,28.1,24.2,44,31,55,22.92,,,,,5.2,35.2,31.64,51.51,6.804,3.81,2.5,1.808,3.011,22,4.282,19.49,,11.32,44,44,44,19.93,10.21,37.72,,55,,55,,,,,,,35.51,,,,12.77,24.4,,110,,,23.02,,48.28,110,47.94,30.59,55,55,4,13.2,55,55,9.3,55,2,9.12,26.83,8.5,40.4,26.31,7.64,8.492,13.98,13.36,29.32,43.37,18.84,55,0.3939,19.59,46.98,39.97,30.67,5.011,3.7,4.016,13.6,5.5,4.609,3.412,2.384,3.534,2.84,4.704,11.41,5.738,12.35,9.21,4.066,15.86,12.78,8.277,30.92,0.21,281.6,18.92,33.91,48.29,281.6,182.2,,,,14.69,13.63,17.5,11.4,27.5,0.71,5.16,4.095,0.7912,12.59,5.266,8.108,3.82,0.5726,4.4,4.087,7.314,13.76,8.49,55,0.9338,1.331,13.2,10.61,55,,55,,5.82,,12.07,0.4152,41.81,1.687,8.611,5.562,25.62,28.1,27.66,,,23.93,189.5,7.422,43.09,,,,,,,297.9,67.21
112-14-1,Octyl acetate,,19.56,,5.629,20.2,,360.6,42.62,34.05,4.44,20.95,7.259,5.255,3.927,19.23,5.818,16.3,13.1,7.814,14.9,4.34,12.84,55,40.96,55,47.14,55,49.55,55,55,55,55,8.876,8.987,3.429,1.087,0.811,2.055,7.993,2.592,,,,,2.987,,,35.36,42.91,46.46,4.843,19.56,29.93,40.3,17.23,104.5,17.26,37.43,,,,33,41.98,33,55,,,38.98,,,,,,,,17.6,28.41,10.56,7.09,,,,,,,,,,,,,,,,,,0.5059,,,4.711,,2.7,,,6.076,16.42,,88.61,,,,23.3,30.45,239.2,20.74,,,,,,,,0.8184,,33,33,104.4,110,110,,,12.36,13.89,2.92,,,2.38,7.169,4.723,12,11.71,2.88,3.07,3.53,8.309,9.945,11.12,20.32,48.46,11.07,4.324,22,22,22,22,22,22,22,22,7.246,9.77,8.73,22,6.185,9.802,7.943,2.109,8.775,11.42,11.2,6.649,32.12,6.453,7.499,5.974,,6.399,14.94,11.09,14.74,27.41,33,27.03,16.08,15.59,26.75,33,22,22,20.32,40.53,30.47,33,33,21.27,33,,2.47,,,6.133,4.854,,,6.598,15.33,19.5,42.39,17.03,44,44,13.88,,,,,10.63,6.55,8.668,4.261,,,0.1062,2.438,27.23,,0.9637,19.17,82.88,,81.99,26.4,21.68,4.529,16.38,6.662,23.95,39.03,88.48,26.26,22.09,20.66,11.9,13.06,22.18,38.5,32.18,26.98,2.25,1.994,20.41,72.1,1.319,30.06,5.544,4.961,50.86,44.13,1.95,1.815,1.644,1.478,10.97,1.654,2.834,3.22,2.551,52.38,64.47,67.95,36.31,28.1,24.2,44,31.37,55,23.04,,,,,13.14,32.06,24.37,48.46,6.759,3.81,2.5,2.404,3.011,22,4.282,6.964,,11.93,44,44,44,20.88,10.85,55.32,,55,,55,,,,,,,17.99,25.57,24.29,22.07,13.97,21.02,,110,,,22.92,,48.7,110,40.62,39.64,46.74,55,5.438,21.65,55,46.79,12.35,55,4.397,8.306,20.09,13.66,33.13,27.25,11.84,9.977,14.2,13.38,40.6,45.84,26.34,55,0.394,12.28,42.83,38.13,23.1,3.388,5.052,5.109,13.6,3.467,4.61,3.351,2.345,3.336,2.623,4.323,9.278,2.904,18.11,10.7,3.808,15.85,12.78,8.277,30.96,0.21,281.6,18.92,33.91,48.29,281.6,182.2,,,,13.74,14.29,16.07,14.53,27.5,0.71,5.16,4.097,0.7912,12.59,5.848,7.952,3.82,0.5725,4.4,4.089,12.32,13.76,8.49,55,0.7727,1.344,13.2,10.7,55,,55,,5.82,,12.26,0.4147,20.72,1.687,11.19,5.773,22.9,25.68,30.66,,,23.93,189.5,6.824,43.49,,,,,,,309.3,60.62
2445-76-3,"propanoic acid, hexyl ester",,19.22,,0.84,8.582,,312.7,47.69,31.35,4.377,20.1,7.256,5.236,3.927,19.35,5.811,16.3,13.1,7.801,14.9,4.336,12.85,55,39.69,55,55,55,47.21,55,55,55,55,5.622,12.47,6.298,1.076,0.8007,2.057,9.988,4.15,,,,,4.635,,,42.76,48.71,50.4,4.63,20.34,27.54,36.15,14.38,105.3,14.55,38.24,,,,33,42.1,33,55,,,37.78,,,,,,,,17.63,24.29,39.6,21.69,,,,,,,,,,,,,,,,,,0.44,,,2.54,,2.674,,,5.997,16.42,,82.56,,,,55,14.54,211.5,19.56,,,,,,,,0.8157,,33,33,94.76,110,110,,,12.36,13.89,2.921,,,2.344,6.081,4.401,12,11.71,2.88,3.07,3.53,8.112,12.3,14.14,21.27,55,13.74,7.266,22,22,22,22,16.39,22,22,22,7.228,15.04,11.25,22,7.053,11,11,3.099,11,11,12.33,6.646,32.13,6.465,7.514,6.6,,5.8,10.82,5.213,7.113,24.08,33,33,33,16.46,27.15,33,22,22,20.44,41.95,26.13,33,33,21.93,33,,,,,7,4.6,,,6.624,15.07,19.36,42.48,16.64,44,44,13.64,,,,,10.63,6.55,8.652,4.234,,,0.1025,2.317,26.99,,0.9239,19.14,79.79,,51.89,26.4,21.68,4.529,16.38,6.662,27.89,35.39,92.15,26.19,21.96,18.84,15.05,13.61,21.83,38.5,36.5,22.66,2.25,2.794,20.33,73.28,,45.38,5.663,4.967,51.5,43.38,2.202,2.143,1.526,1.466,7.279,2.706,2.82,3.197,2.537,50.7,63.26,64.82,26.35,28.1,24.2,44,31.33,55,22.98,,,,,5.2,35.2,31.15,52.16,6.802,3.81,2.5,1.808,3.011,22,4.282,12.02,,11.3,44,44,44,19.9,10.2,37.79,,55,,55,,,,,,,35.51,,,,12.77,22.34,,110,,,22.75,,48.48,110,48.1,42.13,55,55,4,13.2,55,55,9.3,55,2,9.469,19.92,13.86,32.94,27.28,12,8.672,14.73,13.43,31.08,44.79,20.39,55,0.3939,17.74,46.95,39.96,30.62,4.987,3.7,4.137,13.6,5.5,4.61,3.338,2.337,3.297,2.578,4.629,12.02,4.538,15.29,9.21,4.091,15.86,12.78,8.277,30.94,0.21,281.6,18.92,33.91,48.29,281.6,182.2,,,,14.71,13.64,17.5,11.36,27.5,0.71,5.16,4.095,0.7912,12.59,5.428,8.178,3.82,0.5726,4.4,4.086,8.113,13.76,8.49,55,0.8681,1.333,13.2,10.62,55,,55,,5.82,,12.97,0.4153,42.98,1.687,3.47,5.9,25.45,32.36,30.85,,,23.93,189.5,6.837,43.49,,,,,,,298.7,66.73
2173-56-0,Pentyl pentanoate,,17.86,,0.84,8.864,,312.7,47.69,31.35,4.367,20.09,7.172,3.775,3.906,33,5.232,,,7.101,14.9,4.051,11.8,55,36.02,55,55,55,41.27,55,55,55,55,5.386,14.4,8.241,1.132,0.8547,2.071,11.55,5.636,,,,,6.169,,,48.13,52.2,48.3,4.568,20.63,27.01,34.34,12.89,112.6,14.28,37.87,,,,33,44.94,33,55,,,37.94,,,,,,,,17.77,23.26,33.38,17.45,,,,,,,,,,,,,,,,,,0.44,,,2.54,,2.674,,,5.917,16.91,,85.54,,,,55,25.09,165.8,32.75,,,,,,,,0.8085,,33,33,84.88,110,110,,,12.36,13.89,2.903,,,2.887,6.891,4.84,12,11.71,2.88,3.07,3.53,9.832,11.84,14.21,18.68,46.54,10.38,7.337,22,22,22,22,12.26,22,19.82,15.96,3.465,18.02,8.149,22,5.23,11,11,1.98,11,11,13.92,9.208,42.71,5.179,4.531,,,,12.39,3.718,5.296,24.18,33,,,16.41,27.41,33,17.69,22,20.51,31.96,26.43,33,33,22.38,33,,,,,,,,,7.216,14.39,19.06,44,13.68,44,44,12.58,,,,,10.63,6.55,8.78,4.466,,,0.1005,2.509,25.73,,1.002,14.83,86.85,,48.78,26.4,21.99,4.655,16.95,6.963,27.21,40.91,86.82,21.96,20.46,18.46,14.83,14.69,20.51,38.5,36.34,22.77,2.25,2.664,20.36,78.89,,30.26,5.98,5.096,52.14,41.46,2.202,2.144,1.526,1.468,7.823,2.48,2.177,1.483,1.975,51.11,69.62,70.61,26.09,28.1,24.2,44,29.56,55,22.79,,,,,5.2,35.2,32.34,50.62,6.815,3.731,2.423,1.808,3.011,22,4.282,19.49,,11.38,44,44,44,20.02,7.726,58.11,,55,,,,,,,,,,,,,,23.78,,110,,,22.4,,69.87,110,55,33.16,55,55,4,13.2,55,55,9.3,55,2,8.487,19.12,14.82,32.03,27.41,12.76,8.642,13.14,13.53,30.69,44.2,20.29,55,0.3939,18.92,36.15,34.97,13.72,8,3.7,4.137,13.6,5.5,4.609,3.412,2.384,3.534,2.84,4.627,12.69,8.68,15.06,9.21,3.953,16.58,12.78,8.277,32.45,0.21,281.6,18.92,33.91,48.29,281.6,182.2,,,,15.04,13.84,17.5,9.203,27.5,0.71,5.16,4.094,0.7912,,5.303,7.58,3.82,0.5726,4.4,4.085,4.472,13.76,8.49,55,0.9223,1.331,13.2,10.6,55,,55,,5.82,,12.97,0.4156,35.48,1.687,8.74,4.24,34.66,30.64,14.51,,,,,7.583,40.78,,,,,,,284,76.61
101-97-3,Ethyl phenylacetate,3.258,23.8,102,4.01,17.99,21.26,38.78,2.72,,4.049,22,6.855,3.777,3.871,33,5.302,0.1241,,4.194,11.74,6.643,,55,43.09,55,50.59,45.7,41.83,55,55,55,55,8,20.86,16.1,,,,,,,,,,,,,27.31,25.26,24.4,8.84,16.74,33,28.3,9.22,143.5,,28.7,,,,26.53,55,33,55,,,30.58,,,,,,,,,12.45,,,,,,,,,,,,,,,,,,,,,,,12.9,,2.5,,,,23.44,,15.69,,,,8.07,155.1,709.9,109.6,,,,,,,,0.9339,2.52,,,75.46,110,110,,,12.36,13.89,3.403,17.78,,5.02,,,,,,,,9.42,10.53,22,12.1,18.1,1.42,35.22,22,18.99,18.39,14.65,22,22,22,22,22,22,22,22,,,,,,,,,,,,,,,33,33,33,33,33,26.63,22.9,25.88,28.06,33,22,22,22,41.09,33,33,33,33,33,,,,,,,,,7.13,11.69,17.43,44,11.71,44,44,10.64,,,,,,,,,390,9,,,14.53,,,47.52,73.9,37.19,,26.4,,,,,34.11,73.19,,22.32,,38.5,17.58,21.44,26.22,38.5,40.47,26.38,,,,36.5,,17.43,9.999,5.624,55,32.77,,,,,,,,,,35.14,34.11,57.06,22.3,28.1,24.2,44,34.14,,,,,,,,,55,55,,,,3.066,,,,19.62,,,,,,,11.8,16.88,14.67,46.39,,,,,,,,,,,,,,32.87,,,10.8,,,,,,37.21,22,40.8,55,6.5,23.3,55,55,25.5,55,12.3,11.8,21.93,13.3,25.63,26.13,18.19,32.64,33.42,19.63,45.14,48.72,30.31,49.68,,,40.3,37.94,14.82,9.228,3.7,7.228,13.6,5.5,,,,,,6.02,,,8.071,53.45,5.774,28.86,15.76,11.65,30.49,,,,,,,,,,,,,,11.53,,,,31.11,,9.89,,8.03,,13.11,31.11,31.11,55,,9.52,42.83,,,,,55,,11.2,,8.97,,,,52.09,13.26,12.38,7.29,23.51,28.76,51.57,,,,,4.07,31.86,,,,,,,,
5445-77-2,2-methyl-3-phenylpropanal,,55,105,4.01,17.99,21.26,38.78,2.72,,3.75,22,,,,,,,,,,,,55,43.87,55,39.45,55,27.15,,,,,,15.16,14.15,,,,22,22,,,,,22,,,28.65,27.97,23.48,9.1,21.53,33,29.42,,,22,,,,,33,55,33,55,,,,,,,,,,,,44,77,44,,,,,,,,,,,,,,,,,,0.09,,,12.9,,2.5,,,,,,15.69,,,,,35.59,606.1,25.4,,,,,,,,0.6,3.2,,,110,110,110,,,28.43,,,,,1.939,,,,,,,,22,12.23,22,25.67,55,93.6,39.23,22,22,22,22,18.63,22,22,22,22,22,16.11,22,3.05,11,11,1.62,11,11,,8.79,31.86,,,,,,33,33,33,33,33,24.15,33,17.14,28.43,20.51,22,22,22,33.91,33,33,33,23.16,33,,,,,,,,,,,,,,,,,,,,,,,,,390,,,,49.31,,,60.87,71.55,,,26.4,,,,,32.16,75.41,80.66,22.32,24.96,23.27,20.85,15.77,44.69,16.19,34.71,25.08,,10.53,,36.5,,39.8,11.96,,55,32.34,,,,,,,,,,30.38,28.54,32.66,47.93,,,,44.39,,,,,,,35.2,12.9,55,55,,,,22,,,,13.7,,18.75,21.7,44,18.93,18.06,11.59,16.88,,55,23.8,,5.47,55,22.21,17.5,56.93,0.81,15.56,,,,,,24.63,,,,,,26.5,,55,55,55,55,6.5,23.3,55,55,25.5,55,12.3,,17.77,3.81,24.24,18.14,8.35,13.53,,,47.56,38.92,27.35,55,,,39.11,37.81,26.49,,,,,,,,,,,19.21,,,7.787,,4.18,,,,16.94,,,,,,,,,,,9.5,10.5,16.2,96.51,,,,31.26,,,,,,15.15,31.26,31.26,55,,,55,,,,,20.65,,9.147,,12.06,,,,48.22,13.19,,,,,,,,,,4.301,,,,,,,,192.9,523.1
10486-19-8,tridecanal / 13:Ald,,13.99,,0.84,6.667,,312.7,47.69,31.35,4.369,14.91,7.25,33,3.99,0.96,10.7,15.29,11.76,9.011,,,13.96,55,48.77,55,55,55,55,26.01,48.82,55,33.56,15.62,4.574,6.02,8.601,8.562,9.683,22,22,,,,,19.93,,,52.46,52.99,52.12,7.33,23.67,20.68,39.96,13.36,59.53,14.45,31.24,,,,29.97,46.98,33,55,,,35.81,,,,,,,,19.28,35.53,42.45,17.7,,,,,,,,,,,,,,,,,,0.44,,,2.476,,2.55,,,6.527,,,57.44,,,,48.59,14.08,207.8,39.73,3.915,1.314,2.511,3.64,1.567,3.6,,0.8804,,33,33,110,110,110,,,,,2.85,,,1.663,4.39,4.569,12,11.71,2.088,2.596,2.97,12.23,10.4,12.32,33.28,55,15.62,7.895,22,22,22,22,14.4,22,17,22,16.23,11.85,9.795,19.4,7.344,9.837,8.025,2.246,8.838,11.41,7.073,3.323,20.28,4.999,8.838,6.6,,5.8,24.13,31.98,14.61,24.78,8.105,33,23.61,18.03,16.43,19.15,4.31,3.512,19.43,49.1,28.09,33,33,25.36,33,,,,,7,4.6,,,4.87,14.34,17.6,38.27,25.07,44,44,13.57,,,,,10.63,4.331,7.508,3.03,,,0.1208,2.617,35.12,,1.27,37.12,74.92,47.45,55.41,26.4,21.65,4.517,16.33,6.635,28.71,47.39,118,24.04,28.5,13.55,15.5,16.91,20.88,36.4,17.55,30.28,1.998,6.019,18.82,74.6,1.147,53.52,3.7,,53.38,43.37,1.02,0.8544,3.334,1.43,0.59,22,4.722,11.7,4.209,51.32,48.33,51.1,67.63,,,,76.33,49.11,27.39,,,,,5.2,35.2,47.91,55,10,3.81,2.5,1.38,3.011,22,4.282,22,12.59,11.56,44,44,38.09,19.77,12.86,24.91,,55,,55,,,,,,1.69,30.91,66.54,47.17,12.69,15.34,18.06,23.67,110,,,20.63,,59.37,110,40.93,43.3,46.72,55,5.058,13.67,55,55,24.1,55,7.33,8.651,26.83,8.5,40.4,26.31,7.64,24.08,15.75,13.44,30.22,55,32.24,55,0.4974,8.201,51.86,38.49,40.73,3,,3.3,,,,,,,,5.89,14.06,1.05,9.342,6.065,3.608,,,,24.51,0.522,281.6,6.751,23.08,17.01,41.85,260,7.8,,,12.22,11.87,15.89,11.59,27.5,0.71,5.16,4.393,2.197,12.59,4.88,8.8,,0.7808,3.22,4.966,34.39,13.76,8.49,55,1.65,1.378,2.685,13.2,55,,55,,40.35,,0.5068,0.5451,55,1.868,9.893,7.19,22.46,27.94,29.85,,,23.93,189.5,3.955,47.25,2.518,3.183,3.696,11,5.68,11,330.7,50.51
124-25-4,tetradecanal,,13.99,,0.84,6.667,,312.7,47.69,31.35,4.369,14.91,7.25,33,3.99,0.96,10.7,15.29,11.76,9.011,,,13.96,55,48.77,55,55,55,55,26.01,48.82,55,33.56,15.62,4.574,6.02,8.601,8.562,9.683,22,22,,,,,19.93,,,52.46,52.99,52.12,7.33,23.67,20.68,55,13.36,59.53,14.45,31.24,,,,29.97,46.98,33,55,,,35.81,,,,,,,,19.28,35.53,42.45,17.7,,,,,,,,,,,,,,,,,,0.44,,,2.476,,2.55,,,6.527,,,57.44,,,,48.59,14.08,207.8,39.73,3.915,1.314,2.511,3.64,1.567,3.6,,0.4,,33,33,110,110,110,,,,,2.85,,,1.663,4.39,4.569,12,11.71,2.088,2.596,2.97,12.23,10.4,12.32,33.28,55,15.62,7.895,22,22,22,22,14.4,22,17,22,16.23,11.85,9.795,19.4,7.344,9.837,8.025,2.246,8.838,11.41,7.073,3.323,20.28,4.999,8.838,6.6,,5.8,24.13,31.98,14.61,24.78,8.105,33,23.61,18.03,16.43,19.15,4.31,3.512,19.43,49.1,28.09,33,33,25.36,33,,,,,7,4.6,,,4.87,14.34,17.6,38.27,25.07,44,44,13.57,,,,,10.63,4.331,7.508,3.03,,,0.1208,2.617,35.12,,1.27,37.12,74.92,47.45,55.41,26.4,21.65,4.517,16.33,6.635,28.71,47.39,118,24.04,28.5,38.5,15.5,21.86,20.88,38.5,17.55,38.5,1.998,6.019,18.82,74.6,1.147,53.52,2.4,,53.38,43.37,1.02,0.8544,3.334,0.75,1.85,22,4.722,11.7,4.209,51.32,48.33,51.1,67.63,,,,76.33,49.11,27.39,,,,,5.2,35.2,47.91,55,10,3.81,2.5,22,3.011,22,4.282,22,12.59,11.56,44,44,38.09,19.77,12.86,24.91,,55,,55,,,,,,1.69,30.91,66.54,47.17,12.69,15.34,18.06,23.67,110,,,20.63,,59.37,110,40.93,43.3,46.72,55,5.058,13.67,55,55,24.1,55,7.33,8.651,26.83,8.5,40.4,26.31,7.64,24.08,15.75,13.44,30.22,55,32.24,55,0.4974,8.201,51.86,38.49,40.73,3,,3.3,,,,,,,,5.89,14.06,1.05,9.342,6.065,3.608,,,,24.51,0.522,281.6,6.751,23.08,17.01,41.85,260,7.8,,,12.22,11.87,15.89,11.59,27.5,0.71,5.16,4.393,2.197,12.59,4.88,8.8,,0.7808,3.22,4.966,34.39,13.76,8.49,55,1.65,1.378,2.685,13.2,55,,55,,40.35,,0.5068,0.5451,55,1.868,9.893,7.19,22.46,27.94,29.85,,,23.93,189.5,3.955,47.25,2.518,3.183,3.696,11,5.68,11,330.7,50.51
1009-61-6,"1,4-diacetyl benzene",2.844,55,13.39,6.2,24.08,,14.34,7.58,11.04,1.35,22,,,,,,,,3.1,5.9,6,2.7,,,,,,,,,,,,,,,,,,,,,,,,,,55,55,55,15.58,14.81,33,49.95,,,,,,,,18.95,,33,55,,,,,,,,,,,,,,,,,,,,,,,,,,,,,,,,0.82,,,,,,,,,,,,,,,,58.17,442.5,305.8,,,,,,,,,2.52,,,110,110,110,,,,,,,,,,,,,,,,9.42,10.53,22,12.1,18.1,1.42,35.22,22,22,22,22,22,22,22,22,,22,22,22,,,,,,,,,,,,,,,,,,,,,,15.08,16.61,33,22,22,22,30.7,33,33,33,33,33,,,,,,,,,5.31,6.84,,,,,,,,,,,,,,,,,,,12.97,,,,47.93,37.19,,,,,,,,,,,,,,,,,,,,,,,,38.78,3.4,2.6,,,,,,,,,,,,,,,,,,,,,,,,,,,,55,55,,,,22,,,,,,,,,,,,,,55,,,,,,,,,,,,,,,,,10.8,,,,,,,,,,,,,,,,,18.79,22.72,32.86,17.18,30.82,35.36,55,33.42,19.63,32.87,31.48,27.06,55,,,39.57,29.03,55,,,,,,,,,,,,,,30.86,11.46,4.86,9.083,10.57,5.644,26.69,,,,,,,,,,,,,,11.53,,,,,,9.89,,8.03,,,,,55,,9.52,41.79,,,,,,,,,,,,,55,,,,,,,,,,,8.099,39.82,,,,,,,,
27465-51-6,4-ethylpropiophenone,,,13.39,6.2,24.08,,14.34,7.58,11.04,1.35,,,,,,,0.17,,,14.9,2.828,,55,55,55,55,28.4,55,,,,,,,,,,,,,,,,,,,,,,,,,,55,,,,,,,,,,,,,,,,,,,,,,,,,,,,,,,,,,,,,,,,,,,0.82,,,,,,,,,,,,,,,,,,,,,,,,,,1,,,,,,,,,,,,,,,,,,,,,,,,,,,,,22,17.3,16.41,11.33,22,22,22,22,,22,22,22,,,,,,,,,,,,,,,,,,,,,,33,33,33,22,22,22,,33,33,33,33,33,,,,,,,,,,,,,,,,,,,,,,,,,,,,,,,,,58.47,,,,,,,,,,,,,,,,,,,,,,,5.54,,36.98,5.2,,,,,,,,,,,,,44.9,,,17.96,,,,32.16,,,36.45,48.21,27.95,11.72,,,55,55,,,,,,,,,,,,,,,,,,55,,,,,,,,,,,,,,,13.83,,,,,,,,,,,,,,,,,,,,15.21,26.04,23.24,27.85,19.89,,,,55,55,27.9,55,,,40.3,37.94,14.82,,,,,,,,,,,,,,2.71,,,41.3,,,,,,,,,,,,,,,,,,,,,,,,,,,,,,55,,,28.06,,,,,,,,,,,,,55,,,,,,,,,,,,,,,,,,,,
502-56-7,5‐nonanone,,18.3,,0.84,14.66,,312.7,47.69,31.35,4.609,22,7.25,33,3.99,0.96,10.7,16.3,13.1,9.081,,,12.82,55,39.21,55,55,55,44.1,55,55,55,55,2.77,18.34,6.829,33,33,33,22,22,,,,,22,,,38.95,39.55,37.99,15.89,13.06,27.03,44.23,14.54,128.1,14.69,35.7,,,,33,31.37,33,55,,,43.46,,,,,,,,17.72,28.58,68.9,36.35,,,,,,,,,,,,,,,,,,0.44,,,2.877,,3.373,,,6.274,24.22,,83.12,,,,55,25.79,167.5,33.93,3.92,1.3,2.5,3.63,1.56,3.6,,1.175,,33,33,74.15,110,110,,,12.36,13.89,2.927,,,3.344,9.429,8.363,12,11.71,2.88,3.07,3.53,11.1,15.63,22,18.65,46.51,10.37,39.65,19.48,22,22,22,10.05,22,13.23,9.875,7.021,13.09,7.244,18.35,7.492,11,11,2.899,11,11,8.732,7.055,39.12,6.596,7.22,6.6,,7.491,4.794,19.09,6.398,19.53,5.769,33,33,16.41,27.43,33,18.04,22,20.52,35.23,26.46,33,33,22.42,33,,,,,7,4.6,,,6.627,15.09,19.01,42.72,16.06,44,44,13.14,,,,,,,,,,,0.09,1.58,36.97,,1.38,20.5,81.42,48.83,28.33,20.46,20.76,5.082,18.82,7.225,30.45,31.07,97.72,26.39,32.02,20.79,15.8,12.56,22.62,38.5,36.94,22.8,2.25,7.034,19.52,78.56,,28.71,7.158,,53.53,41.31,,,,1.711,1.936,11.5,2.739,2.751,2.477,52.19,61.95,75.21,57.25,,,,83.95,55,23.08,,,,,5.2,35.2,32.24,50.5,7.545,3.81,2.5,9.359,3.011,22,4.282,11,11.17,10.19,44,44,44,18.17,8.514,38.27,,55,,55,,,,,,,30.1,,,,16.62,23.15,,110,,,22.93,,57.82,110,46.87,39.25,55,55,4,13.2,55,55,9.3,55,2,8.483,17.78,16.69,30.47,27.66,14.25,8.662,12.96,13.65,21.45,39.17,11.21,55,,35.2,45.81,34.49,27.32,3,,3.3,,,,,,,,6.492,8.154,2.419,17.02,,6.315,,,,26.62,,,,,,,,,,,14.16,13.19,17.5,10.1,,,,19.59,12.05,,4.531,8.8,,2.266,5.728,16.15,9.26,13.76,8.49,55,3.716,4.685,5.276,13.2,55,,55,,11.64,,11.46,2.333,55,6.016,18.68,6.72,13.47,30.19,29.57,,,23.93,189.5,8.329,42.82,,,,,,,260.4,97.09
111-13-7,2-octanone,,18.73,,0.84,23.72,,312.7,47.69,31.35,4.968,22,6.901,7.279,2.883,4.573,5.11,14.57,11.58,7.59,7.3,8.19,12.83,55,40.51,55,55,55,46.04,55,55,55,55,2.77,18.23,6.905,33,33,33,22,22,,,,,22,,,55,55,39.49,16.06,16.65,33,55,13.59,110.9,14.89,33.28,,,,33,34.07,33,55,,,45.43,,,,,,,,15.74,27.06,49.02,27.65,,,,,,,,,,,,,,,,,,0.7061,,,1.974,,1.673,,,6.318,12.7,,79.66,,,,55,10.55,120.8,11.12,3.92,1.3,2.5,3.63,1.56,3.6,,1.175,2.88,33,33,76.55,110,110,,,,,2.85,,,2.317,10.59,7.276,12,11.71,2.88,3.07,3.53,11.68,14.24,22,14.99,41.89,8.796,44.33,18.24,22,22,22,6.575,22,10.05,6.396,4.937,9.883,3.966,16.63,7.533,11,11,2.908,11,11,8.666,7.554,36.15,6.672,7.177,6.6,,6.681,13.3,3.517,6.332,23.87,33,33,18.37,13,25.49,33,19.86,22,19.96,38.98,27.6,33,33,19.24,33,,,,,7,4.6,,,6.559,15.51,19.04,42.64,16.44,44,44,13.25,,,,,10.63,,7.26,2.24,,,0.09838,2.274,48.6,,0.9451,27.87,80.19,48.83,28.46,26.4,20.98,4.784,17.49,6.84,17.75,32.72,94.83,27.29,32.17,29.26,16.36,8.658,20.56,27.63,37.17,22.59,2.25,6.197,19.5,67.1,1.319,15.93,8.257,3.669,53.04,40.13,1.492,1.267,1.941,1.711,1.936,11.5,3.187,2.331,2.93,51.38,69.53,72.06,58.81,28.1,24.2,44,98.19,55,23.27,,,,,5.2,35.2,31.78,50.97,7.775,3.81,2.5,2.404,3.011,22,4.282,12.11,11.17,10.19,44,44,44,18.17,10.6,38.16,,55,,55,,,,,,,31.27,66.54,47.17,12.69,15.1,21.93,,110,,,23.71,,48.71,110,55,55,55,55,4,13.2,55,55,9.3,55,2,7.909,19.63,14.19,32.61,27.33,12.26,7.841,10.61,13.05,21.32,32.6,9.544,55,0.3936,10.43,50.12,41.31,37.42,3.036,,4.392,,6.14,,,,,,4.203,4.654,1.842,16.7,9.21,7.398,11.77,12.78,8.277,27.57,0.21,281.6,18.92,33.91,48.29,281.6,182.2,7.8,,,14.79,13.68,17.5,11.18,27.5,0.71,5.16,17.5,10.65,12.59,4.844,8.8,,2.266,5.728,16.15,6.436,13.76,8.49,55,3.595,2.03,8.56,10.76,40.68,,42.11,,10.02,,12.45,3.411,55,6.016,14.15,7.723,25.13,28.64,32.21,,,23.93,189.5,8.72,41.6,,,,11,5.68,11,292.2,70.82
499-75-2,2-methyl-5-(1-methylethyl)- phenol / Carvacrol,,,,,,,,,,,,13,13.6,33,33,9.64,,,3.074,1.1,4.2,1.2,,,,,,,,,,,,,,,,,,,,,,,,,,,,,,,,32.21,,,,,,,,,,,,,,,,,,,,,,,,,,,,,,,,,,,,,,,,,,,,,,,,,,,,,,,,,,,55.52,1100,276.2,,,,,,,5,0.5,,,,,,,,,,,,,77.04,,,,,,,,,9.44,8.06,22,16.7,9.2,1.42,46.6,22,22,22,22,22,22,22,22,,22,22,22,,,,,,,,,,,,,,,,,,,,33,13.34,,,,,,,,,,,,,,,,,,,,,4.71,27.7,15.13,44,7.63,44,44,4.96,,,,,,,,,,,,,,,,,,,,,,,,,,,,,,,,,,,,,,,,64.94,,110,10.59,,,,,,,,,,,,,,,,,,,,,,,,,,,,,,,,,,22,,,,,,,,,,,,,,55,34.32,,15.14,16.51,11.73,23.79,,,,,,,,,,,,,,,,,,,,55,8.1,23.8,55,55,55,55,29.4,20.7,18.27,17.07,22.98,27.48,20.41,29.82,,16.89,55,33.7,26.6,55,,,,,,,,,,,,,,,,19.21,,,16.07,,,,,,,,,,,,,,,,,,,,,,,,,,,,,,,,,,,,55,,,,,,,,,,,,,,,,,,,,,,,,,,,,,,,,,
106-21-8,"DMO / 3,7-dimethyl octanol",,,,,,,,,,,,16.8,33,33,33,13.6,,,2.3,19.8,1.4,,,,,,,,1.7,21.2,27,1.3,55,,,,,,,,,,,,,,,55,55,43.47,,,,55,,,,,,,,,,,,,,,,,,,,,,,36.97,77,17.69,,,,,,,,,,,,,,,,,,1.16,,,,,,,,,,,,,,,,,,,,,,,,,,0.7,,,,,,,,,24.6,,6.77,,,,,,,,,,,,,,,,,,,,,,,,,,,,,,,,,,,,,,,6.38,6.64,,,,,,,,,,,,,,,,,,,,,,,,,,,,,,,,,,,,,,,,,,,,,,,,,,,,,,,69.86,,,6.32,,,,,10.68,,64.21,,,,22.55,,42.13,,41.08,,,12.24,20.94,,,13.74,2.7,4.7,,,,,,,,,,,,,,,,,,,,,,,,,,,,,,,,,22,,,,22,,,,,,,,,,,,,,,,,,,55,,,,36.57,,,,,,,,,,55,55,16.25,55,8.3,20.3,55,55,13.5,55,25.6,,,,,,,,,,,,,,,,,,,2,6.3,7.5,,2.5,,,,,,,,,,,,11.6,9.5,17.7,44.06,,,,,,,,,,,,,,,,,,,,,,,,,,,,,,,,,,,,,,,,,,,,,18.59,,,,,,,,,,,,,,,,,,
91-57-6,2-Methylnaphthalene,,,,,,,,,,,,,,,,,,,,,,,,,,,,,,,,,,,,,,,,,,,,,,,,,,,,,,27.91,15.49,,,,,,,,,,,,,,,,,,,,,,,,,,,,,,,,,,,,,,,,,,,,,,,,,,,,,,,,,,55.52,1100,276.2,,,,,,,,,,,,69.2,110,110,,,33.32,,,66.11,75.4,,,,,,,,,9.44,8.06,22,16.7,9.2,1.42,46.6,22,22,22,22,22,22,22,22,,22,22,22,,,,,,,,,,,,,,,,,,,,33,13.34,,,,,,,,,,,,,,,,,,,,,4.71,27.7,15.13,44,7.63,44,44,4.96,,,,,,,,,,,,,,,,,,22.91,,,,,,,,,,,,,,,,,,,,,,,,41.4,12.9,,,,,,,,,,,,,,,,,,,,,,,56.11,13.02,118.1,6.69,,,,,,,,,,,,,,,,,,,,34.44,,55,34.32,,15.14,16.51,11.73,23.79,,,,,,,,,24.78,,,,,,,,,,,,,,,,,,,20.7,18.01,55,36.23,24.63,27.87,29.82,,16.89,,,,55,,,38.88,34.91,22.95,,,,,,,,,,,15.03,,,13.65,,,,,,,,,,,,,,,,,,,,11.53,,,,,,,,,,,,,,,,55,,,,,,,,,,,,,,,,,,,,,,,,,,,,,,,,9.06,13.24
105-05-5,"1,4-diethylbenzene",,,,,,,,,,,,,,,,,0.17,,,,,,,,,,,,,,,,,,,,,,,,,,,,,,,,,,,,,55,,,,,,,,,,,,,,,,,,,,,,,,,,,,,,,,,,,,,,,,,,,,,,,,,,,,,,,,,,,,,,,,,,,,,,,,,,,,,,,,,,,,,,,,,,,,,,,,,,22,22,22,22,22,22,22,22,,22,22,22,,,,,,,,,,,,,,,,,,,,,,,,,,,,,,,,,,,,,,,,,,,,,,,,,,,,,,,,,,,,,,,,,,58.47,,,,,,,,,,,,,,,,,,,,,,,5.54,,38.03,,,,,,,,,,,,,,,,,,,,,,,,36.45,48.21,27.95,11.72,,,55,55,,,,,,,,,,,,,,,,,,55,,,,,,,,,,,,,,,13.83,,,,,,,,,,,,,,,,,,,,19.21,27.09,24.94,25.71,19.98,,,,,,,55,,,40.3,37.94,14.82,,,,,,,,,,,,,,,,,,,,,,,,,,,,,,,,,,,,,,,,,,,,,,,,,,55,,,,,,,,,,,,,55,,,,,,,,,,,,,,,,,,,,
629-94-7,heneicosane,,22.11,,0.84,12.54,,312.7,47.69,31.35,4.112,19.83,7.25,33,3.99,0.96,10.7,14.7,11.23,9.748,,,12.74,55,51.6,55,55,55,55,26.01,48.82,55,33.56,15.62,13.32,7.53,33,33,33,22,22,,,,,17.71,,,44.39,45.3,46.86,6.057,27.65,25.25,43.67,13.42,59.53,15.22,31.08,,,,31.41,35.59,33,55,,,44.15,,,,,,,,17.3,42.56,60.94,34.99,,,,,,,,,,,,,,,,,,0.44,,,8.279,,24.1,,,6.707,,,69.78,,,,55,35.74,380.7,48.45,3.92,1.3,2.5,3.63,1.56,3.6,,0.863,,33,33,110,110,110,,,,,2.85,,,2.819,11.24,8.215,11.92,11.49,2.479,2.839,3.257,22,22,22,8.5,24.5,2.73,38.09,22,22,22,22,22,22,22,8.387,11.74,12.57,22,22,7.413,11,11,2.869,11,11,6.12,7.634,36.36,5.329,7.611,6.6,,6.939,21.8,22.97,15.06,28.53,14.69,33,19.24,16.39,24.74,33,22,22,19.54,46.6,28.8,33,33,20.94,33,,,,,7,4.6,,,6.645,16.96,21.5,41.74,20.32,44,44,16.79,,,,,10.63,,7.26,2.24,,,0.0995,2.124,47.4,,1.413,46.52,83.17,48.83,26.95,26.4,21,4.759,17.38,6.806,9.971,19.77,96.2,27.57,32.26,23.65,11.46,8.534,20,25.26,21.62,29.91,2.25,6.24,19.55,78.19,1.151,33.54,10.23,,52.49,42.24,1.055,0.8593,2.52,1.711,1.936,11.5,3.409,5.141,3.067,51,50.16,58.09,54.93,,,,100.2,55,25.72,,,,,5.2,35.2,28.49,55,8.133,2.879,2.49,4.141,3.011,22,4.282,17.72,11.17,10.19,44,44,44,18.17,10.23,39.51,,55,,55,,,,,,,31.37,66.54,47.17,12.69,14.66,19.25,,98.63,,,20.04,,54.33,110,36.88,35.76,55,55,4,13.2,55,55,9.3,55,2,14.55,26.83,8.5,40.4,26.31,7.64,19.71,17.69,13.86,55,55,55,55,0.5286,8.065,52.19,38.98,41.62,3.256,,5.073,,,,,,,,16.59,24.77,1.004,17.93,5.455,5.713,,,,29.58,0.64,281.6,5.36,21.17,13.47,27.31,281.6,7.8,,,15.44,13.95,17.5,10.1,,,,14.6,8.586,12.59,4.382,8.8,,4.362,9.918,15.47,15.16,13.76,8.49,55,3.947,3.197,3.26,13.2,55,,55,,17.22,,1.594,1.69,55,7.736,7.597,5.882,22.41,28.61,27.07,,,23.93,189.5,4.924,44.58,2.518,3.183,3.696,11,5.68,11,346.6,44.41
71-36-3,1-butanol,,25.39,,,60.59,,312.7,47.69,31.35,3.49,22,,,,,,,,10.7,,,11.8,55,53.84,55,50.27,49.34,40.89,21.02,55,55,36.49,7.391,20.51,5.649,33,33,33,22,22,,,,,17.71,,,51.84,46.5,51.18,7.431,20.72,25.67,37.01,,,14.1,,,,,33,30.61,33,55,,,55.13,,,,,,,,17.65,24.73,13.92,6.598,,,,,,,,,,,,,,,,,,0.44,,,12.9,,55,,,6.84,,,,,,,50.75,44.45,402.2,82.03,3.92,1.3,2.5,3.63,1.56,3.6,,0.863,,33,33,85.1,110,110,,,24.6,,,,,4.292,9.374,8.168,12,11.71,2.354,2.764,3.168,13.62,14.04,16.5,24.08,55,17.21,20.02,22,22,22,22,22,22,22,8.387,3,12.57,22,22,5.579,11,11,1.928,11,11,4.547,9.395,40.9,3.67,3.944,,,,23.49,33,33,33,21.21,6.976,17.6,20.12,25.28,33,22,22,21.15,31.65,31.72,33,33,28.27,29.67,,,,,,,,,8.516,19.92,26.92,44,19.48,44,44,22.69,,,,,,4.799,6.104,2.477,,,0.22,2.014,55,,2.96,,86.85,47.8,14.75,6.65,17.09,6.75,26.4,8.07,9.887,2.272,81.46,20.1,32.64,23.65,10.22,7.769,19,25.26,25.63,29.91,2.099,5.992,19.44,95.75,1.106,23.15,10.23,,55,42.2,0.9343,0.6697,1.64,1.711,1.936,11.5,11.02,3.728,6.769,47.6,46.15,47.04,60.97,,,,90.45,55,14.54,,,,,7.182,35.2,33.11,53.87,8.004,,,4.141,3.011,22,4.282,17.72,,10.19,44,44,44,18.17,7.722,35.03,41.08,55,,55,,,,,,1.64,18.45,,,,13.71,18.87,,78.68,,,22.26,,45.53,,55,30.2,39.47,55,8.2,30.8,55,39.5,27,55,13,11.2,,,,,,13.83,17.37,13.85,55,55,55,55,0.8389,4.065,38.64,18.33,13.78,8,,3.3,,,,13.88,,,,13.17,14.85,1.045,18.03,7.467,5.259,,,,29.52,,,,,,,,,9.2,15.8,14.21,13.51,16.36,9.557,,,,8.925,1.373,12.59,3.553,,,3.65,8.144,12.63,15.25,13.76,8.49,55,0.9432,2.786,1.44,11.5,55,,30.39,,23.34,,0.7647,0.4424,55,2.55,7.983,5.623,22.03,31.85,22.02,,,17.52,32.52,4.924,40.78,,,,,,,324.7,53.1
100-41-4,"Phenylethane, ethyl benzene",3.271,55,105,4.01,17.99,21.26,38.78,2.72,,3.75,22,7.802,3.771,3.973,33,5.103,0.17,,6.427,4.7,6.143,,55,48.37,55,41.3,45.58,29.91,,,,,,15.82,12.11,,,,,,,,,,,,,33.59,32.32,28.36,15.58,14.81,33,55,,,,,,,,18.95,,33,55,,,,,,,,,,,,7.18,,,,,,,,,,,,,,,,,,,,,,,12.9,,2.5,,,,24.22,,15.69,,,,,58.17,442.5,305.8,,,,,,,,1.134,2.237,,,110,110,110,,,21.85,13.89,,,,5.02,,,,,,,,9.42,10.53,22,20.31,36.95,22.25,29.39,22,22,22,22,22,22,22,22,22,22,22,22,,,,,,,,,,,,,,,33,33,33,33,33,24.21,33,27.95,27.6,33,22,22,22,45.23,33,33,33,33,33,,,,,,,,,,,,,,,,,,,,,,,,,390,,,,22.59,,,66.54,58.47,37.19,,,,,,,,,,22.32,,38.5,,21.44,,38.5,,26.38,,,,12.68,,35.46,18.9,4.24,55,31.85,,,,,,,,,,34.75,32.58,44.61,33.53,28.1,24.2,44,34.66,,,36.45,48.21,27.95,11.72,,,55,55,,,,15.72,,,,16.58,,,,,,,11.8,16.88,,55,23.8,,5.47,55,22.21,17.5,56.93,,,,,,,,13.83,,10.8,,,,26.5,,55,55,55,55,6.5,23.3,55,55,25.5,55,12.3,18.79,19.73,26.63,25.78,28.4,22.2,55,33.42,19.63,43.7,45.74,29.45,55,,,40.3,37.94,14.82,,,,,,,,,,,19.21,,,8.167,,4.18,29.45,15.87,11.79,,,,,,,,,,,,,,,11.53,,,,31.11,,9.89,,8.03,,13.11,31.11,31.11,55,,9.52,55,,,,,22.36,,13.85,,9.221,,,,55,13.26,,,,,,,,,,,,,,,,,,,
3777-69-3,2-pentylfuran,,,,,,,,,,,,,,,,,,,,,,,,,,,,,,,,,,,,,,,,,,,,,,,,,,,,,,55,,,,,,,,,,,,,,,,,,,,,,,,,,,,,,,,,,,,,,,,,,,,,,12.9,,55,,,,,,,,,,55,432.9,311.5,1100,,,,,,,,,,,,110,110,110,,,,,,,,,,,,,,,,,,,,,,,,,,,,,,,,,,,,,,,,,,,,,,,,,,,,,,,,,,,,,,,,,,,,,,,,,,,,,,,,,,,,,,,,,,,,,,,,,,,,86.85,,,,,,,,,,,,,,,,,,,,,,,,,,,,,,,,,,,,,,,,,,40.46,,,,110,,,,,,,,,,,,,,,,,,,,,,,,,,,,,,,,,,,,,16.61,,,,15.66,,,,,,,,,,,,,,,,,,,,,5.89,,,,,,9.9,,,,,,,,,,,,,,,,,,,,,,,,,,,,,,,,,,,,,,,,,,12.5,10.8,,,,,,,,,,,,,,,,,,,,,,,,,,,,,,,,,,,,,,,,,,,,,,,,,,214.6,187.2
629-99-2,pentacosane,,22.11,,0.84,12.54,,312.7,47.69,31.35,4.112,19.83,7.25,33,3.99,0.96,10.7,14.7,11.23,9.748,,,12.74,55,51.6,55,55,55,55,26.01,48.82,55,33.56,15.62,13.32,7.53,33,33,33,22,22,,,,,17.71,,,44.39,45.3,46.86,6.057,27.65,25.25,43.67,13.42,59.53,15.22,31.08,,,,31.41,35.59,33,55,,,44.15,,,,,,,,17.3,42.56,60.94,34.99,,,,,,,,,,,,,,,,,,0.44,,,8.279,,24.1,,,6.707,,,69.78,,,,55,529.1,268.1,81.37,3.92,1.3,2.5,3.63,1.56,3.6,,0.863,,33,33,110,110,110,,,,,2.85,,,2.819,11.24,8.215,12,11.71,2.479,2.839,3.257,11.92,15.36,22,21.27,55,13.74,38.09,22,22,22,22,22,22,22,8.387,11.74,12.57,22,22,7.413,11,11,2.869,11,11,6.12,7.634,36.36,5.329,7.611,6.6,,6.939,21.8,22.97,15.06,28.53,14.69,33,19.24,16.39,24.74,33,22,22,19.54,46.6,28.8,33,33,20.94,33,,,,,7,4.6,,,6.645,16.96,21.5,41.74,20.32,44,44,16.79,,,,,10.63,,7.26,2.24,,,0.0995,2.124,47.4,,1.413,46.52,83.17,48.83,26.95,26.4,21,4.759,17.38,6.806,9.971,19.77,96.2,27.57,32.26,23.65,11.46,8.534,20,25.26,21.62,29.91,2.25,6.24,19.55,78.19,1.151,33.54,10.23,,52.49,42.24,1.055,0.8593,2.52,1.711,1.936,11.5,3.409,5.141,3.067,51,50.16,58.09,54.93,,,,100.2,55,25.72,,,,,5.2,35.2,28.49,55,8.133,2.879,2.49,4.141,3.011,22,4.282,17.72,11.17,10.19,44,44,44,18.17,10.23,39.51,,55,,55,,,,,,,31.37,66.54,47.17,12.69,14.66,19.25,,98.63,,,20.04,,54.33,110,36.88,35.76,55,55,4,13.2,55,55,9.3,55,2,14.55,26.83,8.5,40.4,26.31,7.64,26.47,17.69,13.86,55,55,55,55,0.5286,8.065,52.19,38.98,41.62,3.256,,5.073,,,,,,,,16.59,24.77,1.004,17.93,5.455,5.713,,,,29.58,0.64,281.6,5.36,21.17,13.47,27.31,281.6,7.8,,,15.44,13.95,17.5,10.1,,,,14.6,8.586,12.59,4.382,8.8,,4.362,9.918,15.47,15.16,13.76,8.49,55,3.947,3.197,3.26,13.2,55,,55,,17.22,,1.594,1.69,55,7.736,7.597,5.882,22.41,28.61,27.07,,,23.93,189.5,4.924,44.58,2.518,3.183,3.696,11,5.68,11,346.6,44.41
155569-91-8,Emamectin benzoate,,,,,,,,,,,,,,,,,,,,,,,,,,,,,,,,,,,,,,,,,,,,,,,,,,,,,,,,,,,,,,,,,,,,,,,,,,,,,,,,,,,,,,,,,,,,,,,,,,,,,,,,,,,,,,,,,,,,,,,,,,,,,,,,,,,,,,,,,,,,,,,,,,,,,,,,,,,,,,,,,,,,,,,,,,,,,,,,,,,,,,,,,,,,,,,,,,,,,,,,,,,,,,,,,,,,,,,,,,,,,,,,,,,,,,,,,,,,,,,,,,,,,,,,,,,,,,,,,,,,,,,,,,,,,,,,,,,,,,,,,,,,,,,,,,,,,,,,,,,,,,,,,,,,,,,,,,,,,,,,,,,,,,,,,,,,,,,,,,,,,,,,,,,,,,,,,,,,,,,,,,,,,,,,,,,,,,,,,,,,,,,,,,,,,,,,,,,,,,,,,,,,,,,,,,17.95,24.62,29.21,,22.2,,,,,,,,,,,,,,,,,,,,,,,
35153-21-0,E-12-Tetradecen-1-ol acetate / E12-14:Ac,,17.47,,3.906,9.295,,414.7,38.17,36.93,4.799,20.92,,,,,,,,,,,,55,55,55,31.9,55,55,19.98,55,55,55,7.113,8.929,3.368,1.122,0.8418,2.018,4.4,0.7345,,,,,0.9203,,,25.5,34.86,35.14,6.487,22.82,29.84,38.58,19.94,104.1,17.5,44,,,,33,47.57,33,51.22,,,37.21,,,,,,,,18.04,26.82,37.34,21.47,,,,,,,,,,,,,,,,,,0.8505,,,2.04,,0.4671,,,5.78,,,99.81,,,,23.25,136.7,1100,58.24,,,,,,,,,,,,75.27,110,97.61,,,,,2.776,,,1.56,3.255,1.35,,,,,,4.4,4.4,4.4,,,,1.237,22,22,22,22,19.49,22,22,22,3.72,14.59,14.11,22,,,,,,,16.2,,,,,,,,8.566,20.14,12.87,25.23,13.52,24.53,11.34,33,29.33,33,15.61,18.47,22,41.35,33,33,33,33,33,,2.47,9,,5.7,5,,,,,,,,,,,,,,,10.63,6.55,8.801,4.505,,,0.1051,2.557,,,0.9683,,,,235.3,26.4,,,,,18.66,29.36,87.18,15.75,13.32,23.26,8.734,14.84,20.05,25.31,28.38,29.62,1.88,1.485,20.85,,,27,3.9,,51.29,44.94,2.209,2.116,1.518,1.5,22,0.7244,0.8224,0.4387,0.7197,53,,,110,,,,72.49,,,,,,,30,29.5,20.28,45.19,6.677,3.81,2.5,5.55,,,,10.97,,13.58,44,44,44,23.39,13.29,88.91,,55,,,,,,,,,4,25.57,24.29,22.07,15.43,18.65,,,,,,,,110,37.05,34.89,40.66,55,6.809,31.1,55,41.57,15.21,55,7.826,10.7,19.52,14.32,32.49,27.35,12.37,7.416,16.76,,45.85,44.45,32.55,55,0.4176,8.74,36.15,34.97,13.72,2.646,6.3,8.307,,4.637,5.01,4.12,2.85,4.457,6.8,6.261,32.32,37.42,19.92,10.82,3.704,,,,13.97,0.21,281.6,18.92,33.91,48.29,281.6,182.2,,,,11.51,12.45,15.09,26.41,27.5,0.71,5.16,4.4,0.5877,,6.411,7.58,5.008,0.8053,4.001,4.4,55,,,55,0.6133,1.266,13.2,10.42,,,,,,,6.855,0.3664,17.89,1.347,12.98,5.911,22.13,26.66,25.03,,,,,,,,,,,,,,
30562-09-5,"(Z9,E11)‐tetradecadienyl acetate / Z9,E11–14:Ac",,,,3.837,9.063,,414.7,38.17,36.93,4.645,21.12,7.802,3.771,3.973,33,5.103,12.5,9.8,9.333,11.6,10.42,,55,55,55,31.9,55,55,17.28,46.36,46.15,42.82,8.564,8.929,3.37,1.123,0.843,2.018,4.4,0.7345,,,,,0.9203,,,22.91,32.51,32.18,7.699,23.45,30.42,36.61,20.18,59.53,18.61,44,,,,33,48.1,33,49.85,,,35.81,,,,,,,,18.04,28.08,34.71,22.59,,,,,,,,,,,,,,,,,,0.9497,,,2.054,,0.47,,,5.78,20.59,,106.7,,,,23,138.2,1100,58.05,,,,,,,,0.8485,,,,81.41,110,100,,,,,3.678,,,1.56,3.841,1.35,,,1.56,2.23,2.54,4.4,4.4,4.014,,,,1.051,22,22,22,22,19.57,22,22,22,3.72,14.8,14.32,22,3.631,6.661,2.488,0.6818,2.739,12.37,19.96,1.584,8.754,2.571,2.524,,,,9.291,21.09,14,25.82,14.6,28.64,9.621,30.29,26.01,27.02,10.54,12.4,22,40.57,33,33,33,33,33,,2.47,,,5.7,5,,,,,,,,,,,,,,,10.63,5.609,8.591,4.575,,,0.1233,2.572,20.72,,1.027,62.53,,,278.1,26.4,,,,,18.94,25.95,88.35,11.58,13.32,19.97,9.245,13.87,20.34,21.34,29.28,27.49,1.816,1.683,20.59,,1.116,26.2,3.9,4.24,52.33,44.36,1.816,1.676,1.802,1.291,10.86,0.9643,0.8101,0.4202,0.7159,51.67,,,58.61,28.1,24.2,44,44.23,,,,,,,30,29.5,19.93,44.08,6.468,3.81,2.5,10.65,,,,7.069,,13.58,44,44,44,23.39,12.91,35.74,,55,,,,,,,,,4.786,34.19,29.71,18.66,13.99,18.42,,,,,,,,110,36.3,34.08,40.03,55,7.565,36.85,55,39.32,16.77,55,10.25,11.07,26.83,8.5,40.4,26.31,7.64,6.695,16.76,,46.99,42.97,31.69,55,1.19,7.153,36.15,34.97,13.72,2,6.3,7.5,,2.5,4.61,3.577,2.287,3.078,2.327,7.905,22.54,44,19.94,9.862,3.146,11.77,12.78,8.277,45.75,0.2524,281.6,15.37,31.37,39.12,191.6,195.8,7.8,,,11.05,13.2,15.93,26.41,27.5,0.71,5.16,4.4,0.42,,6.411,7.58,3.82,1.15,3.24,4.4,55,,,55,0.6302,1.267,13.2,10.43,,,,,,,2.21,0.5915,17.36,1.546,12.97,6.041,21.68,27.01,24.09,,,,,,,2.518,3.183,3.696,11,5.68,11,,
1504-74-1,α-Metoxy-cinnamaldehyde,,,,,,,,,,,,10.7,33,8.59,12.7,33,,,,,,,,,,,,,3.6,9.1,9.5,12.4,2.8,,,,,,,,,,,,,,,,,,,,,,,,,,,,,,,,,,,,,,,,,,,,,,,,,,,,,,,,,,,,,,,,0.48,,,,,,,,,79.26,,,,,,21.45,1100,302.1,1100,,,,,,,,4.3,2.24,,,,,,,,,,,,,,8.67,,,,,,,,,,,,,,,,,,,,,,,,,,,,,,,,,,,11.56,20.36,,,,,,,,,,,,,,,,,,,,,,,,,,,,,,,,,,,,,,,,,,,,,,,,8.1,,,,,,,10.5,,,,,,,,,,,,,,,,,,,,,,,,,,11.1,9.7,,,,,,,,,,,,,22.76,20.71,16.1,37.5,16.1,44,48.33,,,,,,,,,,,,2.93,5.32,,,,,,,10.82,20.45,44,16.22,19.7,10,14.82,16.31,,,,,,,,,,,,,,,,,,,,,,,,,,,,,,,,,,,,15.49,22.87,25.97,26.84,21.2,26.03,,,,,,,,,,,,12,14.7,7.1,,,,,,,,,,,,,,10.3,12.1,8,,,,,,,,,,,,8.7,9.3,11,,,,,,,,,,,,,,,,,,,,,,,,,,,,,,,,,,,,,,,,,3.73,20.23,,,,,,,,
432-25-7,β-Cyclocitral,,,14.69,1.54,7.33,23.07,7.76,4.12,10.2,3.79,11.86,21.29,23.51,6.359,2.493,24.87,,,3.1,,4.2,,55,19,22.1,55,55,55,0.3276,1.768,13.08,1.428,13.41,,,,,,,,,,,,,,,55,55,55,6.47,18.02,6.63,1.88,,,,17.7,,,,15.29,23.8,33,19.5,7.09,8.47,,4.7,7.61,5.8,6.56,11.63,8.11,18.03,7.34,,,,,,,,,,,,,,,,,,,,,0.54,,,,,,,,,30.06,,15.37,,,,,,,,,,,,,,2.7,0.3107,,,,32.1,110,110,5.15,3.62,,,,,,1.13,0.77,1.9,,,,,,7.67,22,22,13.2,28.9,5.32,7.13,22,22,22,22,22,22,22,22,22,22,22,22,,,,,,,,,,10.06,9.85,,,,,,,,,12.93,33,17.14,11.49,24.84,15.02,5.06,10.21,4.9,13.32,33,16.53,13.69,9.26,,,,,,,,,,,,,,,,,,,,,,,,,,1.388,,,12.59,,,7.92,,,,,,,,,,,49.36,,,,,,,,,,,6.66,20.15,,,,,,12.9,12.3,,,,,,,,,,6.9,4.3,4.47,8.154,35.6,9.7,44,5.36,55,55,,,,,,,,,,,,,,,,,9.22,,,,,,6.5,12.45,9.92,55,,,,,,,,0.26,8.97,,,,11.78,,25.12,40.69,10.6,51.28,4.37,110,5.79,15.51,3.43,2.47,7.14,,,,,,,,,5.06,,,,,,,,,21.5,22.2,6.1,55,,,,,,2.3,,6.3,13,9.1,,,,,,4.6,14.44,12.17,35.61,,,15.67,17.29,12.32,,,,,,,,,,,,,,,,,,,13.81,11.58,14.25,,16.79,,4.35,11.01,9.66,1.39,14.75,6.57,55,,,,,11.44,,5.07,,4.93,,,,55,,,,,,,,,,,,,,,,,,,41.89,219.9
23696-85-7,Damascenone,,,,,,,,,,,,,,,,,,,,,,,,,,,,,0.4,3,27,3.2,55,,,,,,,,,,,,,,,,,,,,,,,,,,,,,,,,,,,,,,,,,,,,,,,,,,,,,,,,,,,,,,,,,,,,,,,,,,,,,,,,,,,,,,,,,,,,,,,,,,,,,,,,0.88,1.22,7.04,,,,,,,,,,,,,22,22,22,22,22,22,22,22,,22,22,22,,,,,,,,,,,,,,,,,,,,,,,,,,,,,,,,,,,,,,,,,,,,,,,,,,,,,,,,,,,,,,,,,,,,,,,,,,,,,,,,,,,,,,,,,,,,,,,,,,,,,,,,,,,,,,,,,,,,,,,,,,,,,,,,,,,,,,,,,,,,21.11,,,,,,,,,,,,,,,,,,,,,,,,,,,,,,,,,,,,,,,,,,,,,,34.03,,,,,,,,,,,,,,,,4.43,,,,,,28.9,,35.4,,,,,,,,,,,,,,,,,,,,,,,,,,,,,,,15.85,,,,,,,,,,,,,,,,,,,,,,,,,,,,,,,,,
6485-40-1,(-)-Carvone,,11.68,,,,,,,,,22,,,,,,,,,,,,,,,,,,3,15.2,55,19.2,9.6,,,,,,22,22,,,,,6.79,,,,,,,,,37.88,13.47,,,,,,,11.28,,33,18.21,,,,,,,,,,,,44,29.68,13.87,,,,,,,,,,,,,,,,,,,,,,,,,,9.25,,,,4.06,,,55,123.2,1100,195.3,,1.36,2.28,,1.85,,,,,,,75.06,110,110,,,25.01,,,,,,,,,,,,,22,17.24,22,55,55,,14.99,22,22,22,22,22,22,22,22,22,20.49,22,22,11,11,11,5.36,11,11,,1.54,14.65,6.92,8.67,,,,,,,,,,,21.63,24.44,33,22,22,22,55,33,33,25.08,33,19.65,,,,,,,3.739,110,8.25,44,44,44,10.89,44,44,18.06,22.83,29.42,47.04,23.51,,,,,,,,,,,,,,,,,,,,,,,,,,,,,,,,,,,,,,14.81,,,55,30.9,,,,,,,,,,,110,110,,,,,,,,,,,,11,35.2,23.99,55,40.7,,,,,,,,,,,,,,,,,55,590.9,33.87,12.27,15.11,22.34,20.96,16.53,,18.28,,,,4.12,,,,,,18.23,,,,55,55,55,55,7,55,38.2,55,17.3,55,12.1,10.33,13.81,29.23,26.56,21.61,20.94,17.25,26.17,16.4,27.6,55,23.6,55,,35.2,,,,,,,,,,,,,,15.57,,,19.26,,,,,,,,,,,,,,,10.5,18,,,,28.52,,,,,,,,,,,,,1.57,,,55,21.22,,,,,,,,,,,,55,,,,,,,,,18.74,58.05,,,,,,,,,,
63408-44-6,(Z)‐7‐Eicosen‐11‐one,,14.45,,0.84,5.041,,312.7,47.69,31.35,5.269,15.73,7.25,33,3.99,0.96,10.7,14.11,10.73,10.08,,,13.34,55,53.44,55,43.81,55,55,6.934,55,55,55,1.073,6.664,2.028,8.238,7.468,7.459,10.98,5.069,,,,,5.588,,,42.21,42.41,40.83,10.56,23.63,22.05,45.09,13.43,79.1,13.99,32.88,,,,30.37,38.82,33,55,,,43.18,,,,,,,,17.4,29.58,28.77,12.72,,,,,,,,,,,,,,,,,,0.8177,,,0.5,,0.13,,,6.258,,,69.78,,,,48.88,10.04,91.74,15.52,3.92,1.3,2.5,3.63,1.56,3.6,,1.219,,33,33,35.85,110,82.38,,,,,2.956,,,2.009,4.586,3.857,12,11.71,1.883,2.46,2.81,8.321,7.394,6.454,23.28,48.08,11.61,1.699,18.92,22,22,22,5.672,22,9.55,5.587,8.609,8.263,2.147,15.68,5.344,8.516,5.153,1.569,5.412,11.68,8.244,3.083,16.73,2.071,1.986,6.6,,5.8,2.98,33,4.24,17.41,1.35,28.27,15.2,25.29,17.06,19.27,2.796,2.874,20.89,55,31.33,33,33,24.78,33,,,,,7,4.6,,,5.949,15.51,18.64,41.21,19.07,44,44,13.47,,,,,10.63,4.907,7.626,3.426,,,0.1123,2.353,37.01,,1.035,52.85,72.83,48.07,57.23,26.4,20.58,4.091,14.44,5.661,18.06,32.84,109.6,17.07,22.63,13.61,11.99,16.65,13.57,21.25,19.21,21.88,1.899,2.336,19.92,63.15,1.136,26.76,7.608,,50.87,43.84,1.116,0.9372,2.441,0.8722,1.781,1.787,2.012,1.484,1.587,50.27,68.26,71.54,58.79,,,,90.38,55,33.44,,,,,6.431,35.2,49,51.82,7.033,3.81,2.5,6.079,3.011,22,4.282,15.17,,11.51,44,44,44,20.22,13.21,16.63,41.08,55,,55,,,,,,,15.37,66.54,47.17,12.69,14.27,18.58,,110,,,21.37,,67.32,110,39.45,36.58,47.22,55,4,13.2,55,55,9.3,55,2,7.404,26.83,8.5,40.4,26.31,7.64,14.23,15,13.21,18.18,39.81,10.03,55,0.3944,1.425,51.97,38.65,41.03,3,,3.3,,,4.61,4.508,2.339,3.309,2.592,4.797,9.29,4.493,11.08,6.575,3.256,,,,26.58,0.3719,281.6,9.909,26.63,25.09,85.12,227.8,7.8,,,13.57,13.07,15.98,11.47,27.5,0.71,5.16,6.295,1.059,,4.47,8.275,7.816,0.569,2.592,8.037,9.465,13.76,8.49,55,0.9078,1.113,3.144,10.57,38.98,,37.43,,19.27,,0.5187,0.4813,34.62,1.071,14.68,7.979,20.12,28.14,34.57,,,21.6,106.2,6.179,44.06,2.518,3.183,3.696,11,5.68,11,267.2,90.47
109215-55-6,"(1RS,4aSR,7SR,7sRS)-nepetalactol",,,,,,,,,,,,,,,,,,,,,,,,,,,,,,,,,,,,,,,,,,,,,,,,,,,,,,,,,,,,,,,,,,,,,,,,,,,,,,,,,,,,,,,,,,,,,,,,,,,,,,,,,,,,,,,,,,,,,,,,,,,,,,,,,,,,,,,,,,,,,,,,,,,,,,,,,,,,,,,,,,,,,,,,,,,,,,,,,,,,,,,,,,,,,,,,,,,,,,,,,,,,,,,,,,,,,,,,,,,,,,,,,,,,,,,,,,,,,,,,,,,,,,,,,,,,,,,,,,,,,,,,,,,,,,,,,,,,,,,,,,,,,,,,,,,,,,,,,,,,,,,,,,,,,,,,,,,,,,,,,,,,,,,,,55,8.8,14.4,55,55,26.7,55,16.2,,,,,,,,,,,,,,,,,,,,,,,,,,,,,,,,,,,,,,,,,,,,,,,12.2,18.7,,,,,,,,,,,,,,,,,,,,,,,,,,,,,,,,,,,,,,,,,,,,,,,,,,,,,
928-92-7,4-hexen-1-ol,,,,,,,,,,2.79,22,,,,,,,,10.7,,,11.8,55,55,55,55,39.7,22.6,6.144,55,55,36.14,4.801,24.33,3.466,33,33,33,,,,,,,,,,31.34,32.14,34.65,9.313,16.74,27.47,25,,,14.29,,,,,33,36.38,33,55,,,,,,,,,,,,21.84,16.12,7.765,,,,,,,,,,,,,,,,,,,,,0.5,,0.13,,,,,,,,,,47.96,75.87,454.5,34.6,,,,,,,,0.863,,,,84.21,110,110,,,,,,,,5.258,7.2,8.09,9.93,9.94,1.904,2.474,2.827,22,14.75,10.06,12.94,55,15.92,3.48,22,22,22,22,22,22,22,22,,22,22,22,4.569,11,11,1.708,11,11,5.394,13.22,35.22,7.435,7.017,,,,,,,,,,,33,24.52,33,17.12,22,22,55,33,33,33,33,33,,,,,,,,,9.05,21.16,29.93,44,21.29,44,44,27.09,,,,,,4.799,6.104,2.477,,,0.22,2.002,55,,2.96,,,,14.75,9.341,20.77,5.072,18.77,7.213,7.713,5.957,84.02,10.54,32.95,21,9.09,8.762,11.91,9.991,19.76,17.01,1.882,4.784,18.65,113.1,1.106,35.41,10.23,,55,48.8,0.9343,0.6697,1.64,0.9272,1.005,4.358,22,6.21,22,47.6,63.29,48.94,55.11,,,,72.75,55,11.92,,,,,,,30.18,55,6.541,,,5.547,3.011,22,4.282,20.04,,10.19,44,44,44,18.17,15.3,11.06,,55,,,,,,,,1.64,20.72,,,,6.99,17.75,,,,,,,,,55,35.64,40.16,55,8.2,30.8,55,39.5,27,55,13,89.75,,,,,,21.86,16.03,22.88,55,55,21.15,55,1.001,1.158,37.95,19.72,14.13,8,,,,,4.609,6.572,2.855,9.19,6.72,,,,71.64,8.576,4.145,,,,34.49,,,,,,,,,9.2,15.8,12.4,11,13.9,11.75,,,,4.745,0.302,,,7.58,11.64,1.015,3.679,5.059,55,,,28.55,0.9242,1.622,1.284,10.96,55,,8.07,,55,,0.5083,0.2801,14.4,0.8737,5.27,4.39,22.27,32.16,17.11,,,,,4.924,,,,,,,,,
1195-92-2,(-) -limonene oxide,,,,,,,,,,,,,,,,,,,,,,,,,,,,,,,,,,,,,,,,,,,,,,,,,,,,,,,,,,,,,,,,,,,,,,,,,,,,,,,,,,,,,,,,,,,,,,,,,,,,,,,,,,,,,,,,,87.87,64.39,226.8,,,,,,,,,,,,,,,,,,,,,,,,,,,,,,,,,,,,,22,22,22,22,22,22,22,22,,22,22,22,,,,,,,,,,,,,,,,,,,,,,,,,,,,,,,,,,,,,,,,,,,,,,,,,,48.08,50.94,26.48,37.81,,,,,,,,,,,,,,,,,,,,,,,,,,,,,,,,,,,,,,,,,,,,,,,,,,,,,,,,,,,,,,,,,,,,,,,,,,,,,,,,,,,,,,,55,40.85,,5.13,15.02,38.51,19.29,26.56,,,,,,,,,,,,,,,,,,,,,,,,,,,,,,,,,22.73,,,,,,55,,,,,,,,,,,,,,,,7.46,,,75.66,,,,,,,,,,,,,,,,,,,,21.6,,,,,,,,,,,,,,,,55,,,,,,,,,,,,,,,,,,,,,,,,,,,,,,,,,
26560-14-5,"(Z,E)‐α‐Farnesene",,9.038,,4.237,13.81,,232.2,19.88,28.63,7.394,22,,,,,,,,9.2,,1.8,,55,55,38.85,55,55,44.46,0.5385,6.568,40.49,4.014,25.76,20.1,20.1,,,,18.49,11.23,,,,,6.872,,,27.94,30.52,28.12,2.669,20.22,22.42,20.05,,206.4,,27.78,26.3,9.5,39.1,27.28,20,27.15,16.71,11.18,17.12,,,,,,,,,14.05,37.41,12.06,6.713,7.83,21.1,18.4,10.7,27.6,9.43,23.1,12.6,15.7,13.9,7.94,13,4.17,6.59,18.9,21.7,11.9,1.883,17.8,16.9,8.35,9.79,8.38,13.9,13.4,4.833,,,,4.13,,,,1.753,64.62,11.18,2.676,1.614,2.232,,1.718,,,2.355,,,,92.04,110,110,,,29.77,,2.823,,123,,,,,,,,,4.577,6.591,11.49,10.04,51.83,10.25,6.383,8.659,22,22,22,9.524,22,12.25,15.03,5.675,11.77,4.595,22,11,11,11,4.617,11,11,,0.8997,3.561,2.716,4.412,,,,33,2.92,2.43,1.1,7.12,27.14,29.57,25.17,22.12,29.78,17.02,13.26,22,29.44,33,33,33,33,33,,,3.234,,7.2,2.9,6.96,110,5.805,11.8,31.17,9.053,11.47,44,44,10.54,14.21,44.92,38.93,29.37,,,,,,,,,55,10.99,,,44.57,,,17.58,,,,,12.44,44.06,69.43,32.27,32.71,16.22,11.06,10.89,16.79,38.5,,29.36,,11.77,,,,13.53,,5.4,55,31.63,,,,,,,7.983,10.9,15.88,47.41,44.51,41.24,29.03,44,21.8,44,62.05,55,23.5,,,,,17.9,32.08,55,55,86.5,,,22,,,,14.58,11,,,,,,14.83,,75.93,55,31.9,55,45.23,55,7.77,12.37,15.56,,11.87,,,,19.27,26.79,23.97,110,4.3,110,13.72,,25.57,110,16.11,3.223,19.77,55,5.203,24.5,55,51.81,5.076,55,9.637,18.25,,,,,,24.99,8.112,32.47,26.67,33.28,13.03,55,1.746,9.98,,,,2.581,,7.504,,7.484,,,,,,5.35,3.83,1.626,8.268,12.65,3.607,33.1,34.5,,38.01,,,,,,,,11.2,8.9,6.4,9.7,8.6,4.207,10.12,,,,22,9.417,10.47,,13.04,25.64,13.47,41.85,44,12.6,13.46,10.4,47.37,9.029,,,,8.65,,10.7,,12.17,,25.7,1.795,55,5.477,,8.24,,,,12.82,14.38,,,15.61,37.58,,,,,,,180.9,189.8
306-08-1,Homovanillic acid / HVA,3.68,,98.44,,2.15,34.83,3.72,,,4.85,,,,,,,,,,,,,,,,,,,4.969,16.2,28.76,31.73,18.32,33,33,,,,,,,,,,,,,29.45,28.2,23.09,,,,28.44,,,,,,,,,,,,,,,,,,,,,,,,,,,,,,,,,,,,,,,,,,,0.09,,,,,,,,,170.5,,,,,,,,,,,,,,,,,4.7,,,,110,110,110,,,,,3.81,,,,8.67,,,,,,,,,,,,,,,,,,,,,,,,,,,,,,,,,,,11.56,20.36,,,7.4,,,,,,,,,,,,,,,,,,,,,,,,,,,,,,,,,,,,32.07,94.97,71.58,34.47,,,,,,8.1,,,,,,,88.87,,,,,,,,,,,,,,,,,,,,,,,36.5,,15.18,16.7,,,,,,,,,,,,,44.9,30.01,110,110,,,,32.15,,,,,,,,,,,,,,22,,,,,,,,,,,,,,,216.7,,,,,,2.95,,,,,,,,,,,,,,,,55,55,55,55,6.5,23.3,55,55,25.5,55,12.3,,,,,,,13.53,,,,,,,,,,,,3.336,,9.2,,,,,,,,,,,,,,10.3,12.1,8,,,,,,,,,,,,,,,,,,,,,,,,,,,,,,,,,,,,,,,,,,,,,,,,,,,,,,,3.73,20.23,,,,,,,,
303-45-7,Gossypol,,,,,,,,,,,1.14,,,,,,,,,,,,,,,,,,,,,,,,,,,,,,,,,,,,,,,,,,,,,,,,,,,9.05,,3.43,,,,,,,,,,,,4.3,,,,,,,,,,,,,,,,,,,,,,,,,,,,,,,,,,,,,,,,,,,,,,,,,,,,,,,,,,,,,,,,,,,,,,,,,,,,,,,,,,,,,,,,,,,,,,,,,,,,,,,,,,,,,,,,,,,,,,,,,,,,,,,,,,,,,,,,,,,,,,,,,,,,,,,,,,,,,,,,,,,,,,,,,,,,,,,,,,,,,,,,,,,,,,,,,,,,,,,,,,,,,,,,,,,,,,,,,,,,,,,,,,,,,,,,,,,,,,,,,,,,,,,,,,,,,,,,,,,,,,,,,,,,,,,,,,,,,,,,,,,,,,,,,,,,,,,,,,,,,,,,,,,,,,,,,,,,,,,,,,,,,,,,,,,,,,,,,,,,,,,,,,,,,,,,,,,,,,,,,
103-45-7,"acetic acid, 2-phenylethyl ester  / phenylethylester acetic acid / Phenethyl acetate",3.173,55,105,9.702,43.34,21.26,151.2,12.4,36.93,3.485,22,8.411,6.013,6.145,33,6.467,,,3.517,13.72,6.261,,55,42.05,55,48.69,47.46,42.46,55,55,55,55,55,16.77,11.94,1.164,0.8832,2.028,4.4,0.7345,,,,,0.9203,,,35.62,37.8,33.74,10.5,20,33,37.48,20.07,,22,,,,,28.61,55,33,50.86,,,,,,,,,,,,23.68,44.07,24.78,,,,,,,,,,,,,,,,,,0.58,,,12.9,,2.5,,,,23.44,,47.17,,279.5,422,8.07,155.1,709.9,109.6,,,,,,,,1.048,2.52,,,110,110,110,,,12.36,13.89,,17.78,,5.02,8.53,,,,,,,6.649,7.063,10.53,18.84,33.32,14.94,7.587,22,22,22,22,22,22,22,22,22,22,22,22,,,,,,,,,,,,,,,26.16,33,33,33,33,27.58,24.31,24.73,27.21,33,22,22,22,40.59,33,33,33,33,33,,2.47,,,5.7,5,,,,,,,,,,,,,,,10.63,6.55,8.914,4.717,390,9,0.11,2.727,14.39,,1.135,47.52,86.36,37.19,155.2,26.4,,,,,23.8,39.73,88.62,22.32,,23.29,13.69,16.52,23.29,25.06,35.08,27.42,,2.076,20.75,36.5,,19.52,7.306,5.27,55,30.2,2.209,2.116,1.518,1.5,22,0.7244,,,,40.05,28.72,74.12,23.72,28.1,24.2,44,30.96,,,,,,,30,29.5,38.13,49.27,9.251,,,13.51,,,,8.178,,13.58,44,44,44,23.39,12.81,33.04,14.67,55,23.8,,5.47,55,22.21,17.5,56.93,,4,25.57,24.29,22.07,15.43,18.77,,,10.8,,,,26.5,110,38.2,36.15,41.63,55,7.611,32.69,55,45.76,23.67,55,14.72,12.13,19.73,12.04,24.03,25.05,17.88,16.53,23.45,19.63,39.08,48.51,34.41,55,1.143,12.12,37.94,36.26,14.2,5.619,4.762,6.865,13.6,3.784,4.609,3.411,2.383,3.529,2.834,7.101,,,6.79,24.91,4.89,25.18,14.31,12.61,30.49,0.21,281.6,18.92,33.91,48.29,281.6,182.2,,,,10.8,13.2,17,16.94,27.5,0.71,5.16,14.66,0.6244,9.89,6.411,7.836,3.82,5.302,13.74,14.66,55,,9.52,55,0.6133,1.328,13.2,10.79,25.05,,8.634,,9,,23.49,0.3765,43.06,3.758,13.76,6.266,20.17,25.67,25.43,,,,,4.07,31.86,,,,,,,,
20780-49-8,"3,7-Dimethyloctyl acetate",,,,18.68,83.17,,414.7,38.17,36.93,3.3,22,16.8,33,33,33,13.6,,,1.967,16.87,2.063,,55,40.9,55,55,55,55,5.435,29.16,34.25,4.546,55,10.63,5.192,1.164,0.8832,2.028,4.4,0.7345,,,,,0.9203,,,24.87,34.29,34.97,8.453,21.65,33,43.07,19.93,,22,,,,,33,55,33,50.26,,,,,,,,,,,,32.65,42.95,24.14,,,,,,,,,,,,,,,,,,0.7276,,,12.9,,2.5,,,,,,96.86,,,,8.07,384.6,1100,42.35,,,,,,,,0.7,,,,110,110,110,,,24.6,,,,,,8.53,,,,,,,4.4,4.4,4.4,,,,1.237,22,22,22,22,20.24,22,22,22,,18.6,18.47,22,,,,,,,,,,6.38,6.64,,,,25.57,33,33,33,33,24.53,11.34,33,33,33,22,22,22,38.39,33,33,33,33,33,,2.47,,,5.7,5,,,,,,,,,,,,,,,10.63,6.55,8.914,4.717,,,0.11,2.727,,,1.082,,,,170.2,26.4,,,,,24.61,39.73,88.8,,,20.84,15.11,13.42,23.41,24.32,36.23,27.81,,1.91,20.78,,,18.4,3.058,4.7,50.23,48.29,2.209,2.116,1.518,1.5,22,0.7244,,,,53,,,110,,,,72.49,,,,,,,30,29.5,18.51,39.65,8.65,,,22,,,,15.32,,13.58,44,44,44,23.39,13.47,88.91,,55,,,,,,,,,18.92,25.57,24.29,22.07,15.43,18.77,,,,,,,,110,31.74,29.2,36.13,55,9.7,55,55,34.5,21.1,55,19.4,9.898,,,,,,9.367,16.76,,38.11,51.49,42.83,55,1.003,11.99,36.15,34.97,13.72,2,6.3,7.5,,2.5,4.609,3.411,2.383,3.529,2.834,6.21,,,12.27,11.95,3.683,11.6,9.5,17.7,,0.21,281.6,18.92,33.91,48.29,281.6,182.2,,,,10.8,13.2,17,26.41,27.5,0.71,5.16,6.078,0.8342,,6.411,7.58,3.82,1.368,6.078,6.078,55,,,55,0.6133,1.328,13.2,10.79,,,,,,,23.49,0.4175,23.25,2.66,15.01,6.212,20.27,25.34,26.38,,,,,,,,,,,,,,
123-66-0,"hexanoic acid, ethyl ester  / ethyl hexanoate",,17.51,,0.84,9.232,,312.7,47.69,31.35,4.278,20.62,6.401,3.682,2.712,12.35,4.031,0.06,,5.869,7.3,5.623,11.8,55,37.34,55,55,51.35,41.48,55,55,55,55,4.352,23.62,18.52,21.86,22.29,19.88,22,22,,,,,22,,,47.32,48.05,44.62,5.627,19.25,28.05,27.84,10.83,123.9,14.46,30.52,,,,33,47.06,33,55,,,36.39,,,,,,,,17.72,24.19,31.52,16.53,,,,,,,,,,,,,,,,,,0.44,,,2.157,,1.974,,,6.043,17.37,,84.84,,,,17.85,41,197.6,26.76,,,,,,,,0.8844,2.88,33,33,75.13,110,110,,,12.36,13.89,3.057,,,2.375,8.017,5.602,12,11.71,2.88,3.07,3.53,11.26,15.24,22,17.58,45.21,9.917,40.65,22,22,22,22,14.44,22,19.6,15.4,3.389,22,10.89,22,5.23,11,11,1.98,11,11,12.65,9.212,42.74,5.563,4.716,,,,13.41,3.779,5.415,24.12,33,24.53,11.34,16.41,27.42,33,17.79,22,20.51,51.03,26.44,33,33,22.4,33,,,,,,,,,7.139,13.58,18.4,44,13.02,44,44,11.8,,,,,10.63,6.55,8.761,4.43,,9,0.0965,2.475,33.89,,1.066,14.83,86.85,,14.75,26.4,21.99,4.657,16.95,6.966,35.04,49.43,84.86,20.52,18.73,18.56,20.48,13.99,26.74,32.34,39.37,21.24,2.25,6.652,19.77,76.34,,19.91,6.732,4.562,53.18,40.52,2.201,2.149,1.527,1.943,3.928,6.412,2.205,1.504,2.002,53,67.61,67.37,44.42,28.1,24.2,44,64.7,55,22.85,,,,,5.2,35.2,32.84,49.87,7.694,3.704,2.397,1.808,3.011,22,4.282,19.49,,10.19,44,44,44,18.17,6.348,58.11,,55,,,,,,,,,,,,,,26.6,,110,,,21.9,,69.87,110,47.07,20.47,55,55,4,13.2,55,55,9.3,55,2,7.146,18.55,15.57,31.37,27.52,13.36,10.96,12.4,13.44,22.46,39.83,12.11,55,0.3936,20.8,36.15,34.97,13.72,8.937,3.7,4.503,13.6,5.5,,,,,,5.33,10.32,6.291,12,9.21,4.632,17.32,12.78,8.277,32.45,0.21,281.6,18.92,33.91,48.29,281.6,182.2,,,,15.05,13.83,17.5,9.203,27.5,0.71,5.16,19.59,12.05,,4.725,,,2.224,5.656,16.2,6.936,13.76,8.49,55,2.699,1.74,9.607,10.55,55,,55,,5.82,,10.87,2.257,55,5.879,10.09,6.078,25.2,28.41,33.91,,,,,8.315,40.78,,,,,,,273.9,84.57
5454-28-4,Butyl heptanoate,,17.95,,0.84,8.178,,312.7,47.69,31.35,4.42,20.22,7.099,5.371,3.91,18.57,5.898,16.3,13.1,7.956,14.9,3.761,12.85,55,36.05,55,55,55,41.33,55,55,55,55,3.61,16.87,9.084,1.073,0.7972,2.057,12.31,6.448,,,,,6.995,,,43.55,47.96,46.47,4.445,20.71,26.83,36.49,12.04,118.2,14.09,36.42,,,,33,45.88,33,55,,,37.5,,,,,,,,17.6,21.89,32.97,16.76,,,,,,,,,,,,,,,,,,0.6111,,,1.721,,1.296,,,5.964,16.96,,84.2,,,,55,12.82,169.7,15.67,,,,,,,,0.9468,,33,33,88.77,110,110,,,12.36,13.89,2.889,,,2.524,7.104,4.926,12,11.71,2.88,3.07,3.53,10.43,12.88,15.5,19.09,47.04,10.56,10.43,22,22,22,22,11.82,22,19.46,15.07,5.728,18.09,7.613,22,7.058,11,11,3.102,11,11,13.65,6.644,32.13,6.71,7.265,6.6,,5.8,6.54,2.98,6.58,21.17,33,33,33,16.46,27.17,33,17.55,22,20.44,43.66,26.16,33,33,21.98,33,,,,,7,4.6,,,6.652,14.62,18.68,42.87,15.4,44,44,12.67,,,,,10.63,6.55,8.647,4.224,,,0.09855,2.28,27.08,,1.023,18.52,79.71,,47.84,26.4,21.68,4.529,16.38,6.662,26.81,40.84,92.29,26.13,21.84,19.19,14.49,14.39,19.94,38.5,36.32,22.81,2.25,3.039,20.27,70.87,,28.81,6.168,5.257,52.27,43.41,2.202,2.144,1.526,1.462,6.519,3.089,2.621,2.549,2.365,52.47,78.12,80.79,27.61,28.1,24.2,44,32.35,55,22.92,,,,,5.2,35.2,32.1,50.84,7.606,3.75,2.441,1.808,3.011,22,4.282,19.49,,11.16,44,44,44,19.68,10.19,37.72,,55,,55,,,,,,,35.51,,,,12.77,23.02,,110,,,23.02,,48.28,110,46.17,39.87,55,55,4,13.2,55,55,9.3,55,2,8.822,18.42,15.75,31.22,27.54,13.5,8.335,13.27,13.3,26.4,40.94,16.33,55,0.3939,19.31,45.93,39.52,28.62,5.259,3.7,3.998,13.6,5.5,4.609,3.412,2.384,3.532,2.838,4.666,11.1,6.937,15.08,9.21,4.262,17.5,12.78,8.277,30.92,0.21,281.6,18.92,33.91,48.29,281.6,182.2,,,,14.69,13.63,17.5,11.4,27.5,0.71,5.16,19.59,12.05,12.59,4.974,8.172,3.82,2.195,6.439,12.44,6.707,13.76,8.49,55,1.405,1.329,13.2,10.59,55,,55,,5.82,,12.17,1.914,55,6.505,8.937,5.643,25.8,28.31,28.56,,,23.93,189.5,8.08,42.73,,,,,,,287.9,73.8
106-32-1,"octanoic acid, ethyl ester / Ethyl octanoate ",,17.8,,0.84,8.252,,312.7,47.69,31.35,4.283,20.48,6.669,5.555,3.018,8.387,4.941,1.039,13.1,8.349,7.3,5.863,12.85,55,37.4,55,55,51.28,41.57,55,55,55,55,8,24.6,15.34,33,33,33,22,22,,,,,22,,,46.94,47.76,42.65,5.352,20.35,27.63,55,10.47,118.9,14.37,30.01,,,,33,46.58,33,55,,,36.38,,,,,,,,17.52,22.04,30.99,16.34,,,,,,,,,,,,,,,,,,0.6096,,,1.76,,1.352,,,6.072,16.77,,81.53,,,,17.72,22.93,193.5,17.57,,,,,,,,0.8897,2.88,33,33,75.91,110,110,,,12.36,13.89,2.85,,,2.25,7.413,5.34,12,11.71,2.88,3.07,3.53,11.03,15.81,22,19.16,47.11,10.58,40.21,19.55,22,22,22,6.737,22,12.06,7.241,6.074,13.3,3.717,18.45,7.053,11,11,3.099,11,11,12.33,6.646,32.13,6.703,7.25,6.6,,5.8,13.35,3.47,5.241,23.82,33,27.56,17.24,16.46,27.17,33,17.6,22,20.44,51.03,26.16,33,33,21.98,33,,,,,7,4.6,,,6.761,13.9,18.39,43.13,14.46,44,44,12.17,,,,,10.63,,7.26,2.24,,,0.09663,2.188,36.25,,1.034,20.55,79.79,,28.89,26.4,21.68,4.529,16.38,6.662,31.01,49.45,95.17,24.76,19.98,19.74,16.08,13.59,22.55,32.75,37.6,21.46,2.25,6.186,19.48,70.89,,18.79,6.734,4.527,52.87,40.73,2.201,2.147,1.527,1.952,3.813,6.671,2.634,2.563,2.378,52.32,68.34,68.62,42.22,28.1,24.2,44,62.01,55,22.98,,,,,5.2,35.2,32.05,50.86,7.711,3.718,2.41,1.17,3.011,22,4.282,22,,10.19,44,44,44,18.17,10.71,37.79,,55,,55,,,,,,,35.51,,,,12.77,25.83,,110,,,22.97,,48.48,110,46.13,22.2,55,55,4,13.2,55,55,9.3,55,2,8.733,19.28,14.62,32.21,27.39,12.6,9.581,13.31,13.31,20.88,39.67,10.21,55,0.3937,20.28,49.07,40.87,35.06,4.736,3.7,3.799,13.6,5.5,,,,,,5.236,9.831,4.965,11.74,9.21,4.711,16.39,12.78,8.277,30.94,0.21,281.6,18.92,33.91,48.29,281.6,182.2,,,,14.71,13.64,17.5,11.36,27.5,0.71,5.16,19.59,12.05,12.59,4.702,8.8,,2.224,5.656,16.2,8.7,13.76,8.49,55,2.716,1.781,9.427,10.6,55,,55,,5.82,,10.3,2.257,55,5.879,10.12,6.153,24.86,28.29,34.91,,,23.93,189.5,8.08,42.72,,,,,,,288.6,73.29
106-33-2,"dodecanoic acid, ethyl ester, Ethyl dodeconoate / Ethyl laurate",,17.8,,0.84,8.252,,312.7,47.69,31.35,4.283,20.48,6.669,5.555,3.018,8.387,4.941,1.039,13.1,8.349,7.3,5.863,12.85,55,37.4,55,55,51.28,41.57,55,55,55,55,4.271,24.6,15.34,33,33,33,22,22,,,,,22,,,46.94,47.76,42.65,5.352,20.35,27.63,29.7,10.47,118.9,14.37,16.5,,,,33,46.58,33,55,,,36.38,,,,,,,,17.52,22.04,30.99,16.34,,,,,,,,,,,,,,,,,,0.6096,,,1.76,,1.352,,,6.072,16.77,,81.53,,,,17.72,22.93,193.5,17.57,,,,,,,,0.4,2.88,33,33,75.91,110,110,,,12.36,13.89,3.034,,,2.25,7.413,5.34,12,11.71,2.88,3.07,3.53,11.03,15.81,22,19.16,47.11,10.58,40.21,19.55,22,22,22,6.737,22,12.06,7.241,6.074,13.3,3.717,18.45,7.053,11,11,3.099,11,11,12.33,6.646,32.13,6.703,7.25,6.6,,5.8,13.35,3.47,5.241,23.82,33,27.56,17.24,16.46,27.17,33,17.6,22,20.44,51.03,26.16,33,33,21.98,33,,,,,7,4.6,,,6.761,13.9,18.39,43.13,14.46,44,44,12.17,,,,,10.63,,7.26,2.24,,,0.09663,2.188,36.25,,1.034,20.55,79.79,,28.89,26.4,21.68,4.529,16.38,6.662,31.01,49.45,95.17,24.76,19.98,19.74,16.08,13.59,22.55,32.75,37.6,21.46,2.25,6.186,19.48,70.89,,20.18,3.3,4.527,52.87,40.73,2.201,2.147,1.527,1.952,3.813,6.671,2.634,2.563,2.378,52.32,68.34,68.62,42.22,28.1,24.2,44,62.01,55,22.98,,,,,5.2,35.2,32.05,50.86,7.711,3.718,2.41,1.11,3.011,22,4.282,22,,10.19,44,44,44,18.17,10.71,37.79,,55,,55,,,,,,,35.51,,,,12.77,25.83,,110,,,22.97,,48.48,110,46.13,22.2,55,55,4,13.2,55,55,9.3,55,2,8.733,19.28,14.62,32.21,27.39,12.6,9.581,13.31,13.31,20.88,39.67,10.21,55,0.3937,20.28,49.07,40.87,35.06,4.736,3.7,3.799,13.6,5.5,,,,,,5.236,9.831,4.965,11.74,9.21,4.711,16.39,12.78,8.277,30.94,0.21,281.6,18.92,33.91,48.29,281.6,182.2,,,,14.71,13.64,17.5,11.36,27.5,0.71,5.16,19.59,12.05,12.59,4.702,8.8,,2.224,5.656,16.2,8.7,13.76,8.49,55,2.716,1.781,9.427,10.6,55,,55,,5.82,,10.3,2.257,55,5.879,10.12,6.153,24.86,28.29,34.91,,,23.93,189.5,8.08,42.72,,,,,,,288.6,73.29
124-10-7,"tetradecanoic acid, methyl ester / Methyl myristate / Methyl tetradecanoate",,18.19,,0.84,6.277,,312.7,47.69,31.35,4.471,20.54,7.614,7.771,3.979,10.15,6.531,16.3,13.1,7.2,,8.19,12.84,55,30.2,55,55,55,31.1,55,55,55,55,3.267,20.32,9.291,33,33,33,22,22,,,,,22,,,47.44,47.9,42.01,6.914,19.09,27.74,49.64,12.17,113.2,13.99,32.74,,,,33,42.52,33,55,,,38.59,,,,,,,,17.5,22.44,31.31,16.6,,,,,,,,,,,,,,,,,,0.608,,,1.804,,1.415,,,6.173,12.7,,80.3,,856.8,573.6,55,12.92,172,15.88,,,,,,,,0.8,,33,33,74.84,110,110,,,,,2.893,,,2.279,7.988,5.764,12,11.71,2.88,3.07,3.53,11.02,15.84,22,19.23,47.2,10.61,40.15,18.78,22,22,22,5.431,22,10.29,5.73,6.417,11.2,2.764,17.37,6.185,9.802,7.943,2.109,8.775,11.42,11.2,6.649,32.12,6.696,7.234,6.6,,5.8,13.34,3.449,5.229,23.8,33,33,33,16.46,27.17,33,17.65,22,20.44,51.03,26.16,33,33,21.98,33,,,,,7,4.6,,,6.597,15.09,18.86,42.73,15.97,44,44,12.98,,,,,10.63,,7.26,2.24,,,0.0932,2.324,55,,1.016,28.07,79.87,,28.8,26.4,21.68,4.529,16.38,6.662,28.76,39.41,95.1,30.72,32.95,38.5,15.42,10.92,21.05,38.5,35.82,15.16,2.25,6.188,19.51,63.72,1.319,22.88,3.5,4.24,52.36,40.96,1.502,1.277,1.934,1.711,1.936,11.5,2.648,2.577,2.393,51.37,90.62,92.36,59.05,28.1,24.2,44,98.13,55,23.04,,,,,5.2,35.2,31.99,50.88,7.773,3.81,2.5,1.7,3.011,22,4.282,22,,10.19,44,44,44,18.17,10.68,37.87,,55,,55,,,,,,,35.51,,,,12.77,22.81,,110,,,22.92,,48.7,110,43.78,31.03,55,55,4.419,14.83,55,55,11.44,55,2.902,8.86,19.43,14.43,32.38,27.36,12.46,8.355,13.34,13.32,20.42,39.19,9.921,55,0.3936,8.128,50.09,41.3,37.34,3,,3.3,,,,,,,,5.259,8.724,3.549,15.51,9.21,4.96,11.77,12.78,8.277,30.96,0.21,281.6,18.92,33.91,48.29,281.6,182.2,,,,14.73,13.65,17.5,11.32,27.5,0.71,5.16,19.59,12.05,12.59,4.5,8.8,,2.233,5.672,16.19,6.668,13.76,8.49,55,2.842,1.961,8.756,10.7,55,,55,,5.82,,6.169,2.274,55,5.91,9.462,5.89,25,28.04,31.59,,,23.93,189.5,8.08,42.71,,,,,,,289.4,72.74
628-63-7,Amyl acetate / pentyl acetate,,18.81,,6.723,24.03,,360.5,42.63,34.05,4.357,22,7.18,3.775,3.907,33,5.23,,,7.124,14.9,4.054,11.8,55,42.26,55,48.13,55,50.23,55,55,55,55,9.419,9.004,3.548,1.139,0.8618,2.068,8.292,2.801,,,,,3.211,,,55,55,55,7.33,20.23,33,40.66,17.43,111.1,17.34,37.92,,,,33,43.04,33,55,,,39.29,,,,,,,,17.77,44,77,44,,,,,,,,,,,,,,,,,,0.5057,,,5.635,,3.517,,,6.048,16.92,,93.3,,,,23.24,57.47,309.8,36.21,3.92,1.3,2.5,3.63,1.56,3.6,,0.8188,,33,33,110,110,110,,,12.36,13.89,2.931,,,2.676,7.564,4.936,12,11.71,2.88,3.07,3.53,8.21,9.507,10.93,18.81,46.71,10.44,3.951,22,22,22,22,22,22,22,22,3.291,14.86,14.39,22,7.363,11,11,2.043,11,11,11.51,7.288,39.06,4.759,4.321,,,,14.4,17.87,18.29,31.47,33,24.53,11.34,16.4,27.41,33,22,22,20.51,36.85,30.76,33,33,22.39,33,,2.47,,,5.7,5,,,7.354,15.47,20.07,44,14.6,44,44,13.77,,,,,10.63,6.55,8.782,4.469,,,0.1064,2.401,24.65,,0.9874,14.83,88.43,48.83,86.36,26.4,21.07,4.96,18.28,7.145,24.52,40.24,88.69,20.36,23.27,19.62,12.23,13.57,22.4,38.5,33.49,26.19,2.25,2.011,20.45,79.03,,18,5.474,5.084,51.04,44.26,2.202,2.142,1.525,1.48,11.69,1.532,3.6,2.59,3.43,53,65.32,68.75,31.77,28.1,24.2,44,32.1,55,22.91,,,,,14.7,31.7,24.47,47.69,6.765,3.81,2.5,4.943,3.011,22,4.282,6.151,,12.03,44,44,44,21.03,11.38,76.94,,55,,,,,,,,,6.156,25.57,24.29,22.07,18.28,21.32,,110,,,21.87,,58.22,110,43.29,38.09,45.8,55,5.666,23.13,55,45.79,12.83,55,4.885,7.922,19.35,14.53,32.29,27.37,12.53,8.749,14.15,13.66,55,55,55,55,0.394,15.75,36.54,33.22,14,3.543,5.058,5.325,13.6,3.461,4.61,3.348,2.343,3.328,2.614,4.468,9.446,3.57,12.42,10.91,3.789,16.58,12.78,8.277,25.54,0.21,281.6,18.92,33.91,48.29,281.6,182.2,,,,13.23,13.5,15.97,12.46,27.5,0.71,5.16,4.096,0.7912,,5.882,7.58,3.82,0.5725,4.4,4.088,10.97,13.76,8.49,55,0.7629,1.344,13.2,10.69,55,,55,,13.98,,24.77,0.4149,21.97,1.687,10.33,5.737,22.69,25.95,27.38,,,,,6.919,40.78,,,,,,,296.5,68.05
84-69-5,diisobutyl phthalate,3.97,55,150.3,11.93,61.81,64.18,94.53,14.62,45,5.212,22,10.66,9.11,9.397,33,7.602,,,3.428,14.23,4.365,,55,44.97,55,55,38.12,55,,,,,,20.47,12.25,,,,,,,,,,,,,17.37,20.26,17.48,8.17,9.68,33,33.34,,,22,,,,,33,55,33,39.91,,,28.26,,,,,,,,,7.18,,,,,,,,,,,,,,,,,,,,0.58,,,12.9,,2.5,,,,26.77,,106.7,,,,,58.17,442.5,305.8,,,,,,,,0.9753,,,,60.01,110,110,,,12.36,13.89,,17.78,,,,,,,,,,9.42,10.53,22,12.1,18.1,1.42,35.22,22,19.17,18.6,15.04,22,22,22,22,22,22,22,22,,,,,,,,,,,,,,,,,,,,,,27.83,27.06,27.46,22,22,22,39.5,33,33,33,33,33,,,,,,,,63.7,7.01,16.04,27.53,44,10.99,44,44,11.25,,,,,,,,,,9,,,9.847,,,14.83,50.44,37.19,,26.4,,,,,37.42,77.31,73.07,,,9.81,19.25,,31.56,38.5,39.02,20.25,,7.55,,36.5,,15.57,2.7,4.422,53.57,39.31,,,,,,,,,,44.9,29.73,110,20.44,28.1,24.2,44,26.15,,,,,,,,,34.22,55,29.5,,,11.76,,,,3.421,,,,,,,21.28,,14.67,45.87,,,,,,,,,,,,,,39.22,,,,,,,,,55,55,55,55,6.5,23.3,55,55,25.5,55,12.3,18.79,,,,,,55,33.42,19.63,49.57,46.88,38.22,49.35,,,,,,10,,7.5,,,,,,,,,,,6.853,203.1,9.26,21.89,13.22,12.85,34.21,,,,,,,,,11,13.5,,,,11.92,,,,,,,,,,,,,55,,,25.84,,,,,,,,,,,,,51.3,,16.43,9.62,23.21,20.13,31.74,,,,,4.07,31.86,,,,,,,,
89-74-7,"1-(2,4-Dimethylphenyl)-ethanone / 2',4'-Dimethylacetophenone",2.64,,,,,,,,,,22,,,,,,0.14,,,,,,,,,,,,,,,,,,,,,,,,,,,,,,,55,55,55,15.58,14.81,33,46.71,15.49,,,26,,,,18.95,,33,55,,,,,,,,,,,,,,,,,,,,,,,,,,,,,,,,,,,,,,,,,,,,,,,,,,,,,,,,,,,2.52,,,110,110,110,,,34.28,,,,117,,,,,,,,,,,,,,,,22,22,22,22,22,22,22,22,,22,22,22,,,,,,,,,,,,,,,,,,,,,,16.8,26.07,33,22,22,22,30.7,33,33,33,33,33,,,,,,,,,,,,,,,,,,,,,,,,,,,,,12.97,,,,,22.91,,,,,,,,,,,,,,,,,,,,,,,,43.58,12.9,,,,,,,,,,,,,,,,,,,,,,,56.11,13.02,118.1,6.69,,,55,55,,,,22,,,,,,,,,,,,,,55,,,,,,,,,,,,,,,24.78,,10.8,,,,,,,,,,,,,,,,,,18.01,55,36.23,24.63,27.87,,,,29.3,27.8,23.1,55,,,,,,,,,,,,,,,,,,,30.86,,,,,,,,,,,,,,,,,,,,11.53,,,,,,9.89,,8.03,,,,,55,,9.52,55,,,,,,,,,,,,,,,,,,,,,,,,,,,,,,,,9.06,13.24
1195-79-5,(-)-Fenchone,,,,,,,,,,,,,,,,,,,,,,,,,,,,,,,,,,,,,,,,,,,,,,,,,,,,,,,,,,,,,,,,,,,,,,,,,,,,,,,,,,,,,,,,,,,,,,,,,,,,,,,,,,,,,,,,,146.2,786.8,31.72,,,,,,,,,,,,50.83,110,110,,,,,,,,,,,,,,,,,,,,,,,22,22,22,22,22,22,22,22,,22,22,22,,,,,,,,,,,,,,,,,,,,,,,,,,,,,,,,,,,,,,,,,,,,,,,,,,20.11,111.1,25.61,34.65,,,,,,,,,,,,,,,,,,,,,,,,,,,,,,,,,,,,,,83.39,,,,,,,,,,,,,,,,,,,,,,,,,,,,,,,,,,,,,,,,,,,,,,8.2,28.91,,55,34.4,55,7.386,43.36,27.51,23.12,25.63,,,,,,,,,,,,,,,,,,,,,,,,,,,,,,,,,17.97,,,,,,55,,,,,,,,,,,,,,,,,,,2.55,,,,,,,,,,,,,,,,,11.8,11.8,18.7,42.79,,,,,,,,,,,,,,,,55,,,,,,,,,,,,,,,,,,,,,,,,,,,,,,,,,
6175-49-1,2-dodecanone,,18.73,,0.84,23.72,,312.7,47.69,31.35,4.968,22,6.901,7.279,2.883,4.573,5.11,14.57,11.58,7.59,7.3,8.19,12.83,55,40.51,55,55,55,46.04,55,55,55,55,2.77,18.23,6.905,33,33,33,22,22,,,,,22,,,43.16,42.64,39.46,12.09,15.7,27.9,38.58,13.59,110.9,14.89,33.28,,,,33,34.07,33,55,,,45.43,,,,,,,,17.58,27.06,49.02,27.65,,,,,,,,,,,,,,,,,,0.7061,,,1.974,,1.673,,,6.318,12.7,,79.66,,,,55,10.55,120.8,11.12,3.92,1.3,2.5,3.63,1.56,3.6,,1.175,2.88,33,33,76.55,110,110,,,,,2.85,,,2.317,10.59,7.276,12,11.71,2.88,3.07,3.53,11.68,14.24,22,14.99,41.89,8.796,44.33,18.24,22,22,22,6.575,22,10.05,6.396,4.937,9.883,3.966,16.63,7.533,11,11,2.908,11,11,8.666,7.554,36.15,6.672,7.177,6.6,,6.681,13.3,3.517,6.332,23.87,33,33,18.37,13,25.49,33,19.86,22,19.96,38.98,27.6,33,33,19.24,33,,,,,7,4.6,,,6.559,15.51,19.04,42.64,16.44,44,44,13.25,,,,,10.63,,7.26,2.24,,,0.09838,2.274,48.6,,0.9451,27.87,80.19,48.83,28.46,26.4,20.98,4.784,17.49,6.84,17.75,32.72,94.83,27.29,32.17,29.26,16.36,8.658,20.56,27.63,37.17,22.59,2.25,6.197,19.5,67.1,1.319,110,13.6,3.669,53.04,40.13,1.492,1.267,1.941,1.711,1.936,11.5,3.187,2.331,2.93,51.38,69.53,72.06,58.81,28.1,24.2,44,98.19,55,23.27,,,,,5.2,35.2,31.78,50.97,7.775,3.81,2.5,4.45,3.011,22,4.282,10.66,11.17,10.19,44,44,44,18.17,10.6,38.16,,55,,55,,,,,,,31.27,66.54,47.17,12.69,15.1,21.93,,110,,,23.71,,48.71,110,42.97,34.63,55,55,4,13.2,55,55,9.3,55,2,7.909,19.63,14.19,32.61,27.33,12.26,7.841,10.61,13.05,21.32,32.6,9.544,55,0.3936,10.43,50.12,41.31,37.42,3.036,,4.392,,6.14,,,,,,4.203,4.654,1.842,16.7,9.21,7.398,11.77,12.78,8.277,27.57,0.21,281.6,18.92,33.91,48.29,281.6,182.2,7.8,,,14.79,13.68,17.5,11.18,27.5,0.71,5.16,17.5,10.65,12.59,4.844,8.8,,2.266,5.728,16.15,6.436,13.76,8.49,55,3.595,2.03,8.56,10.76,40.68,,42.11,,10.02,,12.45,3.411,55,6.016,14.15,7.723,25.13,28.64,32.21,,,23.93,189.5,8.72,41.6,,,,11,5.68,11,292.2,70.82
120068-37-3,fipronil,,,,,,,,,,,,,,,,,,,,,,,,,,,,,,,,,,,,,,,22,22,,,,,,,,,,,,,,,,,,,,,,,,,,,,,,,,,,,,,,,,,,,,,,,,,,,,,,,,,,,,,,,,,,,,,,,,,,,,,,,,,,,,,,,,,,,,,,,,,,,,,,,,,,,,,,,,,,,,,,,,,,,,,,,,,,,,,,,,,,,,,,,,,,,,,,,,,,,,,,,,,,,,,,,,,,,,,,,,,,,,,,,,,,,,,,,,,,,,,,,,,,,,,,,,,,,,,,,,,,,,,,,,,,,,,,,,,,,,,,,,,,,,,,,,,,,,,,,,,,,,,,,,,,,,,,,,,,,,,,,,,,,,,,,,,,,,,,,,,,,,,,,,,,,,,,,,,,,,,,,,,,,,,,,,,,,,,,,,,,,,,,,,,,,,,,,,,,,,,,,,,,,,,,,,,,18,31.02,25.89,,18.02,,,,,,,,,,,,,,,,,,,,,,,
95-16-9,"1,3-benzothiazole / benzothiazole",,,,,,,,,,,,,,,,,,,,,,,,,,,,,,,,,,,,,,,,,,,,,,,,,,,,,,,,,,,,,,,,,,,,,,,,,,,,,,,,,,,,,,,,,,,,,,,,,,,,,,,,,,,,,,,,,,,,,,,,,,,,,,,,,,,,9.82,7.31,,,,,,,,,,,,,,,,,,,,,,,,,,,,,,,,,,,,,,,,,,,,,,,,,,,,,,,,,,,,,,,,,,,,,,,,,,,,,,,,,,,,,,,,,,,,,,,,,,,,,,,,,,,,,,,,,,,,,,,,,,,,,,,,,,,,,,,,,,,,,,,,,,,,,,,,,,,,,,,,,10.37,,,,,,12.9,,,,,,,,,,,,,,,,,,,,,,,,,,,,,,,,,,,,,,,,,,,,,,,,,,,,,,,,,,,,,,,,,,,,,,,,,,,,,,,,,,,,,,,,,,,,,,,,,,,,,,,,,,,,,,,,,,,,,,,,,,,,,,,,,,,,,,,,,
128-39-2,"2,6-di-tert-butylphenol",,,,,,,,,,,,,,,,,,,,,,,,,,,,,,,,,,,,,,,,,,,,,,,,,,,,,,,,,,,,,,,,,,,,,,,,,,,,,,,,,,,,,,,,,,,,,,,,,,,,,,,,,,,,,,,,,,,,,,,,,,,,,,,,,,,,,,,,,,,,,,,,,,,,,,,,,,,,,,,,,,,,,,,,,,,,,,,,,,,,,,,,,,,,,,,24,,,,,,,,,,,,,,,,,,,,,,33.84,43.98,67.57,17.53,,,,,,,,,,,,,,,,,,,,,,,,,,,,,,,,,,,,,,,,,,,,,,,,,,,,,,,8.31,,,,80.92,,,,,,,,,,,,,,,,,,,,,,,,,11.8,,,55,33.8,,14.43,49.85,9.58,20.09,0.77,,,,,,,,,,,,,,,,,,,,,,,,,,,,,,,,,,,,19,55,9.5,55,,,,,,,,,,,,,,,,,,,,20.05,,,,,,,,,,,,,,,,,,,40.49,,,,,,,,,,,,,,,,55,20.43,,,,,,,,,,,,,,,,,,,,,,,,,,,,,,,,
106-44-5,4-methylphenol  / p-cresol,,,13.39,6.2,24.08,,14.34,7.58,11.04,1.35,,,,,,,,,1.9,1.1,4.2,1.2,,,,,,,,,,,,,,,,,,,,,,,,,,,,,,,,39.67,15.49,,,,,,,,,,,,,,,,,,,,,,,,,,,,,,,,,,,,,,,,,,0.82,,,,,,,,,,,,,,,,55.52,1100,276.2,,,,,,,5,0.5,,,,77.45,110,110,,,35.69,,,,76.75,,,,,,,,,9.44,8.06,22,16.7,9.2,1.42,46.6,,,,,,,,,,,,,,,,,,,,,,,,,1.9,,,,,,,33,13.34,,,,,,,,,,,,,,,,,,,,,4.71,27.7,15.13,44,7.63,44,44,4.96,,,,,,,,,,,,,,,,,,22.91,,,,,,,,,,,,,,,,,,,,,,,,13.95,12.9,,,,,,,,,,,,,53,,,,,,,,,,56.11,13.02,118.1,6.69,,,,,,,,,,,,22,,,,,,,,,,,34.32,,15.14,16.51,11.73,23.79,,,,,,,,,24.78,,4.1,,,,,,,,,,,,,,,,,20.7,18.01,55,36.23,24.63,27.87,29.82,,16.89,,,,,,,38.34,31.44,15.48,,,,,,,,,,,,,,,,,,,,,,,,,,,,,,,,,,,,,,,,,,,,,,,,,,,,,,,8.07,,55,,10.03,,,,,,,,,,,,,,,,,,,,,,,9.06,13.24
123-07-9,4-ethylphenol,,,13.39,6.2,24.08,,14.34,7.58,11.04,1.35,,,,,,,0.17,,1.9,1.1,4.2,1.2,,,,,,,,,,,,,,,,,,,,,,,,,,,,,,,,55,,,,,,,,,,,,,,,,,,,,,,,,,,,,,,,,,,,,,,,,,,,0.82,,,,,,,,,,,,,,,,,,,,,,,,,5,0.5,,,,,,,,,36.55,,,,,,,,,,,,,,,,,,,,22,22,22,22,22,22,22,22,,22,22,22,,,,,,,,,,,,,,,,,,,,,,,,,,,,,,,,,,,,,,,,,,,,,,,,,,,,,,,,,,,,,,,,,,58.47,,,,,,,,,,,,,,,,,,,,,,,5.54,,37.86,,,,,,,,,,,,,,53,,,,,,,,,,36.45,48.21,27.95,11.72,,,55,55,,,,,,,,22,,,,,,,,,,55,,,,,,,,,,,,,,,13.83,,,,,,,,,,,,,,,,,,,,18.1,27.6,24.98,27.84,22.09,,,,,,,55,,,40.3,37.94,14.82,,,,,,,,,,,,,,,,,,,,,,,,,,,,,,,,,,,,,,,,,,,,,,,,,,55,,,,,8.07,,55,,10.03,,,,55,,,,,,,,,,,,,,,,,,,,
2380-94-1,1H-indol-4-ol / 4-Hydroxyindole,,,,,,,,,,,22,,,,,,,,15.3,,,16.8,,,,,,,,,,,,,,,,,,,,,,,,,,27.12,22.42,24.65,14.5,13.13,33,25.41,,,,,,,,33,55,33,55,,,,,,,,,,,,,,,,,,,,,,,,,,,,,,,,,,,,,,,,,,,,,,,,,,,,,,,,,,,,,,,,,,,32.9,,6.15,,,,,,,,,,,,,,,,,,22,22,22,22,22,22,22,22,22,22,22,22,,,,,,,,,,,,,1.4,10.1,,,,,,,,,,,,,,,,,,,,,,,,,,,,,,,,,,,,,,,,,,,,,,,,,,,,,,,,,,,,,,,,,,,,,,,,,,,,,,,,,,,,,,,,,,,,110,110,,,,,,,,41.03,17.69,19.14,18.81,,,,,,,,,,,,,,,,,,,,,,55,,,,,,,,,,,,,,,,,,,,,,,,,,,,,,,,,,,10.87,55,19.66,21.25,22.03,,,,,,,55,,,,,,,,,,,,,,,,,,,6.53,,,,,,,,,,,,,,,,,,,,,,,,,,,,,,,,,,,,55,,,,,,,,,,,,,55,,,,,,,,,,,,,,,,,,,,
98-52-2,4-tert-butylcyclohexanol,,,,,,,,,,,,,,,,,,,,,,,,,,,,,,,,,,,,,,,,,,,,,,,,,,,,,,,,,,,,,,,,,,,,,,,,,,,,,,,,,,,,,,,,,,,,,,,,,,,,,,,,,,,,,,,,,62.07,617.3,471.7,,,,,,,,,,,,,,,,,,,,,,,,,,,,,,22,4.25,9.51,55,55,,2.56,,,,,,,,,,,,,,,,,,,,,,,,,,,,,,,,,,,,,,,,,,,,,,,,,,,,,,,,,,,,,,,,,,,,,,,,,,,,,,,,,,,,,,,,,,,,,,,,,,,,,,,,,,,,,,,,,,,,,,34.6,50.68,19.68,,,,,55,14,,,,,,,,,,,,22,,,,22,,,,,,,,,,,,,,,,,,,,,,,,,,,,,,,,,,,,,,,,,,,,54,,,,,,9.82,31.39,42.68,,,,,,,,,,,,,,,,,,,,,,,,,,,,,,,,,,,,,,,,,,,,,,,,,,,,,,,,,,,,,,,,,,,,,,,,,,,,,,,,,,,,,,,,,,,,
1490-04-6,2-isopropyl-5-methyl-cyclohexanol / Menthol / dl-Menthol,,,,1.84,16.93,,,,,4.34,,,,,,,20.2,13.9,4.6,,,5,,,,,,,,,,,,,,,,,,,,,,,,,,,,,,,,,,,,,,,,,,,,,,,,,,,,,,,,,,,,,,,,,,,,,,,,,,,,,,,,,,,,,,,,,,,,,,,,,,,,,,,,,,,,,,,,,,,,,,,,,,,,,,,,,,,,,,,,,,,,,,,,,,,,,,,,,,5.3,9.6,,,,,,,,,,,,,,,,,,,,,,,,,,,,,,,,,,,,,,,,,,,,,,,,,,,,,,,,,,,,,,,,,,,,,,,,,,,,,,,,,,,,,,,,22,5.63,22,,,,,,,,,,,,,,,,,,,,,,,,,,,,,,,,,,,,55,,,,,,,,,,,,,,,,,,,,,,,,,,,,,,,,,,,,,,,,,,,55,55,55,55,,,,,,,,,,,,,,,,,,,,,,,,,,,,,,,,,,,,,,,,,,,,,,,,,,,,,,,55,,,,,9.9,,55,,6.99,,,,,,,,,,,,,,,,,,,,,,,,
626-93-7,2-hexanol,,25.95,,,,,,,,2.79,22,,,,,,,,10.7,,,11.8,55,40.9,55,55,55,55,,,,,,20.14,5.779,33,33,33,22,22,,,,,17.91,,,45.36,55,37.09,6.22,33,33,40.59,,,14.29,,,,,33,22.2,33,55,,,55.13,,,,,,,,,44,64.61,44,,,,,,,,,,,,,,,,,,,,,12.9,,55,,,6.84,,,,,,,55,153.7,706.6,136.6,,,,,,,,0.6839,,,,110,110,110,,,,,,,,6.419,5.64,8.09,12,11.71,2.88,3.07,3.53,11.92,15.36,22,31.6,55,13.74,31.96,17.32,22,22,22,22,22,13.7,10.37,,22,14.6,22,4.284,11,11,1.914,11,11,4.14,9.235,42.87,2.28,2.86,,,8.491,15.01,33,33,33,33,33,15.12,17.9,11.06,33,22,22,22,21.51,33,33,33,33,33,,,,,,,,,9.05,21.16,29.93,44,21.29,44,44,27.09,,,,,,,,,,,,,55,,,,86.85,,14.75,19.65,20.77,5.077,18.79,7.219,12.7,1.22,76.62,31.78,32.95,23.65,13.72,7.561,26.15,25.26,34.5,29.91,2.25,6.652,19.77,66.46,,61.06,10.23,,46.45,46.53,,,,1.711,1.936,11.5,,,,,40.19,53.67,69.52,,,,82.1,55,28.69,,,,,,,29.34,55,8.443,2.12,2.48,22,3.011,22,4.282,22,11.17,10.19,44,44,44,18.17,11.23,58.11,,55,,,,,,,,,,,,,36.57,,,59.3,,,26.51,,27.44,,55,21.8,55,,,,,,,,,15.9,,,,,,12.97,21.69,14.52,55,55,55,55,,35.2,40.27,9.84,12.25,,,,,,,,,,,33.08,44,0.96,20.77,,15.75,,,,32.45,,,,,,,,,,,15.05,13.81,17.5,11.33,,,,22,,12.59,3.827,,,25.99,44,44,55,13.76,,55,2.953,13.2,2,13.2,,,,,,,,,55,,9.096,5.078,16.79,30.26,27.04,,,,,4.924,,,,,,,,357.6,40.76
2425-77-6,2-Hexyl-1-decanol,,19.97,,,24.54,,312.7,47.69,31.35,4.057,22,7.25,33,3.99,0.96,10.7,16.3,13.1,9.382,,,12.49,55,40.9,55,55,55,55,55,55,55,55,2.77,22.59,4.539,33,33,33,22,22,,,,,17.71,,,52.48,44.78,51.56,7.276,22.92,28.19,22.39,13.35,,16.25,16.5,,,,33,22.2,33,55,,,,,,,,,,,17.33,26.74,19.74,12.16,,,,,,,,,,,,,,,,,,0.44,,,12.9,,55,,,6.84,,,69.78,,,,55,40.72,514.1,48.54,,,,,,,,0.863,,33,33,94.26,110,110,,,24.6,,2.85,,,2.51,21.6,8.209,12,11.71,2.377,2.778,3.184,12.13,15.58,22,25.01,55,15.6,38.5,2.8,22,22,22,22,22,0.37,0.28,10.4,22,0.64,22,5.752,11,11,2.549,11,11,4.957,7.992,37.67,5.34,6.448,6.6,,7.802,18.6,33,25.55,30.51,25.36,33,33,18.09,20.1,33,22,22,20.91,38.73,31.35,33,33,22.11,26.01,,,,,7,4.6,,,7.027,17.52,22.4,42.34,19.76,44,44,17.62,,,,,,,,,,,,1.997,55,,,28.07,81.16,,23.05,7.829,20.97,4.805,17.58,6.867,13.69,14.66,89.34,30.99,32.95,23.65,14.59,8.197,26.63,25.26,32.6,29.91,2.25,6.355,19.62,74.05,1.126,47.96,10.23,,49.47,43.12,0.9393,0.6725,1.645,1.711,1.936,11.5,4.306,6.659,3.964,50.59,42.49,51.05,69.7,,,,85.46,55,16.89,,,,,5.2,35.2,32.06,55,7.975,2.12,2.48,4.141,3.011,22,4.282,17.72,11.17,10.19,44,44,44,18.17,11.08,43.67,,55,,55,,,,,,,35.51,,,,12.77,19.91,,72.2,,,23.69,,38.99,110,55,27.83,44.22,,,,,,,,,15.52,,,,,,14.91,19.39,14.8,55,55,55,55,0.5658,4.083,46.82,20.14,24.12,3.335,,5.211,,,,,,,,8.179,13.3,1.054,19.77,5.14,5.309,,,,31.27,,,,,,,,,,,14.76,13.79,17.5,10.67,,,,19.94,12.05,12.59,4.337,8.8,,6.027,12.59,21.59,18.9,13.76,8.49,55,2.438,2.741,1.425,11.62,55,,55,,5.82,,1.168,1.339,55,5.273,8.354,5.583,20.19,28.91,31.62,,,23.93,189.5,4.924,43.92,,,,,,,357.6,40.76
1653-30-1,2-undecanol,,20.09,,,24.63,,312.7,47.69,31.35,4.211,22,7.25,33,3.99,0.96,10.7,16.3,13.1,9.228,,,12.64,,,,,,,55,55,55,55,2.77,13.96,7.307,33,33,33,22,22,,,,,17.74,,,49.87,45.77,47.07,6.836,26.6,30.27,49.36,13.35,59.53,15.06,31.26,,,,33,29.89,33,55,,,35.81,,,,,,,,17.33,41.19,48.39,27.91,,,,,,,,,,,,,,,,,,0.44,,,12.9,,55,,,6.515,,,69.78,,,,55,87.95,725.1,83.53,,,,,,,,0.6809,,33,33,95,110,110,,,24.6,,2.85,,,2.255,21.6,8.234,12,11.71,2.88,3.07,3.53,11.92,15.36,22,30.76,55,13.74,32.37,16.17,22,22,22,22,22,11.95,8.565,10.4,22,12.97,22,5.624,11,11,2.548,11,11,6.612,7.78,36.91,5.811,6.99,6.6,,7.922,16.23,20.66,15.29,29.46,22.58,33,18.33,16.8,14.02,33,22,22,21.48,30.32,32.22,33,33,23.74,22.16,,,,,7,4.6,,,6.768,17.03,21.46,42.1,19.54,44,44,16.54,,,,,,,,,,,,2.36,55,,,28.07,81.28,,25.38,26.4,20.98,4.784,17.49,6.84,10.86,18.92,91.87,30.86,32.95,23.65,13.39,8.394,24.1,25.26,31.68,29.91,2.25,6.285,19.58,59.67,1.26,98.25,10.23,,46.45,47.17,0.97,0.69,1.68,1.711,1.936,11.5,4.306,6.659,3.964,50.86,48.55,64.34,72.93,,,,81.97,55,28.66,,,,,5.2,35.2,31.26,55,7.861,2.571,2.487,7.002,3.011,22,4.282,20.61,11.17,10.19,44,44,44,18.17,10.55,41.06,,55,,55,,,,,,,35.51,,,,19.2,22.2,,87.57,,,28.96,,20.13,110,55,55,55,55,4,13.2,55,55,9.3,55,2,15.97,26.83,8.5,40.4,26.31,7.64,12.55,21.3,14.53,55,55,55,55,0.28,7.945,51.25,30.98,36.24,3.333,,5.2,,,,,,,,9.311,13.66,1.052,20.03,,11.62,,,,31.3,,,,,,,,,,,14.93,13.79,17.5,11.26,,,,19.77,12.05,12.59,3.97,8.8,,5.301,11.28,20.28,32.65,13.76,8.49,55,2.765,3.776,2.697,13.2,55,,55,,5.82,,3.592,2.087,55,8.63,9.009,5.303,18.05,28.39,26.05,,,23.93,189.5,4.924,43.92,,,,,,,329.7,50.93
112-92-5,octadecanol,,19.6,,0.84,11.81,,312.7,47.69,31.35,3.482,22,7.25,33,3.99,0.96,10.7,14.6,11.62,10.25,,,12.09,55,51.6,55,55,55,55,22.84,55,55,37.81,6.704,22.16,4.729,33,33,33,22,22,,,,,17.71,,,53.49,47.73,52.92,7.493,20.81,24.65,36.55,13.38,59.53,14.69,31.18,,,,32.21,26.61,33,55,,,44.07,,,,,,,,17.33,24.73,13.43,6.344,,,,,,,,,,,,,,,,,,0.44,,,5.242,,10.3,,,6.569,,,69.78,,,,55,35.74,380.7,48.45,3.92,1.3,2.5,3.63,1.56,3.6,,1.9,,33,33,83.79,110,110,,,24.6,,2.85,,,3.797,12.07,8.141,12,11.71,2.449,2.821,3.235,13.87,13.82,22,23.95,55,17.47,41.71,22,22,22,22,22,22,22,8.387,10.4,12.57,22,22,6.217,11,11,2.379,11,11,5.04,8.534,39.61,3.79,4.647,6.6,,7.249,16.61,20.41,14.62,29.16,21.8,17.17,19.12,24.72,29.87,33,22,22,21.19,51.03,29.29,33,33,26.78,33,,,,,7,4.6,,,7.956,19.22,25.83,43.15,20.5,44,44,21.77,,,,,10.63,4.799,6.268,2.439,,,0.1551,2.019,52.49,,1.21,47.52,81.9,48.83,17.88,7.829,21.14,4.771,17.44,6.873,10.41,4.789,83.65,23.06,32.74,23.65,9.544,7.791,19.01,25.26,27.36,29.91,2.102,6.076,19.55,94.11,1.152,31.35,27.5,,51.84,41.69,1.004,0.7493,1.806,7.52,14.81,22,3.068,3.896,2.764,50.58,47.03,52.65,62.15,,,,94.21,55,14.31,,,,,5.2,35.2,33.77,55,4.4,3.81,2.5,4.141,3.011,22,4.282,22,11.17,10.19,44,44,44,18.17,7.536,35.96,,55,,55,,,,,,,31.37,66.54,47.17,12.69,15.06,18.86,,91.72,,,21.63,,48.99,110,55,29.4,37.84,55,4,13.2,55,55,9.3,55,2,14.55,26.83,8.5,40.4,26.31,7.64,19.71,16.57,13.7,55,55,55,55,0.5664,4.723,52.12,33.55,39.08,3.326,,5.148,,,,13.88,,,,9.667,15.63,1.041,16.53,5.14,5.146,,,,28.72,,,,,,,,7.8,,,14.31,13.87,17.13,10.51,,,,10.15,1.54,12.59,4.365,8.8,16.39,4.655,10.03,14.89,13.54,13.76,8.49,55,1.364,3.133,1.468,11.73,55,,55,,13.57,,0.7585,0.4473,55,2.744,6.481,5.112,22.36,30.1,22.22,,,23.93,189.5,4.924,43.92,,,,11,5.68,11,334.1,49.1
98-82-8,cumene,2.64,,,,,,,,,,22,,,,,,,,4.576,5.011,4.481,1.2,,,,,,,,,,,,,,,,,,,,,,,,,,55,55,55,15.58,14.81,33,47.9,,,,,,,,18.95,,33,55,,,,,,,,,,,,,,,,,,,,,,,,,,,,,,,,,,,,,,,,,,,,,,,,55.52,1100,276.2,,,,,,,5,0.5,2.204,,,,,,,,34.1,,,66.11,58.99,,,,,,,,,9.44,8.06,22,16.7,9.2,1.42,46.6,22,22,22,22,22,22,22,22,,22,22,22,,,,,,,,,,,,,,,,,,,,33,13.34,14.34,13.45,33,22,22,22,30.7,33,33,33,33,33,,,,,,,,,4.71,27.7,15.13,44,7.63,44,44,4.96,,,,,,,,,,,,,12.97,,,,58.47,,,,,,,,,,,,,,,,,,,,,,,64.94,,110,10.5,,,,,,,,,,,,,,28.36,29.47,28.45,,,,,,,,,,,,,,,,,,22,,,,22,,,,,,,,34.44,,55,34.32,,15.14,16.51,11.73,23.79,,,,,,,,,,,10.8,,,,,,,,,55,8.1,23.8,55,55,55,55,29.4,20.7,19.25,9.203,24.08,23.23,14.97,29.82,,16.89,55,33.7,26.6,55,,,39.81,37.97,21.65,,,,,,,,,,,19.21,,,16.07,,,,,,,,,,,,,,,,,,,,11.53,,,,,,9.89,,8.03,,,,,55,,9.52,55,,,,,8.07,,55,,10.03,,,,55,,,,,,,,,,,,,,,,,,,,
1137-12-8,(+) -longicyclene,,55,,,,,,,,,,,,,,,,,,,,,,,,,,,,,,,,,,,,,,,,,,,,,,,,,,,,,,,,,,,,,,,,,,,,,,,,,,,,,,,,,,,,,,,,,,,,,,,,,,,,,,,,,,,,,,,62.27,1100,43.31,,,,,,,,,,,,,,,,,,,,,,,,,,,,,,,,,,,,,,,,,,,,,,,,,,,,,,,,,,,,,,,,,,,,,,,,,,,,,,,,,,,,,,,,,,,,,,,,,,1100,1030,272.2,1100,,,,,,,,,,,,,,,,,,,,,,,,,,,,,,,,,,,,,,,,,,,,,,,,,,,,,,,,,,,,,,,,,,,,,,,,,,,,,,,,,,,,,,,,,,,,12.51,11.62,31.31,,,,,,,,,,,,,,,,,,,,,,,,,,,,,,,,,30.6,,,,,,,,,,,,,,,,,,,,,,,,,,,,,,,,,,,,,,,,,,,,,,,,,,,,,,,,,,,,,,,,,,,,,,,,,,,,,,,,,,,57.79,136.2,,,,,,,,,116.8,385
98-19-1,"5-Tert-Butyl-m-xylene / 1-(1,1-Dimethylethyl)-3,5-dimethylbenzene",,,,,,,,,,,,,,,,,,,,,,,,,,,,,,,,,,,,,,,,,,,,,,,,,,,,,,55,,,,,,,,,,,,,,,,,,,,,,,,,,,,,,,,,,,,,,,,,,,,,,,,,,,,,,,,,,,,,,,,,,,,,,,,,55.51,110,110,,,34.28,,,,,,,,,,,,,,,,,,,,,,,,,,,,,,,,,,,,,,,,,,,,1.9,,,,,,,,,,,,,,,,,,,,,,,,,,,,,,,,,,,,,33.84,43.98,67.57,17.53,,,,,,,,,,,,,,,,,,,,,,,,,,,,,,,,,,,,,,13.95,,,,,,,,,,,,,,,,,8.31,,,,80.92,,,,,,,,,,,,,,,,,,,,,,,,,11.8,,,,33.8,,14.43,49.85,9.58,20.09,0.77,,,,,,,,24.78,,,,,,,,,,,,,,,,,,,,16.78,55,27.12,32.14,18.84,,,,,,,,,,38.34,31.44,15.48,,,,,,,,,,,,,,,20.05,,,,,,,,,,,,,,,,,,,40.49,,,,,,,,,,,,,,,,15.14,,,,,,,,,,,,,,,,,,,,,,,,,,,,,,,,,
108-38-3,m-xylene,,,,,,,,,,,,,,,,,,,,,,,,,,,,,,,,,,,,,,,,,,,,,,,,,,,,,,55,15.49,,,,,,,,,,,,,,,,,,,,,,,,,,,,,,,,,,,,,,,,,,,,,,,,,,,,,,,,,,,,,,,,,,,,,,,,55.51,110,110,,,34.28,,,,117,,,,,,,,,,,,,,,,,,,,,,,,,,,,,,,,,,,,,,,,1.9,,,,,,,,,,,,,,,,,,,,,,,,,,,,,,,,,,,,,,,,,,,,,,,,,,,,,,22.91,,,,,,,,,,,,,,,,,,,,,,,,13.95,12.9,,,,,,,,,,,,,,,,,,,,,,,56.11,13.02,118.1,6.69,,,,,,,,,,,,,,,,,,,,,,,,,,,,,,,,,,,,,24.78,,,,,,,,,,,,,,,,,,,,20.73,40.07,30.51,29.43,22.66,,,,,,,,,,38.66,33.45,19.55,,,,,,,,,,,,,,,,,,,,,,,,,,,,,,,,,,,,,,,,,,,,,,,,,,,,,,,,,,,,,,,,,,,,,,,,,,,,,,,,,,24.09,23.98
142-82-5,n-heptane,,22.11,,0.84,12.54,,312.7,47.69,31.35,4.112,19.83,7.25,33,3.99,0.96,10.7,14.7,11.23,9.748,,,12.74,55,51.6,55,55,55,55,26.01,48.82,55,33.56,15.62,13.32,7.53,33,33,33,22,22,,,,,17.71,,,44.39,45.3,46.86,6.057,27.65,25.25,55,13.42,59.53,15.22,31.08,,,,31.41,35.59,33,55,,,44.15,,,,,,,,17.3,42.56,60.94,34.99,,,,,,,,,,,,,,,,,,0.44,,,8.279,,24.1,,,6.707,,,69.78,,,,55,35.74,380.7,48.45,3.92,1.3,2.5,3.63,1.56,3.6,,0.863,,33,33,110,110,110,,,,,2.85,,,2.819,11.24,8.215,12,11.71,2.479,2.839,3.257,11.92,15.36,22,21.27,55,13.74,38.09,22,22,22,22,22,22,22,8.387,11.74,12.57,22,22,7.413,11,11,2.869,11,11,6.12,7.634,36.36,5.329,7.611,6.6,,6.939,21.8,22.97,15.06,28.53,14.69,33,19.24,16.39,24.74,33,22,22,19.54,46.6,28.8,33,33,20.94,33,,,,,7,4.6,,,6.645,16.96,21.5,41.74,20.32,44,44,16.79,,,,,10.63,,7.26,2.24,,,0.0995,2.124,47.4,,1.413,46.52,83.17,48.83,26.95,26.4,21,4.759,17.38,6.806,9.971,19.77,96.2,27.57,32.26,23.65,11.46,8.534,20,25.26,21.62,29.91,2.25,6.24,19.55,78.19,1.151,17.44,10.23,,52.49,42.24,1.055,0.8593,2.52,1.711,1.936,11.5,3.409,5.141,3.067,51,50.16,58.09,54.93,,,,100.2,55,11.8,,,,,5.2,35.2,28.49,55,8.133,2.879,2.49,4.141,3.011,22,4.282,17.72,11.17,10.19,44,44,44,18.17,10.23,39.51,,55,,55,,,,,,,31.37,66.54,47.17,12.69,14.66,19.25,,98.63,,,20.04,,54.33,110,55,55,55,55,4,13.2,55,55,9.3,55,2,14.55,26.83,8.5,40.4,26.31,7.64,19.71,17.69,13.86,55,55,55,55,0.5286,8.065,52.19,38.98,41.62,3.256,,5.073,,,,,,,,16.59,24.77,1.004,17.93,5.455,5.713,,,,29.58,0.64,281.6,5.36,21.17,13.47,27.31,281.6,7.8,,,14.3,12.2,17.5,10.1,,,,14.6,8.586,12.59,4.382,8.8,,4.362,9.918,15.47,15.16,13.76,8.49,55,3.947,3.197,3.26,13.2,55,,55,,17.22,,1.594,1.69,55,7.736,7.597,5.882,22.41,28.61,27.07,,,23.93,189.5,4.924,44.58,2.518,3.183,3.696,11,5.68,11,346.6,44.41
111-84-2,n-nonane ,,22.11,,0.84,12.54,,312.7,47.69,31.35,4.112,19.83,7.25,33,3.99,0.96,10.7,14.7,11.23,9.748,,,12.74,55,51.6,55,55,55,55,26.01,48.82,55,33.56,15.62,13.32,7.53,33,33,33,22,22,,,,,22,,,44.39,45.3,46.86,6.057,27.65,25.25,55,13.42,59.53,15.22,31.08,,,,31.41,35.59,33,55,,,44.15,,,,,,,,17.3,42.56,60.94,34.99,,,,,,,,,,,,,,,,,,0.44,,,8.279,,24.1,,,6.707,,,69.78,,,,55,35.74,380.7,48.45,3.92,1.3,2.5,3.63,1.56,3.6,,0.863,,33,33,110,110,110,,,,,2.85,,,2.819,11.24,8.215,12,11.71,2.479,2.839,3.257,11.92,15.36,22,21.27,55,13.74,38.09,22,22,22,22,22,22,22,8.387,11.74,12.57,22,22,7.413,11,11,2.869,11,11,6.12,7.634,36.36,5.329,7.611,6.6,,6.939,21.8,22.97,15.06,28.53,14.69,33,19.24,16.39,24.74,33,22,22,19.54,46.6,28.8,33,33,20.94,33,,,,,7,4.6,,,6.645,16.96,21.5,41.74,20.32,44,44,16.79,,,,,10.63,,7.26,2.24,,,0.0995,2.124,47.4,,1.413,46.52,83.17,48.83,26.95,26.4,21,4.759,17.38,6.806,9.971,19.77,96.2,27.57,32.26,23.65,11.46,8.534,20,25.26,21.62,29.91,2.25,6.24,19.55,78.19,1.151,14,10.23,,52.49,42.24,1.055,0.8593,2.52,1.711,1.936,11.5,3.409,5.141,3.067,51,50.16,58.09,54.93,,,,100.2,55,55,,,,,5.2,35.2,28.49,55,8.133,2.879,2.49,4.141,3.011,22,4.282,17.72,11.17,10.19,44,44,44,18.17,10.23,39.51,,55,,55,,,,,,,31.37,66.54,47.17,12.69,14.66,19.25,,98.63,,,20.04,,54.33,110,4.89,3.83,7.65,55,4,13.2,55,55,9.3,55,2,14.55,26.83,8.5,40.4,26.31,7.64,19.71,17.69,13.86,55,55,55,55,0.5286,8.065,52.19,38.98,41.62,3.256,,5.073,,,,,,,,16.59,24.77,1.004,17.93,5.455,5.713,,,,29.58,0.64,281.6,5.36,21.17,13.47,27.31,281.6,7.8,,,15.44,13.95,17.5,10.1,,,,14.6,8.586,12.59,4.382,8.8,,4.362,9.918,15.47,15.16,13.76,8.49,55,3.947,3.197,3.26,13.2,55,,55,,17.22,,1.594,1.69,55,7.736,7.597,5.882,22.41,28.61,27.07,,,23.93,189.5,4.924,44.58,2.518,3.183,3.696,11,5.68,11,346.6,44.41
100-42-5,styrene,,55,105,4.01,17.99,21.26,38.78,2.72,,3.75,22,,,,,,,,,,,,,,,,,,,,,,,23.35,22.65,,,,22,22,,,,,22,,,27.53,28.02,24.02,9.1,21.53,33,13.64,,,22,,,,,33,55,33,55,,,,,,,,,,,,23.91,77,44,,,,,,,,,,,,,,,,,,0.09,,,,,,,,,79.26,,15.69,,,,,,,,,,,,,,,,3.2,,,95.13,110,110,,,36.05,,,,,0.85,,,,,,,,22,12.23,22,24.5,55,86,55,22,22,22,22,18.78,22,22,22,22,22,16.35,22,3.05,11,11,1.62,11,11,,8.79,31.86,,,,,,,,,,,,,8.9,24.49,12.75,22,22,22,22.3,33,33,33,16.26,33,,,,,,,,,,,,,,,,,32.07,94.97,71.58,34.47,,,,,,,,,44.21,,,30.37,48.37,,,26.4,,,,,32.16,75.41,80.66,,24.96,14.07,20.85,11.6,44.69,6.81,34.71,23.84,,10.53,,,,86.99,13.99,,55,34.8,,,,,,,,,,36.67,22.14,18.64,24.92,37.5,16.1,44,37.92,,,,,,,35.2,12.9,55,55,,,,22,,,,10.59,,15,21.18,44,17.78,18.71,10.91,14.82,16.31,55,216.7,,,,,,2.95,0.81,15.56,,,,,,24.63,,,,,,,,55,55,55,,,,,,,,,,16.63,55,23.63,25.48,22.93,13.53,,,55,33.3,29.3,55,,,,,,12,14.7,7.1,,,,,,,,,,,4.613,,4.18,,,,16.94,,,,,,,,,,,9.167,9.996,13.85,96.51,,,,26.94,,,,,,19.06,26.94,26.94,55,,,55,,,,,55,,55,,23.4,,,,48.53,13.13,,,,,,,,,,4.44,,,,,,,,192.9,523.1
108-95-2,phenol,3.147,55,,,,,,,,,22,10.7,33,8.59,12.7,33,,,,,,,55,45.83,55,37.01,55,23.7,,,,,,33,33,,,,22,22,,,,,22,,,40.32,40.64,37.92,12.24,17.52,33,38.59,,,22,,,,,24.31,55,33,55,,,,,,,,,,,,32.44,77,44,,,,,,,,,,,,,,,,,,,,,,,,,,,,,,,,,21.45,270,362.5,596.7,,,,,,,,1.9,2.805,,,91.74,110,110,,,36.55,,,66.11,68.86,2.262,,,,,,,,14.62,11.38,22,17.44,32.2,11.92,44.38,22,22,22,22,22,22,22,22,22,22,22,22,3.05,11,11,1.62,11,11,,8.79,31.86,,,,,,33,33,33,33,33,28.42,33,17.69,22.7,25.6,22,22,22,34.43,33,33,33,27.32,33,,,,,,,,,,,,,,,,,,,,,,,,,,,,,32.3,,,230.9,76.31,37.19,,26.4,,,,,34.56,75.41,75.84,25.18,26.58,21,20.88,15.67,46.81,23.52,33.62,21.63,,11.74,18.46,,,72.42,14.69,,55,33.17,,,,,,,,,,48.13,29.34,34.22,40.16,,,,38.34,,,46.82,22.55,64.53,8.464,35.2,12.9,55,55,,2.93,5.32,22,,,,22,,18.75,21.7,44,18.93,18.06,11.2,24.29,,55,,,,,,,,0.81,15.56,,,,,,24.63,,10.8,,,,,,55,55,55,,,,,,,,,18.79,17.83,31.7,24.44,27.98,24.82,37.21,33.42,19.63,42.69,39.16,29.6,55,,,39.81,37.97,21.57,,,,,,,,,,,16.74,,,11.45,11.46,4.86,82.6,21.6,19.5,22.28,,,,,,,,,,,9.5,10.5,16.2,21.13,,,,22,,9.89,,8.03,,16.29,22,22,55,,9.52,39.3,,,,,8.07,,55,,10.03,,,,55,13.2,,,,,,,,,,4.44,,,,,,,,192.9,523.1
64-19-7,acetic acid,2.64,,,,,,,,,,22,,,,,,,,,,,,,,,,,,,,,,,,,,,,,,,,,,,,,55,55,55,15.58,14.81,33,55,,,,,,,,18.95,,33,55,,,,,,,,,,,,,,,,,,,,,,,,,,,,,,,,1.33,,,,,,,,,,,,,,,8.07,384.6,1100,42.35,,,,,,,,,2.52,,,,,,,,,,,,,,,,,,,,,,,,,,,,22,22,22,22,22,22,22,22,,22,22,22,,,,,,,,,,,,,,,,,,,,24.53,11.34,14.34,13.45,33,22,22,22,30.7,33,33,33,33,33,,,,,,,,,5.31,6.84,,,,,,,,,,,,,,,,,,,12.97,,,,,,,,,,,,,,,,,,,,,,,,,,,,,29.11,,,,,,,,,,,,,,,,,,,,,,,,,,,,,,,,,,,22,,,,,,,,,,,,,,55,,,,,,,,,,,,,,,,,10.8,,,,,,6.21,4.46,10.38,,,,,,,,,7.67,21.9,29.33,20.45,31.05,32.5,20.13,,,29.3,27.8,23.1,55,,,39.83,29.46,42.43,,,,,,,,,,,,,,30.86,,,,,,,,,,,,,,,,,,,,11.53,,,,,,9.89,,8.03,,,,,55,,9.52,55,,,,,,,,,,,,,55,,,,,,,,,,,15.74,39.82,,,,,,,,
821-55-6,2-nonanone,,18.73,,0.84,23.72,,312.7,47.69,31.35,4.968,22,6.901,7.279,2.883,4.573,5.11,14.57,11.58,7.59,7.3,8.19,12.83,55,40.51,55,55,55,46.04,55,55,55,55,2.77,18.23,6.905,33,33,33,22,22,,,,,22,,,55,42.43,55,12.09,15.7,27.9,55,13.59,110.9,14.89,33.28,,,,33,34.07,33,55,,,45.43,,,,,,,,17.58,27.06,49.02,27.65,,,,,,,,,,,,,,,,,,0.7061,,,1.974,,1.673,,,6.318,12.7,,79.66,,,,55,10.55,120.8,11.12,3.92,1.3,2.5,3.63,1.56,3.6,,1.175,2.88,33,33,76.55,110,110,,,,,2.85,,,2.317,10.59,7.276,12,11.71,2.88,3.07,3.53,11.68,14.24,22,14.99,41.89,8.796,44.33,18.24,22,22,22,6.575,22,10.05,6.396,4.937,9.883,3.966,16.63,7.533,11,11,2.908,11,11,8.666,7.554,36.15,6.672,7.177,6.6,,6.681,13.3,3.517,6.332,23.87,33,33,18.37,13,25.49,33,19.86,22,19.96,38.98,27.6,33,33,19.24,33,,,,,7,4.6,,,6.559,15.51,19.04,42.64,16.44,44,44,13.25,,,,,10.63,,7.26,2.24,,,0.09838,2.274,48.6,,0.9451,27.87,80.19,48.83,28.46,26.4,20.98,4.784,17.49,6.84,17.75,32.72,94.83,27.29,32.17,29.26,16.36,8.658,20.56,27.63,37.17,22.59,2.25,6.197,19.5,67.1,1.319,27.85,8.257,3.669,53.04,40.13,1.492,1.267,1.941,1.711,1.936,11.5,3.187,2.331,2.93,51.38,69.53,72.06,58.81,28.1,24.2,44,98.19,55,23.27,,,,,5.2,35.2,31.78,50.97,7.775,3.81,2.5,2.404,3.011,22,4.282,12.11,11.17,10.19,44,44,44,18.17,10.6,38.16,,55,,55,,,,,,,31.27,66.54,47.17,12.69,15.1,21.93,,110,,,23.71,,48.71,110,21.96,23.77,55,55,4,13.2,55,55,9.3,55,2,7.909,19.63,14.19,32.61,27.33,12.26,7.841,10.61,13.05,21.32,32.6,9.544,55,0.3936,10.43,50.12,41.31,37.42,3.036,,4.392,,6.14,,,,,,4.203,4.654,1.842,16.7,9.21,7.398,11.77,12.78,8.277,27.57,0.21,281.6,18.92,33.91,48.29,281.6,182.2,7.8,,,14.79,13.68,17.5,11.18,27.5,0.71,5.16,17.5,10.65,12.59,4.844,8.8,,2.266,5.728,16.15,6.436,13.76,8.49,55,3.595,2.03,8.56,10.76,40.68,,42.11,,10.02,,12.45,3.411,55,6.016,14.15,7.723,25.13,28.64,32.21,,,23.93,189.5,8.72,41.6,,,,11,5.68,11,292.2,70.82
108-67-8,"1,3,5-trimethylbenzene / Mesitylene",,,,,,,,,,,,,,,,,,,,,,,,,,,,,,,,,,,,,,,,,,,,,,,,,,,,,,46.23,15.49,,,,,,,,,,,,,,,,,,,,,,,,,,,,,,,,,,,,,,,,,,,,,,,,,,,,,,,,,,,,,,,,,,,,,,,,55.51,110,110,,,34.28,,,,,,,,,,,,,,,,,,,,,,,,,,,,,,,,,,,,,,,,,,,,1.9,,,,,,,,,,,,,,,,,,,,,,,,,,,,,,,,,,,,,33.84,43.98,67.57,17.53,,,,,,,,,,,,,,22.91,,,,,,,,,,,,,,,,,,,,,,,,13.95,12.9,,,,,,,,,,,,,,,,,,,,,,,56.11,13.02,118.1,6.69,,,,,,,,,,,,,,,,,,,,,,,33.8,,14.43,49.85,9.58,20.09,0.77,,,,,,,,24.78,,,,,,,,,,,,,,,,,,,,16.78,55,27.12,32.14,18.84,,,,,,,,,,38.34,31.44,15.48,,,,,,,,,,,,,,,20.05,,,,,,,,,,,,,,,,,,,40.49,,,,,,,,,,,,,,,,15.14,,,,,,,,,,,,,,,,,,,,,,,,,,,,,,,,9.06,13.24
116-09-6,1-hydroxy-2-propanone / Hydroxyacetone / Acetol,,,,,60.59,,312.7,47.69,31.35,4.32,22,,,,,,,,,,,,,,,,,,,,,,,,,,,,22,22,,,,,18.26,,,41.12,41.67,39.59,15.64,17.16,27.3,46.14,,,,,,,,23.62,,33,55,,,55.13,,,,,,,,18.18,,,,,,,,,,,,,,,,,,,,,0.7436,,,,,,,,,,,,,,,8.07,27.26,178,12.45,,,,,,,,,,33,33,86.1,110,110,,,,,6.41,,,2.995,10.64,8.5,,,,,,13.35,11.18,22,8.5,31.9,5.73,55,19.31,22,22,22,9.486,22,12.74,9.306,3,12.6,6.671,18.1,,,,,,,,,,,,,,,10.77,33,33,33,33,10.88,15.11,10.46,24.37,33,22,22,19.62,29.83,29.41,33,33,17.5,33,,,,,,,,,5.31,6.84,,,,,,,,,,,,,,,,,,,,,,,,,,,,,,,,,,,,,,,,,,,,,,63.15,,25.76,9.964,,55,35.8,,,,,,,22,4.64,22,,110,56.91,110,,,,68.67,55,23.5,,,,,,,,,,,,4.976,,,,9.048,,,,,,,16.5,,,55,,55,,,,,,,,,,,,,,110,,,25.14,,,,31.68,24.61,41.23,,,,,,,,,7.109,,,,,,9.966,6.7,12.51,22.77,25.11,9.086,55,,,40.3,30.23,26.75,,,,,,,,,,,5.914,1.85,1.23,8.899,,33.93,,,,,,,,,,,,,,,,,,,,,,12.33,7.24,,5.77,,,,,,4.472,,8.49,55,5.67,,,,,,,,,,30.18,5.53,55,,14.11,10.25,37.67,32.61,,,,,,7.964,38.97,,,,,,,,
95-47-6,o-xylene,2.64,,60.83,2.48,17.95,18.77,18.11,9.73,,4.76,22,,,,,,,,,,,,,,,,,,,,,,,,,,,,,,,,,,,,,55,55,55,10.07,13.16,33,48.33,15.49,,,26,,,,25.42,55,33,55,,,,,,,,,,,,,,,,,,,,,,,,,,,,,,,,,,,,,,,,,,,,,,,,,,,,,,,,,,,2.52,,,55.51,110,110,,,34.12,,,66.11,68.86,,,,,,,,,,,,,,,,22,22,22,22,22,22,22,22,,22,22,22,,,,,,,,,,,,,1.4,10.1,,,,,,,,16.64,25.04,33,22,22,22,30.7,33,33,33,33,33,,,,,,,,,,,,,,,,,,,,,,,,,,,,,12.97,,,,58.47,22.91,,,,,,,,,,,,,,,,,,,,,,7.89,,44.11,12.9,,,,,,,,,,,,,,28.36,29.47,28.45,,,,,,,21.4,15.57,26.37,31.28,,,,,,,,22,,,,22,,,,,,,,34.44,,55,,,,,,,,,,,,,,,19.56,,5.857,,,,,,,,,,,,,,,,,,21.2,26.51,23.89,31.26,30.15,,,,41.49,30.92,24.97,55,,,39.32,38.01,31.63,,,,,,,,,,,16.7,,,15.3,,,,,,,,,,,,,,,,,,,,11.53,,,,,,9.89,,8.03,,,,,55,,9.52,55,,,,,8.07,,55,,10.03,,,,55,,,,,,,,,,,,,,,,,,,64.89,43.79
463-40-1,"(Z,Z,Z) 9,12,15-Octadecatrienoic acid / Z9,Z12,Z15-18Ald",,19.29,,0.84,1.08,,,,,7.233,22,,,,,,12.5,9.8,15.3,11.6,16.1,,45.66,55,55,55,34.51,21.37,6.731,55,55,55,0.9828,8.956,2.827,1.443,1.153,2.907,6.609,1.735,,,,,2.053,,,19.76,24.85,23.27,19.68,20.01,33,27.12,21.53,,22,,,,,33,55,33,48.15,,,,,,,,,,,15.74,31.74,39.64,26.77,,,,,,,,,,,,,,,,,,1.457,,,0.5,,0.13,,,,35,,,,,,47.96,23.45,147.1,17.73,,,,,,,,3.6,,33,33,23.37,110,71.78,,,,,3.675,,,3.125,3.026,1.35,9.93,9.94,1.56,2.23,2.54,7.533,7.533,5.617,10.65,55,13,1.792,22,22,22,22,6.863,22,18.94,13.86,3.457,22,10.09,22,3.777,7.888,4.106,0.8913,4.376,11.89,29.19,4.431,11.8,3.483,2.893,,,,2.079,25.01,3.966,12.49,1.304,33,8.28,33,26.22,33,13.94,15.32,22,55,29.71,33,33,33,33,,2.47,,,5.7,5,,,6.44,15.09,16.53,44,12.97,44,44,10.06,,,,,10.63,,7.26,2.24,,,0.1167,2.372,44.72,,1.243,114.6,,,183.6,21.08,,,,,10.2,13.58,84.24,6.19,,24.84,8.242,14.35,13.83,12.94,21.62,23.7,1.73,2.659,19.48,63.15,1.116,28.67,12.36,,55,42.84,1.329,1.154,2.371,1.017,3.516,1.523,0.76,0.35,0.7,47.6,110,47.84,60.91,,,,54.21,55,12.5,,,,,9.977,32.96,27.31,46.78,7.493,,,11.78,,,,18.68,,13.58,44,44,44,23.39,12.25,13.86,,55,,,,,,,,1.64,6.699,38.11,32.04,17.52,11.02,18.84,,,,,,,,,42.19,43.17,55,55,8.928,41.31,55,36.88,23.83,55,15.92,17.69,,,,,,10.01,13.08,17.91,23.86,48.25,11.91,55,1.113,12.35,37.95,19.72,14.13,8,,3.3,,,4.61,4.663,2.228,2.848,2.053,9.453,9.604,12.98,21.82,9.82,3.703,,,,39.06,0.3639,281.6,10.15,26.88,25.72,89.04,225.9,7.8,9.2,15.8,10.68,12.4,13.9,17.71,27.5,0.71,5.16,10.36,2.231,,2.851,7.58,8.005,1.094,3.06,12.97,20.02,,,48.17,0.9216,1.272,8.846,10.6,55,,27.25,,13.24,,0.5512,0.5747,23.05,1.665,11.95,7.18,18.68,31.36,14.32,,,15.57,39.49,24.15,40.78,2.518,3.183,3.696,11,5.68,11,,
50767-79-8,"(Z9,E11)-Tetradecenyl acetate / Z9,E11-14:Ald / Prodlure",,,,3.837,9.063,,414.7,38.17,36.93,4.645,21.12,7.802,3.771,3.973,33,5.103,12.5,9.8,9.333,11.6,10.42,,55,55,55,31.9,55,55,17.28,46.36,46.15,42.82,8.564,8.929,3.37,1.123,0.843,2.018,4.4,0.7345,,,,,0.9203,,,22.91,32.51,32.18,7.699,23.45,30.42,36.61,20.18,59.53,18.61,44,,,,33,48.1,33,49.85,,,35.81,,,,,,,,18.04,28.08,34.71,22.59,,,,,,,,,,,,,,,,,,0.9497,,,2.054,,0.47,,,5.78,20.59,,106.7,,,,23,138.2,1100,58.05,,,,,,,,0.8485,,,,81.41,110,100,,,,,3.678,,,1.56,3.841,1.35,,,1.56,2.23,2.54,4.4,4.4,4.014,,,,1.051,22,22,22,22,19.57,22,22,22,3.72,14.8,14.32,22,3.631,6.661,2.488,0.6818,2.739,12.37,19.96,1.584,8.754,2.571,2.524,,,,9.291,21.09,14,25.82,14.6,28.64,9.621,30.29,26.01,27.02,10.54,12.4,22,40.57,33,33,33,33,33,,2.47,,,5.7,5,,,,,,,,,,,,,,,10.63,5.609,8.591,4.575,,,0.1233,2.572,20.72,,1.027,62.53,,,278.1,26.4,,,,,18.94,25.95,88.35,11.58,13.32,19.97,9.245,13.87,20.34,21.34,29.28,27.49,1.816,1.683,20.59,,1.116,26.2,3.9,4.24,52.33,44.36,1.816,1.676,1.802,1.291,10.86,0.9643,0.8101,0.4202,0.7159,51.67,,,58.61,28.1,24.2,44,44.23,,,,,,,30,29.5,19.93,44.08,6.468,3.81,2.5,10.65,,,,7.069,,13.58,44,44,44,23.39,12.91,35.74,,55,,,,,,,,,4.786,34.19,29.71,18.66,13.99,18.42,,,,,,,,110,36.3,34.08,40.03,55,7.565,36.85,55,39.32,16.77,55,10.25,11.07,26.83,8.5,40.4,26.31,7.64,6.695,16.76,,46.99,42.97,31.69,55,0.5932,7.153,36.15,34.97,13.72,2,6.3,7.5,,2.5,4.61,3.577,2.287,3.078,2.327,7.905,22.54,44,19.94,9.862,3.146,11.77,12.78,8.277,45.75,0.2524,281.6,15.37,31.37,39.12,191.6,195.8,7.8,,,11.05,13.2,15.93,26.41,27.5,0.71,5.16,4.4,0.6801,,6.411,7.58,3.82,0.9445,3.981,4.4,55,,,55,0.6302,1.267,13.2,10.43,,,,,,,2.21,1.06,13.88,1.07,12.97,6.041,21.68,27.01,24.09,,,,,,,2.518,3.183,3.696,11,5.68,11,,
72922-19-1,"(5E,7Z)-5,7-dodecadien-1-ol acetate / E5,Z7-12:Ac",,15.39,,3.332,12.48,,367.9,41.95,34.45,4.426,21.05,7.018,6.024,3.905,15.4,6.147,13.67,10.38,9.547,,4.252,14.3,55,45.51,55,44.85,55,55,12.67,47.27,47.09,44.06,8.501,9.038,3.588,1.12,0.8443,2.09,5.788,1.311,,,,,1.581,,,27.18,36.43,36.8,6.378,22.3,30.22,39.94,19.83,111.9,17.6,44,,,,33,48.7,33,51.75,,,41.09,,,,,,,,20.02,29.85,32.15,21.48,,,,,,,,,,,,,,,,,,0.6918,,,1.748,,0.4058,,,5.78,17.44,,57.66,,,,27.68,55.97,773.8,56.06,3.901,1.361,2.548,3.673,1.589,3.6,,1.04,,,,81.39,110,100,,,12.36,13.89,2.9,,,1.971,5.444,2.51,,,1.56,2.23,2.54,5.659,5.144,5.228,19.52,46.04,10.46,1.232,22,22,22,22,19.58,22,22,22,10.4,14.82,14.35,22,6.536,8.691,5.473,1.735,5.725,11.62,10.09,2.798,16.58,3.488,3.177,6.6,,5.8,9.956,21.57,14.64,26.17,15.27,29.91,12.56,29.14,23.43,23.09,5.104,6.149,22,43.92,33,33,33,33,33,,2.47,9,,6.039,4.884,,,4.28,13.46,16.44,36.78,28.17,44,44,12.8,,,,,10.63,6.55,9.42,5.26,,,0.1209,2.705,13.61,,0.9566,37.34,72.83,43.13,203.1,26.4,,,,,20.44,31.67,90.83,16.52,18.16,18.22,9.443,15.22,21.14,22.96,29.21,25.79,1.808,1.714,20.32,,1.096,29.56,5.001,5.447,51.49,44.56,1.781,1.624,1.825,1.264,9.986,1.006,3.88,4.807,3.464,51.63,24.89,25.65,44.07,28.1,24.2,44,33.14,47.02,19.56,,,,,30,29.5,27.5,49.45,6.842,3.81,2.5,9.762,,,,8.295,12.59,13.99,44,44,40.15,23.6,12.04,60.08,,55,,55,,,,,,1.69,6.66,38.71,32.39,17.36,14.57,18.19,23.67,110,,,25.14,,65.83,110,42.03,40.35,44.78,55,6.663,26.62,55,43.91,19.31,55,9.463,9.444,18.65,15.44,31.48,27.5,13.26,12.06,16.85,15.96,49.7,45.27,29.68,55,0.4994,3.889,41.15,33.12,20.92,3.566,4.888,7.313,13.6,4.702,4.609,3.359,2.35,3.361,2.651,6.16,29.26,39.13,19.07,8.913,3.181,17.41,12.78,8.277,19.67,0.258,281.6,14.99,31.08,38.14,183,197.5,7.8,,,10.89,12.61,15.24,20.05,27.5,0.71,5.16,4.4,0.7654,,6.199,7.844,3.82,0.6212,4.158,4.4,55,,8.49,55,0.6285,1.279,13.2,10.68,55,,55,,55,,2.449,0.4686,18.26,1.552,12.51,5.857,22.37,26.6,25.4,,,23.93,189.5,4.141,48.24,2.518,3.183,3.696,11,5.68,11,,
16676-96-3,(Z)-Dodec-5-enyl acetate / Z5-12:Ac,,14.75,,2.27,8.398,,361.4,42.55,34.09,4.332,20.96,7.176,6.603,3.926,13.26,6.296,14.11,10.72,9.146,13.15,4.735,13.34,55,49.93,55,42.49,55,55,13.41,55,55,34.31,9.773,8.981,3.436,1.099,0.8218,2.051,6.22,1.526,,,,,1.821,,,27.37,36.25,37.48,5.995,22.15,29.96,39.93,17.72,101.6,17.65,37.68,,,,33,47.8,33,52.07,,,40.22,,,,,,,,17.63,28.19,35.9,20.66,,,,,,,,,,,,,,,,,,0.7014,,,1.168,,0.2813,,,6.054,19.64,,86.82,,,,27.28,20.05,255,40.44,3.92,1.3,2.5,3.63,1.56,3.6,,0.8848,,33,33,75.12,110,97.55,,,12.36,13.89,2.884,,,1.916,4.638,2.855,12,11.71,1.882,2.459,2.809,6.094,5.727,5.31,24.56,49.15,12.11,1.197,22,22,22,22,19.5,22,22,22,8.683,14.62,14.14,22,5.344,8.516,5.153,1.569,5.412,11.68,14.38,3.083,16.73,2.012,2.124,6.6,,5.8,8.17,20.75,12.62,24.65,12.52,30.28,14.18,27.86,23.33,25.72,8.371,8.548,22,44.22,33,33,33,33,33,,2.47,9,,6.122,4.857,,,5.86,15.6,19.07,40.7,20.51,44,44,14.23,,,,,10.63,5.657,7.26,2.24,,,0.112,2.444,21.56,,0.9468,42.24,72.83,48.83,129.4,26.4,20.58,4.091,14.44,5.661,18.61,32.11,93.33,16.93,20.83,22.02,8.559,14.53,19.44,25.3,26.34,28.64,1.898,1.691,20.41,63.15,1.135,25.79,4.376,5.13,51.7,43.99,1.753,1.611,1.864,1.255,9.629,1.011,1.731,1.645,1.529,51.42,65.27,68.7,40.41,28.1,24.2,44,42.13,55,33.46,,,,,18.3,31.01,32.05,49.87,6.93,3.81,2.5,14.43,3.011,22,4.282,12.82,,12.74,44,44,44,22.11,14.06,34.68,,55,,55,,,,,,,9.032,37.09,31.44,17.8,13.39,18.51,,110,,,21.42,,67.3,110,50.96,48.28,50.32,55,6.488,28.77,55,42.63,14.55,55,6.916,8.598,20.04,13.72,33.07,27.26,11.89,13.28,15.2,13.25,43.95,45.37,29.4,55,0.3942,3.769,46.84,39.91,30.4,3.482,4.892,5.896,13.6,4.7,4.61,3.584,2.318,3.209,2.479,4.463,14.36,8.169,20.08,8.879,2.893,15.88,12.78,8.277,25.78,0.2602,281.6,14.85,30.97,37.78,179.8,198.1,7.8,,,12.12,13.15,15.78,15.36,27.5,0.71,5.16,4.101,0.7913,,6.149,7.885,3.82,0.5724,4.4,4.093,22.82,13.76,8.49,55,0.6453,1.252,13.2,10.16,55,,55,,19.23,,1.639,0.4137,19.04,1.687,10.66,5.859,22.3,26.41,26.17,,,23.93,189.5,5.3,44.92,2.518,3.183,3.696,11,5.68,11,304.9,63.05
104086-73-9,(Z)-3-dodecen-1-yl (E)-2-butenoate,,11.55,,0.84,2.148,,,,,5.31,20.5,6.796,6.66,3.883,13.08,6.415,14.09,10.71,8.108,11.6,10.41,14.3,55,53.32,55,41.55,55,55,7.909,55,55,28.98,5.017,8.981,3.422,1.091,0.8138,2.051,8.292,2.801,,,,,3.211,,,22.42,27.82,29.59,6.431,24,28.66,31.44,16.34,106.1,16.68,36.21,,,,33,44.64,33,50.75,,,37.23,,,,,,,,17.17,25.39,23.48,19.66,,,,,,,,,,,,,,,,,,1.6,,,0.5,,0.13,,,5.78,21.59,,78.62,,,,55,17.29,208.7,37.13,3.92,1.3,2.5,3.63,1.56,3.6,,0.7398,,33,33,52.69,110,87.23,,,,,2.978,,,1.56,1.06,1.35,,,1.56,2.23,2.54,6.052,5.126,4.833,31.39,55,18.43,1.162,22,22,22,22,6.04,22,18.61,13.14,8.238,17.89,7.571,22,5.344,8.516,5.153,1.569,5.412,11.68,21.63,3.083,16.73,2.029,2.14,6.6,,5.8,3.943,12.66,6.103,18.91,6.567,33,15.46,24.22,17.9,18.83,3.67,4.029,20.99,49.73,31.05,33,33,29.88,33,,2.47,,,6.228,4.823,,,5.099,14.14,16.48,39.72,20.21,44,44,11.54,,,,,10.63,5.563,7.947,3.677,,,0.1137,2.393,30.08,,1.059,53.09,72.83,48.83,112,26.4,,,,,14.92,31.34,98.22,16.7,16.78,15.55,8.403,16.04,14.16,12.23,25.65,19.7,1.792,2.171,19.98,63.15,1.134,25.44,5.773,6.024,52.69,44.96,1.466,1.291,2.183,1.092,5.049,1.323,1.705,1.599,1.506,50.61,110,110,40.03,28.1,24.2,44,51.88,55,34.16,,,,,15.9,31.45,35.55,50.49,9.248,3.81,2.5,14.37,,,,22,,13.58,44,44,44,23.39,14.85,26.49,,55,,55,,,,,,,9.777,40.44,33.39,16.93,13.19,18.42,,110,,,,,65.83,110,48.09,43.73,47.03,55,6.498,28.84,55,42.6,14.57,55,6.942,8.506,19.43,14.43,32.38,27.36,12.46,14.95,13.21,12.97,40.68,42.66,26.89,55,0.3942,2.141,50.95,41.66,39.35,5.121,3.7,4.669,13.6,5.5,4.609,4.029,2.383,3.527,2.832,4.793,11.13,16.03,18.97,8.252,2.968,11.77,12.78,8.277,30.01,0.3199,281.6,11.75,28.38,29.82,116.7,214.8,7.8,,,11.37,12.34,15.67,14.48,27.5,0.71,5.16,4.101,0.7913,,5.09,8.037,6.507,0.5724,4.4,4.092,20.54,,,55,0.6818,1.214,13.2,10.17,55,,55,,19.08,,0.5143,0.4138,22.65,1.687,9.936,6.5,21.57,27.59,28.9,,,23.93,189.5,6.258,44.89,2.518,3.183,3.696,11,5.68,11,,
40596-69-8,Methoprene,,,,,,,,,,,,,,,,,,,,,,,,,,,,,,,,,,,,,,,,,,,,,,,,,,,,,,,,,,,,,,,,,,,,,,,,,,,,,,,,,,,,,,,,,,,,,,,,,,,,,,,,,,,,,,,,,,,,,,,,,,,,,,,,,,,,,,,,,,,,,,,,,,,,,,,,,,,,,,,,,,,,,,,,,,,,,,,,,,,,,,,,,,,,,,,,,,,,,,,,,,,,,,,,,,,,,,,,,,,,,,,,,,,,,,,,,,,,,,,,,,,,,,,,,,,,,,,,10.5,,,,,,,,,,,,,,,,,,,,,,,,,,,,,,,,,,,,,,,,,,,,,,,,,,,,,,,,,,,,,,,,,,,,,,,,,,,,,,,,,,,,,,,,,,16.6,18.1,10.5,,,,,,,,,,,,,,,,,,,,,,,,,,,,,,,,,,,,,,,,,,,,,,,,,,,,,,,,,,,,,,,,,,,,,,,,,,,,,,,,,,,,,,,,,
25152-85-6,(Z)-hex-3-enyl benzoate,3.386,55,,,,,,,,,22,8.793,6.07,6.257,33,6.418,,,3.772,11.6,16.1,,55,50.83,55,50.93,36.97,47.52,55,55,55,55,55,18.14,9.416,2.01,1.522,2.145,4.4,0.7345,,,,,0.9203,,,16.83,22.91,19.97,22.79,22.61,33,26.14,21.53,,22,,,,,28.81,55,33,45.34,,,,,,,,,,,,21.23,43.52,29.9,,,,,,,,,,,,,,,,,,,,,12.9,,2.5,,,,35,,,,,,51.1,62.66,550.1,123.2,,,,,,,,0.9728,2.52,,,110,110,110,,,12.36,13.89,4.41,,19.75,2.887,2.685,1.35,9.93,9.94,,,,9.895,10.46,15.1,11.32,32.2,4.474,6.956,22,18.76,18.11,14.16,7.477,22,19.79,15.88,3.72,22,12.14,22,4.08,11,11,1.51,11,11,97.03,33.53,21.21,19.99,14.87,,,,,,,,,,,29.57,27.37,33,22,22,22,31.16,33,33,33,33,33,,2.47,,,5.7,5,,,,,,,,,,,,,,,10.63,,7.26,2.24,,9,0.11,2.727,11.95,,1.685,14.83,63.15,37.19,119.2,21.43,,,,,17.58,14.4,81.27,,,18.72,12.81,14.35,23.5,11.91,31.55,29.02,,3.708,20.04,36.5,,37.16,4.265,4.822,55,41.77,2.209,2.116,1.518,1.5,22,0.7244,3.328,1.236,3.178,44.9,110,47.84,21.3,28.1,24.2,44,28.15,55,12.5,,,,,30,29.5,27.19,48.86,11.81,,,11.94,,,,5.926,,13.58,44,44,44,23.39,14.07,88.91,,47.17,,,,,,,,1.64,6.256,25.57,24.29,22.07,12.44,18.77,,,10.8,,,,,,55,55,55,55,8.665,41.13,55,38.83,23.09,55,16.29,20.71,21.2,26.51,23.89,31.26,30.15,13.6,20.96,20.71,50.99,43.94,29.89,47.3,6.062,15.41,37.95,19.72,14.13,8.661,3.7,6.599,13.6,5.5,4.61,2.77,1.97,2.13,1.14,26.66,22.54,44,7.969,22.51,4.864,21.7,13.42,11.49,36.46,0.21,281.6,18.92,33.91,48.29,281.6,182.2,,9.2,15.8,10.72,13.18,15.65,18.26,,,,11.25,0.7367,9.89,,8.03,,5.02,10.78,11.25,55,,9.52,20.21,0.6133,1.203,13.2,10.05,55,,8.07,,55,,,0.5304,33.09,3.766,13.07,7.18,18.68,31.36,14.32,,,,,4.07,31.86,,,,,,,,
57491-33-5,(E)-11-Hexadecenal / E11-16:Ald,,14.14,,0.84,1.08,,,,,6.67,15.36,7.25,33,3.99,0.96,10.7,14.82,11.3,9.271,,,14.3,52.63,48.58,55,53.27,51.19,48.85,0.8895,28.88,55,4.61,41.75,5.691,2.922,8.024,7.96,9.025,13.88,8.317,,,,,8.872,,,42.08,40.31,38.32,7.301,22.54,21.43,15.62,,,14.9,,,,,30.2,47.6,33,55,,,,,,,,,,,24.53,35.53,42.45,17.7,,,,,,,,,,,,,,,,,,1.6,,,1.182,,0.6444,,,6.84,,,49.57,,,,44.6,14.07,207.2,39.67,3.912,1.325,2.519,3.648,1.572,3.6,,0.8877,,,,110,110,110,,,,,3.07,,,1.597,1.06,1.35,12,11.71,1.56,2.23,2.54,7.743,6.492,5.128,33.13,55,15.78,1.807,22,22,22,22,14.27,22,16.99,22,16.19,11.84,9.783,19.4,5.431,8.604,5.312,1.624,5.568,11.65,6.99,3.17,17.18,1.955,2.525,6.6,,5.8,17.77,31.01,12.39,22.74,6.458,30.39,19.36,19.07,14.06,14.95,1.918,1.468,19.85,51.73,28.88,33,33,26.53,33,,,,,7,4.6,,,4.28,13.46,16.44,36.78,28.17,44,44,12.8,,,,,10.63,4.384,7.493,3.051,,,0.1224,2.71,23.41,,1.251,44.18,74.62,46.48,77.27,26.4,,,,,28.71,45.4,117.1,20.94,26.3,13.55,15.5,18.11,20.87,36.4,16.72,30.28,1.73,4.681,18.81,,1.1,34.3,5.219,,53.95,40.78,1.037,0.8631,3.268,1.679,2.705,7.984,4.03,5.854,3.181,50.82,24.89,25.65,69.8,,,,67.94,46.35,25.44,,,,,10.7,35.2,45.29,55,8.405,,,22,,,,22,12.59,14.71,44,44,34.35,23.97,12.42,15.69,41.08,55,,55,,,,,,1.69,30.94,66.54,47.17,12.69,14.96,17.55,23.67,110,,,17.96,,63.65,,40.93,43.3,46.72,55,6.2,14.1,55,55,55,55,22.6,8.541,,,,,,24.07,15.65,13.42,30.46,55,27.24,55,0.6377,2.538,51.88,38.52,40.79,3,,,,,4.61,5.157,1.97,2.13,1.14,7.204,32.95,5.021,11.39,6.146,3.096,,,,24.92,0.5121,281.6,6.898,23.26,17.39,43.55,258.1,7.8,,,11.92,11.64,14.33,11.62,27.5,0.71,5.16,3.658,1.605,,5.03,8.8,16.39,0.7376,2.924,4.083,55,13.76,,55,1.339,1.465,2.276,12.17,55,,55,,55,,0.5317,0.5184,48.61,2.135,9.97,8.06,,,,,,22.88,147,4.102,48.24,2.15,3.58,3.45,11,5.68,11,357.6,40.76
3913-81-3,"2-decenal, (E)-",,18.03,,0.84,1.08,,,,,4.648,15.67,7.25,33,3.99,0.96,10.7,13.33,10.22,11.4,,,13.65,55,38.19,55,55,55,55,2.959,30.53,32.69,11.06,13.57,6.881,8.335,9.764,9.725,10.88,22,22,,,,,18.84,,,35.98,37.66,37.98,8.099,22.9,21.95,20.19,,,16.32,44,,,,30.35,27.63,33,55,,,23.14,,,,,,,,22.41,34.26,43.75,18.54,,,,,,,,,,,,,,,,,,,,,1.532,,1.044,,,6.84,,,23.5,,,,42.45,15.55,235,34.27,3.896,1.376,2.559,3.684,1.596,3.6,,0.9764,,33,33,90.15,110,110,,,,,3.07,,,1.975,1.06,2.782,12,11.71,1.923,2.487,2.842,10.89,11.06,8.681,34.87,55,14.82,3.61,22,22,22,22,16.14,22,17.33,22,14.79,12.41,10.4,19.58,5.608,8.782,5.643,1.741,5.892,11.6,6.18,3.35,18.14,4.809,4.198,6.6,,5.8,13.5,30.17,10.68,21.04,5.272,33,11.57,17.55,21.8,24.96,10.8,9.186,20.74,50.91,30.57,33,33,29.12,33,,,,,7,4.6,,,5.367,15.04,18.5,39.46,22.9,44,44,14.13,,,,,10.63,4.652,7.495,2.994,,,0.1324,2.45,20.72,,1.613,27.6,76.47,41.9,63.33,26.4,20.58,4.091,14.44,5.661,26.36,42.64,102.9,19.68,24.46,11.73,16.56,18.42,22.89,21.43,18.96,26.47,1.907,6.305,18.19,63.15,1.141,33.28,5.219,,51.39,38.71,1.063,0.8866,2.775,3.067,4.424,12.83,5.343,6.658,4.935,50.46,30.48,32.01,43.52,,,,68.39,50.58,20.35,,,,,5.2,35.2,50.41,55,11.01,,,22,3.011,22,4.282,19.06,12.59,13.76,44,44,32.67,22.39,11.34,19.08,,55,,55,,,,,,1.69,9.314,66.54,47.17,12.69,12.52,18.19,23.67,110,,,17.96,,67.15,,48.16,43.83,47.11,55,6.2,14.1,55,55,55,55,22.6,9.394,,,,,,19.48,20.88,15.93,42.24,45.9,29.14,55,0.5444,2.261,51.02,41.97,44.72,3,,3.3,,,4.61,5.075,1.97,2.13,1.14,7.885,12.69,1.058,18.86,6.227,3.444,,,,25.34,0.4426,281.6,8.138,24.74,20.56,59.12,243.8,7.8,,,11.63,12.86,14.64,15.64,27.5,0.71,5.16,9.033,1.641,,4.377,8.8,,1.875,5.646,9.665,37.31,13.76,,55,1.472,1.303,2.231,13.2,55,,55,,29.65,,0.5088,0.4895,55,1.619,7.738,6.955,22.27,32.16,17.11,,,23.93,189.5,4.862,46.3,2.518,3.183,3.696,11,5.68,11,357.6,40.76
1196-01-6,(1S)-(-)-verbenone,,25.5,,,,,,,,,22,,,,,,,,,,,,,,,,,,,,,,,,,,,,22,22,,,,,6.45,,,31.71,30.62,27.19,33,19.05,16.25,21.15,,,,,,,,16.62,55,33,21.83,,,,,,,,,,,,44,77,18.48,,,,,,,,,,,,,,,,,,,,,,,,,,,,,,,,,25.86,185.4,388.1,77.14,,,,,,,,,,,,110,110,110,,,,,,,,,,,,,,,,22,8.9,22,,,,,22,22,22,22,22,22,22,22,22,16.89,22,22,11,11,11,11,11,11,,4.73,28.07,16.2,11.41,,,,,,,,,15.2,33,,,,,,,55,,,,,,,,,,,,18.89,94.62,5.06,5.452,,,,,,,18.61,16.85,29.04,35.68,,,,,,,,,,,,,,,,26.4,,,,,14.85,42.64,122.1,,,11.91,12.18,,38.9,38.5,6.26,38.5,,2.02,,,,,,,,,,,,,,,,,,,110,110,,,,,,,,,,,,16.8,35.2,22.41,55,,,,,,,,,,,,,,,,27.38,,55,23.97,37.38,8.14,18.6,21.1,13.29,31.29,,15.48,,,,26.6,,,,21.15,,14.72,,,,55,8.47,55,55,7,34.6,55,55,15,55,22.4,5.78,,,,,,10.65,,,31.1,55,11.5,55,,,,,,,,,,,,,,,,3.53,,,,471.6,7.39,,,,26.6,,,,,,,,,9.7,16.5,,,,33.73,,,,,,,,,,,,,2.54,,,55,,,,,,,,,,,,,,,6.44,6.17,,,,20.72,19.56,,,,,,,,,,,,
214-807-2,(S)-(-)-verbenone,,25.5,,,,,,,,,22,,,,,,,,,,,,,,,,,,,,,,,,,,,,22,22,,,,,6.45,,,31.71,30.62,27.19,33,19.05,16.25,21.15,,,,,,,,16.62,55,33,21.83,,,,,,,,,,,,44,77,18.48,,,,,,,,,,,,,,,,,,,,,,,,,,,,,,,,,28.78,218.8,326.8,67.61,,,,,,,,,,,,110,110,110,,,,,,,,,,,,,,,,22,8.9,22,,,,,22,22,22,22,22,22,22,22,22,16.89,22,22,11,11,11,11,11,11,,4.73,28.07,16.2,11.41,,,,,,,,,15.2,33,,,,,,,55,,,,,,,,,,,,9.347,94.62,5.06,5.452,,,,,,,18.61,16.85,29.04,35.68,,,,,,,,,,,,,,,,26.4,,,,,14.85,42.64,122.1,,,11.91,12.18,,38.9,38.5,6.26,38.5,,2.02,,,,,,,,,,,,,,,,,,,110,110,,,,,,,,,,,,16.8,35.2,22.41,55,,,,,,,,,,,,,,,,27.38,,55,23.97,33.88,8.14,18.6,21.1,13.29,31.29,,15.48,,,,26.6,,,,21.15,,14.72,,,,55,8.47,55,55,7,34.6,55,55,15,55,22.4,5.78,,,,,,10.65,,,31.1,55,11.5,55,,,,,,,,,,,,,,,,3.53,,,,471.6,7.39,,,,26.6,,,,,,,,,9.7,16.5,,,,33.73,,,,,,,,,,,,,2.54,,,55,,,,,,,,,,,,,,,6.44,6.17,,,,20.72,19.56,,,,,,,,,,,,
51937-00-9,"(9E,12Z)-9,12-Tetradecadien-1-ol / Z9,E12-14:OH",,,,0.84,1.08,,,,,4.137,22,,,,,,,,10.7,,,11.8,55,55,55,55,39.7,22.6,5.74,55,55,36.68,3.657,23.84,3.004,27.97,26.95,28.07,,,,,,,,,,32.57,32.9,35.77,9.152,16.8,26.29,29.76,,,14.29,,,,,33,33.79,33,55,,,,,,,,,,,,21.25,14.08,6.687,,,,,,,,,,,,,,,,,,1.6,,,0.5,,0.13,,,,,,,,,,47.96,75.87,454.5,34.6,,,,,,,,0.863,,,,30.17,110,77.6,,,24.6,,,,,3.488,2.668,3.418,9.93,9.94,1.835,2.427,2.771,13.19,9.563,6.844,13.57,55,16.72,1.712,22,22,22,22,22,22,22,22,,22,22,22,4.132,8.635,5.369,1.109,5.624,11.64,5.37,5.443,17.98,1.676,1.766,,,,2.079,25.01,3.966,12.49,1.304,,,25.68,18.26,20.72,4.983,4.814,22,55,33,33,33,33,33,,,,,,,,,9.05,21.16,29.93,44,21.29,44,44,27.09,,,,,,4.799,6.104,2.477,,,0.1649,2.205,55,,1.662,172.6,,,14.75,13.21,21.68,4.529,16.38,6.662,6.366,6.866,87.33,9.545,32.95,26.88,8.196,8.471,9.373,9.537,18.25,16.58,1.866,4.215,18.6,113.1,1.111,31.35,10.23,,55,48.8,0.94,0.704,2.092,0.8812,0.9359,3.786,1.587,0.7454,1.426,47.6,59.35,49.07,57.06,,,,76.56,55,11.87,,,,,,,31.15,55,6.456,,,4.255,3.011,22,4.282,20.17,,10.19,44,44,44,18.17,10.72,9.529,,55,,,,,,,,1.64,20.72,,,,6.99,17.64,,,,,,,,,55,38.1,38.01,55,8.2,30.8,55,39.5,27,55,13,89.75,,,,,,21.86,16.03,22.88,55,55,21.1,55,0.5664,0.7608,37.95,19.72,14.13,8,,,,,4.609,7.896,2.855,9.19,6.72,,,,71.64,6.875,3.606,,,,34.49,0.64,281.6,5.36,21.17,13.47,27.31,281.6,,9.2,15.8,11.98,11.94,14.6,11.75,,,,4.4,0.2,,,7.58,16.39,0.6,4.4,4.4,55,,,41.17,0.9221,1.53,1.268,10.9,55,,8.07,,55,,0.5186,0.2736,14.4,0.8311,5.27,4.39,22.27,32.16,17.11,,,,,4.924,,2.518,3.183,3.696,,,,,
99-48-9,Carveol,,13.29,,,,,,,,,22,,,,,,,,,,,,,,,,,,2.627,14.38,55,19.2,9.6,,,,,,22,22,,,,,6.692,,,31.71,30.62,27.19,33,19.05,16.25,25.51,13.47,,,,,,,12.59,55,33,19.17,,,,,,,,,,,,44,38.92,15.05,,,,,,,,,,,,,,,,,,,,,,,,,,9.25,,,,4.06,,,55,104,1100,188.2,,1.36,2.28,,1.85,,,,,,,110,110,110,,,25.01,,,,,,,,,,,,,22,14.29,22,55,55,,14.99,22,22,22,22,22,22,22,22,22,18.51,22,22,11,11,11,6.575,11,11,,2.119,17.62,8.813,9.374,,,,,,,,,15.2,33,21.63,24.44,33,22,22,22,55,33,33,25.08,33,19.65,,,,,,,3.11,102.9,6.645,17.46,44,44,10.89,44,44,18.06,21.54,25.11,41.01,26.47,,,,,,,,,,,,,,,,26.4,,,,,14.85,42.64,122.1,,,11.91,12.18,,38.9,38.5,6.26,38.5,,2.02,,,,14.99,,,55,30.9,,,,,,,,,,,110,110,,,,,,,,,,,,12.41,35.2,23.53,55,40.7,,,,,,,,,,,,,,,27.38,,55,237.6,31.6,11.26,15.78,22.13,19.43,18.37,,17.44,,,,7.001,,,,21.15,,17.15,,,,55,32.32,55,55,7,48.21,42.37,55,16.61,55,14.42,9.38,13.81,29.23,26.56,21.61,20.94,15.92,26.17,16.4,28.55,55,19.24,55,,35.2,,,,,,,,,,,,,,9.846,,,19.26,471.6,7.39,,,,26.6,,,,,,,,,10.27,17.56,,,,29.91,,,,,,,,,,,,,1.8,,,55,21.22,,,,,,,,,,,,55,,6.44,6.17,,,,20.72,19.56,18.74,58.05,,,,,,,,,,
126-91-0,L-Linalool,,12.28,,4.23,13.77,,232.2,23.97,28.63,8.862,22,,,,,,,,9.2,,1.8,,55,55,37.37,55,55,44.62,20.12,34.87,52.29,34.09,12.13,20.1,20.1,,,,21.17,18.26,,,,,6.88,,,55,46.21,55,2.254,18.8,28.13,42.08,,206.4,,14.52,26.3,9.5,39.1,28.28,20,24.38,16.61,11.18,20.29,,,,,,,,,19.35,37.14,15.17,14.3,7.83,21.1,18.4,10.7,27.6,9.43,23.1,12.6,15.7,13.9,7.94,13,4.17,6.59,18.9,21.7,11.9,2.175,17.8,16.9,8.35,9.79,8.38,13.9,13.4,5.474,,,,4.13,,,,4.401,179.9,19.76,3.353,1.605,1.92,,1.53,,,2.464,,,,110,110,110,,,29.77,,4.001,,123,,,,,,,,,4.447,11.4,19.57,6.413,52.08,8.79,55,22,22,22,22,22,22,22,22,4.694,22,22,22,11,11,11,1.771,11,11,,5.152,14.93,8.959,10.84,,,,10.08,10.65,6.755,11.45,24.73,29.95,23.03,16.35,24.65,28.01,22,15.92,19.53,19.49,33,33,27.55,27.41,20.89,,,2.68,,7.2,2.9,6.96,110,4.015,7.189,34.92,12.56,13.28,44,44,9.903,14.21,44.92,38.93,29.37,,,,,,,,,55,10.89,,,71.83,,,,,,,,,,69.43,,33.1,21.63,,,,38.5,,32.98,,11.77,,,,38.58,,9.601,55,21.8,,,,,,,8.225,6.209,9.282,49.9,110,110,43.52,44,21.8,44,110,55,23.5,,,,,29.59,20.95,55,55,86.5,,,22,,,,19.29,11,,,,,,16.5,,75.93,55,31.9,55,45.23,55,7.77,12.37,15.56,,15.95,,,,11.18,26.79,23.97,110,4.3,110,8.32,,25.57,110,25.6,7.588,16.85,55,7.557,35.33,55,50.74,13.56,55,15.1,16.23,,,,,,18.93,16.49,16.28,29.04,40.73,27.79,55,7.242,17.61,,,,1.894,,5.365,,7.603,,,,,,4.428,25.89,10.52,15.08,33.85,6.516,33.1,34.5,,58.68,,,,,,,,11.2,8.9,6.4,9.7,8.6,6.129,18.17,,,,22,33.77,10.47,,12.91,27.07,23.34,35.97,44,13.18,13.46,10.4,41.08,13.72,,,,8.65,,10.7,,12.17,,25.7,3.418,55,12.17,,8.24,,,,12.82,14.38,,,14.69,37.58,,,,,,,180.9,189.8
25312-34-9,alpha-ionol,,,,,,,,,,,,,,,,,,,,,,,,,,,,,,,,,,,,,,,,,,,,,,,,,,,,,,,,,,,,,,,,,,,,,,,,,,,,,,,,,,,,,,,,,,,,,,,,,,,,,,,,,,,,,,,,,,,,,,,,,,,,,,,,,,28.67,14.86,,,,,,,,,,,,,,,,,,,,,22,22,22,22,22,22,22,22,,22,9.77,22,,,,,,,,,,6.22,6.79,,,,,,,,,,,,,,,,,,,,,,,,,,,,,,,,,,,,,,,,,,,,,,,,1.951,,,,,,,,,,,,,,,,,,,,,,,,,,,,,,,,,,,,,,,,,,,,,,21.4,10.53,11.45,8.31,,,,10.41,,,,,,,,,,,,,,,,,,,11.22,,,,,,4.7,10.89,9.2,55,,,,,,,,,14.3,,,,18.75,,,,,,,,,,,,,,,,,,,,,,,,,,,,,,,,,55,,,,,,,,,,,,,,,,13.15,,,36.94,,,,,,,,,,,,,,,,,,,,,,,,,,,,,,,,,55,,,55,,,,,,,,,,,,,55,,,,,,,,,,,,,,,,,,,,
10340-23-5,cis-3-Nonen-1-ol,,15.61,,0.84,3.659,,312.7,47.69,31.35,3.173,22,7.25,33,3.99,0.96,10.7,14.08,10.63,10.19,,,12.83,55,54.07,55,51.16,47.29,36.42,2.679,55,55,14.06,13.68,23.94,3.49,20.05,19.82,20.5,11.17,5.251,,,,,5.775,,,21.48,26.43,25.44,8.844,17.28,25.32,24.05,,,14.06,,,,,30.96,43.22,33,55,,,,,,,,,,,19.58,22.28,22.19,11.07,,,,,,,,,,,,,,,,,,0.44,,,1.611,,1.147,,,6.84,,,69.78,,,,47.95,28.07,296.9,58.36,3.92,1.3,2.5,3.63,1.56,3.6,,0.863,,,,54.43,110,92.77,,,,,3.07,,,2.867,4.954,4.401,11.56,11.13,1.907,2.476,2.829,12.45,9.121,9.104,16.09,55,16.88,4.011,22,22,22,22,22,22,22,22,13.02,22,22,22,4.656,8.815,5.707,1.168,5.954,11.58,5.611,7.592,20.67,2.223,2.397,6.6,,6.534,8.693,28.87,8.682,18.76,3.724,25.01,14.78,24.57,18.09,19.37,4.28,5.224,20.91,55,30.89,33,33,29.63,33,,,,,7,4.6,,,6.541,17.39,23.08,40.71,24.04,44,44,19.57,,,,,10.63,4.818,7.044,3.077,,,0.1329,2.232,44.82,,1.495,58.95,79.05,47.8,28.46,9.73,21.03,4.982,18.38,7.166,13.65,16.27,86.16,16.42,25.23,19.66,10.9,8.959,15.47,11.26,19.11,18.28,1.905,5.24,18.67,113.1,1.133,38.35,10.23,,55,47.22,1.042,0.8275,2.2,0.8333,1.101,2.886,6.038,3.015,4.247,49.28,63.59,53.42,53.87,,,,70.13,55,11.79,,,,,10.7,35.2,32.44,55,7.65,,,5.177,3.011,22,4.282,20.07,11.17,10.78,44,44,44,19.1,8.682,16.11,41.08,55,,55,,,,,,1.64,12.32,66.54,47.17,12.69,11.96,17.77,,110,,,17.96,,61.34,,49.72,35.15,37.91,55,8.2,30.8,55,39.5,27,55,13,17.85,,,,,,20.54,15.18,17.74,44.68,55,26.88,55,1.028,1.609,46.1,28.81,26.87,5.691,,,,,4.61,6.93,1.97,2.13,1.14,10.77,31.95,5.987,26.2,8.272,4.352,,,,29.19,0.3951,281.6,9.253,25.96,23.41,74.98,233.2,7.8,9.2,15.8,11.16,12.75,15.42,12.55,27.5,0.71,5.16,6.286,0.7077,,5.03,8.8,16.39,1.12,3.075,7.11,55,13.76,8.49,39.06,0.9493,1.261,1.641,11.13,55,,16.31,,55,,0.5018,0.3101,55,1.311,7.341,5.629,19.68,32.08,17.11,,,20.34,75.62,4.924,48.24,2.518,3.183,3.696,11,5.68,11,357.6,40.76
71510-51-5,"(E,Z)-5,7-Dodecadien-1-ol  / E5,Z7-12:OH",,15.39,,0.84,1.08,,,,,2.79,22,7.25,33,3.99,0.96,10.7,13.62,10.35,10.75,,,12.52,55,47.33,55,51.35,50.62,43.85,1.657,33.25,45,11.4,20.2,26.96,4.146,27.91,26.88,28.02,8.612,3.034,,,,,3.46,,,37.77,35.64,37.76,7.964,15.94,27.87,31.63,,,15.29,,,,,33,32.63,33,55,,,,,,,,,,,24.53,24.73,10.85,6.409,,,,,,,,,,,,,,,,,,,,,0.5,,0.13,,,,,,26.36,,,,43.34,29.15,439.6,69,3.901,1.361,2.548,3.673,1.589,3.6,,0.863,,,,56.2,110,96.23,,,,,3.07,,,3.254,3.016,4.855,9.93,9.94,1.869,2.451,2.799,11.21,7.671,6.269,18.47,55,18.45,1.711,22,22,22,22,22,22,22,22,17.57,22,22,22,4.892,9.061,6.192,1.272,6.426,11.51,5.731,5.584,27.24,2.654,2.81,6.6,,5.8,9.478,29.12,9.093,19.22,3.971,26.52,13.12,24.6,17.92,17.39,2.385,2.457,22,55,33,33,33,33,33,,,,,7,4.6,,,7.188,18.41,24.89,41.64,23.21,44,44,21.51,,,,,10.63,3.95,6.19,2.6,,,0.1749,2.417,41.18,,1.056,51.71,72.83,44.38,37.34,11.86,21.02,4.985,18.39,7.164,9.972,11.85,88.05,14.15,23.95,24.85,9.332,8.447,12.53,12.53,17.64,19.57,1.902,4.742,18.9,113.2,1.093,23.19,10.23,,53.06,42.67,1.024,0.7782,2.034,0.9204,0.9851,4.263,8.53,5.333,5.872,49.46,47.96,44.61,68.21,,,,75.29,50.1,11.8,,,,,10.7,35.2,35.33,55,6.503,,,4.141,3.011,22,4.282,17.72,12.59,11.07,44,44,40.03,19.2,8.466,15.8,41.08,55,,55,,,,,,1.664,9.37,66.54,47.17,12.69,12.79,17.59,23.67,110,,,,,65.83,,55,34.9,39.56,55,7.168,21.15,55,46.32,38.02,55,16.96,14.76,,,,,,18.52,13.97,18.28,45.51,49.66,22.42,55,0.6206,0.9003,44.74,28.46,26.75,4.99,,,,,,13.88,,,,6.73,,,27.53,6.771,3.372,,,,27.76,0.392,281.6,9.336,26.05,23.62,76.24,232.5,7.8,9.2,15.8,11.61,12.34,15.68,16.7,27.5,0.71,5.16,3.996,0.5445,,5.03,8.8,16.39,0.9971,3.173,4.839,55,,,45.18,0.9207,1.609,1.289,10.84,55,,21.07,,55,,0.5252,0.3197,32.46,1.185,6.728,5.292,22.27,32.16,17.11,,,20.36,75.94,4.924,48.24,2.518,3.183,3.696,11,5.68,11,,
73416-71-4,"(Z,E)-5,7-Dodecadien-1-ol / Z5,E7-12:OH",,15.39,,0.84,1.08,,,,,2.79,22,7.25,33,3.99,0.96,10.7,13.62,10.35,10.75,,,12.52,55,47.33,55,51.35,50.62,43.85,1.657,33.25,45,11.4,20.2,26.96,4.146,27.91,26.88,28.02,8.612,3.034,,,,,3.46,,,37.77,35.64,37.76,7.964,15.94,27.87,31.63,,,15.29,,,,,33,32.63,33,55,,,,,,,,,,,24.53,24.73,10.85,6.409,,,,,,,,,,,,,,,,,,,,,0.5,,0.13,,,,,,26.36,,,,43.34,29.15,439.6,69,3.901,1.361,2.548,3.673,1.589,3.6,,0.863,,,,56.2,110,96.23,,,,,3.07,,,3.254,3.016,4.855,9.93,9.94,1.869,2.451,2.799,11.21,7.671,6.269,18.47,55,18.45,1.711,22,22,22,22,22,22,22,22,17.57,22,22,22,4.892,9.061,6.192,1.272,6.426,11.51,5.731,5.584,27.24,2.654,2.81,6.6,,5.8,9.478,29.12,9.093,19.22,3.971,26.52,13.12,24.6,17.92,17.39,2.385,2.457,22,55,33,33,33,33,33,,,,,7,4.6,,,7.188,18.41,24.89,41.64,23.21,44,44,21.51,,,,,10.63,5.83,6.02,2.36,,,0.1749,2.417,41.18,,1.056,51.71,72.83,44.38,37.34,11.86,21.02,4.985,18.39,7.164,9.972,11.85,88.05,14.15,23.95,24.85,9.332,8.447,12.53,12.53,17.64,19.57,1.902,4.742,18.9,113.2,1.093,23.19,10.23,,53.06,42.67,1.024,0.7782,2.034,0.9204,0.9851,4.263,8.53,5.333,5.872,49.46,47.96,44.61,68.21,,,,75.29,50.1,11.8,,,,,10.7,35.2,35.33,55,6.503,,,4.141,3.011,22,4.282,17.72,12.59,11.07,44,44,40.03,19.2,8.466,15.8,41.08,55,,55,,,,,,1.664,9.37,66.54,47.17,12.69,12.79,17.59,23.67,110,,,,,65.83,,55,34.9,39.56,55,7.168,21.15,55,46.32,38.02,55,16.96,14.76,,,,,,18.52,13.97,18.28,45.51,49.66,22.42,55,0.6206,0.9003,44.74,28.46,26.75,4.99,,,,,,13.88,,,,6.73,,,27.53,6.771,3.372,,,,27.76,0.392,281.6,9.336,26.05,23.62,76.24,232.5,7.8,9.2,15.8,11.61,12.34,15.68,16.7,27.5,0.71,5.16,3.996,0.5445,,5.03,8.8,16.39,0.9971,3.173,4.839,55,,,45.18,0.9207,1.609,1.289,10.84,55,,21.07,,55,,0.5252,0.3197,32.46,1.185,6.728,5.292,22.27,32.16,17.11,,,20.36,75.94,4.924,48.24,2.518,3.183,3.696,11,5.68,11,,
140-67-0,p-allyl anisole  / estragole,,,10.83,,2.15,34.83,3.72,,,2.67,,,,,,,,,,,,,,,,,,,6,22.7,55,55,55,33,33,,,,,,,,,,,,,,,,,,,,,,,,,,,,,,,,,,,,,,,,,,,,,,,,,,,,,,,,,,,,,,0.09,,,,,,,,,,,,,,,,,,,,,,,,,,4.7,2.24,,,110,110,110,,,,,3.81,,,,,,,,,,,,,,,,,,,,,,,,,,,,,,,,,,,,,,,,,,,7.4,,,,,,,,,,,,,,,,,,,,,,,,,,,,,,,,,,,,,,,,,,,,,,,,,,,,38.46,,,,,,,,,,,,,,,,,,,,,,,,,,13.6,,,,,,,,,,,,,44.9,29.41,68.65,67.79,,,,32.15,,,29.13,,16.16,46.23,,,,,,,,22,,,,,,,,,,,,,,,,,,,,,,,,,,,,,,,,,,,,,,,,,,,,,,,,,,,,,,,,,,,,,,,,,,3,,,,,,,,,,,,,,,,,,,,,,,,,,,,,,,,,,,,,,,,,,,,,,,,,,,,,,,,,,,,,,,,,,,,,,,,,,,,,,,,,,
6874-44-8,cis-(3Z)-alpha-ocimene,,9.05,,9.1,49.9,,232.2,18.87,28.63,9.046,22,,,,,,,,,,,,55,55,26.9,55,55,55,2.1,22.7,55,11.2,55,20.1,20.1,,,,18.85,11.9,,,,,6.557,,,21.61,27.55,24.92,5.68,22.69,24.91,21.97,,231.9,,44,,,,24.6,20,33,19.18,,,,,,,,,,,13.41,27.16,14.34,12.03,7.83,21.1,18.4,10.7,27.6,9.43,23.1,12.6,15.7,13.9,7.94,13,4.17,6.59,18.9,21.7,11.9,6.641,17.8,16.9,8.35,9.79,8.38,13.9,13.4,5.779,,,,4.13,,,,3.172,53.03,12.66,2.587,1.596,2.202,,1.74,,,,,,,98.26,110,110,,,,,2.547,,123,,,,,,,,,5.765,5.149,10.17,11.8,55,14.33,7.81,10.41,22,22,22,22,22,16.72,22,2.59,22,9.251,22,11,11,11,3.48,11,11,,,,2.187,4.047,,,,10.43,7.979,4.87,7.832,21.03,24.9,33,29.11,27.78,30.43,22,14.45,22,42.94,33,33,33,33,33,,,2.68,,7.2,2.9,6.96,110,6.509,13.42,33.7,11.34,12.69,44,44,10.1,14.21,44.92,38.93,29.37,,,,,,,,,55,11.02,,,64.52,,,17.58,,,,,12.44,44.06,,32.27,32.53,7.75,11.06,10.89,16.79,38.5,,23.98,,,,,,12.79,,,,,,,,,,,8.902,13.23,22,46.2,37.39,34.78,24.94,44,21.8,44,42.85,55,23.5,,,,,35.2,35.2,55,55,86.5,,,22,,,,10.69,,,,,,,14.71,,75.93,55,31.9,55,45.23,55,7.77,12.37,15.56,,13.6,,,,19.59,26.79,,,,110,17.21,,25.57,110,27.96,8.471,32.25,55,3.737,20.56,55,55,2.531,55,6.495,21.54,,,,,,18.13,6.58,44.82,22.8,34.77,9.999,55,1.28,15.17,,,,,,,,,,,,,,6.688,1.04,0.52,9.022,15.18,8.539,,,,75.56,,,,,,,,11.2,8.9,6.4,9.7,8.6,6.238,9.9,,,,22,22,,,17.63,,23.96,44,44,3.65,,,55,12.06,,,,,,,,,,,1.64,55,,,8.24,,,,12.82,14.38,,,17.94,37.58,,,,,,,,
28973-97-9,(Z)-β-farnesene /  cis-β-farnesene,,8.889,,3.92,12.11,,232.2,19.87,28.63,7.986,22,,,,,,,,9.2,,1.8,,55,55,40.04,55,55,43.77,0.5244,6.095,41.14,4.253,26.78,20.1,20.1,,,,21.32,10.16,,,,,6.538,,,26.59,33.48,31.38,2.754,21.35,21.38,16.72,,238.6,,29.95,26.3,9.5,39.1,29.84,20,29.16,15.4,11.18,17.05,,,,,,,,,16.75,42.19,11.02,5.743,7.83,21.1,18.4,10.7,27.6,9.43,23.1,12.6,15.7,13.9,7.94,13,4.17,6.59,18.9,21.7,11.9,1.122,17.8,16.9,8.35,9.79,8.38,13.9,13.4,5.971,,,,4.13,,,,5.158,80.62,16.52,2.788,1.565,1.98,,1.663,,,2.254,,,,98.23,110,110,,,29.77,,1.482,,123,,,,,,,,,3.6,6.63,3.68,10.86,52.84,11.55,13.21,5.056,22,22,22,8.765,22,9.108,15.61,4.515,7.966,2.588,22,11,11,11,4.351,11,11,,0.7908,3.204,2.18,4.607,,,,5.501,7.857,3.706,10.37,26.81,27.12,29.6,26.14,22.83,26.64,14.62,7.59,20.69,26.47,33,33,30.18,29.98,31.45,,,4.175,,7.2,2.9,6.96,110,6.31,12.39,39.83,18.37,15.76,44,44,9.211,14.21,44.92,38.93,29.37,,,,,,,,,55,10.95,,,64.45,,,17.58,,,,,12.44,44.06,69.43,32.27,32.77,19.4,11.06,10.89,16.79,38.5,,29.84,,11.77,,,,12.34,,5.4,55,30.56,,,,,,,9.582,6.905,12.38,47.4,36.84,36.82,22.39,44,21.8,44,45.21,55,23.5,,,,,10.43,30.74,55,55,86.5,,,22,,,,14.55,11,,,,,,14.79,,75.93,55,31.9,55,45.23,55,7.77,12.37,15.56,,18.87,,,,17.61,26.79,23.97,110,4.3,110,13.66,,25.57,110,21.97,6.73,24.62,55,3.97,21.47,55,52.74,2.865,55,6.897,14.7,,,,,,13.67,10.19,22.13,23.25,31.51,10.94,55,2.169,9.583,,,,2.575,,7.41,,7.385,,,,,,5.761,8.432,3.23,13.9,25.5,14.51,33.1,34.5,,38.2,,,,,,,,11.2,8.9,6.4,9.7,8.6,4.026,11.08,,,,22,8.339,10.47,,14.81,25.6,12.61,42.07,44,8.967,13.46,10.4,47.38,13.32,,,,8.65,,10.7,,12.17,,25.7,1.948,55,5.203,,8.24,,,,12.82,14.38,,,21.64,37.58,,,,,,,180.9,189.8
57-11-4,octadecanoic acid  / stearic acid,,18.73,,0.84,12.39,,312.7,47.69,31.35,5.418,22,6.878,6.551,2.82,5.104,4.855,14.57,11.58,7.303,7.3,4.763,12.83,55,40.33,55,55,55,42.31,55,55,55,55,6.4,14.72,5.003,33,33,33,22,22,,,,,18.47,,,48.63,48.67,42.97,8.789,19.17,27.9,51.23,13.19,110.9,14.58,33.28,,,,33,34.07,33,55,,,40.62,,,,,,,,17.47,29.35,69.86,37.22,,,,,,,,,,,,,,,,,,0.8737,,,1.08,,0.5445,,,6.318,12.7,,79.66,,,,55,13.1,176.4,16.29,3.92,1.3,2.5,3.63,1.56,3.6,,1.631,2.88,33,33,47.68,110,96.93,,,,,2.85,,,2.31,8.799,6.299,12,11.71,2.88,3.07,3.53,10.99,15.93,22,19.48,47.49,10.72,39.92,18.49,22,22,22,7.168,22,10.62,4.944,6.851,10.47,4.483,16.96,7.533,11,11,2.908,11,11,8.666,7.554,36.15,7.245,6.653,6.6,,6.681,8.797,3.101,4.212,18.87,18.49,33,18.37,27.98,28.93,33,16.17,19.04,21.12,55,25.19,33,33,29.7,33,,,,,7,4.6,,,6.507,15.32,17.9,43.23,14.83,44,44,11.76,,,,,10.63,,7.26,2.24,,,0.09725,2.252,51.26,,0.9713,27.87,80.19,48.83,28.46,26.4,20.98,4.784,17.49,6.84,14.97,31.2,94.82,27.29,32.17,29.26,12.88,8.658,22.38,27.63,37.35,22.59,2.25,6.197,19.52,71.02,1.319,25.86,7.158,3.67,52.47,41.88,1.416,1.181,2.005,1.711,1.936,11.5,2.181,1.635,1.991,51.24,64.33,75.01,58.81,28.1,24.2,44,98.19,55,23.27,,,,,5.2,35.2,34.16,47.89,7.849,3.81,2.5,7.484,3.011,22,4.282,16.71,11.17,10.19,44,44,44,18.17,10.6,38.16,,55,,55,,,,,,,31.27,66.54,47.17,12.69,15.1,21.26,,110,,,22.73,,48.71,110,43.74,26.47,55,55,4,13.2,55,55,9.3,55,2,8.933,19.63,14.19,32.61,27.33,12.26,8.394,13.48,13.34,18.46,44.98,9.885,55,0.4032,10.09,51.09,41.72,39.69,3.279,,3.633,,,,,,,,5.303,7.509,2.169,14.97,9.21,5.281,16.27,12.78,8.277,27.57,0.21,281.6,18.92,33.91,48.29,281.6,182.2,7.8,,,14.79,13.68,17.5,11.18,,,,22,22,12.59,3.457,8.8,,4.65,12.32,22,8.183,13.76,8.49,55,3.236,2.293,5.371,10.99,55,,55,,7.286,,3.567,1.686,55,4.969,13.34,7.447,22.6,29.75,32.15,,,23.93,189.5,11.93,41.63,,,,11,5.68,11,292.2,70.82
140-11-4,Benzyl acetate,3.169,55,105,8.005,35.79,21.26,112.5,8.912,36.93,3.541,22,8.406,6.002,6.134,33,6.461,,,3.52,13.71,6.162,,55,35,55,55,55,55,,,,,,21.55,17.38,,,,,,,,,,,,,35.33,36.47,32.44,8.61,16.84,33,39.13,18.86,,22,,,,,25.69,,33,55,,,,,,,,,,,,23.43,37.5,20.99,,,,,,,,,,,,,,,,,,0.2422,,,12.9,,2.5,,,,23.64,,37.12,,279.5,422,8.07,156.5,713,108.6,,,,,,,,1.198,2.52,,,110,110,110,,,20.48,13.89,,17.78,19.75,5.02,8.53,,,,,,,9.42,10.53,22,16.94,28.78,8.496,31.31,22,22,22,22,22,22,22,22,22,22,22,22,,,,,,,,,,,,,,,27.56,33,33,33,33,24.62,25.53,23.14,25.99,33,22,22,22,39.08,33,33,33,33,33,,,,,,,,,,,,,,,,,,,,,,,,,390,9,,,15.8,,,52.59,90.54,37.19,,26.4,,,,,30.14,81.58,95.09,22.32,,23.86,18.57,17.54,26.53,38.5,39.78,23.17,,,,36.5,,24.03,8.382,5.268,55,30.2,,,,,,,,,,38,28.78,73.87,20.19,28.1,24.2,44,28.23,,,,,,,,,55,55,6.1,,,14.68,,,,10.57,,,,,,,11.8,16.88,14.67,55,23.8,,5.47,55,22.21,17.5,56.93,,,,,,,,,,10.8,,,,26.5,110,34,31.61,38.08,55,6.5,23.3,55,55,25.5,55,12.3,11.75,19.01,15.37,24.25,25.55,19.46,32.48,33.42,19.63,39.9,46.87,33.15,55,,35.2,38.46,36.64,14.34,9.05,3.7,6.685,13.6,5.5,,,,,,2.2,,,7.678,52.37,5.75,33.57,16.12,14.3,30.43,,,,,,,,,,,,,,11.53,,,,31.11,,9.89,6.411,8.03,,13.11,31.11,31.11,55,,9.52,55,,1.76,13.2,13.2,25.09,,21.48,,9.389,,23.49,,55,13.26,13.39,5.899,20.86,23.49,32.79,,,,,4.07,31.86,,,,,,,,
589-75-3,Butyl caprylate,,17.95,,0.84,8.178,,312.7,47.69,31.35,4.42,20.22,7.099,5.371,3.91,18.57,5.898,16.3,13.1,7.956,14.9,3.761,12.85,55,36.05,55,55,55,41.33,55,55,55,55,3.61,16.87,9.084,1.073,0.7972,2.057,12.31,6.448,,,,,6.995,,,43.55,47.96,46.47,4.445,20.71,26.83,36.49,12.04,118.2,14.09,36.42,,,,33,45.88,33,55,,,37.5,,,,,,,,17.6,21.89,32.97,16.76,,,,,,,,,,,,,,,,,,0.6111,,,1.721,,1.296,,,5.964,16.96,,84.2,,,,55,12.82,169.7,15.67,,,,,,,,0.9468,,33,33,88.77,110,110,,,12.36,13.89,2.889,,,2.524,7.104,4.926,12,11.71,2.88,3.07,3.53,10.43,12.88,15.5,19.09,47.04,10.56,10.43,22,22,22,22,11.82,22,19.46,15.07,5.728,18.09,7.613,22,7.058,11,11,3.102,11,11,13.65,6.644,32.13,6.71,7.265,6.6,,5.8,33,0.85,2.75,10.45,33,33,33,16.46,27.17,33,17.55,22,20.44,43.66,26.16,33,33,21.98,33,,,,,7,4.6,,,6.652,14.62,18.68,42.87,15.4,44,44,12.67,,,,,10.63,6.55,8.647,4.224,,,0.09855,2.28,27.08,,1.023,18.52,79.71,,47.84,26.4,21.68,4.529,16.38,6.662,26.81,40.84,92.29,26.13,21.84,19.19,14.49,14.39,19.94,38.5,36.32,22.81,2.25,3.039,20.27,70.87,,28.81,6.168,5.257,52.27,43.41,2.202,2.144,1.526,1.462,6.519,3.089,2.621,2.549,2.365,52.47,78.12,80.79,27.61,28.1,24.2,44,32.35,55,22.92,,,,,5.2,35.2,32.1,50.84,7.606,3.75,2.441,1.808,3.011,22,4.282,19.49,,11.16,44,44,44,19.68,10.19,37.72,,55,,55,,,,,,,35.51,,,,12.77,23.02,,110,,,23.02,,48.28,110,46.17,39.87,55,55,4,13.2,55,55,9.3,55,2,8.822,18.42,15.75,31.22,27.54,13.5,8.335,13.27,13.3,26.4,40.94,16.33,55,0.3939,19.31,45.93,39.52,28.62,5.259,3.7,3.998,13.6,5.5,4.609,3.412,2.384,3.532,2.838,4.666,11.1,6.937,15.08,9.21,4.262,17.5,12.78,8.277,30.92,0.21,281.6,18.92,33.91,48.29,281.6,182.2,,,,14.69,13.63,17.5,11.4,27.5,0.71,5.16,19.59,12.05,12.59,4.974,8.172,3.82,2.195,6.439,12.44,6.707,13.76,8.49,55,1.405,1.329,13.2,10.59,55,,55,,5.82,,12.17,1.914,55,6.505,8.937,5.643,25.8,28.31,28.56,,,23.93,189.5,8.08,42.73,,,,,,,287.9,73.8
110-38-3,"decanoic acid, ethyl ester / Ethyl decanoate",,17.8,,0.84,8.252,,312.7,47.69,31.35,4.283,20.48,6.669,5.555,3.018,8.387,4.941,1.039,13.1,8.349,7.3,5.863,12.85,55,37.4,55,55,51.28,41.57,55,55,55,55,4.271,24.6,15.34,33,33,33,22,22,,,,,22,,,46.94,47.76,42.65,5.352,20.35,27.63,29.7,10.47,118.9,14.37,30.01,,,,33,46.58,33,55,,,36.38,,,,,,,,17.52,22.04,30.99,16.34,,,,,,,,,,,,,,,,,,0.6096,,,1.76,,1.352,,,6.072,16.77,,81.53,,,,17.72,22.93,193.5,17.57,,,,,,,,0.7,2.88,33,33,75.91,110,110,,,12.36,13.89,3.034,,,2.25,7.413,5.34,12,11.71,2.88,3.07,3.53,11.03,15.81,22,19.16,47.11,10.58,40.21,19.55,22,22,22,6.737,22,12.06,7.241,6.074,13.3,3.717,18.45,7.053,11,11,3.099,11,11,12.33,6.646,32.13,6.703,7.25,6.6,,5.8,13.35,3.47,5.241,23.82,33,27.56,17.24,16.46,27.17,33,17.6,22,20.44,51.03,26.16,33,33,21.98,33,,,,,7,4.6,,,6.761,13.9,18.39,43.13,14.46,44,44,12.17,,,,,10.63,,7.26,2.24,,,0.09663,2.188,36.25,,1.034,20.55,79.79,,28.89,26.4,21.68,4.529,16.38,6.662,31.01,49.45,95.17,24.76,19.98,19.74,16.08,13.59,22.55,32.75,37.6,21.46,2.25,6.186,19.48,70.89,,20.18,13.6,4.527,52.87,40.73,2.201,2.147,1.527,1.952,3.813,6.671,2.634,2.563,2.378,52.32,68.34,68.62,42.22,28.1,24.2,44,62.01,55,22.98,,,,,5.2,35.2,32.05,50.86,7.711,3.718,2.41,3.87,3.011,22,4.282,22,,10.19,44,44,44,18.17,10.71,37.79,,55,,55,,,,,,,35.51,,,,12.77,25.83,,110,,,22.97,,48.48,110,46.13,22.2,55,55,4,13.2,55,55,9.3,55,2,8.733,19.28,14.62,32.21,27.39,12.6,9.581,13.31,13.31,20.88,39.67,10.21,55,0.3937,20.28,49.07,40.87,35.06,4.736,3.7,3.799,13.6,5.5,,,,,,5.236,9.831,4.965,11.74,9.21,4.711,16.39,12.78,8.277,30.94,0.21,281.6,18.92,33.91,48.29,281.6,182.2,,,,14.71,13.64,17.5,11.36,27.5,0.71,5.16,19.59,12.05,12.59,4.702,8.8,,2.224,5.656,16.2,8.7,13.76,8.49,55,2.716,1.781,9.427,10.6,55,,55,,5.82,,10.3,2.257,55,5.879,10.12,6.153,24.86,28.29,34.91,,,23.93,189.5,8.08,42.72,,,,,,,288.6,73.29
112-66-3,Dodecyl acetate / 12:Ac,,19.56,,5.629,20.2,,360.6,42.62,34.05,4.44,20.95,7.259,5.255,3.927,19.23,5.818,16.3,13.1,7.814,14.9,4.34,12.84,55,40.96,55,47.14,55,49.55,55,55,55,55,8.876,8.987,3.429,1.087,0.811,2.055,7.993,2.592,,,,,2.987,,,35.36,42.91,46.46,4.843,19.56,29.93,40.3,17.23,104.5,17.26,37.43,,,,33,41.98,33,55,,,38.98,,,,,,,,17.6,31.33,38.47,20.96,,,,,,,,,,,,,,,,,,0.5059,,,4.711,,2.7,,,6.076,16.42,,88.61,,,,23.3,30.45,239.2,20.74,,,,,,,,0.8184,,33,33,104.4,110,110,,,12.36,13.89,2.92,,,2.38,7.169,4.723,12,11.71,2.88,3.07,3.53,8.309,9.945,11.12,20.32,48.46,11.07,4.324,22,22,22,22,19.5,22,22,22,7.246,14.62,14.14,22,6.185,9.802,7.943,2.109,8.775,11.42,11.2,6.649,32.12,6.453,7.499,5.974,,6.399,14.94,11.09,14.74,27.41,33,27.03,16.08,15.59,26.75,33,22,22,20.32,40.53,30.47,33,33,21.27,33,,2.47,,,6.133,4.854,,,6.598,15.33,19.5,42.39,17.03,44,44,13.88,,,,,10.63,6.55,8.668,4.261,,,0.1062,2.438,27.23,,0.9637,19.17,82.88,,81.99,26.4,21.68,4.529,16.38,6.662,23.95,39.03,88.48,26.26,22.09,20.66,11.9,13.06,22.18,38.5,32.18,26.98,2.25,1.994,20.41,72.1,1.319,30.06,3.9,4.961,50.86,44.13,1.95,1.815,1.644,1.478,10.97,1.654,2.834,3.22,2.551,52.38,64.47,67.95,36.31,28.1,24.2,44,31.37,55,23.04,,,,,13.14,32.06,24.37,48.46,6.1,3.81,2.5,2.404,3.011,22,4.282,6.964,,11.93,44,44,44,20.88,10.85,55.32,,55,,55,,,,,,,17.99,25.57,24.29,22.07,13.97,21.02,,110,,,22.92,,48.7,110,40.62,39.64,46.74,55,5.438,21.65,55,46.79,12.35,55,4.397,8.306,20.09,13.66,33.13,27.25,11.84,9.977,14.2,13.38,40.6,45.84,26.34,55,0.394,12.28,42.83,38.13,23.1,3.388,5.052,5.109,13.6,3.467,4.61,3.351,2.345,3.336,2.623,4.323,9.278,2.904,18.11,10.7,3.808,15.85,12.78,8.277,30.96,0.21,281.6,18.92,33.91,48.29,281.6,182.2,,,,13.74,14.29,16.07,14.53,27.5,0.71,5.16,4.097,0.7912,12.59,4.87,7.952,3.82,0.5725,4.4,4.089,12.32,13.76,8.49,55,0.7727,1.344,13.2,10.7,55,,55,,5.82,,12.26,0.4147,20.72,1.687,11.19,5.773,22.9,25.68,30.66,,,23.93,189.5,6.824,43.49,,,,,,,309.3,60.62
14041-81-7,p-tert-Butylphenyl benzoate,3.386,55,,,,,,,,,22,9.703,6.987,7.253,33,6.743,,,4.6,9.9,4,2.7,55,55,55,55,28.4,55,,,,,,33,33,,,,,,,,,,,,,55,55,55,15.58,14.81,33,43.68,,,,,,,,18.95,,33,55,,,,,,,,,,,,7.18,,,,,,,,,,,,,,,,,,,,,,,,,,,,,35,,,,,,,58.17,442.5,305.8,,,,,,,,0.9467,2.52,,,,,,,,,,,17.78,19.75,,,,,,,,,9.42,10.53,22,12.1,18.1,1.42,35.22,22,15.97,14.89,9.078,22,22,22,22,,22,22,22,,,,,,,,,,,,,,,,,,,,,,22.99,22.36,33,22,22,22,30.7,33,33,33,33,33,,,,,,,,,,,,,,,,,,,,,,,,,,,,,12.97,,,,,37.19,,,,,,,,,,,,,,,,,,,,,,,,51.82,3.794,3.395,,,,,,,,,,,,,22.27,110,15.68,28.1,24.2,44,24.02,,,,,,,,,55,55,,,,22,,,,5.03,,,,,,,11.8,,14.67,40.05,,,,,,,,,,,,,,,,,10.8,,,,,,,,,,,,,,,,,18.79,21.2,26.51,23.89,31.26,30.15,55,33.42,19.63,46.74,46.11,34.95,43.36,,,,,,,,,,,,,,,,,,,7.078,11.46,4.86,15.77,11.91,6.926,26.69,,,,,,,,,,,,,,11.53,,,,,,9.89,,8.03,,,,,55,,9.52,16.65,,,,,,,,,,,,,,,,,,,,,,,,,,,,,,,,,
13936-99-7,p Isopropylphenyl benzoate,3.386,55,,,,,,,,,22,10.27,8.198,8.478,33,7.248,,,7.6,15.3,4.7,1.781,55,55,55,55,28.4,55,,,,,,33,33,,,,,,,,,,,,,55,55,55,15.58,14.81,33,43.68,,,,,,,,18.95,,33,55,,,,,,,,,,,,7.18,,,,,,,,,,,,,,,,,,,,,,,,,,,,,30.8,,,,,,,57.23,608.4,295.1,,,,,,,5,0.9493,2.52,,,,,,,,,,,17.78,24.59,,,,,,,,,9.427,9.59,22,13.54,14.29,1.42,38.84,22,18.05,17.29,12.74,22,22,22,22,,22,22,22,,,,,,,,,,,,,,,,,,,,33,13.34,22.99,22.36,33,22,22,22,30.7,33,33,33,33,33,,,,,,,,,4.71,27.7,15.13,44,7.63,44,44,4.96,,,,,,,,,,,,,12.97,,,,,37.19,,,,,,,,,,,,,,,,,,,,,,,,71.62,5.4,3.991,,,,,,,,,,,,,22.27,110,15.68,28.1,24.2,44,24.02,,,,,,,,,55,55,,,,22,,,,10.99,,,,,,,11.8,,14.67,46.09,34.32,,15.14,16.51,11.73,23.79,,,,,,,,,,,10.8,,,,,,,,,,,,,,,,,19.44,21.2,26.51,23.89,31.26,30.15,44.4,33.42,18.62,48.84,42.37,32.47,49.49,,,,,,,,,,,,,,,,19.21,,,8.991,44.1,6.575,23.17,12.15,9.521,29.98,,,,,,,,,,,,,,11.53,,,,,,9.89,,8.03,,,,,55,,9.52,24.21,,,,,,,,,,,,,,,,,,,,,,,,,,,,,,,,,
5444-77-9,4-Methylpentyl benzoate,3.386,55,,18.68,83.17,,414.7,38.17,36.93,3.3,22,10.2,8.832,9.053,33,7.569,,,1.4,11.9,4.8,2.7,55,48.41,55,55,34.23,55,,,,,,21.18,13.15,,,,,,,,,,,,,37.44,36.34,32.81,15.58,14.81,33,36.08,,,,,,,,18.95,,33,55,,,,,,,,,,,,7.18,,,,,,,,,,,,,,,,,,,,0.58,,,12.9,,2.5,,,,24.19,,90.46,,,,,58.17,442.5,305.8,,,,,,,,0.9118,2.52,,,,,,,,12.36,13.89,,17.78,19.75,,,,,,,,,9.42,10.53,22,12.1,18.1,1.42,35.22,22,17.89,17.1,12.42,22,22,22,22,,22,22,22,,,,,,,,,,,,,,,,,,,,,,25.54,25.04,33,22,22,22,30.7,33,33,33,33,33,,,,,,,,,,,,,,,,,,,,,,,,,,9,,,6.625,,,14.83,64.98,37.19,,26.4,,,,,26.62,,,,,,20.04,,23.8,,40.13,,,,,36.5,,30.35,3.558,4.588,52.33,37.46,,,,,,,,,,44.9,22.27,110,13.81,28.1,24.2,44,20.37,,,,,,,,,55,55,,,,10.92,,,,3.601,,,,,,,11.8,,14.67,38.62,,,,,,,,,,,,,,,,,10.8,,,,,,55,55,55,55,6.5,23.3,55,55,25.5,55,12.3,18.79,21.2,26.51,23.89,31.26,30.15,55,33.42,19.63,44.47,48.95,36.54,41.37,,,,,,4.867,4.901,6.844,13.6,3.627,,,,,,,,,5.895,66.72,7.214,19.18,11.96,11.2,31.07,,,,,,,,,,,,,,11.53,,,,,,9.89,,8.03,,,,,55,,9.52,12.42,,,,,,,,,,,,,48.38,,18.59,,,,,,,,,4.07,31.86,,,,,,,,
94134-32-4,butyl p-tert- butylbenzoate,,,13.39,6.2,24.08,,14.34,7.58,11.04,1.35,20.59,8.217,5.19,5.356,33,6,,,4.291,14.9,1.1,2.7,55,55,55,55,28.4,55,55,55,55,55,55,13.19,6.805,0.9554,0.7008,2.313,4.4,0.7345,,,,,0.9203,,,37.27,40.46,45.01,5.456,18.81,28.92,46.12,18.86,128.9,15.1,44,,,,33,45.84,33,55,,,37.76,,,,,,,,18.04,19.72,39.75,20.27,,,,,,,,,,,,,,,,,,0.82,,,,,,,,5.78,21.01,,91.25,,,,,,,,,,,,,,,0.8623,,,,110,110,110,,,12.36,13.89,,,,,8.53,,,,,,,4.4,4.4,4.4,,,,1.237,22,19.31,18.76,15.33,19.85,22,22,22,,17.89,17.73,22,,,,,,,16.2,,,,,,,,17.98,10.31,12.33,24.31,33,,,33,33,33,22,22,22,38.39,33,33,33,33,33,,,,,,,,,,,,,,,,,,,,,10.63,,7.26,2.24,,,0.11,2.727,4.35,,0.8207,14.83,47.93,,,26.4,,,,,28.16,57.9,95.09,,,13.36,15.29,15.52,22.91,38.5,37.4,21.68,,,,,,30.59,5.2,4.419,51.65,43.47,2.209,2.116,1.518,1.5,22,0.7244,,,,53,,,12.99,28.1,24.2,44,17.82,,,,,,,,,55,55,7.384,3.81,2.5,5.606,,,,3.384,,,,,,,,,,45.26,,,,,,,,,,,,,,,,,,,,,,110,55,55,55,55,4,13.2,55,55,9.3,55,2,,16.79,21.32,27.26,27.56,17.56,,,,49.27,55,32.14,45.41,0.3953,10.9,36.15,34.97,13.72,8,3.7,5.8,13.6,5.5,,,,,,2.2,,,11.61,9.21,2.38,15.91,12.06,8.646,,0.21,281.6,18.92,33.91,48.29,281.6,182.2,,,,,,,,,,,4.126,0.7915,,6.411,,,0.5715,4.4,4.118,55,,,13.54,0.6133,1.324,13.2,10.76,,,,,,,23.49,0.4074,,1.687,8.882,5.444,24.78,27.09,26.49,,,,,4.07,31.86,,,,,,,,
26537-19-9,Butyl p-tertbutylbenzoate,3.97,55,25.95,6.897,29.7,64.18,18.91,7.768,16.74,2.103,22,,,,,,0.08,,3.793,9.686,3.816,2.7,55,55,55,55,28.4,55,,,,,,33,33,,,,,,,,,,,,,8.67,13.32,11.83,8.17,9.68,33,41.38,,,22,,,,,33,55,33,39.91,,,28.26,,,,,,,,,,,,,,,,,,,,,,,,,,,,,0.82,,,,,,,,,,,,,,,,58.17,442.5,305.8,,,,,,,,0.7,,,,60.01,110,110,,,,,,17.78,19.75,,,,,,,,,9.42,10.53,22,12.1,18.1,1.42,35.22,22,17.14,16.22,11.03,22,22,22,22,22,22,22,22,,,,,,,,,,,,,,,,,,,,,,33,24.3,24.86,22,22,22,39.5,33,33,33,33,33,,,,,,,,63.7,7.01,16.04,27.53,44,10.99,44,44,11.25,,,,,,,,,,,,,43.51,,,,42.15,37.19,,26.4,,,,,45.77,77.31,73.07,,,9.81,18.79,,37.29,38.5,38.38,20.25,,7.55,,,,41.48,4.247,2.6,55,48.1,,,,,,,,,,,30.93,110,20.65,,,,42.24,,,,,,,,,44.69,55,29.5,,,22,,,,5.03,,,,,,,19.28,,14.67,55,,,,,,,,,,,,,,39.22,,,,,,,,,,,,,,,,,,,,18.79,19.95,31.42,20.31,28.93,29.8,55,33.42,19.63,55,48.31,42.34,55,,,,,,,,,,,,,,,,,,,8.263,,7.97,16.5,17.2,17.7,36.71,,,,,,,,,11,13.5,,,,11.92,,,,,,,,,,,,,55,,,55,,,,,,,,,,,,,55,,16.43,9.62,23.21,20.13,31.74,,,,,,,,,,,,,,
592-84-7,"methanoic acid, butyl ester, butyl formate",,16.16,,,,,,,,,15.83,7.25,33,3.99,0.96,10.7,14.57,10.99,9.494,,1,14.3,55,51.6,55,55,55,55,26.01,48.82,55,33.56,15.62,5.084,5.35,15.66,15.39,16.19,22,22,,,,,18.26,,,33.07,33.45,33.32,7.263,21.39,22.22,47.99,18.86,133.7,15.43,44,,,,30.42,50.45,33,55,,,37.86,,,,,,,,18.04,35.66,42.89,17.99,,,,,,,,,,,,,,,,,,,,,12.9,,55,,,6.315,24.22,,79.66,,,,55,14.25,222.6,41.45,3.92,1.3,2.5,3.63,1.56,3.6,,0.8624,,,,110,110,110,,,12.36,13.89,,,,3.34,8.53,,12,11.71,,,,12.22,12.75,14.09,34.06,55,14.72,9.451,22,22,22,22,22,22,22,22,17.57,22,22,22,7.367,9.785,7.905,2.164,8.746,11.43,16.2,3.314,20.55,4.999,8.838,6.6,,5.8,28.76,33,19.28,29.51,16,33,18.37,18.4,15.79,17.96,3.456,2.784,18.84,50.04,26.97,33,33,23.74,33,,,,,7,4.6,,,4.28,13.46,16.44,36.78,28.17,44,44,12.8,,,,,10.63,3.58,7.26,2.82,,,0.11,2.879,9.705,,1.017,23.27,78.72,48.83,67.14,26.4,,,,,32.12,58.79,117.1,24.38,30.93,12.23,15.71,17.37,21.76,29.65,20.03,20.76,,6.196,18.55,,1.127,52.47,5.219,,52.73,43.82,1.398,1.264,2.772,3.932,6.091,22,5.4,22,4.76,51.99,,,50.35,,,,59.66,46.33,22.94,,,,,,,44.08,55,7.486,3.81,2.5,22,,,,22,,,,,,,11.94,22.03,,55,,55,,,,,,,30.11,66.54,47.17,12.69,15.06,17.24,,110,,,17.96,,59.54,110,48.23,43.94,47.19,55,4,13.2,55,55,9.3,55,2,9.041,16.93,18.08,29.47,27.82,15.34,24.39,16.49,13.71,37.87,55,35.36,55,0.458,17.03,46.9,34.45,29.25,3,,,,,,,,,,7.53,44,0.96,33.07,7.143,3.594,41.3,,,25.16,0.3865,281.6,9.485,26.2,24,78.49,231.2,7.8,,,12.64,12.11,,11.16,,,,4.15,1.814,,5.811,8.8,,0.7924,3.807,4.4,55,13.76,,55,1.556,1.351,5.151,13.2,55,,55,,55,,23.49,0.5147,55,1.988,8.942,6.033,24.74,27.06,26.54,,,23.93,189.5,4.153,48.24,2.518,3.183,3.696,11,5.68,11,357.6,40.76
1453-82-3,Isonicotinamide,,,,,,,,,,,,,,,,,,,,,,,,,,,,,,,,,,,,,,,,,,,,,,,,,,,,,,,,,,,,,,,,,,,,,,,,,,,,,,,,,,,,,,,,,,,,,,,,,,,,,,,,,,,,,,,,,,,,,,,,,,,,,,,,,,,,,,,,,,,,,,,,,,,,,,,,,,,,,,,,,,,,,,,,,,,,,,,,,,,,,,,,,,,,,,,,,,,,,,,,,,,,,,,,,,,,,,,,,,,,,,,,,,,,,47.93,,,,,,,,,,,,,,,,,,,,,,,,,,,,,,,,,,,,,,,,,,,,,,,,,,,,,,,,,,,,,,,,,,,,,,,,,,,,,,,,,,,,,,,,,,,,,,,,,,,,,,,,,,,,,,,,,,,,,,,,,,,,,,,,,,,,,,,,,,,,,,,,,,,,,,,,,,,,,,,,,,,,,,,,,,,,,,,,,,,,10.02,,8.88,,26.32,,,,,,,,,,,,,,,,,,,,,,,,
943-15-7,3-Nitrocymene,,,,,,,,,,,,13,13.6,33,33,9.64,,,,,,,,,,,,,,,,,,,,,,,,,,,,,,,,,,,,,,32.21,,,,,,,,,,,,,,,,,,,,,,,,,,,,,,,,,,,,,,,,,,,,,,,,,,,,,,,,,,,55.52,1100,276.2,,,,,,,,,,,,,,,,,,,,,54.53,,,,,,,,,9.44,8.06,22,16.7,9.2,1.42,46.6,,,,,,,,,,,,,,,,,,,,,,,,,,,,,,,,33,13.34,,,,,,,,,,,,,,,,,,,,,4.71,27.7,15.13,44,7.63,44,44,4.96,,,,,,,,,,,,,,,,,,,,,,,,,,,,,,,,,,,,,,,,64.94,,,11.03,,,,,,,,,,,,,,,,,,,,,,,,,,,,,,,,,,22,,,,,,,,,,,,,,,34.32,,15.14,16.51,11.73,23.79,,,,,,,,,,,,,,,,,,,,55,8.1,23.8,55,55,55,55,29.4,20.7,,,,,,29.82,,16.89,,,,,,,,,,,,,,,,,,,,,,,,,,,,,,,,,,,,,,,,,,,,,,,,,,,,,,,,,,,,,,,,,,,,,,,,,,,,,,,,,,,,,,,,,,,,
207671−50−9,Rutin hydrate,,,,,,,,,,,6.173,6.87,5.68,6.13,3.82,2.5,,,,,,,,,,,,,,,,,,,,,,,,,,,,,,,,,,,,,,,,,,,,,,10.63,,7.78,,,,,,,,,,,,10.42,11.98,,,,,,,,,,,,,,,,,,,,,,,,,,,,,,,,,,,,,,,,,,,,,,,,,,,,,,,,,,,,1.19,,3.7,,,,,,,,,,,,,,,,,,,,,22,,,,,,,,,,,,,,,,,,,,,,,,,,,,,,,,,,,,,,,,,,,,,,,,,,,,,,,,,,,,,,,,,,,,,,,,,,,,,,,,,,,,,,,,,,,,,,,,,,,,,,,,,,,,,,,,,,,,,,,,,,,,,,,,,,,,,,,,,,,,,,,,,,,,,,,1.82,,,,,,,,,,,,,,,,,,,,,,,,,,,,,,,,,,,,,,,,,,,,,,,,,,,,,,,,,,,,,,,,,,,,,,,2.2,,,,,,,,,,,,,,,,,,,,,,,,,,,,,,,,,,,,,,,,,,,,,,,,,,,,,,,
96-76-4,"2,4-di-tert-butylphenol",,,,,,,,,,,,,,,,,,,3.1,5.9,6,2.7,,,,,,,,,,,,,,,,,,,,,,,,,,,,,,,,,,,,,,,,,,,,,,,,,,,,,,,,,,,,,,,,,,,,,,,,,,,,,,,,,,,,,,,,,,,,,,,,,,,,,,,,,,,,,,,,,,,,,,,,,,,,,,,,,,,,,,,,,,,,,,,,,,,,,,,,,,,,,,,,,,,,,,,,,24,,,,,,,,,,,,,,,,,,,,,,33.84,43.98,67.57,17.53,,,,,,,,,,,,,,,,,,,,,,,,,,,,,,,,,,,,,,,3.4,2.6,,,,,,,,,,,,,,,8.31,,,,80.92,,,,,,,,,,,,,,,,,,,,,,,,,11.8,,,55,33.8,,14.43,49.85,9.58,20.09,0.77,,,,,,,,,,,,,,,,,,,,,,,,,,,,16.78,55,27.12,32.14,18.84,,,,19,55,9.5,55,,,,,,,,,,,,,,,,,,,,20.05,,9.083,10.57,5.644,,,,,,,,,,,,,,,40.49,,,,,,,,,,,,,,,,29.54,20.43,,,,,,,,,,,,,,,,,,,,,,,,,,,,,,,,
546-79-2,sabinene hydrate,,,,,,,,,,,,,,,,,,,,,,,,,,,,,0.4,1.4,33.8,2,20,,,,,,,,,,,,,,,,,,,,,,,,,,,,,,,,,,,,,,,,,,,,,,,,,,,,,,,,,,,,,,,,,,,,,,,,,,,,,,,,42.18,609.8,85.47,,,,,,,,,,,,,,,,,21.91,,,,,,,,,,,,,8.719,8.132,22,13.95,55,17.99,12.73,22,22,22,22,12.39,22,22,22,,22,6.1,22,11,11,11,11,11,11,,,,,,,,,,,,,,,,16.35,9.22,20.15,11.68,6.25,22,30,33,33,19.85,22.71,19.37,,,,,,,,,,,,,,,,,,,,,,,,,,,,,,,,,,,,,,,,,,,,,,,,,,,,,,,,,,,,,,,,,,,,,22,4.9,7.53,,,,,,,,,,,,,,,,,,,,,,,,,,,,,,,,,,,,55,,,,,,,,,,,,,,,,,,,,,,,,,,,,,,,,,,,,,,,,,,,25.6,30.1,14.1,55,,,,,,,,,,,,,,,,,,,28.33,,,,,,,,,,,,,,,,,,,,,,,,,,,,,,,,,55,,,55,,,,,,,,,,,25.94,3.12,,,,,,,,,,,,,,,,,,,,,
52783-44-5,Heptadecanol,,19.6,,0.84,11.81,,312.7,47.69,31.35,3.482,22,7.25,33,3.99,0.96,10.7,14.6,11.62,10.25,,,12.09,55,51.6,55,55,55,55,22.84,55,55,37.81,6.704,22.16,4.729,33,33,33,22,22,,,,,17.71,,,53.49,47.73,52.92,7.493,20.81,24.65,55,13.38,59.53,14.69,31.18,,,,32.21,26.61,33,55,,,44.07,,,,,,,,17.33,24.73,13.43,6.344,,,,,,,,,,,,,,,,,,0.44,,,5.242,,10.3,,,6.569,,,69.78,,,,55,35.74,380.7,48.45,3.92,1.3,2.5,3.63,1.56,3.6,,0.863,,33,33,83.79,110,110,,,24.6,,2.85,,,3.797,12.07,8.141,12,11.71,2.449,2.821,3.235,13.87,13.82,22,23.95,55,17.47,41.71,22,22,22,22,22,22,22,8.387,10.4,12.57,22,22,6.217,11,11,2.379,11,11,5.04,8.534,39.61,3.79,4.647,6.6,,7.249,16.61,20.41,14.62,29.16,21.8,17.17,19.12,24.72,29.87,33,22,22,21.19,51.03,29.29,33,33,26.78,33,,,,,7,4.6,,,7.956,19.22,25.83,43.15,20.5,44,44,21.77,,,,,10.63,4.799,6.268,2.439,,,0.1551,2.019,52.49,,1.21,47.52,81.9,48.83,17.88,7.829,21.14,4.771,17.44,6.873,10.41,4.789,83.65,23.06,32.74,23.65,9.544,7.791,19.01,25.26,27.36,29.91,2.102,6.076,19.55,94.11,1.152,89.4,10.23,,51.84,41.69,1.004,0.7493,1.806,1.711,1.936,11.5,3.068,3.896,2.764,50.58,47.03,52.65,62.15,,,,94.21,55,14.31,,,,,5.2,35.2,33.77,55,8.009,3.81,2.5,1.45,3.011,22,4.282,12.84,11.17,10.19,44,44,44,18.17,7.536,35.96,,55,,55,,,,,,,31.37,66.54,47.17,12.69,15.06,18.86,,91.72,,,21.63,,48.99,110,55,29.4,37.84,55,4,13.2,55,55,9.3,55,2,14.55,26.83,8.5,40.4,26.31,7.64,19.71,16.57,13.7,55,55,55,55,0.5664,4.723,52.12,33.55,39.08,3.326,,5.148,,,,13.88,,,,9.667,15.63,1.041,16.53,5.14,5.146,,,,28.72,,,,,,,,7.8,,,14.31,13.87,17.13,10.51,,,,10.15,1.54,12.59,4.365,8.8,16.39,4.655,10.03,14.89,13.54,13.76,8.49,55,1.364,3.133,1.468,11.73,55,,55,,13.57,,0.7585,0.4473,55,2.744,6.481,5.112,22.36,30.1,22.22,,,23.93,189.5,4.924,43.92,,,,11,5.68,11,334.1,49.1
100-66-3,Methoxybenzene / Anisole,3.376,55,,,,,,,,,22,,,,,,,,,,12.9,,,,,,,,,,,,,,,,,,,,,,,,,,,40.32,39.92,33.52,15.58,14.81,33,43.63,,,,,,,,18.95,,33,55,,,,,,,,,,,,,,,,,,,,,,,,,,,,,,,,0.48,,,,,,,,,,,,,,,,58.17,442.5,305.8,,,,,,,,4.3,2.328,,,,,,,,36.55,,,17.78,19.75,,,,,,,,,9.42,10.53,22,12.1,18.1,1.42,35.22,22,22,22,22,22,22,22,22,,22,22,22,,,,,,,,,,,,,,,,,,,,24.11,33,14.34,13.45,33,22,22,22,30.7,33,33,33,33,33,,,,,,,,,,,,,,,,,,,,,,,,,,,,,12.97,,,,19.83,37.19,,,,,,,,,,,,,,,,,,,,,,36.5,,35.69,13.76,9.7,,,,,,,,,,,,,28.36,29.47,28.45,,,,48.33,,,29.13,,16.16,46.23,,,55,55,,,,22,,,,12.82,,,,,,,11.8,,14.67,55,,,,,,,,,,,,,,,,,10.8,,,,,,55,55,55,55,6.5,23.3,55,55,25.5,55,12.3,18.79,21.2,26.51,23.89,31.26,30.15,55,33.42,19.63,46.43,39.09,34.45,55,,,39.81,37.97,21.65,,,,,,,,,,,19.21,,,16.21,,,,,,,,,,,,,,,,,,,,11.53,,,,,,9.89,,8.03,,,,,55,,9.52,55,,,,,8.07,,55,,10.03,,,,55,,,,,,,,,,,,,,,,,,,,
-,2-Pyrrolyl-p-methyl-azobenzene,,,,,,,,,,,,,,,,,,,,2,2.8,4.2,,,,,,,,,,,,,,,,,,,,,,,,,,,,,,,,,,,,,,,,,,,,,,,,,,,,,,,,,,,,,,,,,,,,,,,,,,,,,,,,,,,,,,,,,,,,,,,,,,,,,,,,,,,,,,,,,,,,,,,,,,,,,,,,,,,,,,,,,,,,,,,,,,,,,,,,,,,,,,,,,,,,,,,,,,,,,,,,,,,,,,,,,,,,,,,,,,,,,,,,,,,,,0.6087,,,,,,,,,,,,,,,,,,,,,,,,,,,,,,,,,,,,,,,,,,,,,,,,,,,,,,,,,,,,2.365,2.133,,,,,,,,,,,,,,,,,,,,,,,,,,,,,,,,,,,,,,,,,,,,,,,,,,,,,,,,,,,,,,,,,,,,,,,,,,,,,,,,,,,,,,,,,,,,,,,,,,,,,,,,,,,,,,,,,,,,,,,,,,,,,,,,,,,,,,,,,,,,,,,,,,,,,
2257-09-2,Phenethyl isothiocyanate,,,105,4.01,17.99,21.26,38.78,2.72,,3.75,,,,,,,,,,,7.7,,55,55,55,28.3,55,13.4,,,,,,10.1,9.1,,,,,,,,,,,,,,,,,,,55,,,,,,,,,,,,,,,,,,,,,,,,,,,,,,,,,,,,,,,,,,,,,,12.9,,2.5,,,,,,15.69,,,,,,,,,,,,,,,,,,,110,110,110,,,,,,,,5.02,,,,,,,,,,,27.1,55,103.2,26.57,22,22,22,22,20.12,22,22,22,22,22,17.88,22,,,,,,,,,,,,,,,33,33,33,33,33,24.95,33,33,33,33,22,22,22,55,33,33,33,33,33,,,,,,,,,,,,,,,,,,,,,,,,,,,,,55,,,90.02,79.99,,,,,,,,,,,22.32,,38.5,,21.44,,38.5,,26.38,,,,,,,18.9,,55,32.83,,,,,,,,,,35.35,34.89,54.78,52.85,,,,53.47,,,,,,,,,55,55,,,,22,,,,22,,,,,,,11.8,16.88,,55,23.8,,5.47,55,22.21,17.5,56.93,,,,,,,,,,,,,,26.5,,55,55,55,,,,,,,,,,,,,,,,,,34,55,26.1,55,,,40.3,37.94,14.82,,,,,,,,,,,,,,8.81,,4.18,,,,,,,,,,,,,,,,,,46.82,,,,28.38,,,,,,13.02,28.38,28.38,55,,,55,,,,,9.07,,6.17,,9.04,,,,49.16,13.26,,,,,,,,,,,,,,,,,,,
67-64-1,acetone,,,,,,,,,,,22,,,,,,,,,,,,,,,,,,,,,,,,,,,,22,22,,,,,22,,,19.51,20.41,22.46,16.11,13.2,16.94,25.71,,,,,,,,33,,33,55,,,55.13,,,,,,,,,,,,,,,,,,,,,,,,,,,,,,,,,,,,,,,,,,,,8.07,384.6,1100,42.35,,,,,,,,,,,,,,,,,,,6.41,,,8.81,5.64,,,,,,,,,,,,,,22,22,22,22,22,22,22,22,,22,22,22,,,,,,,,,,,,,,,,,,,,24.53,11.34,,,,,,,15,,,,,,,,,,,,,,5.31,6.84,,,,,,,,,,,,,,,,,,,,,,,,,,,,,,,,,,,,,,,,,,,,,,,,,,,55,35.8,,,,,,,,,,,,,,,,,,,,,,,,,,,,,,,,,,,,,,,,,,,,,55,,,,,,,,,,,,,,,,,,,25.14,,,,17.23,14.44,22.64,,,,,,,,,7.67,22.72,32.86,17.18,30.82,35.36,20.13,,,,,,55,,,39.81,29.59,44.35,,,,,,,,,,,,,,,,,,,,,,,,,,,,,,,,,,,,,,,,,,,,,,,,,,55,,,,,,,,,,,,,55,,14.11,10.25,37.67,32.61,,,,,,4.54,39.82,,,,,,,,
64-17-5,ethanol,,,,,,,,,,2.79,22,,,,,,,,10.7,,,11.8,55,55,55,48.06,46.73,35.26,,,,,,18.51,5.442,33,33,33,,,,,,,,,,41.37,38.5,42.1,8.794,17.34,26.85,37.01,,,14.29,,,,,33,32.9,33,55,,,,,,,,,,,,24.73,13.48,6.371,,,,,,,,,,,,,,,,,,,,,12.9,,55,,,,,,,,,,50.03,69.13,322.6,139.2,,,,,,,,0.863,,,,86.02,110,110,,,,,,,,5.19,7.2,8.09,9.93,9.94,2.88,3.07,3.53,22,13.39,22,18.41,55,17.04,43.4,22,22,22,22,22,22,22,22,,22,22,22,4.696,11,11,1.76,11,11,4.14,11.95,37.69,5.845,5.845,,,,,,,,,4.83,20.13,33,28.56,33,22,22,22,,33,33,33,33,33,,,,,,,,,9.05,21.16,29.93,44,21.29,44,44,27.09,,,,,,,,,,,,,55,,2.96,,86.85,46.8,14.75,8.166,20.72,5.128,19.02,7.28,18.35,1.22,74.14,31.78,32.95,23.65,11.69,8.381,27.55,25.26,30.44,29.91,2.25,7.153,19.31,113.1,,23.15,10.23,,55,48.8,,,,1.711,1.936,11.5,14.23,8.613,13.9,,58.08,49.11,57.69,,,,76.2,55,12.68,,,,,10.7,35.2,34.79,55,8.443,,,4.141,3.011,22,4.282,17.72,,10.19,44,44,44,18.17,8.536,58.11,41.08,55,,55,,,,,,1.64,20.72,,,,6.99,,,,,,,,45.42,,55,35.96,41.09,55,8.2,30.8,55,39.5,27,55,13,17.17,,,,,,12.29,11.76,21.2,55,55,21.1,55,35.2,25.29,39.3,25.97,26.98,8,,,,,,,,,,7.92,,,44.31,12.54,6.669,,,,33.13,,,,,,,,,9.2,15.8,11.49,12.62,16.09,12.29,,,,29.71,,,,,,32.66,44,44,55,,,38.21,1,13.2,2,13.2,55,,8.07,,55,,,,,,5.27,4.39,22.27,32.16,17.11,,,16.39,36.3,4.924,,,,,,,,,
431-03-8,"2,3-butanedione",,,,,,,,,,,,,,,,,,,,,,,,,,,,,,,,,,,,,,,,,,,,,,,,,,,,,,,,,,,,,,,,,,,,,,,,,,,,,,,,,,,,,,,,,,,,,,,,,,,,,,,,,,,,,,,,8.07,384.6,1100,42.35,,,,,,,,,,,,,,,,,,,,,,,,,,,,,,,,,,,,,,,,,,,,,,,,,,,,,,,,,,,,,,,,,,,,11.25,14.93,,,,,,,,,,,,,,,,,,,,,5.31,6.84,,,,,,,,,,,,,,,,,,,,,,,,,,,,,,,,,,,,,,,,,,,,,,,,,,,,,,,,,,,,,,,,,,,,,,,,,,,,,,,,,,,,,,,,,,,,,,,,,,,55,,,,,,,,,,,,,,,,,,,,,6.21,4.46,10.38,,,,,,,,,7.67,22.72,32.86,17.18,30.82,35.36,20.13,,,,,,,,,39.57,29.03,55,,,,,,,,,,,,,,,,,,,,,,,,,,,,,,,,,,,,,,,,,,,,,,,,,,,,,,,,,,,,,,,55,,,,,,,,,,,8.114,39.82,,,,,,,,
78-85-3,2-methyl-2-propenal / methacrolein,,,,,,,,,,,,,,,,,,,,,,,,,,,,,,,,,,,,,,,,,,,,,,,,,,,,,,,,,,,,,,,,,,,,,,,,,,,,,,,,,,,,,,,,,,,,,,,,,,,,,,,,,,,,,,,,,,,,,,,,,,,,,,,,,,,,,,,,,,,,,,,,,,,,,,,,,,,,,,,,,,,,,,,,,,,,,,,,,,,,,,,,,,,,,,,,,,,,,,,,,,,,,,,,,,,,,,,,,,,,,,,,,,,,,,,,,,,,,,,,,,,,,,,,,,,,,,,,,,,,,,,,,,,,,,,,,,,,,,,,,,,,,,,,,,,,,,,,,,,,,,,,,,,,,,,,,,,,,,,,,,,,,,,,,,,,,,,,,,,,,,,,,,,,,,,,39.76,30.57,55,,,,,,,,,,,,,,,,,,,,,,,,,,,,,,,,,,,,,,,,,,,,,,,,,,,,,,,,,,,,,,,,,,,,,,,,,,4.54,39.82,,,,,,,,
334-20-3,Queen substance / (E)-9-oxodec-2-enoic acid  / 9-ODA,,,,0.84,9.831,,312.7,47.69,31.35,6.67,22,,,,,,,,,,,,,,,,,,6.617,55,55,55,1.075,8.254,2.34,1.148,0.8635,1.967,17.22,13.36,,,,,12.2,,,43.81,43.65,41.13,15.77,16.94,28.42,51.23,,,,,,,,24.84,,33,55,,,55.13,,,,,,,,17.87,18.91,7.93,12.84,,,,,,,,,,,,,,,,,,1.6,,,0.5,,0.13,,,,,,,,,,,8.207,77.92,7.146,,,,,,,,3.6,,33,33,42.26,110,89.38,,,,,,,,2.279,6.747,4.434,,,1.56,2.23,2.54,7.335,6.759,7.118,8.5,31.9,5.73,3.312,18.63,22,22,22,7.53,22,10.97,7.348,5.754,10.81,4.807,17.16,3.631,6.661,2.488,0.6818,2.739,12.37,,1.584,8.754,1.215,1.164,,,,3.316,27.06,7.238,16.46,3.264,,,16.15,24.15,33,15.76,18.61,20.4,41.38,30.59,33,33,21.74,33,,,,,,,,,6.44,15.09,16.53,44,12.97,44,44,10.06,,,,,10.63,6.55,8.776,4.458,,,0.1229,2.337,55,,0.9517,,,,420,26.4,,,,,5.618,13.67,91.52,9.269,13.32,23.81,3.295,14.44,6.715,15.39,14.1,20.49,1.73,1.297,19.98,63.15,1.116,26.89,9.964,,55,35.8,1.406,1.235,2.255,1.062,4.316,1.402,2.198,1.005,2.01,47.6,110,56.91,110,,,,68.67,55,23.5,,,,,5.2,35.2,,,6.675,,,2.404,,,,12.11,,13.58,44,44,44,23.39,13.35,4.97,,55,,,,,,,,,,,,,,18.68,,110,,,25.14,,,,42.52,34.28,55,,,,,,,,,6.868,,,,,,9.267,6.7,12.51,19.92,32.42,8.872,55,0.4164,0.5844,,,,2.5,,4.527,,6.14,4.609,4.223,2.429,3.785,3.103,4.689,5.212,2.168,9.412,6.734,5.709,,,,,0.3378,281.6,11.05,27.74,28.01,104.1,219.4,,,,,,,,27.5,0.71,5.16,8.612,1.804,,4.19,7.58,7.187,0.6515,2.729,8.592,7.302,,8.49,55,1.206,1.258,9.581,10.49,16.27,,16.18,,16.6,,1.926,1.37,24.68,0.8417,12.09,10.25,37.67,32.61,,,,,,10.35,38.94,2.518,3.183,3.696,,,,,
2271-34-3,11-Hexadecenoic Acid,,13.01,,0.84,4.798,,312.7,47.69,31.35,5.858,15.74,6.304,14.3,2.324,0.8268,5.538,14.09,10.71,8.549,7.3,,14.3,55,53.65,55,42.72,55,55,4.3,55,55,55,0.8,10.84,1.825,8.369,7.605,7.609,9.313,3.58,,,,,4.038,,,42.1,42.32,40.74,10.58,23.6,22.07,45.01,12.23,110.4,14.7,34.78,,,,30.38,45.07,33,55,,,42.9,,,,,,,,17.39,29.58,28.52,12.67,,,,,,,,,,,,,,,,,,1.073,,,0.5,,0.13,,,5.78,,,77.12,,,,48.85,10.02,91.65,15.45,3.92,1.3,2.5,3.63,1.56,3.6,,1.595,2.88,33,33,29.91,110,79.41,,,,,2.979,,,1.886,4.505,3.102,,,1.56,2.23,2.54,6.774,5.808,5.453,19.84,45.36,9.722,1.318,18.92,22,22,22,5.636,22,9.534,5.53,8.514,8.31,2.13,15.71,5.306,8.478,5.085,1.545,5.344,11.69,10.03,3.046,16.53,2.71,2.448,6.6,,5.8,4.514,20.61,5.257,16.54,3.31,27.41,15.02,30.42,24.37,27.28,5.793,7.175,21.45,55,28.17,33,33,30.9,33,,,,,7,4.6,,,5.796,14.65,16.51,42.01,15.84,44,44,10.7,,,,,10.63,4.889,7.641,3.569,,,0.1147,2.464,41.16,,1.028,53.11,72.83,47.95,111.2,26.4,,,,,13.64,30.13,107.8,16.13,19.81,28.4,7.263,16.64,10.89,20.31,18.62,21.9,1.73,2.166,19.52,63.15,1.097,25.8,7.62,2.7,52.65,43.16,1.131,0.9017,2.414,0.8596,1.766,1.928,1.651,1.07,1.365,50.23,110,110,86.57,,,,75.12,47.47,25.09,,,,,5.913,35.2,43.26,49.4,6.958,3.81,2.5,6.038,,,,19.1,,13.58,44,44,44,23.39,13.29,10.32,41.08,55,,55,,,,,,,15.21,66.54,47.17,12.69,14.23,18.79,,110,,,25.14,,65.83,110,39.42,36.58,47.26,55,4,13.2,55,55,9.3,55,2,7.766,18.79,15.24,31.65,27.47,13.1,14.17,10.04,14.08,19.96,45.12,9.747,55,0.6816,1.311,52.01,38.71,41.13,3,,3.3,,,4.61,4.517,2.339,3.309,2.592,3.593,6.234,6.995,9.474,6.529,2.957,,,,25.61,0.3759,281.6,9.79,26.51,24.79,83.24,228.7,7.8,,,11.3,11.72,15.08,11.94,27.5,0.71,5.16,15.28,3.782,,3.665,8.206,7.838,1.167,3.257,14.96,9.396,,8.49,55,1.278,1.43,1.34,11.17,42.73,,41.47,,12.39,,0.5455,0.622,36.56,2.34,13.57,8.25,22.03,28.06,36.5,,,21.23,96.28,9.917,42.58,2.518,3.183,3.696,11,5.68,11,186.2,243.1
13126-39-1,(Z)-13-Octadecenoic acid,,13.01,,0.84,4.798,,312.7,47.69,31.35,5.858,15.74,6.304,14.3,2.324,0.8268,5.538,14.09,10.71,8.549,7.3,,14.3,55,53.65,55,42.72,55,55,4.3,55,55,55,0.8,10.84,1.825,8.369,7.605,7.609,9.313,3.58,,,,,4.038,,,42.1,42.32,40.74,10.58,23.6,22.07,45.01,12.23,110.4,14.7,34.78,,,,30.38,45.07,33,55,,,42.9,,,,,,,,17.39,29.58,28.52,12.67,,,,,,,,,,,,,,,,,,1.073,,,0.5,,0.13,,,5.78,,,77.12,,,,48.85,10.02,91.65,15.45,3.92,1.3,2.5,3.63,1.56,3.6,,1.595,2.88,33,33,29.91,110,79.41,,,,,2.979,,,1.886,4.505,3.102,,,1.56,2.23,2.54,6.774,5.808,5.453,19.84,45.36,9.722,1.318,18.92,22,22,22,5.636,22,9.534,5.53,8.514,8.31,2.13,15.71,5.306,8.478,5.085,1.545,5.344,11.69,10.03,3.046,16.53,2.71,2.448,6.6,,5.8,4.514,20.61,5.257,16.54,3.31,27.41,15.02,30.42,24.37,27.28,5.793,7.175,21.45,55,28.17,33,33,30.9,33,,,,,7,4.6,,,5.796,14.65,16.51,42.01,15.84,44,44,10.7,,,,,10.63,4.889,7.641,3.569,,,0.1147,2.464,41.16,,1.028,53.11,72.83,47.95,111.2,26.4,,,,,13.64,30.13,107.8,16.13,19.81,28.4,7.263,16.64,10.89,20.31,18.62,21.9,1.73,2.166,19.52,63.15,1.097,25.8,7.62,2.7,52.65,43.16,1.131,0.9017,2.414,0.8596,1.766,1.928,1.651,1.07,1.365,50.23,110,110,86.57,,,,75.12,47.47,25.09,,,,,5.913,35.2,43.26,49.4,6.958,3.81,2.5,6.038,,,,19.1,,13.58,44,44,44,23.39,13.29,10.32,41.08,55,,55,,,,,,,15.21,66.54,47.17,12.69,14.23,18.79,,110,,,25.14,,65.83,110,39.42,36.58,47.26,55,4,13.2,55,55,9.3,55,2,7.766,18.79,15.24,31.65,27.47,13.1,14.17,10.04,14.08,19.96,45.12,9.747,55,0.6816,1.311,52.01,38.71,41.13,3,,3.3,,,4.61,4.517,2.339,3.309,2.592,3.593,6.234,6.995,9.474,6.529,2.957,,,,25.61,0.3759,281.6,9.79,26.51,24.79,83.24,228.7,7.8,,,11.3,11.72,15.08,11.94,27.5,0.71,5.16,15.28,3.782,,3.665,8.206,7.838,1.167,3.257,14.96,9.396,,8.49,55,1.278,1.43,1.34,11.17,42.73,,41.47,,12.39,,0.5455,0.622,36.56,2.34,13.57,8.25,22.03,28.06,36.5,,,21.23,96.28,9.917,42.58,2.518,3.183,3.696,11,5.68,11,186.2,243.1
544-64-9,(Z)-9-tetradecenoic acid,,13.01,,0.84,4.798,,312.7,47.69,31.35,5.858,15.74,6.304,14.3,2.324,0.8268,5.538,14.09,10.71,8.549,7.3,,14.3,55,53.65,55,42.72,55,55,4.3,55,55,55,2,10.84,1.825,8.369,7.605,7.609,9.313,3.58,,,,,4.038,,,42.1,42.32,40.74,10.58,23.6,22.07,45.01,12.23,110.4,14.7,34.78,,,,30.38,45.07,33,55,,,42.9,,,,,,,,17.39,29.58,28.52,12.67,,,,,,,,,,,,,,,,,,1.073,,,0.5,,0.13,,,5.78,,,77.12,,,,48.85,10.02,91.65,15.45,3.92,1.3,2.5,3.63,1.56,3.6,,1.595,2.88,33,33,29.91,110,79.41,,,,,2.979,,,1.886,4.505,3.102,,,1.56,2.23,2.54,6.774,5.808,5.453,19.84,45.36,9.722,1.318,18.92,22,22,22,5.636,22,9.534,5.53,8.514,8.31,2.13,15.71,5.306,8.478,5.085,1.545,5.344,11.69,10.03,3.046,16.53,2.71,2.448,6.6,,5.8,4.514,20.61,5.257,16.54,3.31,27.41,15.02,30.42,24.37,27.28,5.793,7.175,21.45,55,28.17,33,33,30.9,33,,,,,7,4.6,,,5.796,14.65,16.51,42.01,15.84,44,44,10.7,,,,,10.63,4.889,7.641,3.569,,,0.1147,2.464,41.16,,1.028,53.11,72.83,47.95,111.2,26.4,,,,,13.64,30.13,107.8,16.13,19.81,28.4,7.263,16.64,10.89,20.31,18.62,21.9,1.73,2.166,19.52,63.15,1.097,25.8,7.62,2.7,52.65,43.16,1.131,0.9017,2.414,0.8596,1.766,1.928,1.651,1.07,1.365,50.23,110,110,86.57,,,,75.12,47.47,25.09,,,,,5.913,35.2,43.26,49.4,6.958,3.81,2.5,6.038,,,,19.1,,13.58,44,44,44,23.39,13.29,10.32,41.08,55,,55,,,,,,,15.21,66.54,47.17,12.69,14.23,18.79,,110,,,25.14,,65.83,110,39.42,36.58,47.26,55,4,13.2,55,55,9.3,55,2,7.766,18.79,15.24,31.65,27.47,13.1,14.17,10.04,14.08,19.96,45.12,9.747,55,0.6816,1.311,52.01,38.71,41.13,3,,3.3,,,4.61,4.517,2.339,3.309,2.592,3.593,6.234,6.995,9.474,6.529,2.957,,,,25.61,0.3759,281.6,9.79,26.51,24.79,83.24,228.7,7.8,,,11.3,11.72,15.08,11.94,27.5,0.71,5.16,15.28,3.782,,3.665,8.206,7.838,1.167,3.257,14.96,9.396,,8.49,55,1.278,1.43,1.34,11.17,42.73,,41.47,,12.39,,0.5455,0.622,36.56,2.34,13.57,8.25,22.03,28.06,36.5,,,21.23,96.28,9.917,42.58,2.518,3.183,3.696,11,5.68,11,186.2,243.1
373-49-9,9-hexadecenoic acid  / palmitoleic acid,,14.49,,0.84,5.064,,312.7,47.69,31.35,5.808,15.73,6.85,8.717,2.872,3.366,5.418,14.12,10.73,10.07,7.3,8.19,13.34,55,53.44,55,43.87,55,55,2.9,55,55,55,0.8,6.786,1.945,8.274,7.506,7.5,11.04,5.125,,,,,5.645,,,42.21,42.41,40.83,10.56,23.63,22.05,45.09,12.29,105,13.99,34.17,,,,30.37,38.82,33,55,,,42.24,,,,,,,,17.4,29.54,28.86,12.73,,,,,,,,,,,,,,,,,,1.011,,,0.6586,,0.2171,,,6.264,,,75.98,,,,50.71,10.04,91.74,15.52,3.92,1.3,2.5,3.63,1.56,3.6,,1.576,2.88,33,33,30.88,110,80.26,,,,,2.956,,,2.01,4.635,3.888,12,11.71,1.884,2.46,2.811,8.347,7.421,6.466,23.31,48.1,11.62,1.704,18.91,22,22,22,5.673,22,9.544,5.597,8.633,8.236,2.149,15.66,5.344,8.516,5.153,1.569,5.412,11.68,8.228,3.083,16.73,2.714,2.455,6.6,,6.449,5.921,27.78,6.896,16.72,2.852,28.28,15.22,30.26,25.1,29.05,6.258,7.946,21.42,55,28.07,33,33,30.81,33,,,,,7,4.6,,,6.125,15.36,17.83,42.22,16.55,44,44,12.1,,,,,10.63,4.905,7.62,3.419,,,0.1123,2.313,42.6,,1.036,52.8,77.04,48.07,56.85,26.4,20.58,4.091,14.44,5.661,18.09,32.95,109.7,17.09,22.71,13.6,12,16.67,13.59,21.29,19.23,21.9,1.9,2.347,19.91,63.15,1.136,26.77,7.608,3.588,50.9,43.82,1.114,0.9353,2.443,0.8713,1.772,1.79,1.696,1.145,1.415,50.27,63.94,77.31,58.79,28.1,24.2,44,90.38,55,33.44,,,,,5.794,35.2,46.47,49.27,7.036,3.81,2.5,5.981,3.011,22,4.282,19.03,11.17,11.49,44,44,44,20.2,13.22,16.68,41.08,55,,55,,,,,,,15.4,66.54,47.17,12.69,14.27,18.97,,110,,,21.34,,67.34,110,39.45,36.58,47.22,55,4,13.2,55,55,9.3,55,2,7.406,19.63,14.19,32.61,27.33,12.26,14.23,15.04,13.21,17,44.71,9.426,55,0.3944,1.419,51.97,38.65,41.03,3,,3.3,,,4.61,4.517,2.339,3.309,2.592,4.824,9.278,4.412,11.06,6.568,3.263,11.77,12.78,8.277,26.59,0.3729,281.6,9.877,26.6,25.01,84.6,228,7.8,,,13.59,13.08,15.59,11.47,27.5,0.71,5.16,15.4,3.857,,3.699,8.281,7.838,1.181,3.287,14.95,9.465,13.76,8.49,55,1.314,1.114,3.136,10.59,44.64,,43.55,,12.09,,0.5326,0.6433,38.92,2.396,14.03,8.259,22.01,27.71,32.45,,,21.61,106.4,8.932,42.64,2.518,3.183,3.696,11,5.68,11,287.2,74.27
112-80-1,Oleate,,14.49,,0.84,5.064,,312.7,47.69,31.35,5.808,15.73,6.85,8.717,2.872,3.366,5.418,14.12,10.73,10.07,7.3,8.19,13.34,55,53.44,55,43.87,55,55,6.926,55,55,55,1.074,6.786,1.945,8.274,7.506,7.5,11.04,5.125,,,,,5.645,,,42.21,42.41,40.83,10.56,23.63,22.05,45.09,12.29,105,13.99,34.17,,,,30.37,38.82,33,55,,,42.24,,,,,,,,17.4,29.54,28.86,12.73,,,,,,,,,,,,,,,,,,1.011,,,0.6586,,0.2171,,,6.264,,,75.98,,,,50.71,10.04,91.74,15.52,3.92,1.3,2.5,3.63,1.56,3.6,,1.576,2.88,33,33,30.88,110,80.26,,,,,2.956,,,2.01,4.635,3.888,12,11.71,1.884,2.46,2.811,8.347,7.421,6.466,23.31,48.1,11.62,1.704,18.91,22,22,22,5.673,22,9.544,5.597,8.633,8.236,2.149,15.66,5.344,8.516,5.153,1.569,5.412,11.68,8.228,3.083,16.73,2.714,2.455,6.6,,6.449,5.921,27.78,6.896,16.72,2.852,28.28,15.22,30.26,25.1,29.05,6.258,7.946,21.42,55,28.07,33,33,30.81,33,,,,,7,4.6,,,6.125,15.36,17.83,42.22,16.55,44,44,12.1,,,,,10.63,4.905,7.62,3.419,,,0.1123,2.313,42.6,,1.036,52.8,77.04,48.07,56.85,26.4,20.58,4.091,14.44,5.661,18.09,32.95,109.7,17.09,22.71,13.6,12,16.67,13.59,21.29,19.23,21.9,1.9,2.347,19.91,63.15,1.136,26.77,7.608,3.588,50.9,43.82,1.114,0.9353,2.443,0.8713,1.772,1.79,1.696,1.145,1.415,50.27,63.94,77.31,58.79,28.1,24.2,44,90.38,55,33.44,,,,,5.794,35.2,46.47,49.27,7.036,3.81,2.5,5.981,3.011,22,4.282,19.03,11.17,11.49,44,44,44,20.2,13.22,16.68,41.08,55,,55,,,,,,,15.4,66.54,47.17,12.69,14.27,18.21,,110,,,21.34,,67.34,110,39.45,36.58,47.22,55,4,13.2,55,55,9.3,55,2,7.406,19.63,14.19,32.61,27.33,12.26,14.23,15.04,13.21,17,44.71,9.426,55,0.3944,1.419,51.97,38.65,41.03,3,,3.3,,,4.61,4.517,2.339,3.309,2.592,4.824,9.278,4.412,11.06,6.568,3.263,11.77,12.78,8.277,26.59,0.3729,281.6,9.877,26.6,25.01,84.6,228,7.8,,,13.59,13.08,15.59,11.47,27.5,0.71,5.16,15.4,3.857,,3.699,8.281,7.838,1.181,3.287,14.95,9.465,13.76,8.49,55,1.314,1.114,3.136,10.59,44.64,,43.55,,12.09,,0.5326,0.6433,38.92,0.58,14.03,8.259,22.01,27.71,32.45,,,21.61,106.4,8.932,42.64,2.518,3.183,3.696,11,5.68,11,287.2,74.27
40870-55-1,"2-(Acetoxymethyl)-1,4-benzoquinone",,,,,,,,,,,,,,,,,,,,,,,55,35,55,55,55,55,,,,,,,,,,,,,,,,,,,,,,,,,,,,,,,,,,,,,,,,,,,,,,,,,,,,,,,,,,,,,,,,,,,,,,,,12.9,,2.5,,,,,,,,279.5,422,8.07,384.6,1100,42.35,,,,,,,,,,,,,,,,,,,,,,,,,,,,,,,,,,,,,22,22,22,22,22,22,22,22,,22,22,22,,,,,,,,,,,,,,,,,,,,24.53,11.34,,,,,,,,,,,,,,,,,,,,,,,,,,,,,,,,,,,,,,,,,,,,,90.54,,,,,,,,,,,,,,,,,,,,,,,,,,,,55,30.2,,,,,,,,,,,,,,,,,,,,,,,,,,,,,,,,,,,,,,,,,,,,,55,,,,,,,,,,,,,,,,,,,,,,,6.21,4.46,10.38,,,,,,,,,7.67,,,,,,20.13,,,,,,55,,,,,,,,,,,,,,,,,,,,,,,,,,,,,,,,,,,,,,,,,,,,,,,,,,,,,,,55,,,,,,,,,,,,,50.23,,,,,,,,,,,,,,,,,,,,
849762-24-9,blattellaquinone,,,,,,,,,,,,,,,,,,,,,,,,,,,,,,,,,,,,,,,,,,,,,,,,,,,,,,,,,,,,,,,,,,,,,,,,,,,,,,,,,,,,,,,,,,,,,,,,,,,,,,,,,,,,,,242,241.7,,,,,,,,,,,,,,,,,,,,,,,,,,,,,,,,,,,,,,,,,,,,,,,,,,,,,,,,,,,,,,,,,,,,,,,,,,,,,,,,,,,,,,,,,,,,,,,,,,,,,,,,,,,,,,,,,,,,,,,,,,,,,,,,,,,,,,,,,,,,,,,,,,,,,,,,,,,,,,,,,,,,,,,,,,,,,,,,,,,,,,,,,,,,,,,,,,,,,,,,,,,,,,,,,,,,,,,,,,,,,,,,,,,,,,,,,,,,,,,,,,,,,,,,,,,,,,,,,,,2.37,,,,45.75,,,,,,,,,,,,,,,,,,,,,,,,,,,,,,,,,,,,,,,,,,,,,,,,,,,,,,,,,,,,,,,
35154-45-1,(Z)‐3‐Hexenyl isovalerate,,,,18.68,83.17,,414.7,38.17,36.93,3.3,22,,,,,,,,,11.6,16.1,,55,55,55,42.92,46.05,33.88,55,55,55,55,55,14.2,7.449,1.163,0.8825,2.028,4.4,0.7345,,,,,0.9203,,,15.25,23.16,20.58,18.83,19.25,33,18.87,21.53,150.9,20.63,44,,,,33,50.39,33,43.62,,,39.26,,,,,,,,,33.02,40.56,28.62,,,,,,,,,,,,,,,,,,0.58,,,,,,,,,35,,86.88,,242,241.7,51.05,67.63,679.6,49.34,,,,,,,,,,,,110,110,110,,,,,3.821,,,2.93,2.746,1.35,9.93,9.94,,,,10.56,10.56,10.56,10.65,55,13,1.237,22,22,22,22,4.466,22,18.87,13.7,3.72,22,9.233,22,4.08,11,11,1.51,11,11,97.03,33.53,21.21,19.99,14.87,,,,,,,,,,,33,29.48,33,22,22,22,31.4,33,33,33,33,33,,2.47,,,5.7,5,,,,,,,,,,,,,,,10.63,,7.26,2.24,,,0.11,2.727,55,,1.667,,,,117.5,21.95,,,,,20.13,14.4,81.26,,,17.47,14.18,16.67,23.94,13.56,32.85,28.24,,3.767,20.03,,,35.58,,,53.04,48.83,2.209,2.116,1.518,1.5,22,0.7244,4.739,1.672,4.564,,110,47.84,79.43,,,,61.77,55,12.5,,,,,30,29.5,21.46,46.92,11.99,,,22,,,,7.796,,13.58,44,44,44,23.39,14.09,46.25,,55,,,,,,,,1.64,6.256,25.57,24.29,22.07,12.44,18.77,,,,,,,,,55,55,55,55,9.267,46.98,55,35.79,22.56,55,17.4,21.75,12.52,29.67,23.96,28.86,24.23,6.714,16.56,22.88,50.4,37.28,27.86,55,6.318,17.02,37.95,19.72,14.13,8,,,,,4.61,3.879,1.97,2.13,1.14,26.66,22.54,44,15.44,15.02,2.37,,,,45.75,0.21,281.6,18.92,33.91,48.29,281.6,182.2,,9.2,15.8,10.71,13.18,15.66,21.19,27.5,0.71,5.16,11.43,0.7366,,,,,5.137,10.97,11.43,55,,,48.93,0.6133,1.203,13.2,10.05,55,,8.07,,55,,,0.5301,28.43,3.839,13.1,7.18,18.68,31.36,14.32,,,,,,,,,,,,,,
55774-32-8,"(E,Z)‐7,9‐dodecadienyl acetate",,,,3.837,9.063,,414.7,38.17,36.93,4.645,21.12,7.802,3.771,3.973,33,5.103,12.5,9.8,9.333,11.6,10.42,,55,55,55,31.9,55,55,17.28,46.36,46.15,42.82,8.564,8.929,3.37,1.123,0.843,2.018,4.4,0.7345,,,,,0.9203,,,22.91,32.51,32.18,7.699,23.45,30.42,36.61,20.18,59.53,18.61,44,,,,33,48.1,33,49.85,,,35.81,,,,,,,,18.04,28.08,34.71,22.59,,,,,,,,,,,,,,,,,,0.9497,,,2.054,,0.47,,,5.78,20.59,,106.7,,,,23,138.2,1100,58.05,,,,,,,,0.8485,,,,81.41,110,100,,,,,3.678,,,1.56,3.841,1.35,,,1.56,2.23,2.54,4.4,4.4,4.014,,,,1.051,22,22,22,22,19.57,22,22,22,3.72,14.8,14.32,22,3.631,6.661,2.488,0.6818,2.739,12.37,19.96,1.584,8.754,2.571,2.524,,,,9.291,21.09,14,25.82,14.6,28.64,9.621,30.29,26.01,27.02,10.54,12.4,22,40.57,33,33,33,33,33,,2.47,,,5.7,5,,,,,,,,,,,,,,,10.63,5.609,8.591,4.575,,,0.1233,2.572,20.72,,1.027,62.53,,,420,26.4,,,,,18.94,25.95,88.35,11.58,13.32,19.97,9.245,13.87,20.34,21.34,29.28,27.49,1.816,1.683,20.59,,1.116,26.2,3.9,4.24,52.33,44.36,1.816,1.676,1.802,1.291,10.86,0.9643,0.8101,0.4202,0.7159,51.67,,,58.61,28.1,24.2,44,44.23,,,,,,,30,29.5,19.93,44.08,6.3,3.81,2.5,10.65,,,,7.069,,13.58,44,44,44,23.39,12.91,35.74,,55,,,,,,,,,4.786,34.19,29.71,18.66,13.99,18.42,,,,,,,,110,36.3,34.08,40.03,55,7.565,36.85,55,39.32,16.77,55,10.25,11.07,26.83,8.5,40.4,26.31,7.64,6.695,16.76,,46.99,42.97,31.69,55,0.5932,7.153,36.15,34.97,13.72,2,6.3,7.5,,2.5,4.61,3.577,2.287,3.078,2.327,7.905,22.54,44,19.94,9.862,3.146,11.77,12.78,8.277,45.75,0.2524,281.6,15.37,31.37,39.12,191.6,195.8,7.8,,,11.05,13.2,15.93,26.41,27.5,0.71,5.16,4.4,0.6801,,6.411,7.58,3.82,0.9445,3.981,4.4,55,,,55,0.6302,1.267,13.2,10.43,,,,,,,2.21,0.5915,17.36,1.546,12.97,6.041,21.68,27.01,24.09,,,,,,,2.518,3.183,3.696,11,5.68,11,,
78350-11-5,"(5Z,7E)-5,7-dodecadien-1-ol acetate / Z5,E7-12:Ac",,15.39,,3.332,12.48,,367.9,41.95,34.45,4.426,21.05,7.018,6.024,3.905,15.4,6.147,13.67,10.38,9.547,,4.252,14.3,55,45.51,55,44.85,55,55,12.67,47.27,47.09,44.06,8.501,9.038,3.588,1.12,0.8443,2.09,5.788,1.311,,,,,1.581,,,27.18,36.43,36.8,6.378,22.3,30.22,39.94,19.83,111.9,17.6,44,,,,33,48.7,33,51.75,,,41.09,,,,,,,,20.02,29.85,32.15,21.48,,,,,,,,,,,,,,,,,,0.6918,,,1.748,,0.4058,,,5.78,17.44,,57.66,,,,27.68,55.97,773.8,56.06,3.901,1.361,2.548,3.673,1.589,3.6,,1.04,,,,81.39,110,100,,,12.36,13.89,2.9,,,1.971,5.444,2.51,,,1.56,2.23,2.54,5.659,5.144,5.228,19.52,46.04,10.46,1.232,22,22,22,22,19.58,22,22,22,10.4,14.82,14.35,22,6.536,8.691,5.473,1.735,5.725,11.62,10.09,2.798,16.58,3.488,3.177,6.6,,5.8,9.956,21.57,14.64,26.17,15.27,29.91,12.56,29.14,23.43,23.09,5.104,6.149,22,43.92,33,33,33,33,33,,2.47,9,,6.039,4.884,,,4.28,13.46,16.44,36.78,28.17,44,44,12.8,,,,,10.63,5.524,10.47,9.27,,,0.1209,2.705,13.61,,0.9566,37.34,72.83,43.13,203.1,26.4,,,,,20.44,31.67,90.83,16.52,18.16,18.22,9.443,15.22,21.14,22.96,29.21,25.79,1.808,1.714,20.32,,1.096,29.56,5.001,5.447,51.49,44.56,1.781,1.624,1.825,1.264,9.986,1.006,3.88,4.807,3.464,51.63,24.89,25.65,44.07,28.1,24.2,44,33.14,47.02,19.56,,,,,30,29.5,27.5,49.45,6.842,3.81,2.5,9.762,,,,8.295,12.59,13.99,44,44,40.15,23.6,12.04,60.08,,55,,55,,,,,,1.69,6.66,38.71,32.39,17.36,14.57,18.19,23.67,110,,,25.14,,65.83,110,42.03,40.35,44.78,55,6.663,26.62,55,43.91,19.31,55,9.463,9.444,18.65,15.44,31.48,27.5,13.26,12.06,16.85,15.96,49.7,45.27,29.68,55,0.4994,3.889,41.15,33.12,20.92,3.566,4.888,7.313,13.6,4.702,4.609,3.359,2.35,3.361,2.651,6.16,29.26,39.13,19.07,8.913,3.181,17.41,12.78,8.277,19.67,0.258,281.6,14.99,31.08,38.14,183,197.5,7.8,,,10.89,12.61,15.24,20.05,27.5,0.71,5.16,4.4,0.7654,,6.199,7.844,3.82,0.6212,4.158,4.4,55,,8.49,55,0.6285,1.279,13.2,10.68,55,,55,,55,,2.449,0.4686,18.26,1.552,12.51,5.857,22.37,26.6,25.4,,,23.93,189.5,4.141,48.24,2.518,3.183,3.696,11,5.68,11,,
53042‐79‐8,HDA /  11E‐hexadecadien‐1‐ol acetate,,11.55,,2.553,8.832,,367.9,41.95,34.45,4.36,20.99,7.102,6.298,3.916,14.32,6.217,14.07,10.7,9.087,,4.613,14.3,55,49.81,55,41.85,55,55,10.83,55,55,42.52,11.15,9.025,3.49,1.076,0.802,2.08,5.672,1.256,,,,,1.519,,,26.33,35.56,36.2,6.32,22.43,30.04,39.57,17.95,106.5,17.63,38.15,,,,33,45.46,33,51.58,,,40.65,,,,,,,,17.66,27.78,36.52,21.02,,,,,,,,,,,,,,,,,,0.7231,,,1.324,,0.3151,,,5.78,16.89,,88.43,,,,27.36,37.9,347,42.07,3.92,1.3,2.5,3.63,1.56,3.6,,0.8837,,33,33,75.45,110,97.68,,,12.36,13.89,2.902,,,1.883,4.731,2.213,,,1.56,2.23,2.54,5.33,4.957,4.846,21.33,46.75,10.46,1.13,22,22,22,22,19.49,22,22,22,8.534,14.61,14.13,22,5.306,8.478,5.085,1.545,5.344,11.69,19.14,3.046,16.53,1.988,2.096,6.6,,5.8,8.619,21.16,13.08,24.9,12.93,29.86,13.87,28.73,22.54,22.17,4.358,5.317,22,44.78,33,33,33,33,33,,2.47,9,,6.056,4.878,,,4.28,13.46,16.44,36.78,28.17,44,44,12.8,,,,,10.63,5.614,8.417,4.192,,,0.1132,2.695,10.56,,0.9508,40.57,72.83,48.83,162,26.4,,,,,15.93,29.7,92.37,16.06,18.15,22.64,7.895,15.1,17.15,25.69,25.97,29.09,1.73,1.653,20.44,63.15,1.098,25.37,4.363,5.279,51.95,44.09,1.747,1.588,1.856,1.246,9.331,1.034,1.387,1.313,1.208,51.43,110,110,43.93,28.1,24.2,44,41.79,46.37,26.65,,,,,30,29.5,27.73,49.39,6.867,3.81,2.5,14.18,,,,12.61,,13.58,44,44,44,23.39,13.9,32.76,,55,,55,,,,,,,8.442,35.44,30.46,18.27,13.52,18.16,,110,,,25.14,,65.83,110,40.21,38.89,42.1,55,6.757,30.72,55,41.73,15.1,55,7.674,8.835,19.35,14.53,32.29,27.37,12.53,12.46,13.54,12.93,49.34,44.57,28.98,55,0.3964,3.352,45.76,39.44,28.3,3.528,4.888,7.313,13.6,4.702,4.61,3.586,2.318,3.211,2.481,4.854,12.51,13.94,19.77,8.685,2.849,16.58,12.78,8.277,24.85,0.2629,281.6,14.67,30.84,37.33,175.9,198.9,7.8,,,11.19,12.34,15.51,16.08,27.5,0.71,5.16,4.15,0.7918,,6.157,7.833,3.82,0.5706,4.4,4.143,25.15,,8.49,55,0.6307,1.273,13.2,10.64,55,,55,,55,,1.585,0.4015,18.7,1.687,12.39,5.897,22.17,26.54,25.7,,,23.93,189.5,4.081,48.24,2.518,3.183,3.696,11,5.68,11,,
112-62-9,Methyl oleate,,13.65,,0.84,1.08,,312.7,47.69,31.35,4.824,17.59,7.25,33,3.99,0.96,10.7,14.11,10.72,10.09,,,13.34,55,45.55,55,45.97,55,47.09,6.925,55,55,55,1.074,8.033,4.91,1.295,0.928,2.817,10.13,4.279,,,,,4.769,,,41.17,41.79,38.16,5.572,26.27,21.86,42.26,11.58,111.9,13.9,33.53,,,,30.64,44.27,33,55,,,38.54,,,,,,,,17.4,21.15,26.83,13.09,,,,,,,,,,,,,,,,,,0.8239,,,0.5,,0.13,,,6.139,,,78.47,,,,55,10.04,91.74,15.52,3.92,1.3,2.5,3.63,1.56,3.6,,0.9542,,33,33,35.58,110,82.17,,,,,2.945,,,1.983,4.063,3.527,12,11.71,1.882,2.459,2.809,8.035,7.173,6.332,23.22,48.04,11.58,1.652,19.3,22,22,22,4.989,22,9.89,5.309,7.736,10.59,2.075,18.09,5.344,8.516,5.153,1.569,5.412,11.68,9.563,3.083,16.73,2.081,1.995,6.6,,5.8,4.442,6.681,3.937,15.56,6.551,33,15.54,25.31,17.05,19.28,2.808,2.877,20.89,55,31.33,33,33,24.8,33,,,,,7,4.6,,,6.138,14.77,18.42,41.68,17.52,44,44,12.93,,,,,10.63,4.989,7.745,3.517,,,0.09,2.366,36.93,,1.057,52.94,72.83,48.83,62.14,26.4,20.58,4.091,14.44,5.661,16.35,35.81,108.2,16.98,21.63,34.84,9.012,16.2,13.6,38.5,27.01,26.49,1.898,2.189,20.01,63.15,1.135,23.89,6.72,,50.43,47.04,1.363,1.18,2.327,1.032,3.883,1.474,1.61,1.357,1.425,50.38,89.52,91.35,58.79,,,,90.38,55,33.46,,,,,5.2,35.2,44.82,51.88,7.009,3.81,2.5,3.934,3.011,22,4.282,20.38,,11.69,44,44,44,20.5,13.09,16.54,,55,,55,,,,,,,15.31,66.54,47.17,12.69,14.26,18.58,,110,,,21.42,,67.3,110,39.45,36.58,47.22,55,4,13.2,55,55,9.3,55,2,7.399,19.43,14.43,32.38,27.36,12.46,14.23,14.92,13.21,18.18,39.81,10.03,55,0.4049,1.694,51.97,38.65,41.03,3,,3.3,,,4.61,4.303,2.341,3.319,2.604,4.621,11.15,7.337,10.06,6.609,3.196,,,,25.61,0.3521,281.6,10.54,27.26,26.72,95.45,223,7.8,,,13.27,12.96,15.41,11.48,27.5,0.71,5.16,6.085,1.04,,4.586,8.207,7.265,0.5711,2.681,7.66,9.465,13.76,8.49,55,0.7427,1.006,7.901,10.34,55,,55,,14.86,,0.5192,0.5415,32.25,1.431,9.843,6.747,25,28.03,31.45,,,23.93,189.5,6.179,44.06,2.518,3.183,3.696,11,5.68,11,285.4,75.53
103-36-6,Ethyl cinnamate,3.262,30.72,,,,,,,,,22,5.873,3.732,3.131,19.62,4.75,0.1327,,3.742,9.996,7.5,,55,42.84,55,55,42.5,49.51,,,,,,23.69,16.59,,,,22,22,,,,,22,,,34.6,33.59,30.75,9.258,18.09,33,18.18,,143.5,22,44,,,,27.95,55,33,55,,,30.58,,,,,,,,,18.28,20.85,21.68,,,,,,,,,,,,,,,,,,0.09,,,12.9,,2.5,,,,31.72,,,,,,8.07,153.3,706,110.9,,,,,,,,0.976,2.868,,,54.85,64.93,57.22,,,18.49,13.89,3.75,,,0.85,,,,,,,,14.56,11.37,22,17.38,32.01,11.66,44.27,22,18.29,17.56,13.2,22,22,22,22,22,22,22,22,3.05,11,11,1.62,11,11,,8.79,31.86,,,,,,,,,,,24.53,11.34,20.14,25.36,26.23,22,22,22,25.91,33,33,33,27.82,33,,,,,,,,,7.13,11.69,17.43,44,11.71,44,44,10.64,,,,,,,,,,9,,,13.24,,,14.83,60.87,37.19,,26.4,,,,,33.38,75.41,80.66,15.75,17.4,5.236,19.32,13.16,33.36,6.827,40.16,13.45,,10.53,,36.5,,22.06,12.03,6.517,55,33.17,,,,,,,,,,43.62,26.86,23.2,16.48,32.76,19.49,44,33.18,,,,,,,35.2,12.9,55,55,,,,14.86,,,,10.25,,13.78,20.99,44,17.36,18.96,10.51,14.82,16.31,55,,,,,,,,0.81,15.56,,,,,32.87,24.63,,10.8,,,,,,32.22,17.88,36.54,55,6.5,23.3,55,55,25.5,55,12.3,11.87,18.63,39.06,23.75,28.04,26.07,32.84,33.42,19.63,49.31,44.28,30.94,55,,,,,,10,4.941,7.5,13.6,5.5,,,,,,6.02,,,5.485,203.1,9.26,25.45,14.96,10.7,23.68,,,,,,,,,,,9.044,9.811,13.04,35.65,,,,22,,9.89,,8.03,,22,22,22,55,,9.52,34.44,,,,,7.75,,7.47,,16.22,,,,51.8,13.13,,,,,,,,,,4.26,31.86,,,,,,,192.9,523.1
24198-95-6,"trans,trans-10,11-Epoxy-3,7,11-trimethyl-2,6-dodecadienic acid methyl ester , JHIII",,,,1.87,3.49,,,,,4.71,22,,,,,,,,9.2,,1.8,,,,,,,,0.3,2.255,55,3.326,55,,,,,,22,22,,,,,9.79,,,55,55,55,3.684,19.86,22.02,55,,,,25.8,,,,16.33,,25,26.13,9.28,18.46,,,,,,,,,19.35,38.43,12.41,3.599,,,,,,,,,,,,,,,,,,0.6328,,,,,,,,,,,,,,,,,,,,,,,,,,1.6,,,,110,110,110,,,,,2.56,,,,,,,,,,,,,,,,,,13.54,22,22,22,6.566,22,12.13,13.55,13.73,7.621,4.556,22,11,11,11,11,11,11,,0.35,1.64,,,,,,10.77,33,33,33,33,,,33,15.43,17.39,2.42,1.9,22,14,33,33,23.05,33,33,,,9,,,,,,,,,,,,,,,,,,,,,,,,,,,,,,,,,,,,,,,,,,,,,,,,,,,,,,,15.03,,5.4,55,49.7,,,,,,,22,4.64,22,,110,56.91,110,,,,68.67,55,23.5,,,,,4.1,35.2,55,55,,,,,,,,15.51,,,,,,,16.5,,,55,,,,,,,,,,,,,,,,,,,,,,,4.56,1.32,13.14,,,,,,,,,,,,,,,25.54,,,19.5,19.8,4.9,55,0.69,1.08,,,,2.87,,7.288,,7.049,,,,,,6.596,16.03,5.673,9.541,,17.26,33.1,34.5,,13.97,,,,,,,,,,,,,,,,,,22,1.24,10.47,,8.68,24.01,5.19,44,44,55,,,55,8.75,,,,8.65,,10.7,,12.17,,25.7,1.09,55,1.7,,,,,,,,,,5.55,37.58,,,,,,,,
67566-09-0,"(3,6-Dioxocyclohexa-1,4-dien-1-yl)methyl propanoate",,,,,10.09,,,,,4.38,,,,,,,,,,,,,,,,,,,,,,,,,,,,,,,,,,,,,,31.12,30.56,22.18,,,,28.54,,,,,,,,,,,,,,,,,,,,,,,,,,,,,,,,,,,,,,,,,,,,,,,,,,,,,,,,856.8,573.6,,,,,,,,,,,,0.8,,,,,,,,,,,,,,,,,,,,,,,,,,,,,,,,,,,,,,,,,,,,,,,,,,,,,,,,,,,,,,,,,,,,,,,,,,,,,,,,,,,,,,,,,,,,,,,,,,,,,,,,,,,,,,,,,,,,,,,38.5,,,,38.5,,24.16,,,,36.5,,13.72,6.641,,,,,,,,,,,,,,110,110,,,,,,,,,,,,,,,,,,,6.116,,,,22,,,,,,,,,,,,,,,,,,,,,,,,,,,,,,,,,55,55,55,55,6.5,23.3,55,55,25.5,55,12.3,,,,,,,,,,,,,,,,,,,,,,,,,,,,,,,,,,,,,,,,,,,,,,,,,,,,,,,,,,,,,,,,,,,,,,,,,,,,,,,,,,,,,,,,,,,,,,,,,,,,,
105-86-2,Geranyl formate,,7.174,,4.237,13.81,,232.2,18.87,28.63,6.823,22,33,33,33,6.37,33,5.3,11.5,10.4,,3.299,15.1,55,55,39.53,55,55,44.44,0.4857,6.24,41.13,3.187,25.83,20.1,20.1,,,,22,12.51,,,,,7.443,,,35.42,39.16,37.56,2.792,20.24,22.56,42.42,,,,29.93,26.3,9.5,39.1,24.14,20,26.44,18.58,10.8,16.84,,,,,,,,,19.35,44,31.9,10.4,,,,,,,,,,,,,,,,,,0.8836,,,,,,,,5.342,,,,,,,,3.187,93.65,14.89,2.73,1.54,1.91,,1.67,,,2.571,,,,85.2,110,110,,,,,1.955,,123,,,,,,,,,4.366,5.577,10.7,13.24,50.52,10.16,8.502,14.45,22,22,22,8.465,22,14.06,14.47,7.139,9.097,6.216,22,11,11,11,7.387,11,11,,0.35,1.64,2.079,4.081,,,,11.26,12.15,8.202,12.37,24.75,24.9,33,24.08,18.66,25.28,10.24,6.395,20.24,21.83,33,33,28.25,28.97,30.91,,,6.046,,,,6.96,110,7.09,14,43.1,23.06,17.45,44,44,8.82,14.21,44.92,38.93,29.37,,,,,,,,,55,10.95,,,34.57,,,,,,,,,,,,,38.5,,,,38.5,,31.9,,,,,,13.82,,5.4,55,39.03,,,,,,,13.56,4.889,13.11,46.2,44.28,37.15,34.18,44,21.8,44,67.25,55,23.5,,,,,4.1,35.2,55,55,86.5,,,22,,,,14.85,,,,,,,14.68,,75.93,55,31.9,55,45.23,55,7.77,12.37,15.56,,15.09,,,,19.81,26.79,,110,4.3,110,14.96,,25.57,110,12.6,3.106,16.23,55,5.381,22.96,55,51.6,5.036,55,10.16,13.05,,,,,,19.24,8.745,22.52,27.83,31.9,11.23,55,1.577,8.548,,,,2.818,,8.46,,7.684,,,,,,6.661,11.7,5.34,14.81,18.72,9.325,33.1,34.5,,28.19,,,,,,,,11.2,8.9,6.4,9.7,8.6,3.967,9.794,,,,22,6.156,10.47,,11.84,25.33,11.23,44,44,20.78,13.46,10.4,48.86,10.05,,,,8.65,,10.7,,12.17,,25.7,1.823,55,3.601,,,,,,,,,,10.88,37.58,,,,,,,180.9,189.8
13419-69-7,trans-2-Hexenoic acid,,27.31,,,,,,,,6.67,22,,,,,,,,,,,,55,45.95,55,41.67,55,55,6.617,55,55,55,1.075,13.57,5.259,2.57,2.23,1.19,,,,,,,,,,24.31,26.28,27.65,8.723,11.63,33,10.19,,108.8,22,44,,,,33,21.02,33,47.07,,,,,,,,,,,24.53,27.46,33.32,27.95,,,,,,,,,,,,,,,,,,1.6,,,0.5,,0.13,,,,,,9.96,,,,45.39,34.81,679.5,102.4,3.88,1.43,2.6,3.72,1.62,,,,,,,81.82,110,110,,,,,,,,,,,,,,,,,,,,,,31.85,22,22,22,22,19.83,22,22,22,,22,16.58,22,,,,,,,,,,20.04,9.44,,,,2.079,25.01,3.966,12.49,1.304,14.18,13.58,26.79,32.02,33,18.05,22,22,55,33,33,33,33,33,,,,,,,,,,,,,,,,,,,,,,,,,,,0.22,1.58,32.24,,2.95,74.11,,42.24,,26.4,,,,,9.012,13.59,82.46,9.186,20.52,21.19,7.332,18.59,12.14,10.27,17.56,19.49,1.73,2.433,18.84,,,17.11,,,46.77,43.68,,,,,,,22,8.465,9.984,,24.89,25.65,66.75,,,,72.21,55,11.49,,,,,10.7,35.2,41.07,55,23.3,,,13.05,,,,15.19,12.59,16.06,44,44,26.14,24.62,11.46,,41.08,55,,,,,,,,1.69,10.35,,,,12.79,18.21,23.67,,,,,,,,55,55,55,55,6.2,14.1,55,55,55,55,22.6,11.17,,,,,,10.61,12.69,22.37,55,33.94,25.23,55,,,40.24,37.96,31.9,,,,,,,,,,,8.984,,,38.15,7.54,8.12,,,,31.83,,,,,,,,,,,10.79,13.01,15.15,21.4,,,,33.83,1.45,,,,,6.966,12.44,33.83,55,,,55,,,,,9.74,,7.94,,55,,,0.64,,1.98,,,,,,,,17.52,32.52,,,,,,,,,,
106-26-3,(Z)-Citral                                      ,,9.168,,4.25,13.88,,232.2,19.63,28.63,7.099,22,33,33,33,6.37,33,5.3,11.5,10.55,,3.54,15.1,55,55,36.72,55,55,45.91,0.4722,8.311,34.24,2.931,14,20.1,20.1,,,,22,14.41,,,,,7.487,,,34.41,38.74,37.08,3.175,20.53,23.22,46.85,,,,34.91,26.3,9.5,39.1,22.89,20,26.92,19.63,11.18,16.41,,,,,,,,,19.65,40.76,15.08,8.004,,,,,,,,,,,,,,,,,,0.92,,,,,,,,5.543,,,,,,,,3.481,90.68,15.16,3.004,1.564,1.892,,1.601,,,3.229,,,,86.03,110,110,,,29.77,,2.056,,123,,,,,,,,,4.614,6.723,12.3,9.824,51.83,10.16,11.78,13.97,22,22,22,7.822,22,13.55,13.99,7.238,9.131,6.1,22,11,11,11,5.274,11,11,,0.7421,3.04,2.925,5.13,,,,11.34,12.91,8.897,13.31,25.43,22.96,26.27,23.48,20.21,25.14,11.24,7.172,20.51,22.34,33,33,28.01,29.58,28.96,,,5.219,,,,6.96,110,5.547,10.45,43.1,23.06,17.45,44,44,8.82,14.21,44.92,38.93,29.37,,,,,,,,,55,10.95,,,44.1,,,,,,,,,,69.43,,33.1,27.4,,,,38.5,,33.68,,11.77,,,,16.68,,6.751,55,35.57,,,,,,,14.57,4.851,14.16,47.15,50.97,42.76,36.65,44,21.8,44,68.71,55,23.5,,,,,7.088,30.01,55,55,86.5,,,22,,,,13.99,11,,,,,,14.98,,75.93,55,31.9,55,45.23,55,7.77,12.37,15.56,,15.3,,,,16.99,26.79,23.97,110,4.3,110,15.15,,25.57,110,13.23,3.348,17.07,55,6.014,24.96,55,52.42,6.891,55,12.12,15.08,,,,,,18.83,10.58,21.96,28.03,33.54,12.84,55,1.992,8.731,,,,2.569,,8.723,,7.798,,,,,,6.393,9.716,4.11,12.52,23.77,10.44,33.1,34.5,,36.76,,,,,,,,11.2,8.9,6.4,9.7,8.6,4.577,11.56,,,,22,8.533,10.47,,11.78,25.29,13.14,42.21,44,18.66,13.46,10.4,55,10.89,,,,8.65,,10.7,,12.17,,25.7,1.804,55,4.544,,,,,,,,,,10.71,37.58,,,,,,,774.8,366.9
2492-43-5,(E)-4-oxohex-2-enal,,27.31,,,,,,,,,22,,,,,,12.5,9.8,15.3,,,,55,31.2,55,55,55,55,1.3,16.7,16.2,9.6,3.8,33,24.3,,,,,,,,,,,,,11.32,13.16,14.52,10.69,15.24,33,23.84,,,9.76,44,,,,33,13.69,33,55,,,23.14,,,,,,,,24.53,36.15,77,44,,,,,,,,,,,,,,,,,,,,,,,,,,,,,9.96,,,,39.25,26.37,1100,43.84,3.88,1.43,2.6,3.72,1.62,,,,,,,71.23,110,110,,,,,,,,,,,,,,,,,,,,,,,22,22,22,22,22,22,22,22,,22,22,22,,,,,,,,,,12.75,9.055,,,,,,,,,33,8.28,20.07,30.71,33,22,22,22,55,33,33,33,33,33,,,,,,,,,,,,,,,,,,,,,,,,,,1.5,,,26.7,,2.95,48.64,,37.8,,26.4,,,,,21.2,,68.32,,26.41,16.99,24.8,21.54,35.81,4.21,25.38,20.93,,10.65,16.6,,,13.12,,,49.1,35.2,,,,,,,22,22,22,,24.89,25.65,22.58,,,,48.3,55,8.1,,,,,,,55,55,23.3,,,22,,,,12.11,12.59,16.06,44,44,26.14,24.62,6.2,,,55,,,,,,,,1.69,7.824,66.54,47.17,12.69,12.52,,23.67,,,,,,,,55,55,55,55,6.2,14.1,55,55,55,55,22.6,9.08,,,,,,12.35,23.9,23.31,55,39.8,26.89,55,,,40.24,37.96,31.9,,,,,,,,,,,10.3,,,54.62,,,,,,,,,,,,,,7.8,,,9.4,14,14,37.2,,,,44,,,,,,44,44,44,55,,,55,,,,,,,,,,,,,,,,,,,,,,,,,,,,,11,5.68,11,,
16635-54-4,(Z)-2-Hexenal,,23.35,,,,,,,,,20.56,7.25,33,3.99,0.96,10.7,13.24,10.13,11.7,,,14.3,55,36.65,55,50.72,55,55,1.239,23.46,31.25,6.819,15.98,17.77,11.46,4.548,4.242,3.848,22,22,,,,,22,,,16.72,18.14,18.97,9.46,16.45,29.68,22.01,,108.8,18.47,44,,,,31.95,19.05,33,55,,,23.14,,,,,,,,24.53,35.42,61.33,31.07,,,,,,,,,,,,,,,,,,,,,,,,,,,,,12.1,,,,41.05,26.97,795.8,59.03,3.884,1.415,2.589,3.71,1.613,3.6,,0.9126,,,,75.91,110,110,,,,,,,,1.39,,,,,,,,9.877,6.481,7.152,28.99,55,18.43,7.584,22,22,22,22,21.2,22,21.31,22,17.57,20.34,20.03,22,6.974,8.95,5.97,1.918,6.211,11.54,6.99,2.974,17.79,9.46,6.503,6.6,,5.8,33,33,18.03,27.41,9.904,26.83,11.7,12.21,28.57,33,22,22,22,55,33,33,33,33,33,,,,,7,4.6,,,4.28,13.46,16.44,36.78,28.17,44,44,12.8,,,,,,4.54,7.608,3.791,,,0.22,3.15,28.38,,2.786,53.01,72.83,39.81,67.14,26.4,,,,,19.66,33.15,81.16,17.1,26.86,18.16,19.76,20.65,25.39,6.156,21.25,18.48,1.73,8.179,17.38,,1.127,18.98,5.219,,49.2,37.51,0.9581,0.8261,4.561,1.96,3.102,9.566,19.47,17.3,15.79,51.63,24.89,25.65,38.01,,,,57.28,51.8,9.528,,,,,10.7,35.2,48.07,55,23.3,,,22,,,,14.59,12.59,16.06,44,44,26.14,24.62,7.619,22.03,41.08,55,,55,,,,,,1.69,9.076,66.54,47.17,12.69,13.15,17.24,23.67,110,,,,,65.83,,52.16,50.23,51.7,55,6.2,14.1,55,55,55,55,22.6,9.256,,,,,,14.19,18.97,21.04,51.83,39.4,26.15,55,0.5692,35.2,43.18,36.78,33.16,3,,,,,,,,,,9.102,,,40.52,6.753,5.261,,,,26.4,0.64,281.6,5.36,21.17,13.47,27.31,281.6,7.8,,,9.982,13.28,14.5,26.02,,,,23.59,2.489,,5.03,8.8,,15.61,22.72,24.2,55,,,55,1.46,1.481,2.969,13.2,20.52,,18.27,,55,,,0.6712,55,2.73,,8.06,,,,,,19.84,65.71,4.153,48.24,2.518,3.183,3.696,11,5.68,11,,
75539-65-0,"(E,Z)-5,7-Dodecadienal / E5,Z7-12:Ald",,14.11,,0.84,1.08,,,,,,16.16,7.25,33,3.99,0.96,10.7,14.37,10.84,9.697,,,14.3,55,43.12,55,55,55,55,0.9901,29.35,55,4.957,40.41,5.801,3.024,7.889,7.822,8.877,14.01,8.477,,,,,9.031,,,38.71,36.25,34.06,7.244,20.7,22.77,23.85,,,15.4,,,,,30.58,42.38,33,55,,,,,,,,,,,24.53,35.67,42.91,18,,,,,,,,,,,,,,,,,,,,,0.5,,0.13,,,,,,33.47,,,,39.25,14.26,222.8,41.49,3.906,1.345,2.535,3.662,1.581,3.6,,0.9126,,,,110,110,110,,,,,3.07,,,1.722,,,,,1.56,2.23,2.54,7.912,5.828,5.5,28.96,55,18.43,2.369,22,22,22,22,15.41,22,17.19,22,17.57,12.17,10.13,19.51,6.743,8.815,5.707,1.817,5.954,11.59,6.99,2.878,17.15,2.215,2.89,6.6,,5.8,19.86,31.36,13.66,23.73,6.823,33,17.09,18.99,14.4,15.53,2.154,1.67,20.17,51.47,29.49,33,33,27.46,33,,,,,7,4.6,,,4.28,13.46,16.44,36.78,28.17,44,44,12.8,,,,,10.63,3.58,7.505,3.46,,,0.1438,2.727,24.73,,1.464,42.76,72.83,44.57,88.1,26.4,,,,,28.8,52.23,111.1,20.81,24.25,11.88,15.69,18.09,21.08,29.42,17.08,23.76,1.809,6.213,17.78,,1.099,35.29,5.219,,52.82,40.99,1.041,0.869,3.3,1.783,2.866,8.643,6.295,12.13,5.721,50.98,24.89,25.65,61.15,,,,61.51,44.55,20.05,,,,,,,44.19,55,9.609,,,22,,,,22,12.59,16.06,44,44,26.14,24.62,11.67,22.03,,55,,55,,,,,,1.69,30.1,66.54,47.17,12.69,14.85,17.45,23.67,110,,,,,65.83,,48.47,44.31,47.46,55,6.2,14.1,55,55,55,55,22.6,7.953,,,,,,24.4,16.03,15.09,35.95,47.86,22.54,55,0.635,3.625,51.28,37.63,39.2,3,,,,,,,,,,5.741,,,14.5,6.097,2.751,,,,23.06,0.5095,281.6,6.939,23.31,17.49,44.03,257.6,7.8,,,10.82,11.42,14,13.32,27.5,0.71,5.16,5.072,1.693,,5.03,8.8,,1.315,4.571,5.875,55,,,55,1.378,1.466,2.292,12.22,55,,55,,55,,0.5339,0.5244,44.85,2.16,9.97,8.06,,,,,,23.93,189.5,4.218,48.24,2.518,3.183,3.696,11,5.68,11,,
2463-53-8,2-nonenal,,18.03,,0.84,1.08,,,,,4.648,15.67,7.25,33,3.99,0.96,10.7,13.33,10.22,11.4,,,13.65,55,38.19,55,55,55,55,2.959,30.53,32.69,11.06,13.57,6.881,8.335,9.764,9.725,10.88,22,22,,,,,18.84,,,35.98,37.66,37.98,8.099,22.9,21.95,20.19,,,16.32,44,,,,30.35,27.63,33,55,,,23.14,,,,,,,,22.41,34.26,43.75,18.54,,,,,,,,,,,,,,,,,,,,,1.532,,1.044,,,6.84,,,23.5,,,,42.45,15.55,235,34.27,3.896,1.376,2.559,3.684,1.596,3.6,,0.9764,,33,33,90.15,110,110,,,,,3.07,,,1.975,1.06,2.782,12,11.71,1.923,2.487,2.842,10.89,11.06,8.681,34.87,55,14.82,3.61,22,22,22,22,16.14,22,17.33,22,14.79,12.41,10.4,19.58,5.608,8.782,5.643,1.741,5.892,11.6,6.18,3.35,18.14,4.809,4.198,6.6,,5.8,13.5,30.17,10.68,21.04,5.272,33,8.28,17.55,21.8,24.96,10.8,9.186,20.74,50.91,30.57,33,33,29.12,33,,,,,7,4.6,,,5.367,15.04,18.5,39.46,22.9,44,44,14.13,,,,,10.63,4.652,7.495,2.994,,,0.1324,2.45,26.23,,1.613,42.19,76.47,41.9,63.33,26.4,20.58,4.091,14.44,5.661,26.36,42.64,102.9,19.68,24.46,11.73,16.56,18.42,22.89,21.43,18.96,26.47,1.907,6.305,18.19,63.15,1.141,33.28,5.219,,51.39,38.71,1.063,0.8866,2.775,3.067,4.424,12.83,5.343,6.658,4.935,50.46,30.48,32.01,43.52,,,,68.39,50.58,20.35,,,,,5.2,35.2,50.41,55,11.01,,,22,3.011,22,4.282,19.06,12.59,13.76,44,44,32.67,22.39,11.34,19.08,,55,,55,,,,,,1.69,9.314,66.54,47.17,12.69,12.52,18.19,23.67,110,,,17.96,,67.15,,48.16,43.83,47.11,55,6.2,14.1,55,55,55,55,22.6,9.394,,,,,,19.48,20.88,15.93,42.24,45.9,29.14,55,0.5444,2.261,51.02,41.97,44.72,3,,3.3,,,4.61,5.075,1.97,2.13,1.14,7.885,12.69,1.058,18.86,6.227,3.444,,,,25.34,0.4426,281.6,8.138,24.74,20.56,59.12,243.8,7.8,,,11.63,12.86,14.64,15.64,27.5,0.71,5.16,9.033,1.641,,4.377,8.8,,1.875,5.646,9.665,37.31,13.76,,55,1.472,1.303,2.231,13.2,55,,55,,29.65,,0.5088,0.4895,55,1.619,7.738,6.955,22.27,32.16,17.11,,,23.93,189.5,4.862,46.3,2.518,3.183,3.696,11,5.68,11,357.6,40.76
56797-40-1,(Z)-7-hexadecenal / Z7-16:Ald,,14.2,,0.84,1.951,,,,,4.973,14.92,7.25,33,3.99,0.96,10.7,14.83,11.31,9.319,,,13.93,52.96,49,55,53.51,51.72,49.68,1.103,31.87,55,5.068,39.2,4.6,2.3,7.817,7.787,8.896,15.85,11.01,,,,,11.53,,,52.46,52.99,52.12,7.329,23.63,20.7,15.62,18.86,,14.58,,,,,29.98,44.61,33,55,,,,,,,,,,,19.81,35.53,42.45,17.7,,,,,,,,,,,,,,,,,,1.6,,,1.349,,0.8245,,,6.84,,,52.67,,,,45.84,14.08,207.8,39.73,3.914,1.32,2.516,3.644,1.57,3.6,,0.8774,,33,33,110,110,110,,,,,3.07,,,1.752,1.06,2.588,12,11.71,1.865,2.448,2.796,9.276,7.458,6.344,33.28,55,15.62,2.686,22,22,22,22,14.4,22,17,22,14.96,11.85,9.795,19.4,5.453,8.627,5.353,1.639,5.608,11.64,5.899,3.192,17.3,1.987,2.569,6.6,,5.8,17.99,31.05,12.49,22.82,6.511,30.86,19.57,18.3,14.5,15.79,2.41,1.83,19.81,51,28.79,33,33,26.41,33,,,,,7,4.6,,,4.914,14.4,17.67,38.39,24.84,44,44,13.6,,,,,10.63,4.378,7.484,2.982,,,0.1188,2.599,29.95,,1.247,43.72,74.92,46.85,61.03,26.4,20.58,4.091,14.44,5.661,28.71,47.62,118.2,21.53,27.02,13.55,15.5,18.08,20.88,36.4,16.76,30.28,1.893,4.905,18.78,63.15,1.144,36.92,5.219,,53.26,41.67,1.023,0.8567,3.244,1.858,2.907,8.677,3.465,6.048,3.089,50.93,46.25,48.77,59.81,,,,74.81,49.03,27.33,,,,,7.247,35.2,47.82,55,8.548,,,22,3.011,22,4.282,22,12.59,12.39,44,44,38.58,21.05,12.85,19.13,41.08,55,,55,,,,,,1.69,30.91,66.54,47.17,12.69,14.98,17.9,23.67,110,,,17.96,,64.31,110,40.93,43.3,46.72,55,6.2,14.1,55,55,55,55,22.6,8.651,,,,,,24.08,15.75,13.44,30.22,55,32.24,55,0.5514,3.359,51.86,38.49,40.73,3,,3.3,,,4.61,5.157,1.97,2.13,1.14,5.925,15.23,3.11,10.51,6.169,3.212,,,,24.9,0.5115,281.6,6.908,23.27,17.41,43.67,258,7.8,,,12.21,11.86,14.96,11.59,27.5,0.71,5.16,4.413,1.824,,4.874,8.8,16.39,0.71,2.967,5.165,34.16,13.76,,55,1.43,1.367,2.587,13.2,55,,55,,39.15,,0.5085,0.5356,55,1.95,9.618,7.123,21.39,26.48,25.58,,,23.07,154,3.955,47.15,2.518,3.183,3.696,11,5.68,11,357.6,40.76
930-68-7,2-Cyclohexen-1-one,,,,,,,,,,,,,,,,,,,,,,,,,,,,,,,,,,,,,,,,,,,,,,,,,,,,,,,,,,,,,,,,,,,,,,,,,,,,,,,,,,,,,,,,,,,,,,,,,,,,,,,,,,,,,,,,,,,,,,,,,,,,,,,,,,,,,,,,,,,,,,,,,,,,,,,,,,,,,,,,,,,,,,,,,,,,,,,,,,,,,,,,,,,,,,,,,,,,,,,,,,,,,,,,,,,,,,,,,,,,,,,,,,,,,,,,,,,,,,,,,,,,,,,,,,,,,,,,,,,,,,,,,,,,,,,27.27,,,,,55,16.9,,,,,,,,,,,,,,,,,,,,,,,,,,,,,,,,,,,,,,,,,,,,,,,,,,,,,,,,,,,,,,,,,,,,,,,,,,,,,,,,,,,,,,,,,,,,,,,,,,,,,,,,,,,,,,,,,,,,,,,,,,,,,,,,,,,,,,,,,,,,,,,,,,,,,,,,,,,,,,,,
2050‐87‐5,DATS /  diallyl trisulphide,,,,,,,,,,,,,,,,,,,,,,,,,,,,,,,,,,,,,,,,,,,,,,,,,,,,,,,,,,,,,,,,,,,,,,,,,,,,,,,,,,,,,,,,,,,,,,,,,,,,,,,,,,,,,,,,,,,,,,,,,,,,,33,33,,,,,,,,,,,,,,,,,,,,,,,,,,,,,,,,,,,,,,,,,,,,,,,,,,,,,,,,,,,,,,,,,,,,,,,,,,,,,,,,,,,,,,,,,,,,,,,,,,,,,,,,47.71,,,,,,,,,,,,,,,,,,,,,,,,,,,,,,,,,,,,,,,,,,,,,,,,,,,,,,,,,,,,,,,,,,,,,,,,,,,,,,,,,,,,,,,,,,,,,,,,,,,,,,,,,,,,,,,,,,,,,,,,,,,,,,,,,,,,,,,,,,,,,,,,,,,,,,,,,,,,,,,27.5,16.02,4.21,,,,,,,,,,,,,,,,,,,,,,,,,,,,,,,,,,,,,,,,,,,,,,
7540-51-4,(-)-β-Citronellol,,15.59,,4.237,13.81,,232.2,20.24,28.63,7.346,22,33,33,33,6.37,33,5.3,11.5,12.2,,7.263,15.1,55,55,25.73,55,55,55,1.022,18.99,43.55,4.985,42.92,20.1,20.1,,,,22,22,,,,,7.278,,,55,55,43.47,5.27,18.18,24.74,55,,,,37.89,,,,19.89,20,27.08,22.92,11.18,13.96,,,,,,,,,19.85,41,24.4,11.83,,,,,,,,,,,,,,,,,,1.645,,,,,,,,6.483,,,,,,,,12.96,61.54,20.24,3.104,1.572,1.886,,1.578,,,2.328,,,,86.18,110,110,,,29.77,,4.116,,123,,,,,,,,,6.538,9.186,22,6.675,55,11.46,32.74,13.04,22,22,22,7.307,22,13.45,13.05,10.61,9.682,6.611,22,11,11,11,4.255,11,11,,1.16,4.387,12.76,13.73,,,,16.92,24.53,21.29,27.77,33,23.31,19.08,27.01,24.22,21.73,8.959,5.459,22,25.57,33,33,26.43,33,26.93,,,,,,,6.96,110,5.099,9.455,43.1,23.06,17.45,44,44,8.82,14.21,44.92,38.93,29.37,,,,,,,,,55,,,,69.86,,,6.32,,,,,10.68,,66.22,,33.1,15.15,22.55,,42.13,38.5,41.08,38.5,,12.05,20.94,,,20.8,,5.4,,,,,,,,,22,4.64,22,47.76,52.88,46.05,35.22,44,21.8,44,68.97,55,23.5,,,,,9.811,27.29,55,55,,,,22,,,,16.69,11,,,,,,15.53,,75.93,55,31.9,55,45.23,55,7.77,12.37,15.56,,16.17,,,,13.37,,23.97,,4.3,110,20.41,,25.57,110,22.74,7.804,21.06,55,8.345,22.74,55,55,14.21,55,23.9,25.85,,,,,,14.28,22.09,19.52,28.67,35.8,13.67,55,2.111,7.499,,,,2.38,,7.992,,7.605,,,,,,6.108,4.683,1.567,10.52,44.91,15.44,33.1,34.5,,47.15,,,,,,,,11.2,,,9.7,8.6,20.5,14.91,,,,22,11.54,10.47,,8.68,24.01,15.98,40.18,44,21.03,,,55,13.45,,,,8.65,,10.7,,12.17,,25.7,1.09,55,4.099,,,,,,,,,,11.89,37.58,,,,,,,180.9,189.8
556-82-1,3-methyl-2-buten-1-ol,,15.73,,4.287,14.08,,232.2,19.63,28.63,6.932,22,,,,,,,,9.2,,1.8,,55,55,26.18,55,55,55,1.113,8.715,45.02,8.926,27.66,20.1,20.1,,,,19.05,17.55,,,,,7.353,,,35.85,39.62,36.24,3.66,16.69,22,47.48,,206.4,,36.56,,,,22.18,20,24.98,20.22,11.18,13.96,,,,,,,,,16.2,41.77,10.7,5.451,7.83,21.1,18.4,10.7,27.6,9.43,23.1,12.6,15.7,13.9,7.94,13,4.17,6.59,18.9,21.7,11.9,1.695,17.8,16.9,8.35,9.79,8.38,13.9,13.4,7.076,,,,4.13,,,,20.62,77.35,28.48,2.821,1.606,2.129,,1.67,,,2.038,,,,79.88,110,110,,,29.77,,3.677,,123,,,,,,,,,6.566,9.055,22,6.746,55,11.51,32.47,11.32,22,22,22,5.966,22,12.65,11.34,8.799,8.368,5.541,22,11,11,11,5.557,11,11,,0.7464,3.055,12.76,13.73,,,,20.07,26.68,24.1,29.16,33,13.19,15.49,29.52,23.47,22.66,8.183,5.842,22,27.69,33,33,26.94,33,29.47,,,,,7.2,2.9,6.96,110,5.43,10.7,32.61,10.31,12.15,44,44,10.28,14.21,44.92,38.93,29.37,,,,,,,,,55,,,,36.86,,,,,,,,,,69.43,,33.1,15.15,,,,38.5,,38.5,,11.77,,,,19.51,,5.4,,,,,,,,,10.26,12.09,22,47.15,46.57,41.78,32.29,44,21.8,44,76.52,55,23.5,,,,,10.85,31.27,55,55,,,,22,,,,12.39,11,,,,,,14.76,,75.93,55,31.9,55,45.23,55,7.77,12.37,15.56,,16.17,,,,13.44,,23.97,,4.3,110,22.23,,25.57,110,14.7,2.929,25.75,55,8.378,29.28,55,55,15.04,55,19.55,25.85,,,,,,18.13,22.09,19.52,30.4,35.12,12.67,55,1.399,9.378,,,,2.253,,6.821,,7.281,,,,,,6.322,2.632,1.068,8.439,22.42,11.14,33.1,34.5,,63.67,,,,,,,,11.2,,,9.7,8.6,20.5,14.82,,,,22,8.524,10.47,,8.68,24.01,13.97,41.78,44,20.68,,,55,11.96,,,,8.65,,10.7,,12.17,,25.7,1.09,55,2.965,,8.24,,,,12.82,14.38,15.57,39.49,11.58,37.58,,,,,,,180.9,189.8
50306-18-8,"(5Z)‐1,5‐Octadien‐3‐ol",,,,,,,,,,,22,,,,,,,,,,,,55,55,55,55,39.7,22.6,,,,,,13.3,4.3,,,,22,22,,,,,22,,,12.54,15.15,16.3,13.31,13.58,33,16.97,,,,,,,,33,55,33,55,,,,,,,,,,,,44,77,44,,,,,,,,,,,,,,,,,,,,,,,,,,,,,,,,,52.75,83.58,288.6,124.4,,,,,,,,,,,,110,110,110,,,,,,19.58,,5.55,7.2,,9.93,9.94,,,,22,22,22,21.71,55,13,24.63,22,22,22,22,22,22,22,22,,22,22,22,3.864,11,11,1.719,11,11,,33.53,21.21,19.99,14.87,,,8.1,,,,,,,,33,24.17,33,22,22,,,,,,,,,,,,,,,,,,,,,,,,,,,,,,,,,,,,55,,2.96,140.9,,,,8.51,,,,,16.79,,68.03,,,12.28,18.84,14.35,38.7,18.75,24.79,24.58,,9.51,17.59,,,110,,,55,48.8,,,,,,,12.13,12.29,22,,66.66,79.18,68.56,,,,45.86,55,20.97,,,,,,,25.29,55,,,,22,,,,,11.17,,,,,,11.2,4.97,,55,,,,,,,,1.64,20.72,,,,14.38,,,,,,,,,,55,55,55,55,8.2,30.8,55,39.5,27,55,13,18.21,,,,,,21.11,14.81,20.69,55,55,21.1,55,35.2,16.42,37.95,19.72,14.13,8,,,,,,13.88,,,,,,,71.64,20.86,6.5,,,,34.49,,,,,,,,,9.2,15.8,9.8,13.1,13.9,16.95,,,,44,,,,,,44,44,44,55,,,16.49,,,,,55,,8.07,,55,,,,,,9.16,5.29,14.7,31.88,,,,15.57,39.49,,,,,,,,,922.8,619.6
928-97-2,E-3-hexen-1-ol,,19.29,,,,,,,,,22,,,,,,,,,11.6,16.1,,52.98,55,55,52.97,40.39,25.3,3.8,55,55,17.6,55,17,4.419,17.14,17.73,19.69,,,,,,,,,,13.23,17.18,17.34,15.28,15.54,33,18.35,21.53,,22,,,,,33,55,33,52.14,,,,,,,,,,,,37.13,63.23,38.59,,,,,,,,,,,,,,,,,,,,,,,,,,,35,,,,,,47.15,56.73,311.7,46.95,,,,,,,,,,,,110,110,110,,,,,4.41,,,5.55,7.2,,9.93,9.94,1.56,2.23,2.54,22,22,17.34,12.6,55,14.74,10.5,22,22,22,22,17.37,22,22,22,3.72,22,22,22,4.08,11,11,1.51,11,11,97.03,33.53,21.21,19.99,14.87,,,,,,,,,9.757,15.57,33,25.36,33,22,22,22,31.4,33,33,33,33,33,,2.47,,,5.7,5,,,,,,,,,,,,,,,,4.799,6.104,2.477,,,0.22,2.011,55,,2.467,172.6,,46.8,75.61,11.05,17.09,6.75,26.4,8.07,14.06,12.79,74.1,6.19,,14.43,16.22,14.35,26.22,12.19,24.63,21.32,1.73,7.289,17.96,,1.106,93.15,,,55,46.39,0.9343,0.6697,1.64,0.68,0.6524,1.849,13.51,5.836,13.94,47.6,110,47.84,50.7,,,,51.71,55,12.76,,,,,17.8,32.26,26.24,53.65,9.339,,,22,,,,8.89,,13.58,44,44,44,23.39,12.28,12.45,41.08,55,,55,,,,,,1.64,16.14,25.57,24.29,22.07,7.883,18.07,,,,,,,,,55,55,55,55,8.412,33.63,55,38.7,26.01,55,13.81,53.85,,,,,,16.71,14.44,22.67,55,50.78,21.92,55,9.85,7.143,37.95,19.72,14.13,8,,,,,4.61,7.142,1.97,2.13,1.14,14.19,22.54,44,42.37,15.23,5.553,,,,35.04,,,,,,,,,9.2,15.8,10.3,12.8,14.48,13.23,,,,18.92,0.3641,,,,16.39,11.77,17.04,19.52,55,,,26.37,0.9154,1.26,1.217,10.72,55,,8.07,,55,,0.5083,0.3191,30.14,2.548,14.27,7.18,18.68,31.36,14.32,,,16.27,36.73,,,,,,,,,922.8,619.6
51652-47-2,(Z)-5-Decen-1-ol / Z5-10:OH,,16.1,,0.84,1.08,,,,,2.79,22,7.25,33,3.99,0.96,10.7,14.04,10.61,10.3,,,12.5,55,54.06,55,49.85,48.84,39.77,1.96,39.97,55,14.39,17.86,14.1,2.9,27.71,26.64,27.82,9.005,3.334,,,,,3.779,,,34.61,34.86,37.61,8.133,15.89,28.04,31.08,,,14.32,,,,,33,38.78,33,55,,,,,,,,,,,,21.27,15.48,7.426,,,,,,,,,,,,,,,,,,,,,1.398,,0.8804,,,6.84,,,69.78,,,,47.24,26.1,286.2,66.97,3.92,1.3,2.5,3.63,1.56,3.6,,0.863,,,,54.68,110,94.96,,,24.6,,3.07,,,3.319,3.208,4.617,11.65,11.19,1.821,2.417,2.76,10.71,7.662,6.036,17.47,55,18.43,1.513,22,22,22,22,22,22,22,22,12.83,22,22,22,4.727,8.903,5.878,1.216,6.121,11.56,5.247,5.174,25.44,1.952,2.187,6.6,,5.8,8.253,28.72,8.436,18.48,3.586,23.74,14.54,24.18,17.3,16.76,2.117,2.165,21.09,55,31.24,33,33,30.17,33,,,,,7,4.6,,,7.23,18.48,25.01,41.7,23.16,44,44,21.63,,,,,10.63,4.807,6.782,2.708,,,0.1511,2.419,46.72,,1.064,59.73,78.62,47.66,23.24,12.43,21.02,4.991,18.42,7.174,8.446,10.05,88.34,13.96,26.59,25.51,9.162,8.245,11.69,11.43,16.57,18.51,1.89,4.569,18.79,113.1,1.092,23.18,10.23,,55,46.96,1.019,0.7738,2.036,0.8866,0.9341,3.844,5.374,2.607,3.481,49.22,56.13,49.18,58.66,,,,78.1,55,12.55,,,,,10.7,35.2,35.02,55,7.366,,,4.141,3.011,22,4.282,17.72,,10.66,44,44,44,18.9,9.274,14.12,41.08,55,,55,,,,,,1.64,11.75,66.54,47.17,12.69,12.4,17.67,,110,,,17.96,,59.62,,55,35.3,40,55,8.2,30.8,55,39.5,27,55,13,15.9,,,,,,19.46,14.15,17.67,45.26,55,25.78,55,0.6213,0.8091,46.8,29.66,28.23,5.368,,,,,4.61,8.242,1.97,2.13,1.14,9.866,31.01,7.104,24.24,6.797,3.322,,,,28.95,0.3981,281.6,9.173,25.88,23.21,73.79,233.9,7.8,9.2,15.8,11.59,12.63,15.67,12.63,27.5,0.71,5.16,3.811,0.4697,,5.03,8.8,16.39,0.9143,2.947,4.558,55,13.76,,43.77,0.9191,1.544,1.279,10.8,55,,18.3,,55,,0.5254,0.3196,41.44,1.412,6.882,5.268,22.27,32.16,17.11,,,19.89,66.61,4.924,48.24,2.518,3.183,3.696,11,5.68,11,357.6,40.76
31502-14-4,Trans-2-nonen-1-ol,,16.02,,0.84,1.951,,,,,4.453,15.35,7.25,33,3.99,0.96,10.7,14.11,10.73,10.13,,,13,55,54.12,55,47.31,51.72,46.5,2.591,55,55,13.75,12.58,18.59,3.376,18.26,18.01,18.75,11.45,5.538,,,,,6.069,,,37.91,41.14,40.06,6.985,28.93,18.94,20.35,18.86,,14.94,,,,,30.19,40.49,33,55,,,,,,,,,,,15.74,20.81,42.45,17.7,,,,,,,,,,,,,,,,,,1.6,,,1.349,,0.8245,,,6.84,,,69.78,,,,46.24,16.43,175.6,64.22,3.92,1.3,2.5,3.63,1.56,3.6,,0.7354,,33,33,55.98,110,88.91,,,,,3.07,,,2.598,2.28,3.394,12,11.71,1.906,2.476,2.829,9.665,8.835,6.211,37.09,55,15.63,4.347,22,22,22,22,17.08,22,17.73,22,11.3,13.11,11.17,19.8,5.306,8.478,5.085,1.545,5.344,11.69,6.054,3.046,16.53,1.946,2.056,6.6,,6.411,8.478,28.79,8.324,18.46,3.734,22.48,14.63,24.06,18,17.45,2.408,2.567,20.82,55,30.72,33,33,29.36,33,,,,,7,4.6,,,6.253,16.46,20.81,40.97,21.44,44,44,16.32,,,,,10.63,4.824,7.198,3.128,,,0.1279,2.338,41.47,,1.076,58.29,78.04,47.42,41.09,26.4,20.97,4.805,17.58,6.867,15,19.3,99.67,17.31,25.09,15.2,11.06,13.16,11.58,17.08,21.47,19.6,1.904,4.054,18.93,79.83,1.134,36.25,5.219,,52.87,45.12,1.056,0.8514,2.297,0.8173,1.356,1.861,4.923,3.5,3.4,47.6,59.89,60.09,89.92,,,,83.75,55,19.35,,,,,9.098,35.2,48.19,55,7.712,,,15.2,3.011,22,4.282,22,11.17,10.93,44,44,44,19.32,13.44,16.41,41.08,55,,55,,,,,,1.64,15.35,66.54,47.17,12.69,14.25,18.14,,110,,,21.59,,50.63,110,40.93,43.3,46.72,55,8.2,30.8,55,39.5,27,55,13,11.3,,,,,,17.02,13.42,15.86,42.22,55,35.21,55,0.5682,1.074,52.01,38.71,41.13,4.214,,5.221,,,4.61,6.256,1.97,2.13,1.14,7.026,15.23,3.11,20.49,7.218,3.97,,,,29.05,0.3964,281.6,9.219,25.92,23.32,74.47,233.5,7.8,9.2,15.8,11.52,12.36,16.02,12.63,27.5,0.71,5.16,4.365,0.7769,12.59,4.509,8.8,16.39,0.5446,1.996,4.958,20.39,13.76,,55,0.9562,1.267,1.761,11.19,55,,30.17,,30.11,,0.5041,0.3158,55,1.349,8.783,5.854,20.09,28.51,23.16,,,18.44,54.32,3.889,45.52,2.518,3.183,3.696,11,5.68,11,357.6,40.76
119072-10-5,"1,Z3,Z6-9S,10R-epoxy-21Hy / (Z,Z)-1,3,6-cis-9,10-Epoxyheneicosatriene / TEEP",,,,,,,,,,,,,,,,,,,,,,,,,,,,,,,,,,,,,,,,,,,,,,,,,,,,,,,,,,,,,,,,,,,,,,,,,,,,,,,,,,,,,,,,,,,,,,,,,,,,,,,,,,,,,,,,,,,,,,,,,,,,,,,,,,,,,,,,,,,,,,,,,,,,,,,,,,,,,,,,,,,,,,,,,,,,,,,,,,,,,,,,,,,,,,,,,,,,,,,,,,,,,,,,,,,,,,,,,,,,,,,,,,,1.21,172.6,,,,,,,,,,,,,,,,,,,,,,,,,,,,,,,,,,,,,4.4,0.27,1.73,,,,,,,,,,,,,,,,,,,,2.12,2.48,,,,,,,,,,,,,,,,,,,,,,,,,,,,,,,,,,,,,,,,,,,,,,,,,,,,,,,,,,,,,,,,,,,,,,,,,,,,,,,,,,,,,,,,,,,,,,,,,,,,,,,,,,,,,,,,,,,,,,,,,,,,,,,,,,,,,,,,,,,,,,,,,,,,,
469-61-4,(-) -a-cedrene,,8.181,,,,,,,,,22,,,,,,,,,,,,,,,,,,0.4,1.4,33.8,2,20,,,,,,22,22,,,,,6.45,,,31.71,30.62,27.19,33,19.05,16.25,21.15,,,,,,,,16.62,55,33,21.83,,,,,,,,,,,,44,77,18.48,,,,,,,,,,,,,,,,,,,,,,,,,,,,,,,,,55,40.82,1100,29.1,,,,,,,,,,,,110,110,110,,,21.91,,,,,,,,,,,,,18.32,9.033,6.502,17.8,55,24.54,3.08,22,22,22,22,15.09,22,22,22,22,20.09,9.469,22,11,11,11,11,11,11,,4.73,28.07,16.2,11.41,,,,,,,,,15.2,33,16.35,9.22,20.15,11.68,6.25,22,36.93,33,33,19.85,22.71,19.37,,,,,,,1.955,94.62,5.06,5.452,,,,,,,18.61,16.85,29.04,35.68,,,,,,,,,,,,,,,,26.4,,,,,14.85,42.64,122.1,,,11.91,12.18,,38.9,38.5,6.26,38.5,,2.02,,,,,,,,,,,,,,,22,4.9,7.53,,110,110,,,,,,,,,,,,16.8,35.2,22.41,55,,,,,,,,,,,,,,,,27.38,,55,23.97,18.67,8.14,18.6,21.1,13.29,31.29,,15.48,,,,26.6,,,,21.15,,14.72,,,,55,8.47,55,55,7,34.6,55,55,15,55,22.4,5.78,,,,,,10.65,,,27.37,37.01,13.15,55,,,,,,,,,,,,,,,,3.53,,,28.33,471.6,7.39,,,,26.6,,,,,,,,,9.7,16.5,,,,33.73,,,,,,,,,,,,,19.17,,,55,,,,,,,,,,,25.94,3.12,,,6.44,6.17,,,,20.72,19.56,,,,,,,,,,,,
15186-51-3,Rosefuran,,,,,,,,,,,,,,,,,,,,,,,,,,,,,,,,,,,,,,,,,,,,,,,,,,,,,,,,,,,,,,,,,,,,,,,,,,,,,,,,,,,,,,,,,,,,,,,,,,,,,,,,,,,,,,,,,,,,,,,,,,,,,,,,,,,,,,,,,,,,,,,,,,,,,,,,,,,,,,,,,,,,,,,,,,,,,,,,,,,,,,,,,,,,,,,,,,,,,,,,,,,,,,,,,,,,,,,,,,,,,,,,,,,,,,,,,,,,,,,,,,,,,,,,,,,,,,,,,,,,,,,,,,,,,,,,,,,,,,,,,,,,,,,,,,,,,,,,,,,,,,,,,,,,,,,,,,,,,,,,,,,,,,,,,,,,,,,,,,,,,,,,,,,,,,,,,,,,,,,,,,,,,,,,,,,,,,,,,,,,,,,,,,,,,,,,,,,,,,,,,,,,,,,,,,,,,,,,,,,,,,,,,,,,,,,,,,,,62.36,66.35
475-20-7,(+)-Longifolene,,55,,,,,,,,,,,,,,,,,,,,,,,,,,,,,,,,,,,,,,,,,,,,,,,,,,,,,,,,,,,,,,,,,,,,,,,,,,,,,,,,,,,,,,,,,,,,,,,,,,,,,,,,,,,,,,,31.91,322.4,30.39,,,,,,,,,,,,,,,,,,,,,,,,,,,,,,,,,,,,,,,,,,,,,,,,,,,,,,,,,,,,,,,,,,,,,,,,,,,,,,,,,,,,,,,,,,,,,,,,,,1100,1100,478.5,1100,,,,,,,,,,,,,,,,,,,,,,,,,,,,,,,,,,,,,,,,,,,,,,,,,,,,,,,,,,,,,,,,,,,,,,,,,,,,,,,,,,,,,,,,,,,,16.81,14.69,14.91,,,,,,,,,,,,,,,,,,,,,,,,,,,,,,,,,18.82,,,,,,,,,,,,,,,,,,,,,,,,,,,,,,,,,,,,,,,,,,,,,,,,,,,,,,,,,,,,,,,,,,,,,,,,,,,,,,,,,,,57.79,136.2,,,,,,,,,116.8,385
18431-82-8,beta-chamigrene,,12.17,,,,,,,,,22,,,,,,,,,,,,,,,,,,,,,,,13.4,4.5,,,,22,22,,,,,22,,,9.547,55,10.67,1.385,33,33,10.84,,,,44,,,,33,,33,13.86,,,,2.43,3.52,33,2.24,4.19,2.2,33,,,,,,,,,,,,,,,,,,,,,,,,,,,,,,,,,,,,,,26.77,507.6,38.52,1.61,2.05,2.828,,2.044,,,,,,,110,110,110,,,,,,,,,,,,,,,,13.59,13.54,17,25.75,55,15.64,8.351,2.54,22,22,22,22,22,22,22,,22,1.609,22,11,11,11,11,11,11,,3.88,8.67,3.58,3.78,,,,,,,,,33,33,,,,,,,,,,,,,4.3,,,6.3,,,,52.3,8.31,7.27,9.32,39.85,11.61,44,44,2.54,144.7,1100,139.7,1100,,,,,,,,,,15.55,,,,,,,,,,,,,,,,38.5,,,,38.5,,38.5,,,,57.75,,,,,,,,,,,,,,,,,,,34.41,,,,110,,,,,,,,,55,55,391.1,,,,,,,,,,,,,,55,,,55,30.8,4.15,16.13,33.48,16.37,16.34,7.45,,6.53,41.41,41.95,66.16,19.06,,,,,,4.28,,18.59,,55,55,55,55,9.4,55,24.4,55,0.9,55,9.7,13.6,,,,,,17.61,10.33,15.84,55,25.9,26.7,55,,,,,,,,,,,,,,,,,,,,20.91,2.42,,,,,,,,,,,,,,,,,,46.58,,,,,,2.76,,,,,,,,2.16,,55,,,,,,,,,,,,,55,,,,,,,,27.19,,,,,,,,,,,,
498-15-7,(+)‐3‐carene,,25.5,,,,,,,,9.79,22,,,,,,,,,,,,,,,,,,,,,,,,,,,,22,22,,,,,6.45,,,31.71,30.62,27.19,33,19.05,16.25,49.72,,,,,,,,16.62,55,33,21.83,,,,,,,,,,,,44,77,18.48,,,,,,,,,,,,,,,,,,,,,,,,,,,,,,,,,55,76.77,659.2,58.18,,,,,,,,,,,,110,110,110,,,,,,14.07,,,,,,,,,,22,8.9,22,,,,11.52,22,22,22,22,22,22,22,22,22,16.89,22,22,11,11,11,11,11,11,,4.73,28.07,16.2,11.41,,,,,,,,,15.2,33,,,,,,,55,,,,,,,,,,,,1.967,69.95,5.06,5.452,,,,,,,31.75,72.63,62.21,167.7,,,,,,,,,,,,,,,,26.4,,,,,14.85,42.64,122.1,,,11.91,12.18,,38.9,38.5,6.26,38.5,,2.02,,,,,,,,,,,,,,,,,,,110,110,,,,,,,,,,,,16.8,35.2,22.41,55,,,,,,,,,,,,,,,,27.38,,55,23.97,18.67,28.64,30.82,23.35,34.16,7.948,,15.48,,,,26.6,,,,21.15,,15.63,,30.49,110,55,8.47,55,55,7,34.6,55,55,15,55,22.4,22.75,,,,,,10.95,25.96,26.98,31.1,55,11.5,55,,,,,,,,,,,,,,,,3.53,,,,471.6,7.39,,,,26.6,,,,,,,,,9.7,16.5,,,,14.42,,,,,,,,,,,,,2.54,,,55,,,,,,,,,,,,,,,8.722,4.037,23.14,31.29,,22.77,21.76,57.79,136.2,,,,,,,,,116.8,385
1461-03-6,β‐Himachalane,,,,,,,,,,,,,,,,,,,,,,,,,,,,,,,,,,,,,,,,,,,,,,,,,,,,,,,,,,,,,,,,,,,,,,,,,,,,,,,,,,,,,,,,,,,,,,,,,,,,,,,,,,,,,,,,,,,,,,,,,,,,,,,,,,,,,,,,,1.13,0.77,,,,,,,,,,,,,,22,22,22,22,22,22,22,22,,22,22,22,,,,,,,,,,,,,,,,,,,,,,,,,,,,,,,,,,,,,,,,,,,,,,,,,,,,,,,,,,,,,,,,,,,,,,,,,,,,,,,,,,,,,,,,,,,,,,,,,,,,,,,,,,,,,,,,,,,,,,,,,,,,,,,,,,,,,,,,,,,,55,,,,,,,,,,,,,,,,,,,,,,,,,,,,,,,,,,,,,,,,,,,,,,55,,,,,,,,,,,,,,,,4.6,,,35.61,,,,,,,,,,,,,,,,,,,,,,,,,,,,,,,,,,,,55,,,,,,,,,,,,,,,,,,,,,,,,,,,,,,,,41.89,219.9
25246-27-9,(−)‐Alloaromadendrene,,16.88,,,,,,,,,22,,,,,,,,,,,,,,,,,,,,,,,13.4,4.5,,,,22,22,,,,,22,,,15.32,32.19,20.35,6.979,33,26.26,12.56,,,,,,,,33,17.75,33,14.82,,,,2.43,3.52,33,2.24,4.19,2.2,33,,44,,,,,,,,,,,,,,,,,,,,,,,,,,,,,,,,,,,42.66,,,,1.61,,2.29,,2.07,,,,,,,110,110,110,,,,,,,,,,,,,,,,7.97,22,12.77,14.7,55,15.64,2.32,7.504,22,22,22,22,22,22,22,22,22,3.864,22,11,11,11,11,11,11,,4.057,10.99,6.62,5.938,,,,,,,,,33,33,,,,,,,,,,,,,4.3,,,6.5,,,3.815,64.82,8.31,7.27,9.32,39.85,11.61,44,44,2.54,52.14,131.6,51.13,105.1,,,,,,,,,,,,,,,,,,,,,,,,,,38.5,,,,38.5,,38.5,,,,,,,,,,,,,,,,,,,,,110,110,,,,,,,,,,,,,,55,55,391.1,,,,,,,,,,,,,,55,,,55,26.18,9.863,8.251,23.05,17.46,19.13,24.45,,8.401,41.41,41.95,66.16,16.71,,,,,,,,30.29,,55,55,55,55,9.599,28.56,36.69,55,5.158,55,14.5,,,,,,,4.62,,,55,25.9,26.7,55,,35.2,,,,,,,,,,,,,,,,,15.75,20.91,2.42,,,,,,,,,,,,,,,,,,39.33,,,,,,2.76,,,,,,,2.8,2.16,,55,,,,,,,,,,,,,55,,,,,,,15.57,19.84,,,,,,,,,,,9.71,74.96
72561-88-7,"3Z,6Z,9Z-Octadecatriene / Z3Z6Z9-18:Hy",,17.12,,0.84,1.08,,,,,2.79,15.15,7.25,33,3.99,0.96,10.7,14.1,10.73,10.08,,,13.38,48.58,53.84,55,55,40.31,29.28,0.9825,37.21,55,7.244,18.25,6.687,2.178,10.6,10.7,12.07,22,22,,,,,18.01,,,41.31,43.99,42.91,8.209,23.4,21.07,20.02,21.53,,15.17,,,,,30.09,47.29,33,55,,,,,,,,,,,,29.32,42.45,17.7,,,,,,,,,,,,,,,,,,,,,1.532,,1.044,,,6.84,,,69.78,,,,50.89,17.76,175.4,32.18,3.92,1.3,2.5,3.63,1.56,3.6,,0.7917,,,,44.48,110,82.7,,,,,3.07,,,2.551,2.838,2.782,12.07,11.49,1.864,2.447,2.795,12.8,12.04,8.202,25.52,55,14.11,2.836,22,22,22,22,12.1,22,15.22,15.66,12.37,11.85,6.107,19.4,5.306,8.478,5.085,1.545,5.344,11.69,5.905,3.046,16.53,1.953,2.063,6.6,,5.8,9.691,29.18,8.931,19.16,4.127,33,15.53,23.72,15.01,16.97,2.311,1.855,20.79,55,30.67,33,33,29.28,33,,2.47,,,6.534,4.73,,,5.546,15.74,20.23,39.13,25.57,44,44,16.59,,,,,10.63,4.765,7.355,2.818,,,0.1223,2.406,34.79,,1.21,172.6,77.97,48.83,57.7,26.4,20.58,4.091,14.44,5.661,18.08,34.99,106.9,17.18,24.49,13.61,11.99,16.87,13.57,21.27,16.35,21.89,1.892,5.148,18.85,,1.137,36.23,5.219,,55,42.47,1.064,0.8739,2.517,1.009,1.334,3.225,2.25,1.694,1.487,49.79,67,48.82,54.76,,,,74.81,55,25.41,,,,,30,29.5,45.03,55,6.345,,,16,3.011,22,4.282,22,,11.71,44,44,44,20.53,14.14,15.88,,55,,55,,,,,,1.64,15.31,50.12,38.75,14.95,14.24,17.88,,110,,,17.96,,67.63,,40.93,43.3,46.72,55,8.739,38.37,55,37.52,24.59,55,15.13,15.66,,,,,,22.4,20.59,14.99,41.64,55,42.92,55,0.5401,1.807,51.61,37.86,40.12,4.676,,,,,4.61,5.723,1.97,2.13,1.14,15.06,31.19,6.87,19.97,8.435,3.612,,,,27.96,0.4177,281.6,8.689,25.36,21.97,66.75,238.3,7.8,9.2,15.8,12.7,12.97,14.17,11.79,27.5,0.71,5.16,3.516,0.9177,,5.03,8.287,9.24,0.7086,2.328,4.882,55,13.76,,55,1.066,1.315,2.093,11.35,55,,21.07,,55,,0.5148,0.3745,40.8,1.488,9.156,6.687,20.44,31.77,15.69,,,20.62,110.2,3.858,48.24,2.518,3.183,3.696,11,5.68,11,357.6,40.76
30560-19-1,Acephate,,,,,,,,,,,,,,,,,,,,,,,,,,,,,,,,,,,,,,,,,,,,,,5.08,8.87,,,,,,,,,,,,,,,,,,,,,,,,,,,,,,,,,,,,,,,,,,,,,,,,,,,,,,,,,,,,,,,,,,,,,,,,,,,,,,,,,,,,,,,,,,,,,,,,,,,,,,,,,,,,,,,,,,,,,,,,,,,,,,,,,,,,,,,,,,,,,,,,,,,,,,,,,,,,,,,,,,,,,,,,,,,,,,,,,,,,,,,,,,,,,,,,,,,,,,,,,,,,,,,,,,,,,,,,,,,,,,,,,,,,,,,,,,,,,,,,,,,,,,,,,,,,,,,,,,,,,,,,,,,,,,,,,,,,,,,,,,,,,,,,,,,,,,,,,,,,,,,,,,,,,,,,,,,,,,,,,,,,,,,,,,,,,,,,,,,,,,,,,,,,,,,,,,,,,,,,,,,,,,,,,,,,,,,,,,,,,,,,,,,,,,
18598-74-8,L-isoleucine methyl ester hydrochloride,,,,,,,,,,,,,,,,,,,,,,,,,,,,,,,,,,,,,,,,,,,,,,,,,,,,,,55,,,,,,,,,,,,,,,,,,,,,,,24.4,,,,,,,,,,,,,,,,,,,,,,,,,,,,,,,,,,,,,,,,,,,,,,,,,,,,,,,,,5.921,,,,,,,,,,,,,,,,,,,,,,,,,,,,,,,,,,,,,,,,,,,,33,33,33,33,33,,,,,,,,,,,,,,,,,,,,,,,,,,,,,,,,,,,,,,,,,,,,,,,,,,26.4,,,,,,,,,,,,,,,,,,,,,,12.76,,,,,,,,,,,,,,,,,52.85,,,,76.83,,,,,,,10.6,35.2,,,,,,,,,,,,,,,,,,,,,,,,,,,,,,,,,,,,,,,,,,,,,,,,,,,,,,,,,,,,,,,,,,,,,,,,,,,,,,,,,,,,,,,,,,,,,,,,,,,,,,,,,,,,,,,,,,,,,,,,,,,,,,,,,,,,,,55,,,,,,,,,,,,,,,,,,,,
1401-55-4,Tannic acid,,,,,,,,,,,0.76,,,,,,,,,,,,,,,,,,,,,,,,,,,,,,,,,,,,,,,,,,,,,,,,,,,,,,,,,,,,,,,,,6.03,,,,,,,,,,,,,,,,,,,,,,,,,,,,,,,,,,,,,,,,,,,,,,,,,,,,,,,,,,,,,,,,,,,,,,,,,,,,,,,,,,,,,,,,,,,,,,,,,,,,,,,,,,,,,,,,,,,,,,,,,,,,,,,,,,,,,,,,,,,,,,,,,,,,,,,,,,,,,,,,,,,,,,,,,,,,,,,,,,,,,,,,,,,,,,,,,,,,,,,,,,,,,,,,,,,,,,,,,,,,,,,,,,,,,,,,,,,,,,,,,,,,,,,,,,,,,,,,,,,,,,,,,,,,,,,,,,,,,,,,,,,,,,,,,,,,,,,,,,,,,,,,,,,,,,,,,,,,,,,,,,,,,,,,,,,,,,,,,,,,,,,,,,,,,,,,,,,,,,,,,
142-62-1,hexanoic acid  / caproic acid,,17.87,,0.84,14.66,,312.7,47.69,31.35,5.421,22,6.741,6.15,2.625,4.629,4.522,16.3,13.1,6.98,7.3,4.31,12.83,55,40.37,55,55,55,42.35,55,55,55,55,2.77,14.42,4.896,33,33,33,22,22,,,,,22,,,42.47,42.1,38.68,9.492,18.3,27.58,55,13.35,119,14.42,33.83,,,,33,34.1,33,55,,,41.11,,,,,,,,17.7,27.33,67.8,35.36,,,,,,,,,,,,,,,,,,0.7446,,,1.256,,0.7217,,,6.293,,,81.33,,,,55,23.19,156.3,29.37,3.92,1.3,2.5,3.63,1.56,3.6,,1.656,2.88,33,33,47.67,110,97.18,,,,,2.85,,,2.359,11.94,8.38,12,11.71,2.88,3.07,3.53,11.22,15.34,22,17.84,45.53,10.03,40.34,18.72,22,22,22,7.766,22,11.19,6.777,6.504,11.04,5.022,17.28,7.519,11,11,2.909,11,11,9.32,7.037,39.07,7.313,6.596,6.6,,6.854,13.41,3.774,5.412,24.12,33,33,33,30.12,30.49,33,16.18,19.05,22,55,26.28,33,33,33,33,,,,,7,4.6,,,6.515,15.21,17.78,43.3,14.6,44,44,11.59,,,,,10.63,,7.26,2.24,,,0.09711,1.404,55,,1.38,28.07,81.41,48.83,28.46,26.4,21.08,4.967,18.31,7.158,17.54,32.69,97.87,26.38,32.02,23.98,15.49,10.23,20.31,28.56,35.81,22.61,2.25,7.037,19.52,73.27,,25.86,7.158,3.583,52.85,41.72,2.14,2.42,1.6,1.711,1.936,11.5,2.172,1.608,1.983,52.17,64.44,77.14,57.2,28.1,24.2,44,99.06,55,23.15,,,,,5.2,35.2,39.54,42.2,7.931,3.81,2.5,11.95,3.011,22,4.282,15.57,11.17,10.19,44,44,44,18.17,9.392,38.16,,55,,55,,,,,,,30.11,,,,16.61,21.38,,110,,,23.08,,48.27,110,44.46,30.66,55,55,4,13.2,55,55,9.3,55,2,8.327,18.73,15.32,31.58,27.48,13.16,8.523,12.5,13.58,18.21,45.15,9.721,55,0.3779,35.2,46.83,34.45,29.13,3,,3.3,,,,,,,,5.948,7.473,2.537,13.32,,6.319,17.27,12.78,8.277,26.65,,,,,,,,,,,14.57,13.42,17.5,10.85,,,,22,10.45,12.59,3.404,8.8,,2.322,5.824,16.09,8.457,13.76,8.49,55,3.195,3.055,6.549,10.05,55,,55,,7.623,,4.871,1.664,55,4.969,14.54,7.381,24.31,29.73,30.55,,,23.93,189.5,12.49,41.55,,,,,,,277.1,81.93
334-48-5,decanoic acid,,18.73,,0.84,12.39,,312.7,47.69,31.35,5.418,22,6.878,6.551,2.82,5.104,4.855,14.57,11.58,7.303,7.3,4.763,12.83,55,40.33,55,55,55,42.31,55,55,55,55,5,14.72,5.003,33,33,33,22,22,,,,,18.47,,,48.63,48.67,42.97,8.789,19.17,27.9,51.23,13.19,110.9,14.58,33.28,,,,33,34.07,33,55,,,40.62,,,,,,,,17.47,29.35,69.86,37.22,,,,,,,,,,,,,,,,,,0.8737,,,1.08,,0.5445,,,6.318,12.7,,79.66,,,,55,13.1,176.4,16.29,3.92,1.3,2.5,3.63,1.56,3.6,,1.631,2.88,33,33,110,110,110,,,,,2.85,,,2.31,8.799,6.299,12,11.71,2.88,3.07,3.53,10.99,15.93,22,19.48,47.49,10.72,39.92,18.49,22,22,22,7.168,22,10.62,4.944,6.851,10.47,4.483,16.96,7.533,11,11,2.908,11,11,8.666,7.554,36.15,7.245,6.653,6.6,,6.681,8.797,3.101,4.212,18.87,18.49,33,18.37,27.98,28.93,33,16.17,19.04,21.12,55,25.19,33,33,29.7,33,,,,,7,4.6,,,6.507,15.32,17.9,43.23,14.83,44,44,11.76,,,,,10.63,,7.26,2.24,,,0.09725,2.252,51.26,,0.9713,27.87,80.19,48.83,28.46,26.4,20.98,4.784,17.49,6.84,14.97,31.2,94.82,27.29,32.17,29.26,12.88,8.658,22.38,27.63,37.35,22.59,2.25,6.197,19.52,71.02,1.319,25.86,7.158,3.67,52.47,41.88,1.416,1.181,2.005,1.711,1.936,11.5,2.181,1.635,1.991,51.24,64.33,75.01,58.81,28.1,24.2,44,98.19,55,23.27,,,,,5.2,35.2,34.16,47.89,7.849,3.81,2.5,7.484,3.011,22,4.282,16.71,11.17,10.19,44,44,44,18.17,10.6,38.16,,55,,55,,,,,,,31.27,66.54,47.17,12.69,15.1,21.26,,110,,,22.73,,48.71,110,43.74,26.47,55,55,4,13.2,55,55,9.3,55,2,8.933,19.63,14.19,32.61,27.33,12.26,8.394,13.48,13.34,18.46,44.98,9.885,55,0.4032,10.09,51.09,41.72,39.69,3.279,,3.3,,,,,,,,5.303,7.509,2.169,14.97,9.21,5.281,16.27,12.78,8.277,27.57,0.21,281.6,18.92,33.91,48.29,281.6,182.2,7.8,,,14.79,13.68,17.5,11.18,,,,22,10.45,12.59,3.457,8.8,,2.322,5.824,16.09,8.183,13.76,8.49,55,3.236,2.293,5.371,10.99,55,,55,,7.286,,3.567,1.686,55,4.969,13.34,7.447,22.6,29.75,32.15,,,23.93,189.5,11.93,41.63,,,,11,5.68,11,292.2,70.82
603-79-2,"2,3-Dimethylbenzoic acid",2.64,,150.3,9.15,51.85,64.18,39.41,8.29,50.58,6.83,22,,,,,,,,,,13.7,,55,55,55,55,28.4,55,,,,,,33,33,,,,,,,,,,,,,23.06,28.22,26.69,11.5,12.12,33,55,,,22,26,,,,24.6,55,33,47.3,,,28.26,,,,,,,,,,,,,,,,,,,,,,,,,,,,,,,,,,,,,,,,,,,,,,,,,,,,,,,,2.52,,,82.01,110,110,,,,,,17.78,,,,,,,,,,,,,,,,,22,18.36,17.64,13.34,22,22,22,22,22,22,22,22,,,,,,,,,,,,,,,,,,,,,,21.2,25.05,30.16,22,22,22,34.57,33,33,33,33,33,,,,,,,,63.7,7.01,16.04,27.53,44,10.99,44,44,11.25,,,,,,,,,,,,,22.92,,,,32.49,,,26.4,,,,,45.77,77.31,73.07,,,9.81,18.79,,37.29,38.5,38.38,20.25,,7.55,,,,77.16,,,55,48.1,,,,,,,,,,,30.93,110,30.09,,,,29.89,,,,,,,,,23.84,55,29.5,,,22,,,,5.03,,,,,,,23.08,,14.67,55,,,,,,,,,,,,,,39.22,,,10.8,,,,,,,,,,,,,,,,,,19.58,37.79,29.25,27.84,29.02,,,,43.84,36.25,27.24,55,,,39.32,38.01,31.63,,,,,,,,,,,,,,12.33,11.46,6.023,,,,30.65,,,,,,,,,11,13.5,,,,11.71,,,,,,9.89,,8.03,,,,,55,,9.52,55,,,,,,,,,,,,,55,,16.43,9.62,23.21,20.13,31.74,,,,,,,,,,,,,170.3,78.69
119515-38-7,picaridin / (butan-2-yl 2-(2-hydroxyethyl)piperidine-1-carboxylate),,,,,,,,,,,,,,,,,,,,,,,,,,,,,,,,,,,,,,,,,,,,,,,,,,,,,,,,,,,,,,,,,,,,,,,,,,,,,,,,,,,,,,,,,,,,,,,,,,,,,,,,,,,,,,,,,,,,,,,,,,,,,,,,,,,,,,,,,,,,,,,,,,,,,,,,,,,,,,,,,,,,,,,,,,,,,,,6.4,,5.6,,,,,,,,,,,,,,,,,,,,,,,,,,,,,,,,,,,,,,,,,,,,,,,,,,,,,,,,,,,,,,,,,,,,,,,,,,,,,,,,,,,,,,,,,,,,,,,,,,,,,,,,,,,,,,,,,,,,,,,,,,,,,,,,,,,,,,,,,,,,,,,,,,,,,,,,,,,,,,,,,,,,,,,,,,,,,,,,,,,,,,,,,,,,,,,,,,,,,,,,,,,,,,,,,,,,,,,,,,,,,,,,,,,,,,,,,,,,,,,,,,,,,,,,,,,,,,,,,,,,
147859-80-1,L-trans-epoxysuccinyl-isoleucyl-proline methyl ester propylamide,,,,,,,,,,,,,,,,,,,,,,,,,,,,,,,,,,,,,,,,,,,,,,,,,,,,,,,,,,,,,,,,,,,,,,,,,,,,,,,,,,,,,,,,,,,,,,,,,,,,,,,,,,,,,,,,,,,,,,,,,,,,,,,,,,,,,,,,,,,,,,,,,,,,,,,,,,,,,,,,,,,,,,,,,,,,,,,,,,,,,,,,,,,,,,,,,,,,,,,,,,,,,,,,,,,,,,,,,,,,,,,,,,,,,,,,,,,,,,,,,,,,,,,,,,,,,,,,,,,,,,,,,,,,,,,,,,,,,,,,,,,,,,,2.84,3.42,,,,,,,,,,,,,,,,,,,,,,,,,,,,,,,,,,,,,,,,,,,,,,,,,,,,,,,,,,,,,,,,,,,,,,,,,,,,,,,,,,,,,,,,,,,,,,,,,,,,,,,,,,,,,,,,,,,,,,,,,,,,,,,,,,,,,,,,,,,,,,,,,,,,,
459-73-4,Glycine ethyl ester,,17.47,,,,,,,,3.82,22,,,,,,0.06,,,,13.7,,55,39.89,55,55,49.59,44.2,55,55,55,55,8,33,33,,,,,,,,,,,,,44.13,41.99,40.74,7.545,16.23,33,19.39,9.22,161.8,15.11,31.25,,,,33,55,33,55,,,32.64,,,,,,,,,27.24,46.61,18.57,,,,,,,,,,,,,,,,,,,,,,,,,,,,,91.25,,,,8.07,384.6,1100,42.35,,,,,,,,0.7958,,,,,,,,,,,3.408,,,,,,,,,,,,,,,,,,22,20.14,19.75,17.23,22,22,22,22,,22,22,22,,,,,,,,,,,,,,,15.15,33,12.36,33,33,24.53,11.34,33,33,33,22,22,22,,33,33,33,33,33,,,,,,,,,7.13,11.69,17.43,44,11.71,44,44,10.64,,,,,,,,,,9,,,,,,,47.93,,,26.4,,,,,31.75,62,,,,13.79,16.5,16.9,24.45,38.5,39.56,23.06,,,,,,18.05,6.699,,55,39.1,,,,,,,,,,,43.47,39.48,52.85,,,,110,,,,,,,,,,,,,,3.066,,,,19.65,,,,,,,,,,55,,,,,,,,,,,,,,32.87,,,,,,,,,21.46,6.177,26.78,,,,,,,,,7.67,12.52,29.67,23.96,28.86,24.23,20.13,,,55,55,27.9,55,,,,,,10,,7.5,,,,,,,,6.02,,,11.44,,,,,,,,,,,,,,,,,,,,,,,,,,,,,,,,,55,,,55,,,,,,,,,,,,,55,,8.414,6.091,26.28,30.03,33.72,,,,,,,,,,,,,,
624-13-5,Propyl octanoate,,17.95,,0.84,8.178,,312.7,47.69,31.35,4.42,20.16,7.665,6.368,3.977,14.04,6.102,16.3,13.1,8.137,14.9,3.597,12.85,55,36.05,55,55,55,41.33,55,55,55,55,3.61,16.32,8.637,2.81,2.132,6.464,13.25,7.541,,,,,8.096,,,43.22,47.37,45.68,4.688,20.73,26.64,37.29,11.64,113,14.09,35.16,,,,33,45.48,33,55,,,37.44,,,,,,,,17.55,21.69,30.85,16.18,,,,,,,,,,,,,,,,,,0.6111,,,1.721,,1.296,,,5.994,16.84,,82.38,,,,55,12.82,169.7,15.67,,,,,,,,0.9468,,33,33,87.03,110,110,,,12.36,13.89,2.889,,,2.218,6.901,4.926,12,11.71,2.88,3.07,3.53,10.82,13.48,16.35,19.09,47.04,10.56,12.37,19.74,22,22,22,6.193,22,12.1,6.901,5.728,13.84,3.193,18.7,7.058,11,11,3.102,11,11,13.25,6.644,32.13,6.71,7.265,6.6,,5.8,33,3.44,5.88,33,33,33,33,16.46,27.17,33,17.55,22,20.44,47.73,26.16,33,33,21.98,33,,,,,7,4.6,,,6.652,14.62,18.68,42.87,15.4,44,44,12.67,,,,,10.63,6.55,8.635,4.204,,,0.0976,2.237,32.95,,1.051,19.77,79.71,,28.98,26.4,21.68,4.529,16.38,6.662,27.77,40.15,92.44,26.13,21.84,21,14.93,13.94,20.47,38.5,36.66,23,2.25,3.339,20.21,70.87,,27.75,6.748,4.24,52.32,43.39,2.202,2.145,1.526,1.458,5.752,3.589,2.621,2.549,2.365,52.4,78.12,80.79,30.61,28.1,24.2,44,47.33,55,22.92,,,,,5.2,35.2,32.1,50.84,7.656,3.727,2.419,1.808,3.011,22,4.282,19.49,,10.19,44,44,44,18.17,10.73,37.72,,55,,55,,,,,,,35.51,,,,12.77,23.89,,110,,,23.02,,48.28,110,45.13,27.49,55,55,4,13.2,55,55,9.3,55,2,8.822,19.17,14.76,32.08,27.41,12.72,8.335,13.27,13.3,21.39,40.2,10.53,55,0.3938,20.26,48.03,40.43,32.83,3,,3.3,,,4.609,4.155,2.855,9.19,6.72,4.867,11.1,6.937,15.12,9.21,4.468,16.49,12.78,8.277,30.92,0.21,281.6,18.92,33.91,48.29,281.6,182.2,,,,14.69,13.63,17.5,11.4,27.5,0.71,5.16,19.59,12.05,12.59,4.841,8.8,,2.305,6.517,12.85,6.707,13.76,8.49,55,1.543,1.327,13.2,10.57,55,,55,,5.82,,10.77,2.091,55,6.792,9.067,5.71,25.72,28.35,29.35,,,23.93,189.5,8.08,42.73,,,,,,,287.9,73.8
85551-39-9,"MOP / (5R,6S)-6-acetoxy-5-hexadecanolide",,,,,,,,,,,22,,,,,,,,,,,,55,40.9,55,55,55,55,4.7,30.3,55,15.2,8,,,,,,,,,,,,,,,23.55,29.16,46.51,3.73,17.24,33,55,18.86,,22,,,,,33,,33,55,,,,,,,,,,,,39.08,23.37,16.18,,,,,,,,,,,,,,,,,,,,,,,,,,,,,,,,,,,,,,,,,,,,,,,,110,110,110,,,,,,,,,,,,,,,,,,,,,,,22,22,22,22,18.97,22,22,22,,13.33,12.79,22,,,,,,,,,,,,5.3,,7.2,14.83,33,33,33,33,,,,,,,,,38.39,,,,,,,,,,,,,,,,,,,,,,,,,,,,,,,,,,,,,,,,,26.4,,,,,27.5,81.58,95.09,,,,17.62,,25.4,,35.44,,,,,,,,3.9,,49.47,43.12,,,,,,,,,,53,,,,,,,,,,,,,,,,,,6.1,,,,,,,,,,,,,,,,,55,,,,,,,,,,,,,,,,,,,,,,110,55,55,55,,,,,,,,,,,,,,,,,,37.9,55,22,55,,35.2,,,,,,,,,,,,,,2.2,,,29.87,,,,,,,,,,,,,,,,,,,,,,,,,,,6.088,,,,,,,,,55,,1.76,13.2,13.2,,,,,,,,,,,13.39,5.899,20.86,23.49,32.79,,,,,,,,,,,,,,
112-39-0,"hexadecanoic acid, methyl ester  / methyl palmitate  / methyl hexadecanoate",,18.19,,0.84,6.277,,312.7,47.69,31.35,4.38,20.54,7.614,7.771,3.979,10.15,6.531,16.3,13.1,7.2,,8.19,12.84,55,30.2,55,55,55,31.1,55,55,55,55,3.267,20.32,9.291,33,33,33,22,22,,,,,22,,,47.44,47.9,42.01,6.914,19.09,27.74,49.64,12.17,113.2,13.99,32.74,,,,33,42.52,33,55,,,38.59,,,,,,,,17.5,22.44,31.31,16.6,,,,,,,,,,,,,,,,,,0.608,,,1.804,,1.415,,,6.173,12.7,,80.3,,856.8,573.6,55,12.92,172,15.88,,,,,,,,0.9505,,33,33,74.84,110,110,,,,,2.893,,,2.279,7.988,5.764,12,11.71,2.88,3.07,3.53,11.02,15.84,22,19.23,47.2,10.61,40.15,18.78,22,22,22,5.431,22,10.29,5.73,6.417,11.2,2.764,17.37,6.185,9.802,7.943,2.109,8.775,11.42,11.2,6.649,32.12,6.696,7.234,6.6,,5.8,13.34,3.449,5.229,23.8,33,33,33,16.46,27.17,33,17.65,22,20.44,51.03,26.16,33,33,21.98,33,,,,,7,4.6,,,6.597,15.09,18.86,42.73,15.97,44,44,12.98,,,,,10.63,,7.26,2.24,,,0.0932,2.324,55,,1.016,28.07,79.87,,28.8,26.4,21.68,4.529,16.38,6.662,28.76,39.41,95.1,30.72,32.95,38.5,15.42,10.92,21.05,38.5,35.82,38.5,2.25,6.188,19.51,63.72,1.319,22.88,12.6,4.24,52.36,40.96,1.502,1.277,1.934,1.711,1.936,11.5,2.648,2.577,2.393,51.37,110,110,59.05,28.1,24.2,44,98.13,55,23.04,,,,,5.2,35.2,31.99,50.88,7.773,3.81,2.5,22,3.011,22,4.282,22,,10.19,44,44,44,18.17,10.68,37.87,,55,,55,,,,,,,35.51,,,,12.77,22.81,,110,,,22.92,,48.7,110,43.78,31.03,55,55,4.419,14.83,55,55,11.44,55,2.902,8.86,19.43,14.43,32.38,27.36,12.46,8.355,13.34,13.32,20.42,39.19,9.921,55,0.3936,8.128,50.09,41.3,37.34,3,,3.3,,,,,,,,5.259,8.724,3.549,15.51,9.21,4.96,11.77,12.78,8.277,30.96,0.21,281.6,18.92,33.91,48.29,281.6,182.2,,,,14.73,13.65,17.5,11.32,27.5,0.71,5.16,19.59,12.05,12.59,4.5,8.8,,2.233,5.672,16.19,6.668,13.76,8.49,55,2.842,1.961,8.756,10.7,55,,55,,5.82,,6.169,2.274,55,5.91,9.462,5.89,25,28.04,31.59,,,23.93,189.5,8.08,42.71,,,,,,,289.4,72.74
628-97-7,"hexadecanoic acid, ethyl ester / Ethyl hexadecanoate",,17.8,,0.84,8.252,,312.7,47.69,31.35,3.82,20.48,6.669,5.555,3.018,8.387,4.941,1.039,13.1,8.349,7.3,5.863,12.85,55,37.4,55,55,51.28,41.57,55,55,55,55,4.271,24.6,15.34,33,33,33,22,22,,,,,22,,,46.94,47.76,42.65,5.352,20.35,27.63,29.7,10.47,118.9,14.37,30.01,,,,33,46.58,33,55,,,36.38,,,,,,,,17.52,22.04,30.99,16.34,,,,,,,,,,,,,,,,,,0.6096,,,1.76,,1.352,,,6.072,16.77,,81.53,,,,17.72,22.93,193.5,17.57,,,,,,,,1.8,2.88,33,33,75.91,110,110,,,12.36,13.89,3.034,,,2.25,7.413,5.34,12,11.71,2.88,3.07,3.53,11.03,15.81,22,19.16,47.11,10.58,40.21,19.55,22,22,22,6.737,22,12.06,7.241,6.074,13.3,3.717,18.45,7.053,11,11,3.099,11,11,12.33,6.646,32.13,6.703,7.25,6.6,,5.8,13.35,3.47,5.241,23.82,33,27.56,17.24,16.46,27.17,33,17.6,22,20.44,51.03,26.16,33,33,21.98,33,,,,,7,4.6,,,6.761,13.9,18.39,43.13,14.46,44,44,12.17,,,,,10.63,,7.26,2.24,,,0.09663,2.188,36.25,,1.034,20.55,79.79,,28.89,26.4,21.68,4.529,16.38,6.662,31.01,49.45,95.17,24.76,19.98,19.74,16.08,13.59,22.55,32.75,37.6,21.46,2.25,6.186,19.48,70.89,,20.18,6.734,4.527,52.87,40.73,2.201,2.147,1.527,1.952,3.813,6.671,2.634,2.563,2.378,52.32,68.34,68.62,42.22,28.1,24.2,44,62.01,55,22.98,,,,,5.2,35.2,32.05,50.86,7.711,3.718,2.41,1.808,3.011,22,4.282,19.49,,10.19,44,44,44,18.17,10.71,37.79,,55,,55,,,,,,,35.51,,,,12.77,25.83,,110,,,22.97,,48.48,110,46.13,22.2,55,55,4,13.2,55,55,9.3,55,2,8.733,19.28,14.62,32.21,27.39,12.6,9.581,13.31,13.31,20.88,39.67,10.21,55,0.3937,20.28,49.07,40.87,35.06,4.736,3.7,3.799,13.6,5.5,,,,,,5.236,9.831,4.965,11.74,9.21,4.711,16.39,12.78,8.277,30.94,0.21,281.6,18.92,33.91,48.29,281.6,182.2,,,,14.71,13.64,17.5,11.36,27.5,0.71,5.16,19.59,12.05,12.59,4.702,8.8,,2.224,5.656,16.2,8.7,13.76,8.49,55,2.716,1.781,9.427,10.6,55,,55,,5.82,,10.3,2.257,55,5.879,10.12,6.153,24.86,28.29,34.91,,,23.93,189.5,8.08,42.72,,,,,,,288.6,73.29
111-06-8,"hexadecanoic acid, butyl ester / Butyl palmitate",,17.95,,0.84,8.178,,312.7,47.69,31.35,4.42,20.22,7.099,5.371,3.91,18.57,5.898,16.3,13.1,7.956,14.9,3.761,12.85,55,36.05,55,55,55,41.33,55,55,55,55,3.61,16.87,9.084,1.073,0.7972,2.057,12.31,6.448,,,,,6.995,,,43.55,47.96,46.47,4.445,20.71,26.83,36.49,12.04,118.2,14.09,36.42,,,,33,45.88,33,55,,,37.5,,,,,,,,17.6,21.89,32.97,16.76,,,,,,,,,,,,,,,,,,0.6111,,,1.721,,1.296,,,5.964,16.96,,84.2,,,,55,12.82,169.7,15.67,,,,,,,,0.9468,,33,33,88.77,110,110,,,12.36,13.89,2.889,,,2.524,7.104,4.926,12,11.71,2.88,3.07,3.53,10.43,12.88,15.5,19.09,47.04,10.56,10.43,22,22,22,22,11.82,22,19.46,15.07,5.728,18.09,7.613,22,7.058,11,11,3.102,11,11,13.65,6.644,32.13,6.71,7.265,6.6,,5.8,13.13,3.564,5.311,23.05,33,33,33,16.46,27.17,33,17.55,22,20.44,43.66,26.16,33,33,21.98,33,,,,,7,4.6,,,6.652,14.62,18.68,42.87,15.4,44,44,12.67,,,,,10.63,6.55,8.647,4.224,,,0.09855,2.28,27.08,,1.023,18.52,79.71,,47.84,26.4,21.68,4.529,16.38,6.662,26.81,40.84,92.29,26.13,21.84,19.19,14.49,14.39,19.94,38.5,36.32,22.81,2.25,3.039,20.27,70.87,,28.81,6.168,5.257,52.27,43.41,2.202,2.144,1.526,1.462,6.519,3.089,2.621,2.549,2.365,52.47,78.12,80.79,27.61,28.1,24.2,44,32.35,55,22.92,,,,,5.2,35.2,32.1,50.84,7.606,3.81,2.5,1.808,3.011,22,4.282,19.49,,11.16,44,44,44,19.68,10.19,37.72,,55,,55,,,,,,,35.51,,,,12.77,23.02,,110,,,23.02,,48.28,110,46.17,39.87,55,55,4,13.2,55,55,9.3,55,2,8.822,18.42,15.75,31.22,27.54,13.5,8.335,13.27,13.3,26.4,40.94,16.33,55,0.3939,19.31,45.93,39.52,28.62,5.259,3.7,3.998,13.6,5.5,4.609,3.412,2.384,3.532,2.838,4.666,11.1,6.937,15.08,9.21,4.262,17.5,12.78,8.277,30.92,0.21,281.6,18.92,33.91,48.29,281.6,182.2,,,,14.69,13.63,17.5,11.4,27.5,0.71,5.16,19.59,12.05,12.59,4.974,8.172,3.82,2.195,6.439,12.44,6.707,13.76,8.49,55,1.405,1.329,13.2,10.59,55,,55,,5.82,,12.17,1.914,55,6.505,8.937,5.643,25.8,28.31,28.56,,,23.93,189.5,8.08,42.73,,,,,,,287.9,73.8
105-37-3,"propanoic acid, ethyl ester / ethyl propionate",,17.47,,,,,,,,3.82,20.95,,,,,,0.06,,,,13.7,,55,45.1,55,55,55,55,55,55,55,55,8,33,33,,,,22,22,,,,,,,,44.41,43.4,41.3,6.485,17.45,29.93,21.48,11.06,131.1,14.76,33.86,,,,33,43.82,33,55,,,33.1,,,,,,,,,27.45,38.81,29.22,,,,,,,,,,,,,,,,,,,,,,,,,,5.78,,,82.97,,,,8.07,384.6,1100,42.35,,,,,,,,0.7958,,,,110,110,110,,,,,3.411,,,,8.53,,,,,,,,,,,,,,22,22,22,22,22,22,22,22,,22,22,22,,,,,,,16.2,,,,,,,,13.41,3.764,5.406,24.11,33,24.53,11.34,33,33,33,22,22,22,,33,33,33,33,33,,,,,,,,,7.13,11.69,17.43,44,11.71,44,44,10.64,,,,,,,,,,9,,,,,,,47.93,,,26.4,,,,,31.82,62.18,,15.75,13.32,9.348,16.54,15.46,24.56,26.51,40.03,17.99,,,,,,21.8,6.699,,53.4,43.07,,,,,,,,,,44.9,43.47,39.48,52.85,,,,110,,,,,,,,,,,,3.81,2.5,3.066,,,,19.68,,,,,,,,,,55,,,,,,,,,,,,,,32.87,,,,,,,,,28.73,12.3,33.48,55,4,13.2,55,55,9.3,55,2,7.67,17.82,16.63,30.52,27.65,14.2,20.13,,,55,55,36.81,55,,,36.15,34.97,13.72,10,,7.5,,,,,,,,6.599,,,23.71,,,,,,,,,,,,,,,,,,,,,,,,,,,,,,,,,55,,,55,,,,,,,,,,,23.49,,55,,7.561,6.087,25.07,30.14,32.69,,,,,,,,,,,,,,
3130-19-6,"Bis(3,4-epoxycyclohexylmethyl) adipate",,17.47,,,,,,,,3.82,22,,,,,,,,,,,,,,,,,,55,55,55,55,8,33,33,,,,,,,,,,,,,43.96,46.56,39.64,1.54,33,22.55,46,9.22,,10.76,28.02,,,,33,55,33,55,,,35.81,,,,,,,,,15.66,46.61,18.57,,,,,,,,,,,,,,,,,,,,,,,,,,,,,,,,,,,,,,,,,,,,0.7958,,,,,,,,,,,2.85,,,,,,,,,,,,,,,,,,,,,,,,,,,,,,,,,,,,16.2,,,,,,,,13.4,3.728,5.387,24.07,33,,,,,,,,,,,,,,,,,,,,,,,,,,,,,,,,,,,,,,,,,,,,,,,,,,26.4,,,,,26.94,54.6,,,,17.01,14.37,13.81,18.95,38.5,36.92,22.24,,,,,,28.07,6.699,,,,,,,,,,,,,,,,,,,,,,,,,,,,,,,,3.25,1.97,1.808,,,,19.49,,,,,,,,,,,,,,,,,,,,,,,,,,,,,,,,,,,,55,4,13.2,55,55,9.3,55,2,,,,,,,,,,,,,,,,,,,,,,,,,,,,,,,,,,,,,,,,,,,,,,,,,,,,,,,,,,,,,,,,,,,,,,,,,,,,,,,,,,,10.4,5.56,28.55,29.69,27.35,,,,,,,,,,,,,,
2315-68-6,Propyl benzoate,3.386,55,41.79,7.446,34.55,64.18,23.08,7.906,22.6,2.895,22,8.66,5.7,5.894,33,6.225,,,3.97,13.3,6.087,2.7,55,49.38,55,55,33.25,55,,,,,,22.62,15.08,,,,,,,,,,,,,28.5,31.62,28.29,10.92,14.29,33,38.49,,,22,,,,,25.14,55,33,50.54,,,28.26,,,,,,,,,9.353,77,44,,,,,,,,,,,,,,,,,,0.82,,,12.9,,2.5,,,,24.46,,,,,,,58.17,442.5,305.8,,,,,,,,0.9681,2.334,,,80.35,110,110,,,12.36,13.89,,17.78,19.75,,8.53,,,,,,,9.42,10.53,22,12.1,18.1,1.42,35.22,22,17.18,16.27,11.1,22,22,22,22,22,22,22,22,,,,,,,,,,,,,,,33,9.291,12.55,33,33,,,27.1,24.9,30.94,22,22,22,33.53,33,33,33,33,33,,,,,,,,63.7,7.01,16.04,27.53,44,10.99,44,44,11.25,,,,,,,,,,9,,,9.284,,,14.83,54.33,37.19,,26.4,,,,,41.01,77.31,73.07,,,11.12,18.45,13.42,33.75,38.5,40.92,19.87,,7.55,,36.5,,31.57,4.162,4.537,55,35.4,,,,,,,,,,44.9,31.02,110,17.96,28.1,24.2,44,60,,,,,,,,,46.58,55,29.5,,,10.64,,,,3.748,,,,,,,23.21,,14.67,39.24,,,,,,,,,,,,,,39.22,,,10.8,,,,,,55,55,55,55,6.5,23.3,55,55,25.5,55,12.3,18.79,18.29,27.25,23.99,29.05,25.44,55,33.42,19.63,49.77,47.15,34.22,41.91,,,38.44,36.62,14.33,8.864,3.7,6.527,13.6,5.5,,,,,,,,,6.376,42.25,6.843,21.57,12.8,9.87,31.42,,,,,,,,,11,13.5,,,,11.66,,,,,,9.89,,8.03,,,,,55,,9.52,13.09,,,,,,,,,,,23.49,,51.01,,16.43,9.62,23.21,20.13,31.74,,,,,4.07,31.86,,,,,,,,
117-82-8,Bis(methylglycol) phthalate,3.97,55,150.3,9.15,51.85,64.18,39.41,8.29,50.58,6.83,22,8.722,6.23,6.394,33,6.526,,,3.52,13.93,4.687,,55,44.97,55,55,38.12,55,,,,,,19.41,10.97,,,,,,,,,,,,,16.96,20.04,17.16,8.17,9.68,33,33.64,,,22,,,,,33,55,33,39.91,,,28.26,,,,,,,,,7.18,,,,,,,,,,,,,,,,,,,,,,,12.9,,2.5,,,,21.71,,,,,,,58.17,442.5,305.8,,,,,,,,0.9688,,,,60.01,110,110,,,12.36,13.89,,17.78,,,,,,,,,,9.42,10.53,22,12.1,18.1,1.42,35.22,22,19.18,18.62,15.07,22,22,22,22,22,22,22,22,,,,,,,,,,,,,,,,,,,,24.11,33,28.2,26.33,26.77,22,22,22,39.5,33,33,33,33,33,,,,,,,,63.7,7.01,16.04,27.53,44,10.99,44,44,11.25,,,,,,,,,,9,,,9.153,,,14.83,48.5,37.19,,26.4,,,,,45.77,77.31,73.07,,,9.81,18.79,,37.29,38.5,38.38,20.25,,7.55,,36.5,,15.36,4.441,5.013,55,36.28,,,,,,,,,,44.9,29.72,110,19.69,28.1,24.2,44,25.72,,,,,,,,,34.41,55,29.5,,,9.57,,,,3.911,,,,,,,21.27,,14.67,47.88,,,,,,,,,,,,,,39.22,,,,,,,,,55,55,55,55,6.5,23.3,55,55,25.5,55,12.3,18.79,,,,,,55,33.42,19.63,55,44.74,36.1,47.99,,,,,,8.938,3.7,6.59,13.6,5.5,,,,,,,,,7.458,203.1,8.735,21.54,13.32,11.68,35.16,,,,,,,,,11,13.5,,,,11.92,,,,,,,,,,,,,55,,,22.26,,,,,,,,,,,,,50.49,,16.43,9.62,23.21,20.13,31.74,,,,,4.07,31.86,,,,,,,,
93-99-2,Phenyl benzoate,3.397,55,41.5,7.438,34.47,64.18,23.01,7.904,22.5,2.882,22,9.637,6.853,7.117,33,6.684,,,5.094,12.76,12.9,2.7,55,48.44,55,55,34.19,55,,,,,,33,33,,,,,,,,,,,,,29.98,33.24,29.77,12.55,12.84,33,39.56,,,22,,,,,22.82,55,33,49.39,,,28.26,,,,,,,,,7.18,,,,,,,,,,,,,,,,,,,,0.82,,,,,,,,,35,,,,,,,58.17,442.5,305.8,,,,,,,,1.005,2.52,,,66.98,110,110,,,,,,17.78,19.75,,,,,,,,,9.42,10.53,22,12.1,18.1,1.42,35.22,22,17.63,16.8,11.94,22,22,22,22,22,22,22,22,,,,,,,,,,,,,,,,,,,,,,24.49,21.68,30.11,22,22,22,33.41,33,33,33,33,33,,,,,,,,63.7,7.01,16.04,27.53,44,10.99,44,44,11.25,,,,,,,,,,,,,19.46,,,,51.96,37.19,,26.4,,,,,45.77,77.31,73.07,,,9.81,18.79,,37.29,38.5,38.38,20.25,,7.55,,36.5,,43.24,5.44,3.93,55,38.11,,,,,,,,,,,29.94,67.99,17.16,28.1,24.2,44,23.57,,,,,,,,,45.1,55,29.5,,,22,,,,5.03,,,,,,,23,,14.67,38.62,,,,,,,,,,,,,,39.22,,,10.8,,,,,,55,55,55,55,6.5,23.3,55,55,25.5,55,12.3,18.79,21.2,26.51,23.89,31.26,30.15,55,33.42,19.63,47.69,44.33,34.83,42.53,,,,,,,,,,,,,,,,,,,8.015,11.46,5.635,25.58,12.85,9.552,29.36,,,,,,,,,11,13.5,,,,11.66,,,,,,9.89,,8.03,,,,,55,,9.52,18.62,,,,,,,,,,,,,55,,16.43,9.62,23.21,20.13,31.74,,,,,,,,,,,,,,
123-11-5,4-methoxybenzaldehyde / p-anisaldehyde,3.68,55,60.83,2.48,17.95,18.77,18.11,9.73,,4.76,22,,,,,,,,,,,,,,,,,,3.6,9.1,9.5,12.4,2.8,33,33,,,,22,22,,,,,22,,,38.05,38.41,35.38,7.958,16.28,33,34.58,,,22,,,,,33,55,33,55,,,,,,,,,,,,44,77,44,,,,,,,,,,,,,,,,,,0.48,,,,,,,,,,,,,,,,,,,,,,,,,,4.3,2.24,,,110,110,110,,,28.43,,,,,0.85,8.67,,,,,,,22,12.23,22,24.5,55,86,55,22,22,22,22,22,22,22,22,22,22,22,22,3.05,11,11,1.62,11,11,,8.79,31.86,11.56,20.36,,,,,,,,,,,8.9,24.49,12.75,22,22,22,22.3,33,33,33,16.26,33,,,,,,,,,,,,,,,,,,,,,,,,,,8.1,,,44.21,,,,10.5,,,26.4,,,,,32.16,75.41,80.66,,24.96,14.07,20.85,11.6,44.69,6.81,34.71,23.84,,10.53,,6.468,,29.3,9.654,9.7,55,34.8,,,,,,,,,,49,25.73,23.95,33.93,,,,32.14,,,29.13,,16.16,46.23,35.2,12.9,55,55,,,,22,,,,5.66,,18.75,21.7,44,18.93,18.06,11.2,,,55,,,,,,,,0.81,15.56,,,,,,16.85,,3.819,,,,,,55,55,55,,,,,,,,,,15.29,42.01,23.69,28.65,25.03,,,,55,33.3,29.3,55,,,,,,,,,,,,,,,,,,,2.73,,,10.3,12.1,8,16.94,,,,,,,,,,,9.5,10.5,16.2,96.51,,,,22,,,,,,22,22,22,55,,,55,,,,,7.75,,7.47,,16.22,,,,55,13.13,,,,,,,,,,4.045,20.23,,,,,,,192.9,523.1
117633-03-1,1-Pentanecarbaldehyde,,,,,,,,,,,,,,,,,,,,,,,,,,,,,,,,,,,,,,,,,,,,,,,,,,,,,,,,,,,,,,,,,,,,,,,,,,,,,,,,,,,,,,,,,,,,,,,,,,,,,,,,,,,,,,,,,,,,,,,,,,,,,,,,,,,,,,,,,,,,,,,,,,,,,,,,,,,,,,,,,,,,,,,,,,,,,,,,,,,,,,,,,,,,,,,,,,,,,,,,,,,,,,,,,,,,,,,,,,,,,,,,,,,,,,,,,,,,,,,,,,,,,,,,,,,,,,,,,,,,,,,,,,,,,,,,,,,,,,,,,,,,,,,,,,,,,,,,,,,,,,,,,,,,,,,,,,,,,,,,,,,,,,,,,,,,,,,,,,,,,,,,,,,,,,,,,,,,,,,,,,,,,,,,,,,,,,,,,,,,,,,,,,,,,,,,,,,,,,,,,,,,,,,,,,,,,,,,,,,,,,,,,,,,5.18,48.7,,,,,,,,
106-68-3,3-octanone,,17.78,,0.84,14.38,,312.7,47.69,31.35,4.662,22,6.017,10.83,1.941,0.7867,4.447,16.3,13.1,7.261,7.3,,12.83,55,40.33,55,55,55,42.31,55,55,55,55,2.77,18.12,6.95,33,33,33,22,22,,,,,22,,,50.44,49.73,45.6,11.74,14.83,28.42,39,14.7,118.9,14.42,33.85,,,,33,28.5,33,55,,,41.05,,,,,,,,17.69,27.06,67.56,35.15,,,,,,,,,,,,,,,,,,0.5642,,,2.38,,2.369,,,6.282,,,81.36,,,,55,22.83,154.9,28.77,3.92,1.3,2.5,3.63,1.56,3.6,,1.171,2.88,33,33,73.32,110,110,,,,,2.85,,,2.362,11.91,8.38,12,11.71,2.88,3.07,3.53,11.23,15.31,22,17.76,45.44,9.998,40.43,19.21,22,22,22,9.165,22,12.46,8.984,6.514,12.32,6.353,17.96,7.516,11,11,2.91,11,11,9.374,7.021,39.02,6.722,7.156,6.6,,6.859,4.098,12.03,5.179,19.38,7.245,33,33,16.41,27.43,33,17.97,22,20.52,51.03,26.45,33,33,22.42,33,,,,,7,4.6,,,6.573,15.3,18.87,42.73,16.09,44,44,13.01,,,,,10.63,,7.26,2.24,,,0.09713,1.378,55,,1.38,28.07,81.28,48.83,28.58,26.4,21.08,4.965,18.3,7.153,17.73,32.96,97.97,26.37,32.01,23.97,15.49,10.27,20.32,28.65,35.81,22.62,2.25,7.039,19.52,73.19,,25.82,7.143,2.7,53.42,43.34,2.14,2.42,1.6,1.711,1.936,11.5,2.653,2.529,2.4,52.17,64.53,77.35,57.34,,,,87.66,55,23.06,,,,,5.2,35.2,32.68,49.92,7.93,3.81,2.5,8.275,3.011,22,4.282,11.04,11.17,10.19,44,44,44,18.17,9.413,38.05,,55,,55,,,,,,,30.12,,,,16.6,22.23,,110,,,23.14,,48.07,110,45.99,37.75,55,55,4,13.2,55,55,9.3,55,2,8.312,18.74,15.31,31.59,27.48,13.15,8.505,12.44,13.57,20.95,38.84,10.77,55,0.3779,35.2,46.83,34.46,29.13,3,,3.3,,,,,,,,6.463,7.457,2.603,20.96,,6.314,,,,26.58,,,,,,,,,,,14.56,13.42,17.5,10.1,,,,19.59,12.05,12.59,4.402,8.8,,2.254,5.708,16.17,8.503,13.76,8.49,55,3.716,3.012,6.616,10,55,,55,,10.72,,10.12,2.312,55,5.978,12.39,6.991,20.66,29.87,29.82,,,23.93,189.5,8.315,42.57,,,,,,,186.2,243.1
693-54-9,2-decanone,,18.73,,0.84,23.72,,312.7,47.69,31.35,4.968,22,6.901,7.279,2.883,4.573,5.11,14.57,11.58,7.59,7.3,8.19,12.83,55,40.51,55,55,55,46.04,55,55,55,55,2.77,18.23,6.905,33,33,33,22,22,,,,,22,,,43.16,42.64,39.46,12.09,15.7,27.9,55,13.59,110.9,14.89,33.28,,,,33,34.07,33,55,,,45.43,,,,,,,,17.58,27.06,49.02,27.65,,,,,,,,,,,,,,,,,,0.7061,,,1.974,,1.673,,,6.318,12.7,,79.66,,,,55,10.55,120.8,11.12,3.92,1.3,2.5,3.63,1.56,3.6,,1.175,2.88,33,33,76.55,110,110,,,,,2.85,,,2.317,10.59,7.276,12,11.71,2.88,3.07,3.53,11.68,14.24,22,14.99,41.89,8.796,44.33,18.24,22,22,22,6.575,22,10.05,6.396,4.937,9.883,3.966,16.63,7.533,11,11,2.908,11,11,8.666,7.554,36.15,6.672,7.177,6.6,,6.681,13.3,3.517,6.332,23.87,33,33,18.37,13,25.49,33,19.86,22,19.96,38.98,27.6,33,33,19.24,33,,,,,7,4.6,,,6.559,15.51,19.04,42.64,16.44,44,44,13.25,,,,,10.63,,7.26,2.24,,,0.09838,2.274,48.6,,0.9451,27.87,80.19,48.83,28.46,26.4,20.98,4.784,17.49,6.84,17.75,32.72,94.83,27.29,32.17,29.26,16.36,8.658,20.56,27.63,37.17,22.59,2.25,6.197,19.5,63.15,1.319,20.86,8.257,3.669,53.04,40.13,1.492,1.267,1.941,1.711,1.936,11.5,3.187,2.331,2.93,51.38,69.53,72.06,58.81,28.1,24.2,44,98.19,55,23.27,,,,,5.2,35.2,31.78,50.97,7.775,3.81,2.5,2.404,3.011,22,4.282,12.11,11.17,10.19,44,44,44,18.17,10.6,38.16,,55,,55,,,,,,,31.27,66.54,47.17,12.69,15.1,21.93,,110,,,23.71,,48.71,110,42.97,34.63,55,55,4,13.2,55,55,9.3,55,2,7.909,19.63,14.19,32.61,27.33,12.26,7.841,10.61,13.05,21.32,32.6,9.544,55,0.3936,10.43,50.12,41.31,37.42,3.036,,4.392,,6.14,,,,,,4.203,4.654,1.842,16.7,9.21,7.398,11.77,12.78,8.277,27.57,0.21,281.6,18.92,33.91,48.29,281.6,182.2,7.8,,,14.79,13.68,17.5,11.18,27.5,0.71,5.16,17.5,10.65,12.59,4.844,8.8,,2.266,5.728,16.15,6.436,13.76,8.49,55,3.595,2.03,8.56,10.76,40.68,,42.11,,10.02,,12.45,3.411,55,6.016,14.15,7.723,25.13,28.64,32.21,,,23.93,189.5,8.72,41.6,,,,11,5.68,11,292.2,70.82
6028-61-1,dipropyl trisulfide,,,,,,,,,,,,,,,,,,,,,,,,,,,,,,,,,,,,,,,,,,,,,,,,,,,,,,,,,,,,,,,,,,,,,,,,,,,,,,,,,,,,,,,,,,,,,,,,,,,,,,,,,,,,,,,,,,,,,,,,,,,,,12.39,10.53,,,,,,,,,,,,,,,,,,,,,,,,,,,,,,,,,,,,,,,,,,,,,,,,,,,,,,,,,,,,,,,,,,,,,,,,,,,,,,,,,,,,,,,,,,,,,,,,,,,,,,,,,,,,,,,,,,,,,,,,,,,,,,,,,,,,,,,,,,,,,,,,,,,,,,,,,,,,,,,,,,,,,,,,,,,,,,,,,,,,,,,,,,,,,,,,,,,,,,,,,,,,,,,,,,,,,,,,,,,,,,,,,,,,,,,,,,,,,,,,,,,,,,,,,,,,,,,,,,,,,,,,,,,,,,,,,,,,,,,,,,,,,,,,,,,,,,,,,,,,,,,,,,,,,,,
140-29-4,Phenylacetonitrile,,,105,4.01,17.99,21.26,38.78,2.72,,3.75,,,,,,,,,,4.7,,,55,46.96,55,35.7,55,21.96,,,,,,10.1,9.1,,,,,,,,,,,,,31.12,30.56,22.18,,,,43.72,,,,,,,,,,,,,,,,,,,,,,,,77,44,,,,,,,,,,,,,,,,,,,,,,,,,,,,,15.69,,,,,,,,,,,,,,,,,,,110,110,110,,,,,,,,5.02,,,,,,,,,,,27.1,55,103.2,26.57,22,22,22,22,19.75,22,22,22,22,22,16.88,22,,,,,,,,,,,,,,,33,33,33,33,33,17.32,33,33,33,33,22,22,22,55,33,33,33,33,33,,,,,,,,,,,,,,,,,,,,,,,,,390,,,,55,,,91.44,82.12,,,26.4,,,,,37.14,,71.31,25.98,28.3,21.94,20.92,16.8,49.03,38.5,32.56,19.58,,13.1,18.46,36.5,,13.72,18.9,,55,32.75,,,,,,,,,,51.7,34.89,54.78,52.85,,,,53.47,,,,,,,,,55,55,,,,22,,,,22,,,,,,,11.8,16.88,,55,23.8,,5.47,55,22.21,17.5,56.93,,,,,,,,,,,,,,26.5,,55,55,55,55,6.5,23.3,55,55,25.5,55,12.3,,17.77,3.81,24.24,18.14,8.35,,,,34,55,26.1,55,,,40.3,37.94,14.82,,,,,,,,,,,,,,8.81,,4.18,,,,,,,,,,,,,,,,,,,,,,31.11,,,,,,13.11,31.11,31.11,55,,,55,,,,,34.29,,17.23,,17.55,,,,50.5,13.26,,,,,,,,,,,,,,,,,,,
153-18-4,Rutin,,,,,,,,,,,8.35,6.87,5.68,6.13,3.82,2.5,,,,,,,,,,,,,,,,,,,,,,,,,,,,,,,,,,,,,,,,,,,,,,10.24,,6.431,,,,,,,,,,,,9.796,12.11,,,,,,,,,,,,,,,,,,,,,,,,,,,,,,,,,,,,,,,,,,,,,,,,,,,,,,,,,,,,1.19,,3.7,,,,,,,,,,,,,,,,,,,,,22,,,,,,,,,,,,,,,,,,,,,,,,,,,,,,,,,,,,,,,,,,,,,,,,,,,,,,,,,,,,,,,,,,,,,,,,,,,,,,,,,,,,,,,,,,,,,,,,,,,,,,,,,,,,,,,,,,,,,,,,,,,,,,,,,,,,,,,,,,,,,,,,,,,,,,,1.82,,,,,,,,,,,,,,,,,,,,,,,,,,,,,,,,,,,,,,,,,,,,,,,,,,,,,,,,,,,,,,,,,,,,,,,2.2,,,,,,,,,,,,,,,,,,,,,,,,,,,,,,,,,,,,,,,,,,,,,,,,,,,,,,,
18829-70-4,(-)-Catechin,,,,,,,,,,,,,,,,,,,,,,,,,,,,,,,,,,,,,,,,,,,,,,,,,,,,,,,,,,,,,,11.92,,15.26,,,,,,,,,,,,,4.52,,,,,,,,,,,,,,,,,,,,,,,,,,,,,,,,,,,,,,,,,,,,,,,,,,,,,,,,,,,,,,,,,,,,,,,,,,,,,,,,,,,,,,,,,,,,,,,,,,,,,,,,,,,,,,,,,,,,,,,,,,,,,,,,,,,,,,,,,,,,,,,,,,,,,,,,,,,,,,,,,,,,,,,,,,,,,,,,,,,,,,,,,,,,,,,,,,,,,,,,,,,,,,,,,,,,,,,,,,,,,,,,,,,,,,,,,,,,,,,,,,,,,,,,,,,,,,,,,,,,,,,,,,,,,,,,,,,,,,,,,,,,,,,,,,,,,,,,,,,,,,,,,,,,,,,,,,,,,,,,,,,,,,,,,,,,,,,,,,,,,,,,,,,,,,,,,,,,,,,,
520-18-3,Kaempferol,,,,,,,,,,,1.994,6.87,5.68,6.13,3.82,2.5,,,,,,,,,,,,,,,,,,,,,,,,,,,,,,,,,,,,,,,,,,,,,,8.944,,3.198,,,,,,,,,,,,7.81,9.77,,,,,,,,,,,,,,,,,,,,,,,,,,,,,,,,,,,,,,,,,,,,,,,,,,,,,,,,,,,,1.19,,3.7,,,,,,,,,,,,,,,,,,,,,,,,,,,,,,,,,,,,,,,,,,,,,,,,,,,,,,,,,,,,,,,,,,,,,,,,,,,,,,,,,,,,,,,,,,,,,,,,,,,,,,,,,,,,,,,,,,,,,,,,,,,,,,,,,,,,,,,,,,,,,,,,,,,,,,,,,,,,,,,,,,,,,,,,,,,,,,,,,,,,,,,,,,,,,,,,,,,,,,,,,,,,,,,,,,,,,,,,,,,,,,,,,,,,,,,,,,,,,,,,,,,2.2,,,,,,,,,,,,,,,,,,,,,,,,,,,,,,,,,,,,,,,,,,,,,,,,,,,,,,,
-,4-(1-oxaspiro[2.2]pent-2-yl)butan-1-ol,,,,,,,,,,,,,,,,,,,,2,2.8,4.2,,,,,,,,,,,,,,,,,,,,,,,,,,,,,,,,,,,,,,,,,,,,,,,,,,,,,,,,,,,,,,,,,,,,,,,,,,,,,,,,,,,,,,,,,,,,,,,,,,,,,,,,,,,,,,,,,,,,,,,,,,,,,,,,,,,,,,,,,,,,,,,,,,,,,,,,,,,,,,,,,,,,,,,,,,,,,,,,,,,,,,,,,,,,,,,,,,,,,,,,,,,,,0.6087,,,,,,,,,,,,,,,,,,,,,,,,,,,,,,,,,,,,,,,,,,,,,,,,,,,,,,,,,,,,2.99,2.46,,,,,,,,,,,,,,,,,,,,,,,,,,,,,,,,,,,,,,,,,,,,,,,,,,,,,,,,,,,,,,,,,,,,,,,,,,,,,,,,,,,,,,,,,,,,,,,,,,,,,,,,,,,,,,,,,,,,,,,,,,,,,,,,,,,,,,,,,,,,,,,,,,,,,
88644-30-8,Neoisolongifolane,,,,,,,,,,,,,,,,,,,,,,,,,,,,,,,,,,,,,,,,,,,,,,,,24.16,21.11,28.59,,,,55,,,,,,,,,,,,,,,,,,,,,,,,,,,,,,,,,,,,,,,,,,,,,,,,,,,,,,,,,,,60.72,178.9,1100,,,,,,,,,,,,,,,,,,,,,,,,,,,,,,,,,,,,,,,,,,,,,,,,,,,,,,,,,,,,,,,,,,,,,,,,,,,,,,,,,,,,,,,,,,,,,,,,,,,,,,,,,,,,,,,,,,,,,,,,,,,,,,,,,,,,,,,,,61.35,,,,,,,,,,,,,,,,,,,,,,,,,,,,,,,,,,,,,,,,,,,,,,,,,,,,,,,,,,,,,,,,,,,,,,,,,,,,,,,,,,,,,,,,,,,5.01,,,,,,,,,,,,12,,10,,,,,,,,,,,,,,,,,,,,,,,,,,,,,,,,,,,,,,,,,,,,,,,,,,,,,,,,,,,,,,,,,,,,,,,,,,,,,,,40.17,163.7
42822-86-6,"PMD / p-mentane-3,8-diol",,,,1.84,16.93,,,,,4.34,,,,,,,20.2,13.9,4.6,,,5,,,,,,,,,,,,,,,,,,,,,,,,,,,,,,,,,,,,,,,,,,,,,,,,,,,,,,,,,,,,,,,,,,,,,,,,,,,,,,,,,,,,,,,,,,,215.1,62.31,76.45,3.86,1.63,,,1.93,,,,,,,110,110,110,,,,,,,,,,,12.55,9.24,,,,12.07,2.53,22,9,55,12.29,55,,,,,,,,,,,,,,,,,,,,,,,,,5.3,9.6,,,,,,33,33,,,,,,,,,,,,,,,,,,,,,,,,,,,,,,,,,,,,,,,,,55,18.31,,,,,,,,,,,,,,,,,,,,,,,,,,,,,,,,,,,,,,,22,5.63,22,,46.83,39.43,,,,,,,,,,,,,,,,,,,,,,,,,,,,,,,,,55,,,,,,,,,,,,,,,,,,,,,,,,,,,,,,,,,,78.3,,,,,,38.54,24.27,20.1,55,55,55,55,,,,,,,,,,,,,,,,,,,,,,,,,,,,,,,,,,,,13.5,7.8,8.3,23.26,,,,,,,,,,,,,,,7.47,55,,,,,9.9,,55,,6.99,,,,,,,,,,,,,,,,,,,,,,,,
18368-91-7,"2-Ethyl-1,3,3-trimethyl-2-norbornanol / 2-Ethyl fenchol",,,,,,,,,,,,,,,,,,,,,,,,,,,,,,,,,,,,,,,,,,,,,,,,24.16,21.11,28.59,,,,55,,,,,,,,,,,,,,,,,,,,,,,,,,,,,,,,,,,,,,,,,,,,,,,,,,,,,,,,,,,60.72,178.9,1100,,,,,,,,,,,,,,,,,,,,,,,,,,,,,,,,,,,,,,,,,,,,,,,,,,,,,,,,,,,,,,,,,,,,,,,,,,,,,,,,,,,,,,,,,,,,,,,,,,,,,,,,,,,,,,,,,,,,,,,,,,,,,,,,,,,,,,,,,61.35,,,,,,,,,,,,,,,,,,,,,,,,,,,,,,,,,,,,,,,,,,,,,,,,,,,,,,,,,,,,,,,,,,,,,,,,,,,,,,,,,,,,,,,,,,,5.01,,,,,,,,,,,,12,,10,,,,,,,,,,,,,,,,,,,,,,,,,,,,,,,,,,,,,,,,,,,,,,,,,,,,,,,,,,,,,,,,,,,,,,,,,,,,,,,40.17,163.7
123-96-6,2-Octanol,,20.09,,,24.63,,312.7,47.69,31.35,4.211,22,7.25,33,3.99,0.96,10.7,16.3,13.1,9.228,,,12.64,,,,,,,55,55,55,55,2.77,13.96,7.307,33,33,33,22,22,,,,,17.74,,,55,39.47,55,6.836,26.6,30.27,55,13.35,59.53,15.06,31.26,,,,33,29.89,33,55,,,35.81,,,,,,,,17.33,41.19,48.39,27.91,,,,,,,,,,,,,,,,,,0.44,,,12.9,,55,,,6.515,,,69.78,,,,55,87.95,725.1,83.53,,,,,,,,0.6809,,33,33,95,110,110,,,24.6,,2.85,,,2.255,21.6,8.234,12,11.71,2.88,3.07,3.53,11.92,15.36,22,30.76,55,13.74,32.37,16.17,22,22,22,22,22,11.95,8.565,10.4,22,12.97,22,5.624,11,11,2.548,11,11,6.612,7.78,36.91,5.811,6.99,6.6,,7.922,16.23,20.66,15.29,29.46,22.58,33,18.33,16.8,14.02,33,22,22,21.48,30.32,32.22,33,33,23.74,22.16,,,,,7,4.6,,,6.768,17.03,21.46,42.1,19.54,44,44,16.54,,,,,,,,,,,,2.36,55,,,28.07,81.28,,25.38,26.4,20.98,4.784,17.49,6.84,10.86,18.92,91.87,30.86,32.95,23.65,13.39,8.394,24.1,25.26,31.68,29.91,2.25,6.285,19.58,64.55,1.26,65.65,10.23,,46.45,47.17,0.97,0.69,1.68,1.711,1.936,11.5,4.306,6.659,3.964,50.86,48.55,64.34,72.93,,,,81.97,55,28.66,,,,,5.2,35.2,31.26,55,7.861,2.571,2.487,7.002,3.011,22,4.282,20.61,11.17,10.19,44,44,44,18.17,10.55,41.06,,55,,55,,,,,,,35.51,,,,19.2,22.2,,87.57,,,26.56,,28.27,110,55,7.48,55,55,4,13.2,55,55,9.3,55,2,15.97,26.83,8.5,40.4,26.31,7.64,12.55,21.3,14.53,55,55,55,55,0.28,7.945,51.25,30.98,36.24,3.333,,5.2,,,,,,,,9.311,13.66,1.052,20.03,,11.62,,,,31.3,,,,,,,,,,,14.93,13.79,17.5,11.26,,,,19.77,12.05,12.59,3.97,8.8,,5.301,11.28,20.28,32.65,13.76,8.49,55,2.765,3.776,2.697,13.2,55,,55,,5.82,,3.592,2.087,55,8.63,9.009,5.303,18.05,28.39,26.05,,,23.93,189.5,4.924,43.92,,,,,,,329.7,50.93
30207-98-8,undecanol,,20.09,,,24.63,,312.7,47.69,31.35,4.211,22,7.25,33,3.99,0.96,10.7,16.3,13.1,9.228,,,12.64,,,,,,,55,55,55,55,2.77,13.96,7.307,33,33,33,22,22,,,,,17.74,,,49.87,45.77,47.07,6.836,26.6,30.27,55,13.35,59.53,15.06,31.26,,,,33,29.89,33,55,,,35.81,,,,,,,,17.33,41.19,48.39,27.91,,,,,,,,,,,,,,,,,,0.44,,,12.9,,55,,,6.515,,,69.78,,,,55,87.95,725.1,83.53,,,,,,,,0.6809,,33,33,95,110,110,,,24.6,,2.85,,,2.255,21.6,8.234,12,11.71,2.88,3.07,3.53,11.92,15.36,22,30.76,55,13.74,32.37,16.17,22,22,22,22,22,11.95,8.565,10.4,22,12.97,22,5.624,11,11,2.548,11,11,6.612,7.78,36.91,5.811,6.99,6.6,,7.922,16.23,20.66,15.29,29.46,22.58,33,18.33,16.8,14.02,33,22,22,21.48,30.32,32.22,33,33,23.74,22.16,,,,,7,4.6,,,6.768,17.03,21.46,42.1,19.54,44,44,16.54,,,,,,,,,,,,2.36,55,,,28.07,81.28,,25.38,26.4,20.98,4.784,17.49,6.84,10.86,18.92,91.87,30.86,32.95,23.65,13.39,8.394,24.1,25.26,31.68,29.91,2.25,6.285,19.58,64.55,1.26,65.65,10.23,,46.45,47.17,0.97,0.69,1.68,1.711,1.936,11.5,4.306,6.659,3.964,50.86,48.55,64.34,72.93,,,,81.97,55,28.66,,,,,5.2,35.2,31.26,55,7.861,2.571,2.487,7.002,3.011,22,4.282,20.61,11.17,10.19,44,44,44,18.17,10.55,41.06,,55,,55,,,,,,,35.51,,,,19.2,22.2,,87.57,,,26.56,,28.27,110,46.59,21.75,55,55,4,13.2,55,55,9.3,55,2,15.97,26.83,8.5,40.4,26.31,7.64,12.55,21.3,14.53,55,55,55,55,0.28,7.945,51.25,30.98,36.24,3.333,,5.2,,,,,,,,9.311,13.66,1.052,20.03,,11.62,,,,31.3,,,,,,,,,,,14.93,13.79,17.5,11.26,,,,19.77,12.05,12.59,3.6,8.8,,5.301,11.28,20.28,32.65,13.76,8.49,55,2.765,3.776,2.697,13.2,55,,55,,5.82,,3.592,2.087,55,8.63,9.009,5.303,18.05,28.39,26.05,,,23.93,189.5,4.924,43.92,,,,,,,329.7,50.93
1708-34-5,"2-Hexyl-1,3-dioxolane",,25.95,,,,,,,,4.291,22,,,,,,,,10.7,,,11.8,,,,,,,28.92,47.07,55,39.3,3.277,20.14,5.779,33,33,33,22,22,,,,,17.71,,,46.35,47.51,49.45,7.549,21.74,27.99,43.67,,,14.29,,,,,33,22.2,33,55,,,,,,,,,,,15.74,44,60.48,37.62,,,,,,,,,,,,,,,,,,,,,12.9,,55,,,6.84,,,,,,,55,35.74,380.7,48.45,,,,,,,,0.863,,33,33,94.32,110,110,,,,,,,,4.93,,8.09,12,11.71,2.88,3.07,3.53,11.92,15.36,22,21.27,55,13.74,38.09,22,22,22,22,22,22,22,8.387,3,12.57,22,22,5.23,11,11,1.98,11,11,4.14,8.795,40.22,3.935,3.884,,,,,,,,,,,19.84,27.68,33,22,22,20.59,51.03,26.74,33,33,22.85,33,,,,,,,,,7.836,18.34,23.28,44,17.26,44,44,17.81,,,,,,,,,,,,2.36,55,,,,86.85,,14.75,26.4,21.68,4.529,16.38,6.662,9.755,1.22,76.62,31.78,32.95,23.65,9.74,7.561,22.15,25.26,35.62,29.91,2.25,6.652,19.77,76.02,1.26,33.54,10.23,,,,0.97,0.69,1.68,1.711,1.936,11.5,3.984,3.384,1.604,47.6,45.48,49.6,59.05,,,,95.87,55,23.04,,,,,5.2,35.2,29.29,55,8.443,2.12,2.48,4.141,3.011,22,4.282,17.72,,10.19,44,44,44,18.17,6.348,58.11,,55,,,,,,,,,,,,,,22.2,,,,,21.66,,42.88,,36.88,35.76,55,,,,,,,,,14.55,,,,,,19.71,15.79,13.82,55,55,55,55,0.28,4.392,,,,3.7,,9.2,,,,,,,,13.38,12.69,1.058,18.65,,6.313,,,,32.45,,,,,,,,,,,15.34,14.15,17.5,9.203,,,,19.75,12.05,12.59,3.553,,,5.214,11.12,20.12,4.472,13.76,,55,2.707,4.766,1.532,13.2,55,,55,,5.82,,3.527,2.071,55,8.625,5.27,4.39,22.27,32.16,17.11,,,,,4.924,40.78,,,,,,,357.6,40.76
29804-22-6,"(+)-(7R, 8S)-epoxy-2-methyloctadecane",,25.95,,,,,,,,,22,,,,,,,,,,,,,,,,,,4.7,30.3,55,15.2,8,,,33,33,33,22,22,,,,,17.71,,,47.28,44.11,50.06,5.226,33,33,49.3,,,,,,,,33,,33,55,,,,,,,,,,,,44,61.68,38.1,,,,,,,,,,,,,,,,,,,,,12.9,,55,,,6.84,,,,,,,55,42.58,520.9,49.43,,,,,,,,0.6,,,,110,110,110,,,24.6,,,,,,,,12,11.71,,,,11.92,15.36,22,21.27,55,13.74,38.09,14.38,22,22,22,22,22,9.472,5.729,,22,10.61,22,3.73,11,11,1.87,11,11,,,,6.38,6.64,,,8.491,,,,,,,,16.19,9.25,33,22,22,22,22.6,33,33,33,25.32,19.32,,,,,,,,,,,,,,,,,,,,,,,,,,,,,,,,,86.85,,,26.4,,,,,7.945,,,,,,,,18.98,,,,,,,59.67,,52.73,,,,,,,,,,,4.4,1.267,1.097,,48.08,110,66.57,,,,74.25,55,28.61,,,,,,,23.7,55,,2.12,2.48,22,,,,22,11.17,,,,,,,,,55,,,,,,,,,55,,,,36.57,,,,,,23.96,,33,,39.5,23.31,55,,,,,,,,,15.68,,,,,,14.88,19.62,14.71,55,55,55,55,,,,,,3.7,,9.2,,,,,,,,64.5,44,0.96,21.29,,6.75,,,,32.45,,,,,,,,,,,16.2,14.23,,10.93,,,,,,12.59,3.6,,,,,,55,13.76,,55,7.76,,,,,,,,,,,,55,,13.22,5.29,14.7,31.88,,,,,,,,,,,,,,357.6,40.76
-,2-decyl-1-oxaspiro[2.2]pentane / OXP-01,,,,,,,,,,,,,,,,,,,,2,2.8,4.2,,,,,,,,,,,,,,,,,,,,,,,,,,,,,,,,,,,,,,,,,,,,,,,,,,,,,,,,,,,,,,,,,,,,,,,,,,,,,,,,,,,,,,,,,,,,,,,,,,,,,,,,,,,,,,,,,,,,,,,,,,,,,,,,,,,,,,,,,,,,,,,,,,,,,,,,,,,,,,,,,,,,,,,,,,,,,,,,,,,,,,,,,,,,,,,,,,,,,,,,,,,,,0.6087,,,,,,,,,,,,,,,,,,,,,,,,,,,,,,,,,,,,,,,,,,,,,,,,,,,,,,,,,,,,1.87,1.85,,,,,,,,,,,,,,,,,,,,,,,,,,,,,,,,,,,,,,,,,,,,,,,,,,,,,,,,,,,,,,,,,,,,,,,,,,,,,,,,,,,,,,,,,,,,,,,,,,,,,,,,,,,,,,,,,,,,,,,,,,,,,,,,,,,,,,,,,,,,,,,,,,,,,
295-48-7,Cyclopentadecane,,16.51,,,,,,,,,,,,,,,,,,,,,,,,,,,,,,,,,,,,,,,,,,,,,,,,,,,,,,,,,,,,,,,,,,,,,,,,,,,,,,,,,,,,,,,,,,,,,,,,,,,,,,,,,,,,,,,,,,,,,,,,,,,,,,,,,,,,,,,,,,,,,,,,,,,,,,,,,,,,,,,,,,,,,,,,,,,,,,,,,,,,,,,,,,,,,,,,,,,,,,,,,,,,,,,,,,,,,,,,,,,,,,,,,,,,,,,,,,,,,,,,,,,,,,,,,,,,,,,,,,,,,,,,,,,,,,,,,,,,,,,,,,,,,,,,,,,,,,,,,,,,,,,,,,,,,,,,,,,,,,,,,,,,,,,,,,,,,,,,,,,,,,,,,,,,,,,,,,,,,,,,,,,,,,,,,,,,,,,,,,,,,,,,,,,,,,,,,,,,,,,,,,,,,,,,,,,,,,,,,,,,,,,,,,,,,,,,,,1.71,68.02
90-12-0,1‐Methylnaphthalene,,,,,,,,,,,,,,,,,,,,,,,,,,,,,,,,,,,,,,,,,,,,,,,,,,,,,,45.77,15.49,,,26,,,,,,,,,,,,,,,,,,,,,,,,,,,,,,,,,,,,,,,,,,,,,,,,,,,,,,,,,,,,,,,,,,,,,55.51,110,110,,,33.18,,,66.11,68.86,,,,,,,,,,,,,,,,22,22,22,22,22,22,22,22,,22,22,22,,,,,,,,,,,,,1.4,10.1,,,,,,,,17.78,33,33,22,22,22,,33,33,33,33,33,,,,,,,,,,,,,,,,,,,,,,,,,,,,,,,,,,,,,,,,,,,,,,,,,,,,,,,,,,46.46,12.9,,,,,,,,,,,,,,,,,,,,,,,21.4,15.57,26.37,31.28,,,,,,,,,,,,,,,,,,,,34.44,,55,,,,,,,,,,,,,,,24.78,,,,,,,,,,,,,,,,,,,,,,,,,,,,,,,55,,,39.32,38.01,31.63,,,,,,,,,,,15.03,,,13.65,,,,,,,,,,,,,,,,,,,,11.53,,,,,,,,,,,,,,,,55,,,,,,,,,,,,,,,,,,,,,,,,,,,,,,,,170.3,78.69
2051-30-1,"2,6-dimethyloctane",,,,,,,,,,,,16.8,33,33,33,13.6,,,2.3,19.8,1.4,,,,,,,,1.7,21.2,27,1.3,55,,,,,,,,,,,,,,,,,,,,,55,,,,,,,,,,,,,,,,,,,,,,,36.97,77,17.69,,,,,,,,,,,,,,,,,,1.16,,,,,,,,,,,,,,,,,,,,,,,,,,0.7,,,,,,,,,24.6,,6.77,,,,,,,,,,,,,,,,,,,,,,,,,,,,,,,,,,,,,,,6.38,6.64,,,,,,,,,,,,,,,,,,,,,,,,,,,,,,,,,,,,,,,,,,,,,,,,,,,,,,,,,,6.32,,,,,10.68,,64.21,,,,22.55,,42.13,,41.08,,,12.24,20.94,,,13.74,2.7,4.7,,,,,,,,,,,,,,,,,,,,,,,,,,,,,,,2.12,2.48,22,,,,22,,,,,,,,,,,,,,,,,,,55,,,,36.57,,,,,,,,,,55,55,16.25,,,,,,,,,,,,,,,,,,,,,,,,,,,2,6.3,7.5,,2.5,,,,,,,,,,,,11.6,9.5,17.7,,,,,,,,,,,,,,,,,,,,,,,,,,,,,,,,,,,,,,,,,,,,,,18.59,,,,,,,,,,,,,,,,,,
593-49-7,heptacosane,,22.11,,0.84,12.54,,312.7,47.69,31.35,4.112,19.83,7.25,33,3.99,0.96,10.7,14.7,11.23,9.748,,,12.74,55,51.6,55,55,55,55,26.01,48.82,55,33.56,15.62,13.32,7.53,33,33,33,22,22,,,,,17.71,,,44.39,45.3,46.86,6.057,27.65,25.25,43.67,13.42,59.53,15.22,31.08,,,,31.41,35.59,33,55,,,44.15,,,,,,,,17.3,42.56,60.94,34.99,,,,,,,,,,,,,,,,,,0.44,,,8.279,,24.1,,,6.707,,,69.78,,,,55,21.95,1100,819.7,3.92,1.3,2.5,3.63,1.56,3.6,,0.863,,33,33,110,110,110,,,,,2.85,,,2.819,11.24,8.215,12,11.71,2.479,2.839,3.257,11.92,15.36,22,21.27,55,13.74,38.09,22,22,22,22,22,22,22,8.387,11.74,12.57,22,22,7.413,11,11,2.869,11,11,6.12,7.634,36.36,5.329,7.611,6.6,,6.939,21.8,22.97,15.06,28.53,14.69,33,19.24,16.39,24.74,33,22,22,19.54,46.6,28.8,33,33,20.94,33,,,,,7,4.6,,,6.645,16.96,21.5,41.74,20.32,44,44,16.79,,,,,10.63,,7.26,2.24,,,0.0995,2.124,47.4,,1.413,46.52,83.17,48.83,26.95,26.4,21,4.759,17.38,6.806,9.971,19.77,96.2,27.57,32.26,23.65,11.46,8.534,20,25.26,21.62,29.91,2.25,6.24,19.55,78.19,1.151,33.54,10.23,,52.49,42.24,1.055,0.8593,2.52,1.711,1.936,11.5,3.409,5.141,3.067,51,50.16,58.09,54.93,,,,100.2,55,25.72,,,,,5.2,35.2,28.49,55,8.133,2.879,2.49,4.141,3.011,22,4.282,17.72,11.17,10.19,44,44,44,18.17,10.23,39.51,,55,,55,,,,,,,31.37,66.54,47.17,12.69,14.66,19.25,,98.63,,,20.04,,54.33,110,36.88,35.76,55,55,4,13.2,55,55,9.3,55,2,14.55,26.83,8.5,40.4,26.31,7.64,19.71,17.69,13.86,55,55,55,55,0.5286,8.065,52.19,38.98,41.62,3.256,,5.073,,,,,,,,16.59,24.77,1.004,17.93,5.455,5.713,,,,29.58,0.64,281.6,5.36,21.17,13.47,27.31,281.6,7.8,,,15.44,13.95,17.5,10.1,,,,14.6,8.586,12.59,4.382,8.8,,4.362,9.918,15.47,15.16,13.76,8.49,55,3.947,3.197,3.26,13.2,55,,55,,17.22,,1.594,1.69,55,7.736,7.597,5.882,22.41,28.61,27.07,,,23.93,189.5,4.924,44.58,2.518,3.183,3.696,11,5.68,11,346.6,44.41
71-43-2,benzene,,,,,,,,,,,,,,,,,,,,,,,,,,,,,,,,,,,,,,,,,,,,,,,,,,,,,,,,,,,,,,,,,,,,,,,,,,,,,,,,,,,,,,,,,,,,,,,,,,,,,,,,,,,,,,,,,,,,,,,,,,,,,,,,,,,,,,,,,,,,,,,,,,,,,,,,,,,,,,,,,,,,,,,,,,,,,,,,,,,,,,,,,,,,,,,,,,,,,,,,,,,,,,,,,,,,,,,,,,,,,,,,,,,,,,,,,,,,,,,,,,,,,,,,,,,,,,,,,,,,,,,,,,,,,,,,,,,,,,,,,,,,,,,,,,,,,,,,,,,,,,,,,,,,,,,,,,,,,,,,,,,,,,,,,,,,,,,,,,,,,,,,,,,,,,,,,,,,,,,,,,,,,,,,,,,,,,,,,,,,,,,,,,,,,,,,,,,,,,,,,,,,,,,,,11.54,,55,,55,,,,,,,,,,,23.25,,,,,,,,,,,,,
106-42-3,p-xylene,,,,,,,,,,,,,,,,,,,,,,,,,,,,,,,,,,,,,,,,,,,,,,,,,,,,,,40.49,15.49,,,,,,,,,,,,,,,,,,,,,,,,,,,,,,,,,,,,,,,,,,,,,,,,,,,,,,,,,,55.52,1100,276.2,,,,,,,,,,,,70.78,110,110,,,34.28,,,,66.64,,,,,,,,,9.44,8.06,22,16.7,9.2,1.42,46.6,,,,,,,,,,,,,,,,,,,,,,,,,1.9,,,,,,,33,13.34,,,,,,,,,,,,,,,,,,,,,4.71,27.7,15.13,44,7.63,44,44,4.96,,,,,,,,,,,,,,,,,,22.91,,,,,,,,,,,,,,,,,,,,,,,,28.98,12.9,,,,,,,,,,,,,,,,,,,,,,,56.11,13.02,118.1,6.69,,,,,,,,,,,,,,,,,,,,,,,34.32,,15.14,16.51,11.73,23.79,,,,,,,,,24.78,,4.1,,,,,,,,,,,,,,,,,20.7,18.01,55,36.23,24.63,27.87,29.82,,16.89,,,,,,,38.75,34.03,20.86,,,,,,,,,,,,,,,,,,,,,,,,,,,,,,,,,,,,,,,,,,,,,,,,,,,,,,,,,,,,,,,,,,,,,,,,,,,,,,,,,,9.06,13.24
107-87-9,2-pentanone,,11.02,,,41.2,,312.7,47.69,31.35,4.959,22,,,,,,,,,,,,55,30.2,55,55,55,31.1,55,55,55,55,2.77,33,33,,,,22,22,,,,,19.64,,,40.44,41.03,38.89,14.57,13.91,27.6,46.07,15.45,126.4,17.46,38.08,,,,33,32.84,33,55,,,44.69,,,,,,,,17.99,37.1,39.57,20.48,,,,,,,,,,,,,,,,,,0.7324,,,,,,,,5.78,,,83.04,,,,8.07,14.87,117.3,9.408,,,,,,,,1.171,,33,33,77.36,110,110,,,,,4.415,,,3.005,10.32,8.5,,,,,,13.35,11.18,22,8.5,31.9,5.73,55,19.19,22,22,22,9.129,22,12.43,8.947,5.229,12.28,6.317,17.94,,,,,,,,,,8.27,5.89,,,,16.06,33,27.42,33,33,24.53,11.34,13.21,25.92,33,22,22,20.08,33.53,27.86,33,33,19.91,33,,,,,,,,,6.399,11,17.05,44,12.22,44,44,10.39,,,,,,,,,,,,,55,,,,,,,26.4,,,,,33.09,64.02,95.09,,,19.41,17.81,15.96,28.09,38.5,39.87,22.68,,,,63.15,,28.41,8.295,,53.88,41.45,,,,,,,10.31,3.635,10.11,53,110,72.05,110,,,,68.67,55,23.5,,,,,5.2,35.2,39.54,42.2,6.1,,,4.985,,,,9.144,,,,,,,16.5,,,55,,,,,,,,,,,,,,27.89,,110,,,25.14,,,110,45.95,37.56,55,,,,,,,,,6.986,17.78,16.69,30.47,27.66,14.25,9.905,6.7,12.51,22.54,33.28,10.8,55,,35.2,38.88,31.18,26.71,2.5,,4.509,,6.14,,,,,,5.783,4.476,1.995,13.99,,33.93,,,,,,,,,,,,,,,,,,,,,,17.57,10.69,,4.911,,,3.018,6.966,15.42,6.716,,8.49,55,4.435,1.76,13.2,13.2,22.02,,24.46,,8.385,,28.24,4.665,55,8.637,14.38,7.622,24.23,29.09,32.84,,,,,9.92,39.15,,,,,,,186.2,243.1
23973-22-0,ethyl 2-cyano-3-(furan-2-yl)prop-2-enoate,,,,,,,,,,,,,,,,,0.31,,,,13.7,,55,55,55,55,28.4,55,,,,,,,,,,,,,,,,,,,,27.31,25.26,24.4,,,,28.3,,,,,,,,,,,,,,,,,,,,,,,,,,,,,,,,,,,,,,,,,,,,,,,,,,,,,,,,,,,,,,,,,,,,,,,,,,,,,,,,,,,,,,,,,,,,,,,,,,22,12.5,11.04,4.61,22,22,22,22,,22,22,22,,,,,,,,,,,,,,,,,,,,,,33,33,33,22,22,22,,33,33,33,33,33,,,,,,,,,,,,,,,,,,,,,,,,,,9,,,,,,,,,,,,,,,,,,,,,,,,,,,,,,,,17.43,,,,,,,,,,,,,,,,,,,,,,,,,,,,,,,,,,,,,,,,,,,,,,,,,55,,,,,,,,,,,,,,,,,,,,,,,,,,,,,,,,,,,,,,,,,,,55,55,27.9,55,,,,,,10,,7.5,,,,,,,,,,,2.71,,,,,,,,,,,,,,,,,,,,,,,,,,,,,,,,,55,,,55,,,,,55,,55,,23.93,,,,,,,,,,,,,,,,,,,,,,,,
1497445-43-8,"(2E)-2-{[4-(dimethylamino)phenyl]methylidene}-4,4-dimethyl-3-oxopentanenitrile",,,,,,,,,,,,,,,,,0.38,,,,,,,,,,,,,,,,,,,,,,,,,,,,,,,,,,,,,,,,,,,,,,,,,,,,,,,,,,,,,,,,,,,,,,,,,,,,,,,,,,,,,,,,,,,,,,,,,,,,,,,,,,,,,,,,,,,,,,,,,,,,,,,,,,,,,,,,,,,,,,,,,,,,,,,,,,,,,,,,,,,,,,,,,,,,,,,,,,,,,,,,,,,,,,,,,,,,,,,,,,,,,,,,,,,,,,,,,,,,,,,,,,,,,,,,,,,,,,,,,,,,,,,,,,,,,,,,,,,,,,,,,,,,,,,,,,,,,,,,,,,,,,,,,,,,,,,,,,,,,,,,,,,,,,,,,,,,,,,,,,,,,,,,,,,,,,,,,,,,,,,,,,,,,,,,,,,,,,,,,,,,,,,,,,,,,,,,,,,,,,,,,,,,,,,,,,,,,,,,,,,,,,,,,,,,,,,,,,,,
327-97-9,Chlorogenic acid,,,,,,,,,,,,,,,,,,,,,,,,,,,,,,,,,,,,,,,,,,,,,,,,,,,,,,,,,,,,,,,,,,,,,,,,,,,,,12.4,,,,,,,,,,,,,,,,,,,,,,,,,,,,,,,,,,,,,,,,,,,,,,,,,,,,,,,,,,,,,,,,,,,,,,,,,,,,,,,,,,,,,,,,,,,,,,,,,,,,,,,,,,,,,,,,,,,,,,,,,,,,,,,,,,,,,,,,,,,,,,,,,,,,,,,,,,,,,,,,,,,,,,,,,,,,,,,,,,,,,,,,,,,,,,,,,,,,,,,,,,,,,,,,,,,,,,,,,,,,,,,,,,,,,,,,,,,,,,,,,,,,,,,,,,,,,,,,,,,,,,,,,,,,,,,,,,,,,,,,,,,,,,,,,,,,,,,,,,,,,,,,,,,,,,,,,,,,,,,,,,,,,,,,,,,,,,,,,,,,,,,,,,,,,,,,,,,,,,,,
87877-75-6,Hydroxycitronellic acid,,12.15,,,,,,25.19,,9.53,22,,,,,,,,,,,,55,55,39.03,55,55,43.6,4.962,19.81,46.49,9.893,12.82,,,,,,22,22,,,,,9.79,,,45.26,40.41,42.37,4.168,23.95,33,55,,,,14.28,26.3,9.5,39.1,15.81,,26.25,28.51,11.18,21.53,,,,,,,,,20.04,36.22,15.29,15.19,,,,,,,,,,,,,,,,,,1.359,,,,,,,,5.311,,,,,,,,4.54,307.7,23.23,3.59,1.61,1.86,,1.48,,,3.9,,,,110,110,110,,,29.77,,4.327,,,,,,,,,,,4.191,12.53,22,6.33,51.53,8.331,30.06,22,22,22,22,13.55,22,18.64,22,8.554,8.458,13.38,19.25,11,11,11,1.33,11,11,,6.7,18.53,12.76,13.73,,,,10.77,33,33,33,33,33,23.03,14.01,23.13,27.85,22,16.29,18.74,13.1,33,33,26.49,25.69,18.98,,,9,,,,,110,3.51,6.06,,,,,,,,,,,,,,,,,,,55,10.87,,,78.95,,,,,,,,,,69.43,,33.1,22.31,,,,38.5,,32.54,,11.77,,,,33.09,,12.4,55,30.07,,,,,,,12.73,4.922,12.26,50.3,110,83.33,64.32,,,,90.19,55,23.5,,,,,35.2,18.8,55,55,,,,22,,,,16.95,11,,,,,,16.5,,,55,,,,,,,,,16.17,,,,9.61,,23.97,110,4.3,110,5.93,,,110,29.73,8.03,11.04,55,8.064,37.89,55,49.52,15.73,55,15.93,15.24,,,,,,20.88,17.28,14.8,29.88,42.23,34.36,55,9.355,18.15,,,,2.328,,6.666,,7.546,,,,,,5.714,44,16.27,17.41,44.03,10.47,,,,13.97,,,,,,,,,,,,,,21.41,,,,22,39.01,,,,27.59,24.33,35.51,44,21.47,13.46,10.4,43.58,14.41,,,,8.65,,10.7,,12.17,,,4.71,55,13.61,,,,,,,,,,5.55,37.58,,,,,,,180.9,189.8
54897-65-3,(E)-3-Tetradecenyl acetate / E3-14:Ac,,14.82,,0.84,5.299,,312.7,47.69,31.35,4.891,15.6,7.518,11.28,3.982,5.529,7.417,14.11,10.73,10.12,,8.19,13.01,55,54.1,55,46.5,49.36,40.95,6.717,55,55,43.84,2.099,20.06,2.772,3.863,3.037,7.979,9.897,4.07,,,,,4.552,,,28.47,32.24,31.71,8.606,24.12,19.43,17.46,15.76,59.53,16.03,31.33,,,,30.31,44.01,33,55,,,45.33,,,,,,,,17.39,28.98,42.82,17.94,,,,,,,,,,,,,,,,,,0.8846,,,0.5,,0.13,,,6.319,,,69.78,,,,48.39,19.07,183.8,32.29,3.92,1.3,2.5,3.63,1.56,3.6,,0.7363,,33,33,45.84,110,83.49,,,,,2.981,,,2.303,5.142,4.039,11.76,11.27,1.919,2.484,2.839,10.09,7.64,6.376,18.09,55,13.91,1.129,22,22,22,22,16.64,22,20.22,22,9.657,15.54,14.14,19.57,5.298,8.543,5.201,1.538,5.459,11.67,6.849,4.07,15.15,2.351,2.281,6.6,,5.8,7.508,28.45,7.818,17.86,3.406,27.21,15.1,24.68,16.46,18.33,2.503,2.473,21.02,55,31.1,33,33,29.95,33,,2.47,,,6.515,4.736,,,6.272,16.25,20.13,41.37,20,44,44,15.23,,,,,10.63,4.944,7.483,3.338,,,0.1231,1.58,43.58,,1.01,52.85,72.83,47.94,47.74,21.59,20.96,4.821,17.65,6.889,11.39,29.19,97.71,17.32,23.96,28.18,7.834,13.57,11.64,17.1,19.11,23.5,1.906,2.59,19.06,82.75,1.132,50.35,5.219,4.24,52.86,43.55,1.259,1.006,1.869,0.9583,2.531,1.366,2.718,1.962,2.46,50.16,68.46,56.04,55.61,28.1,24.2,44,73.51,55,21.93,,,,,10.12,33.66,39.7,55,8.151,3.81,2.5,14.55,3.011,22,4.282,22,,11.23,44,44,44,19.8,13.97,20.93,41.08,55,,55,,,,,,1.64,14.31,49.37,38.35,15.08,11.16,18.4,,110,,,21.37,,67.32,110,47.92,43.45,46.83,55,7.147,28.81,55,41.48,19.45,55,8.999,12.7,26.83,8.5,40.4,26.31,7.64,22.37,11.47,15.96,22.28,40.75,12.93,55,0.5451,1.199,50.84,36.67,38.12,4.987,,3.3,,,4.61,4.844,2.298,3.124,2.381,3.579,9.671,3.679,20.28,7.925,3.432,11.77,12.78,8.277,28.63,0.3536,281.6,10.49,27.21,26.58,94.59,223.3,7.8,9.2,15.8,11.43,12.54,15.5,11.77,27.5,0.71,5.16,5.223,0.773,,4.71,8.275,8.465,0.5471,2.121,6.509,19.34,13.76,8.49,43.99,0.8885,1.15,1.837,9.256,42.47,,22.24,,29.43,,0.5103,0.3385,32.21,0.9639,10.09,6.467,23.95,27.85,29.3,,,21.17,94.81,3.888,44.48,2.518,3.183,3.696,11,5.68,11,306.2,62.34
140-10-3,Cinnamic acid,3.166,55,,,,,,,,,22,5.34,3.79,3.68,33,5.71,0.1166,,,,12.9,,,,,,,,,,,,,33,33,,,,22,22,,,,,22,,,33.8,33.48,30.88,11.21,18.62,33,26.6,,,22,,,,,26.61,55,33,55,,,,,,,,,,,,33.92,77,44,,,,,,,,,,,,,,,,,,0.09,,,,,,,,,79.26,,,,,,,58.17,442.5,305.8,,,,,,,,,2.917,,,75.46,110,110,,,32.51,,,,19.75,0.85,,,,,,,,16.52,11.63,22,19.31,37.8,21.53,47.32,22,22,22,22,22,22,22,22,22,22,22,22,3.05,11,11,1.62,11,11,,8.79,31.86,,,,,,,,,,,,,10.71,19.41,18.44,22,22,22,25.24,33,33,33,21.4,33,,,,,,,,,,,,,,,,,,,,,,,,,,9,,,27.47,,,,48.37,37.19,,26.4,,,,,32.16,75.41,80.66,,24.96,14.07,20.85,11.6,44.69,6.81,34.71,23.84,,10.53,,,,53.7,27.5,9.7,55,34.8,,,,,,,,,,43.65,21.73,18.36,20.99,37.5,16.1,44,40.21,,,,,,,35.2,12.9,55,55,,,,22,,,,8.845,,13.86,21,44,17.39,18.94,10.52,14.82,16.31,55,,,,,,,,0.81,15.56,,,,,,24.63,,10.8,,,,,,55,55,55,,,,,,,,,18.79,18.27,41.44,23.73,27.58,25.5,55,33.42,19.63,45.65,35.57,31.72,55,,,,,,9.9,7.476,6.824,13.6,5.5,,,,,,,,,6.995,11.46,4.86,,,,20.57,,,,,,,,,,,9.052,9.823,13.1,42.32,,,,22,,9.89,,8.03,,22,22,22,55,,9.52,35.59,,,,,15.02,,22.5,,16.49,,,,55,13.13,,,,,,,,,,4.44,,,,,,,,192.9,523.1
19473-96-2,3-[4-(methoxycarbonyl)phenyl]prop-2-enoic acid,3.97,55,26.68,6.928,29.97,64.18,19.13,7.776,17.04,2.143,22,5.34,3.79,3.68,33,5.71,0.08,,,,,,,,,,,,,,,,,33,33,,,,,,,,,,,,,8.67,13.32,11.83,8.17,9.68,33,41.38,,,22,,,,,33,55,33,39.91,,,28.26,,,,,,,,,,,,,,,,,,,,,,,,,,,,,0.82,,,,,,,,,,,,,,,,58.17,442.5,305.8,,,,,,,,,,,,67.93,110,110,,,,,,17.78,,,,,,,,,,9.42,10.53,22,12.1,18.1,1.42,35.22,22,22,22,22,22,22,22,22,22,22,22,22,,,,,,,,,,,,,,,,,,,,,,33,19.07,19.86,22,22,22,39.5,33,33,33,33,33,,,,,,,,63.7,7.01,16.04,27.53,44,10.99,44,44,11.25,,,,,,,,,,9,,,43.51,,,,42.01,37.19,,26.4,,,,,45.77,77.31,73.07,,,9.81,18.79,,37.29,38.5,38.38,20.25,,7.55,,,,,16.48,9.7,55,48.1,,,,,,,,,,,31.14,110,30.06,,,,29.6,,,,,,,,,42.37,55,29.5,,,22,,,,5.03,,,,,,,23.39,,14.67,55,,,,,,,,,,,,,,39.22,,,,,,,,,,,,,,,,,,,,18.79,,,,,,55,33.42,19.63,55,46.54,46.44,55,,,,,,9.037,3.7,6.675,13.6,5.5,,,,,,,,,19.97,,7.97,16.5,17.2,17.7,36.71,,,,,,,,,11,13.5,,,,11.92,,,,,,,,,,,,,55,,,55,,,,,,,,,,,,,55,,16.43,9.62,23.21,20.13,31.74,,,,,,,,,,,,,,
35153-10-7,11‐dodecenyl acetate,,,,18.68,83.17,,414.7,38.17,36.93,4.453,21.05,7.802,3.771,3.973,33,5.103,,,6.427,,8.19,,55,55,55,31.9,55,55,17.59,29.92,55,23.37,55,8.928,3.362,1.119,0.8392,2.017,4.4,0.7345,,,,,0.9203,,,26.17,32.9,36.12,6.346,22.29,30.22,40.46,19.81,59.53,18.18,44,,,,33,46.26,33,51.6,,,35.81,,,,,,,,18.04,28.23,36.12,21.91,,,,,,,,,,,,,,,,,,0.7892,,,12.9,,2.5,,,5.78,12.7,,106.7,,,,20.83,152.2,1100,56.34,,,,,,,,0.8485,,,,110,110,110,,,,,2.56,,,1.56,4.297,1.35,,,,,,4.4,4.4,4.4,,,,1.237,22,22,22,22,19.49,22,22,22,,14.59,14.11,22,,,,,,,16.2,,,,,,,,15.41,11.66,15.29,27.7,33,24.53,11.34,33,33,33,22,22,22,38.39,33,33,33,33,33,,2.47,9,,5.7,5,,,,,,,,,,,,,,,10.63,6.55,8.797,4.497,,,0.11,2.727,,,0.963,,,,224.2,26.4,,,,,20.21,32.26,87.95,15.75,13.32,21.93,9.969,13.68,21.05,24.9,30.1,28.62,,1.535,20.84,,,30.24,3.9,4.24,51.17,44.92,2.209,2.116,1.518,1.5,22,0.7244,,,,53,,,44.8,28.1,24.2,44,35.82,,,,,,,30,29.5,20.25,45.11,3.4,3.81,2.5,10.75,,,,10.15,,13.58,44,44,44,23.39,13.1,88.91,,55,,,,,,,,,4,25.57,24.29,22.07,15.43,18.77,,,,,,,,110,37.05,34.89,40.66,55,6.841,31.33,55,41.46,15.28,55,7.921,10.43,26.83,8.5,40.4,26.31,7.64,7.994,16.76,,45.28,45.79,33.15,55,0.3953,9.081,36.15,34.97,13.72,2.568,6.3,8.216,,4.34,4.609,3.415,2.386,3.543,2.849,5.531,44,32.57,19.89,10.98,3.817,11.77,12.78,8.277,13.97,0.21,281.6,18.92,33.91,48.29,281.6,182.2,,,,11.11,13.2,15.7,26.41,27.5,0.71,5.16,4.4,0.8342,,6.411,7.58,3.82,0.6845,4.4,4.4,55,,,55,0.6133,1.287,13.2,10.55,,,,,,,23.49,0.4175,18.66,1.878,13.29,5.916,22.02,26.38,25.97,,,,,,,,,,,,,,
16974-34-8,(E)-9-Dodecenyl acetate / E9-12:Ac,,,,3.349,7.491,,414.7,38.17,36.93,4.635,21.22,7.802,3.771,3.973,33,5.103,12.5,9.8,8.553,11.6,11.05,,55,51.57,55,42.48,49.74,41.8,20.97,55,55,55,7.845,8.93,3.373,1.124,0.8441,2.019,4.4,0.7345,,,,,0.9203,,,20.54,30.33,29.32,8.989,24.29,30.72,34.45,20.41,105.5,19.29,44,,,,33,48.2,33,48.54,,,37.21,,,,,,,,18.04,30.36,47.15,28.09,,,,,,,,,,,,,,,,,,0.8293,,,1.742,,0.4045,,,5.78,23.67,,99.79,,,,29.96,91.97,614.4,49.59,,,,,,,,0.8485,,,,83.14,110,100.7,,,,,3.37,,,2.639,4.203,1.35,9.93,9.94,1.56,2.23,2.54,5.602,5.602,4.996,10.65,55,13,1.042,22,22,22,22,19.75,22,22,22,3.72,15.27,14.82,22,3.777,7.888,4.106,0.8913,4.376,11.89,30.77,4.431,11.8,2.323,2.074,,,,8.692,21.4,13.26,24.95,13.03,27.68,9.977,33,28.49,33,17.73,19.72,22,40.52,33,33,33,33,33,,2.47,9,,5.7,5,,,,,,,,,,,,,,,10.63,6.55,8.701,4.321,,,0.114,2.571,36.37,,1.062,92.48,,,196.3,24.67,,,,,17.91,25.46,86.34,9.699,13.32,24.51,9.13,14.63,20.85,22.44,28.31,31.3,1.73,1.993,20.36,,1.116,31.62,3.9,4.24,52.66,44.6,1.799,1.657,1.817,1.282,10.49,0.9779,2.368,1.387,2.596,51.44,110,47.84,60.67,28.1,24.2,44,48.42,55,12.5,,,,,30,29.5,21.14,46.43,7.8,3.81,2.5,13.34,,,,9.762,,13.58,44,44,44,23.39,12.76,34.44,,55,,,,,,,,1.64,5.174,29.86,27.05,20.18,13.04,18.44,,,,,,,,110,40.05,38.17,43.16,55,8.062,38.71,55,38.34,19.05,55,12.13,16.26,19.52,14.32,32.49,27.35,12.37,8.411,16.61,22.88,50.5,41.3,28.41,55,0.5094,9.968,36.74,28.87,13.86,3.993,6.3,8.217,,4.344,4.61,3.549,2.226,2.84,2.043,9.768,27.73,40.09,20.02,10.74,3.477,11.77,12.78,8.277,31.88,0.2549,281.6,15.2,31.25,38.68,187.8,196.5,7.8,9.2,15.8,10.82,13.18,15.68,22.31,27.5,0.71,5.16,4.4,0.746,,6.411,7.58,3.82,0.9337,4.162,4.4,55,,,55,0.6312,1.259,13.2,10.38,55,,8.07,,55,,1.849,0.5248,18.72,1.702,12.91,6.153,21.33,27.41,22.85,,,15.57,39.49,,,2.518,3.183,3.696,11,5.68,11,,
16974-11-1,(Z)-9-Dodecenyl acetate / Z9-12:Ac,,,,3.349,7.491,,414.7,38.17,36.93,4.635,21.22,7.802,3.771,3.973,33,5.103,12.5,9.8,8.553,11.6,11.05,,55,51.57,55,42.48,49.74,41.8,20.97,55,55,55,7.845,8.93,3.373,1.124,0.8441,2.019,4.4,0.7345,,,,,0.9203,,,20.54,30.33,29.32,8.989,24.29,30.72,34.45,20.41,105.5,19.29,44,,,,33,48.2,33,48.54,,,37.21,,,,,,,,18.04,30.36,47.15,28.09,,,,,,,,,,,,,,,,,,0.8293,,,1.742,,0.4045,,,5.78,23.67,,99.79,,,,29.96,91.97,614.4,49.59,,,,,,,,0.8485,,,,83.14,110,100.7,,,,,3.37,,,2.639,4.203,1.35,9.93,9.94,1.56,2.23,2.54,5.602,5.602,4.996,10.65,55,13,1.042,22,22,22,22,19.75,22,22,22,3.72,15.27,14.82,22,3.777,7.888,4.106,0.8913,4.376,11.89,30.77,4.431,11.8,2.323,2.074,,,,8.692,21.4,13.26,24.95,13.03,27.68,9.977,33,28.49,33,17.73,19.72,22,40.52,33,33,33,33,33,,2.47,9,,5.7,5,,,,,,,,,,,,,,,10.63,6.55,8.701,4.321,,,0.114,2.571,36.37,,1.062,92.48,,,196.3,24.67,,,,,17.91,25.46,86.34,9.699,13.32,24.51,9.13,14.63,20.85,22.44,28.31,31.3,1.73,1.993,20.36,,1.116,31.62,3.9,4.24,52.66,44.6,1.799,1.657,1.817,1.282,10.49,0.9779,2.368,1.387,2.596,51.44,110,47.84,60.67,28.1,24.2,44,48.42,55,12.5,,,,,30,29.5,21.14,46.43,3.8,3.81,2.5,13.34,,,,9.762,,13.58,44,44,44,23.39,12.76,34.44,,55,,,,,,,,1.64,5.174,29.86,27.05,20.18,13.04,18.44,,,,,,,,110,40.05,38.17,43.16,55,8.062,38.71,55,38.34,19.05,55,12.13,16.26,19.52,14.32,32.49,27.35,12.37,8.411,16.61,22.88,50.5,41.3,28.41,55,0.5094,9.968,36.74,28.87,13.86,3.993,6.3,8.217,,4.344,4.61,3.549,2.226,2.84,2.043,9.768,27.73,40.09,20.02,10.74,3.477,11.77,12.78,8.277,31.88,0.2549,281.6,15.2,31.25,38.68,187.8,196.5,7.8,9.2,15.8,10.82,13.18,15.68,22.31,27.5,0.71,5.16,4.4,0.746,,6.411,7.58,3.82,0.9337,4.162,4.4,55,,,55,0.6312,1.259,13.2,10.38,55,,8.07,,55,,1.849,0.5248,18.72,1.702,12.91,6.153,21.33,27.41,22.85,,,15.57,39.49,,,2.518,3.183,3.696,11,5.68,11,,
53398-85-9,[(Z)-hex-3-enyl] 2-methylbutanoate,,,,,,,,,,,22,,,,,,,,,11.6,16.1,,55,55,55,42.98,46.01,33.8,55,55,55,55,55,14.23,7.463,1.164,0.8828,2.028,4.4,0.7345,,,,,0.9203,,,11.65,19.31,16.74,20.72,21.59,33,17.47,21.53,108.8,22,44,,,,33,50.54,33,42.12,,,,,,,,,,,,31.17,44.03,30.22,,,,,,,,,,,,,,,,,,,,,,,,,,,35,,,,,,51.03,56.53,405.6,47.09,,,,,,,,,,,,110,110,110,,,,,4.817,,,2.947,2.768,1.35,9.93,9.94,,,,10.62,10.62,10.62,10.65,55,13,1.237,22,22,22,22,5.704,22,19.31,14.71,3.72,22,10.53,22,4.08,11,11,1.51,11,11,97.03,33.53,21.21,19.99,14.87,,,,33,33,33,33,33,,,33,29.47,33,22,22,22,31.4,33,33,33,33,33,,2.47,,,5.7,5,,,,,,,,,,,,,,,10.63,,7.26,2.24,,,0.11,2.727,55,,1.704,,,,116.9,21.9,,,,,17.7,14.4,81.25,,,18.48,13.05,14.35,23.66,11.67,31.79,28.87,,3.788,20.03,,,29.69,,,53.7,47.99,2.209,2.116,1.518,1.5,22,0.7244,5.37,3.364,7.025,,110,47.84,79.43,,,,61.77,55,12.5,,,,,30,29.5,21.45,46.91,12.06,,,22,,,,8.89,,13.58,44,44,44,23.39,14.09,46.43,,55,,,,,,,,1.64,6.256,25.57,24.29,22.07,12.44,18.77,,,,,,,,,55,55,55,55,9.267,46.98,55,35.79,22.56,55,17.4,21.75,,,,,,8.052,16.56,22.88,55,34.86,24.75,55,6.415,15.52,37.95,19.72,14.13,8,,,,,4.61,3.882,1.97,2.13,1.14,26.66,22.54,44,17.87,15.04,3.769,,,,42.41,0.21,281.6,18.92,33.91,48.29,281.6,182.2,,9.2,15.8,10.71,13.18,15.67,21.19,27.5,0.71,5.16,11.5,0.7366,,,,,5.181,11.04,11.5,55,,,47.79,0.6133,1.203,13.2,10.05,55,,8.07,,55,,,0.53,31.82,3.867,13.11,7.18,18.68,31.36,14.32,,,15.57,39.49,,,,,,,,,,
33467-74-2,(Z)-3-hexen-1-yl propionate,,19.29,,0.84,1.08,,,,,,22,,,,,,,,,11.6,16.1,,51.85,51.3,55,48.85,45.7,36.8,55,55,55,55,55,14.35,7.513,1.165,0.8841,2.029,4.4,0.7345,,,,,0.9203,,,16.82,25.11,22.02,14.55,20.58,31.68,21.3,21.53,116.1,18.34,44,,,,33,51.01,33,44.7,,,37.6,,,,,,,,,44,51.57,44,,,,,,,,,,,,,,,,,,,,,,,,,,5.78,35,,82.79,,,,50.96,56.5,400.7,46.82,,,,,,,,,,,,110,110,110,,,,,3.832,,,3.002,2.847,1.35,9.93,9.94,,,,10.84,10.84,10.84,10.65,55,13,3.442,22,22,22,22,4.689,22,19.01,14.02,3.72,22,9.583,22,4.08,11,11,1.51,11,11,63.49,33.53,21.21,19.99,14.87,,,,13.4,3.741,5.394,24.09,33,,,33,29.45,33,22,22,22,31.4,33,33,33,33,33,,2.47,,,5.7,5,,,,,,,,,,,,,,,10.63,6.55,8.774,4.455,,,0.1006,2.727,55,,1.686,172.6,,,114.8,21.83,,,,,19.2,23.84,81.24,,,17.26,13.22,15.77,22.46,13.24,32.13,28.11,,3.862,20.01,,,39.61,,,53.75,46.71,2.209,2.116,1.518,1.5,22,0.7244,5.547,3.493,7.299,44.9,110,47.84,79.43,,,,61.77,55,12.5,,,,,30,29.5,21.45,46.86,12.29,3.81,2.5,22,,,,8.89,,13.58,44,44,44,23.39,14.12,47.04,,55,,,,,,,,1.64,6.256,25.57,24.29,22.07,12.44,18.77,,,,,,,,,55,55,55,55,8.195,39.01,55,38.12,19.82,55,12.68,21.75,17.91,16.49,30.62,27.63,14.09,8.052,16.56,22.88,55,34.94,24.77,55,6.755,17.05,37.95,19.72,14.13,8,,,,,4.61,3.893,1.97,2.13,1.14,23.64,22.54,44,17.29,15.11,3.793,,,,42.37,0.21,281.6,18.92,33.91,48.29,281.6,182.2,,9.2,15.8,10.79,12.91,15.1,21.19,27.5,0.71,5.16,11.73,0.7366,,,7.58,3.82,5.332,11.28,11.73,55,,,49.06,0.6133,1.203,13.2,10.05,55,,8.07,,55,,,0.5297,30.95,3.963,9.074,6.299,22.27,31.53,17.81,,,15.57,39.49,,,,,,,,,,
199393-24-3,"methyl (E)-3-(2,5-dimethylphenyl)-2-propenoate",,,,,,,,,,,,,,,,,0.14,,,,,,,,,,,,,,,,,,,,,,,,,,,,,,,,,,,,,,,,,,,,,,,,,,,,,,,,,,,,,,,,,,,,,,,,,,,,,,,,,,,,,,,,,,,,,,,,,,,,,,,,,,,,,,110,110,110,,,,,,,,,,,,,,,,,,,,,,,,,,,,,,,,,,,,,,,,,,,,,,,,,,,,,,,,,,,,,,,,,,,,,,,,,,,,,,,,,,,,,,,,,,,,,9,,,,,,,,,,,,,,,,,,,,,,,,,,,,,,,,97.05,18.1,,,,,,,,,,,,,,,,,,,,,,,,,,,,,,,,,,,,,,,,,,,,,,,,,,,,,,,,,,,,,,,,,,,,,,,,,,,,,,,,,,,18.01,55,36.23,24.63,27.87,,,,,,,,,,,,,10,,7.5,,,,,,,,,,,,,,,,,,,,,,,,,,,,,,,,,,,,,,,,,,,,,,,,,,,,,,,,,,,,,,,,,,,,,,,,,,,,,,,,
114498-64-5,methyl (E)-3-(4-ethylphenyl)-2-propenoate,3.97,55,,,,,,,,,,5.34,3.79,3.68,33,5.71,0.17,,,,,,,,,,,,,,,,,,,,,,,,,,,,,,,29.25,27.92,23.21,,,,42.97,,,,,,,,,,,,,,,,,,,,,,,,,,,,,,,,,,,,,,,,,,,,,,,,,,,,,,,,,,,58.17,442.5,305.8,,,,,,,,,,,,75.46,110,110,,,,,,17.78,,,,,,,,,,9.42,10.53,22,12.1,18.1,1.42,35.22,22,22,22,22,22,22,22,22,,22,22,22,,,,,,,,,,,,,,,,,,,,,,,,,,,,,,,,,,,,,,,,,,,,,,,,,,,,,,,,,,,9,,,,,,,58.47,37.19,,,,,,,,,,,,,,,,,,,,,,9.98,,20.75,15.13,9.7,,,,,,,,,,,,,22.27,110,31.42,,,,48.33,,,36.45,48.21,27.95,11.72,,,55,55,,,,22,,,,5.03,,,,,,,11.8,,14.67,55,,,,,,,,,,,,,,,13.83,,,,,,,,55,55,55,55,6.5,23.3,55,55,25.5,55,12.3,18.79,16.1,29.23,24.16,28.25,22.98,55,33.42,19.63,55,55,55,55,,,40.3,37.94,14.82,9.047,3.7,6.683,13.6,5.5,,,,,,,,,,,,,,,,,,,,,,,,,,,,,,,,,,,,,,,,,,,,,55,,,,,,,,,,,,,55,,,,,,,,,,,,,,,,,,,,
26553-47-9,Ethyl (E)-3-octenoate,,17.47,,0.84,2.277,,,,,3.985,22,5.34,3.79,3.68,33,5.71,12.5,9.8,15.3,,,,55,40.92,55,47.34,55,44.32,13.15,55,55,55,4.034,11.86,5.96,1.277,0.9305,2.718,4.4,0.7345,,,,,0.9203,,,43.9,44.06,42.82,9.769,14.84,33,16.39,13.52,124.5,16.94,33.53,,,,33,49.24,33,48.43,,,34.29,,,,,,,,18.04,28.66,22.39,18.46,,,,,,,,,,,,,,,,,,,,,0.5,,0.13,,,5.78,,,91.25,,,,23.25,136.7,1100,58.24,,,,,,,,0.7964,,,,56.7,110,89.27,,,,,3.07,,,1.56,2.505,1.35,,,1.56,2.23,2.54,4.4,4.4,3.64,,,,0.8221,22,22,22,22,7.356,22,19.32,14.73,3.72,22,8.93,22,3.631,6.661,2.488,0.6818,2.739,12.37,21.39,1.584,8.754,1.606,1.667,,,,5.408,18.18,6.836,20.89,7.219,28.18,9.787,28.26,19.29,21.15,3.575,3.815,22,49.57,33,33,33,33,33,,2.47,,,5.7,5,,,7.13,11.69,17.43,44,11.71,44,44,10.64,,,,,10.63,4.986,7.941,3.874,,9,0.0995,2.571,20.72,,1.008,69.02,,,170.2,26.4,,,,,26.9,36,90.44,11.55,13.32,13.42,12.15,15.22,22.65,24.16,32.57,22.06,1.73,1.727,20.18,,1.096,16.51,6.217,9.7,52.54,45.87,1.422,1.248,2.216,1.06,4.42,1.399,0.8358,0.4594,0.7238,49.83,63.68,60.17,82.78,,,,71.96,26.8,11.8,,,,,30,29.5,22.46,49.74,8.997,3.81,2.5,3.982,,,,15,,13.58,44,44,44,23.39,12.59,88.91,,55,,,,,,,,,5.476,40.12,33.2,17.01,13.36,20.6,,,,,,,,110,38.3,21.05,41.71,55,6.229,26.94,55,43.56,14.01,55,6.229,9.898,17.92,16.47,30.64,27.63,14.08,9.367,16.76,,51.8,41.97,26.56,55,0.3966,2.067,36.15,34.97,13.72,8.937,3.7,6.589,13.6,5.5,4.61,3.272,2.294,3.107,2.362,7.096,22.54,44,13.02,7.761,2.878,,,,45.75,0.3327,281.6,11.24,27.91,28.5,107.4,218.1,7.8,,,10.97,12.29,15.2,26.41,27.5,0.71,5.16,4.154,0.7918,,6.411,7.58,3.82,0.5705,4.4,4.147,55,,,55,0.6653,1.276,9.617,10.8,,,,,,,0.534,0.4004,26.26,1.686,9.346,6.712,24.51,29.6,28.24,,,,,4.88,,2.518,3.183,3.696,11,5.68,11,,
60037-58-3,(Z)-13-Octadecenyl acetate / Z13-18:Ac,,11.55,,2.559,8.863,,367.8,41.96,34.45,4.357,21,7.105,6.333,3.916,14.19,6.228,14.08,10.71,9.1,13.15,4.483,14.3,55,49.83,55,41.82,55,55,10.92,55,55,42.56,11.27,9.027,3.491,1.076,0.8014,2.081,5.657,1.249,,,,,1.511,,,26.36,35.58,36.25,6.318,22.41,30.06,39.62,17.97,106.5,17.65,38.16,,,,33,45.48,33,51.6,,,40.66,,,,,,,,17.66,27.85,36.56,21.04,,,,,,,,,,,,,,,,,,0.7223,,,1.317,,0.3136,,,5.78,20.36,,88.4,,,,27.28,37.96,347.1,42.06,3.92,1.3,2.5,3.63,1.56,3.6,,0.8839,,33,33,75.82,110,97.83,,,12.36,13.89,2.902,,,2.036,4.763,2.22,,,1.56,2.23,2.54,5.321,4.951,4.4,21.34,46.76,10.47,0.75,22,22,22,22,19.49,22,22,22,8.559,14.61,14.13,22,5.306,8.478,5.085,1.545,5.344,11.69,19.08,3.046,16.53,1.984,2.092,6.6,,5.8,8.683,21.23,13.18,24.96,13.04,29.85,13.87,28.72,22.52,22.15,4.348,5.299,22,44.74,33,33,33,33,33,,2.47,9,,6.056,4.878,,,5.085,14.12,16.48,39.67,20.31,44,44,11.56,,,,,10.63,5.618,8.417,4.189,,,0.1131,2.699,16.05,,0.9495,40.63,72.83,48.83,161.9,26.4,,,,,15.96,29.72,92.35,16.07,18.19,22.72,7.897,15.09,17.18,25.78,25.98,29.14,1.73,1.649,20.44,63.15,1.097,25.33,4.361,5.275,51.94,44.08,1.75,1.591,1.853,1.248,9.384,1.031,1.631,1.48,1.442,51.43,110,110,44.22,28.1,24.2,44,47.94,46.35,26.64,,,,,19.91,30.74,27.73,49.38,6.87,3.81,2.5,14.19,,,,12.63,,13.58,44,44,44,23.39,13.89,32.81,,55,,55,,,,,,,8.446,35.41,30.45,18.28,13.53,18.39,,110,,,25.14,,65.83,110,40.25,38.94,42.15,55,6.762,30.76,55,41.72,15.11,55,7.69,8.835,19.35,14.53,32.29,27.37,12.53,12.46,13.54,12.93,49.32,44.63,29,55,0.3964,3.359,45.72,39.42,28.22,3.522,4.892,6.12,13.6,4.7,4.61,3.584,2.318,3.209,2.479,4.839,12.43,13.84,19.77,8.686,2.846,16.58,12.78,8.277,24.84,0.2624,281.6,14.7,30.86,37.41,176.6,198.8,7.8,,,11.19,12.34,15.52,16.08,27.5,0.71,5.16,4.15,0.7918,,6.159,7.834,3.82,0.5706,4.4,4.143,25.14,,8.49,55,0.6305,1.273,13.2,10.65,55,,55,,19.19,,1.595,0.4014,18.7,1.687,12.38,5.898,22.16,26.52,25.74,,,23.93,189.5,5.845,44.94,2.518,3.183,3.696,11,5.68,11,,
142-90-5,Lauryl methacrylate / Dodecyl methacrylate,,18.73,,0.84,11.05,,312.7,47.69,31.35,4.411,20.49,7.246,3.775,3.914,33,5.216,,,7.144,14.9,4.324,11.8,55,40.9,55,55,55,55,55,55,55,55,6.268,8.987,3.419,1.081,0.8047,2.055,9.759,3.951,,,,,4.428,,,36.95,44.74,46.95,4.712,19.99,28.63,36.66,15.28,99.33,15.4,36.83,,,,33,40.1,33,55,,,40.23,,,,,,,,17.63,27.77,39.43,21.06,,,,,,,,,,,,,,,,,,0.44,,,0.5,,0.13,,,6.06,16.42,,91.25,,,,8.07,13.49,185.6,17.15,,,,,,,,0.8188,,33,33,89.12,110,110,,,12.36,13.89,2.85,,,2.579,6.517,4.557,12,11.71,2.88,3.07,3.53,9.348,11.49,13.21,20.04,48.14,10.95,6.454,22,22,22,22,19.49,22,22,22,3.265,14.6,14.11,22,5.23,11,11,1.98,11,11,11.26,7.263,31.3,4.724,4.303,,,,13.05,6.917,10.41,25.27,33,24.53,11.34,15.38,26.65,33,22,22,20.29,41.77,26.53,33,33,21.11,33,,,,,,,,,7.466,17.48,21.39,44,16.09,44,44,15.47,,,,,10.63,6.55,8.671,4.267,,,0.1041,2.317,22.39,,0.8841,14.83,,,65.04,26.4,20.58,4.091,14.44,5.661,23.44,34.66,87.04,22.92,21.61,19.85,11.65,13,21.23,38.5,31.89,26.67,2.25,2.5,20.4,63.15,,35.31,6.225,4.984,51.16,42.49,2.203,2.142,1.525,1.47,8.355,2.294,3.6,2.59,3.43,53,65.04,68.48,25.66,28.1,24.2,44,30.42,55,22.81,,,,,5.2,35.2,31.32,52.08,6.454,3.81,2.5,2.404,3.011,22,4.282,2.72,,11.51,44,44,44,20.22,7.884,58.11,,55,,,,,,,,,,,,,,19.77,,110,,,21.37,,69.87,110,47.87,42.69,55,55,4,13.2,55,55,9.3,55,2,9.08,20.05,13.7,33.09,27.26,11.87,8.471,13.33,13.55,31.7,44.17,20.47,55,0.394,15.11,36.15,34.97,13.72,8,3.7,4.173,13.6,5.5,4.61,3.342,2.339,3.309,2.592,4.026,9.172,3.149,16.87,9.21,3.842,15.87,12.78,8.277,32.45,0.21,281.6,18.92,33.91,48.29,281.6,182.2,,,,16.13,15.18,17.5,9.203,27.5,0.71,5.16,4.097,0.7912,,5.543,7.58,3.82,0.5725,4.4,4.088,4.472,13.76,8.49,55,0.8742,1.33,13.2,10.61,55,,55,,5.82,,26.01,0.4148,28.21,1.687,9.233,5.717,23.92,26.76,29.74,,,,,6.87,40.78,,,,,,,306.2,62.34
64187-83-3,Ethyl cis-3-hexenoate,,17.86,,,,,,,,3.82,22,,,,,,0.06,,,11.6,15,,52.15,43.78,55,51.57,48.14,35.9,55,55,55,55,8,22.14,13.5,,,,,,,,,,,,,23.82,28.17,26.17,12.04,18.24,33,17.83,14.57,131,22,31.68,,,,33,50.49,33,46.79,,,30.58,,,,,,,,,31.86,34.54,26.73,,,,,,,,,,,,,,,,,,,,,,,,,,,35,,,,,,22.63,99.74,479.3,44.87,,,,,,,,0.7958,,,,110,110,110,,,,,3.836,,,5.55,7.2,,9.93,9.94,,,,22,22,22,10.65,55,13,55,22,22,22,22,7.947,22,19.94,16.26,3.72,22,12.64,22,4.08,11,11,1.51,11,11,97.03,33.53,21.21,19.99,14.87,,,,,,,,,24.53,11.34,33,29.37,33,22,22,22,31.4,33,33,33,33,33,,2.47,,,5.7,5,,,7.13,11.69,17.43,44,11.71,44,44,10.64,,,,,,,,,,9,,,55,,2.107,,,,139.9,22.74,,,,,28.27,73.19,78.97,15.75,13.32,8.552,18.21,14.39,27.1,7.566,38.69,19.2,,6.955,19.34,,,16.17,6.699,,55,42.53,,,,,,,5.599,4.541,8.394,,60.72,42.31,62.85,,,,75.01,55,12.5,,,,,30,29.5,22.16,48.66,10.78,,,22,,,,8.89,,13.58,44,44,44,23.39,13.67,88.91,,55,,,,,,,,1.64,7.372,25.57,24.29,22.07,11.5,26.17,,,,,,,,,30.41,13.78,34.96,55,9.113,44.34,55,36.28,23.13,55,16.72,17.16,,,,,,12.74,16.48,22.88,55,38.63,24.81,55,14.58,19.58,37.95,19.72,14.13,8.944,,7.5,,,4.61,2.77,1.97,2.13,1.14,12.4,22.54,44,14.46,17.3,4.277,,,,40.91,,,,,,,,,9.2,15.8,10.86,12.66,14.32,19.54,,,,12.13,0.5414,,,,,5.909,11.44,12.13,55,,,55,,,,,55,,8.07,,55,,,0.7005,33.1,4.285,13.37,7.23,20.76,30.14,25.82,,,15.57,39.49,,,,,,,,,,
2396-83-0,Ethyl (E)-3-hexenoate / Ethyl hex-3-enoate,,17.86,,,,,,,,3.82,22,,,,,,0.06,,,11.6,15,,52.15,43.78,55,51.57,48.14,35.9,55,55,55,55,8,22.14,13.5,,,,,,,,,,,,,23.82,28.17,26.17,12.04,18.24,33,17.83,14.57,131,22,31.68,,,,33,50.49,33,46.79,,,30.58,,,,,,,,,31.86,34.54,26.73,,,,,,,,,,,,,,,,,,,,,,,,,,,35,,,,,,22.63,99.74,479.3,44.87,,,,,,,,0.7958,,,,110,110,110,,,,,4.41,,,5.55,7.2,,9.93,9.94,,,,22,22,22,10.65,55,13,55,22,22,22,22,7.947,22,19.94,16.26,3.72,22,12.64,22,4.08,11,11,1.51,11,11,97.03,33.53,21.21,19.99,14.87,,,,,,,,,24.53,11.34,33,29.37,33,22,22,22,31.4,33,33,33,33,33,,2.47,,,5.7,5,,,7.13,11.69,17.43,44,11.71,44,44,10.64,,,,,,,,,,9,,,55,,2.107,,,,139.9,22.74,,,,,28.27,73.19,78.97,15.75,13.32,8.552,18.21,14.39,27.1,7.566,38.69,19.2,,6.955,19.34,,,16.17,6.699,,55,42.53,,,,,,,5.599,4.541,8.394,,60.72,42.31,62.85,,,,75.01,55,12.5,,,,,30,29.5,22.16,48.66,10.78,,,8.413,,,,12.16,,13.58,44,44,44,23.39,13.67,88.91,,55,,,,,,,,1.64,7.372,25.57,24.29,22.07,11.5,26.17,,,,,,,,,30.41,13.78,34.96,55,9.113,44.34,55,36.28,23.13,55,16.72,17.16,,,,,,12.74,16.48,22.88,55,38.63,24.81,55,14.58,19.58,37.95,19.72,14.13,8.944,,7.5,,,4.61,2.77,1.97,2.13,1.14,12.4,22.54,44,14.46,17.3,4.277,,,,40.91,,,,,,,,,9.2,15.8,10.86,12.66,14.32,19.54,,,,12.13,0.5414,,,,,5.909,11.44,12.13,55,,,55,,,,,55,,8.07,,55,,,0.7005,33.1,4.285,13.37,7.23,20.76,30.14,25.82,,,15.57,39.49,,,,,,,,,,
4610-69-9,(Z)-Ethyl cinnamate,3.262,30.72,,,,,,,,,22,5.873,3.732,3.131,19.62,4.75,0.1327,,3.742,9.996,7.5,,55,42.84,55,55,42.5,49.51,,,,,,23.69,16.59,,,,22,22,,,,,22,,,34.6,33.59,30.75,9.258,18.09,33,18.18,,143.5,22,44,,,,27.95,55,33,55,,,30.58,,,,,,,,,18.28,20.85,21.68,,,,,,,,,,,,,,,,,,0.09,,,12.9,,2.5,,,,31.72,,,,,,8.07,153.3,706,110.9,,,,,,,,0.976,2.868,,,54.85,64.93,57.22,,,18.49,13.89,3.75,,,0.85,,,,,,,,14.56,11.37,22,17.38,32.01,11.66,44.27,22,18.29,17.56,13.2,22,22,22,22,22,22,22,22,3.05,11,11,1.62,11,11,,8.79,31.86,,,,,,,,,,,24.53,11.34,20.14,25.36,26.23,22,22,22,25.91,33,33,33,27.82,33,,,,,,,,,7.13,11.69,17.43,44,11.71,44,44,10.64,,,,,,,,,,9,,,13.24,,,14.83,60.87,37.19,,26.4,,,,,33.38,75.41,80.66,15.75,17.4,5.236,19.32,13.16,33.36,6.827,40.16,13.45,,10.53,,36.5,,22.06,12.03,6.517,55,33.17,,,,,,,,,,43.62,26.86,23.2,16.48,32.76,19.49,44,33.18,,,,,,,35.2,12.9,55,55,,,,14.86,,,,10.25,,13.78,20.99,44,17.36,18.96,10.51,14.82,16.31,55,,,,,,,,0.81,15.56,,,,,32.87,24.63,,10.8,,,,,,32.22,17.88,36.54,55,6.5,23.3,55,55,25.5,55,12.3,11.87,18.63,39.06,23.75,28.04,26.07,32.84,33.42,19.63,49.31,44.28,30.94,55,,,,,,9.48,4.941,6.903,13.6,5.5,,,,,,6.02,,,5.485,203.1,9.26,25.45,14.96,10.7,23.68,,,,,,,,,,,9.044,9.811,13.04,35.65,,,,22,,9.89,,8.03,,22,22,22,55,,9.52,34.44,,,,,7.75,,7.47,,16.22,,,,51.8,13.13,,,,,,,,,,4.26,31.86,,,,,,,192.9,523.1
103-26-4,Methyl cinnamate,3.411,55,150.3,9.15,51.85,64.18,39.41,8.29,50.58,6.83,22,5.34,3.79,3.68,33,5.71,0.1341,,,,13.7,,55,43.87,55,55,39.52,55,,,,,,33,33,,,,22,22,,,,,22,,,25.47,27.33,23.76,10.34,14.6,33,29.65,,,22,,,,,27.85,55,33,49.27,,,28.26,,,,,,,,,33.85,77,44,,,,,,,,,,,,,,,,,,0.09,,,,,,,,,79.26,,,,,,,58.17,442.5,305.8,,,,,,,,0.7,2.863,,,77.94,110,110,,,31.49,,,17.78,,0.85,,,,,,,,13.28,11.19,22,16.1,28.37,7.468,42.18,22,19.91,19.48,16.71,22,22,22,22,22,22,22,22,3.05,11,11,1.62,11,11,,8.79,31.86,,,,,,,,,,,,,18.81,21.12,22.13,22,22,22,29.92,33,33,33,27.14,33,,,,,,,,63.7,7.01,16.04,27.53,44,10.99,44,44,11.25,,,,,,,,,,9,,,30.22,,,,50.1,37.19,,26.4,,,,,38.29,76.34,76.82,,24.96,11.77,19.81,11.6,40.87,16.03,36.48,21.99,,8.934,,36.5,,33.45,18.1,9.7,55,37.51,,,,,,,,,,43.56,26.25,42.1,25.47,37.5,16.1,44,34.71,,,,,,,35.2,12.9,43.41,55,29.5,,,22,,,,5.3,,13.81,21,44,17.37,18.95,15.57,14.82,15.47,55,,,,,,,,0.81,15.56,,,,,39.22,24.63,,10.8,,,,,,55,55,55,55,6.5,23.3,55,55,25.5,55,12.3,18.79,18.62,39.16,23.75,28.02,26.05,55,33.42,19.63,49.39,40.03,34.07,55,,,,,,9.528,5.824,6.768,13.6,5.5,,,,,,,,,8.352,11.46,6.424,,,,25.33,,,,,,,,,11,13.5,9.046,9.814,13.06,24.59,,,,22,,9.89,,8.03,,22,22,22,55,,9.52,55,,,,,18.01,,17.63,,18.99,,,,55,13.13,16.43,9.62,23.21,20.13,31.74,,,,,4.44,,,,,,,,192.9,523.1
301-02-0,Oleamide,,14.49,,0.84,5.064,,312.7,47.69,31.35,5.27,15.73,6.438,16.22,2.521,0.8456,6.114,14.12,10.73,10.07,7.3,,13.34,55,53.44,55,43.87,55,55,6.938,55,55,55,1.073,6.661,2.028,8.274,7.506,7.5,11.04,5.125,,,,,5.645,,,42.21,42.41,40.83,10.56,23.63,22.05,45.09,12.29,105,13.99,34.17,,,,30.37,38.82,33,55,,,42.24,,,,,,,,17.4,29.54,28.86,12.73,,,,,,,,,,,,,,,,,,0.8142,,,0.8345,,0.3371,,,6.264,,,75.98,,,,50.71,10.04,91.74,15.52,3.92,1.3,2.5,3.63,1.56,3.6,,1.219,2.88,33,33,35.99,110,82.5,,,,,2.956,,,2.01,4.635,3.888,12,11.71,1.884,2.46,2.811,8.347,7.421,6.466,23.31,48.1,11.62,1.704,18.91,22,22,22,5.673,22,9.544,5.597,8.633,8.236,2.149,15.66,5.344,8.516,5.153,1.569,5.412,11.68,8.228,3.083,16.73,2.065,1.981,6.6,,6.449,5.921,27.78,6.896,16.72,2.852,28.28,15.22,25.28,17.06,19.26,2.789,2.872,20.89,55,31.32,33,33,24.76,33,,,,,7,4.6,,,5.949,15.51,18.64,41.21,19.07,44,44,13.47,,,,,10.63,4.905,7.62,3.419,,,0.1123,2.353,37.05,,1.036,52.8,77.04,48.07,56.85,26.4,20.58,4.091,14.44,5.661,18.09,32.95,109.7,17.09,22.71,13.6,12,16.67,13.59,21.29,19.23,21.9,1.9,2.347,19.91,62,1.136,26.77,7.608,2.7,50.9,43.82,1.114,0.9353,2.443,0.8713,1.772,1.79,2.019,1.493,1.593,50.27,63.94,77.31,58.79,,,,90.38,55,33.44,,,,,6.427,35.2,48.98,51.82,7.036,3.81,2.5,5.55,3.011,22,4.282,22,11.17,11.49,44,44,44,20.2,13.22,16.68,41.08,55,,55,,,,,,,15.4,66.54,47.17,12.69,14.27,18.58,,110,,,23.45,,49.27,110,39.45,36.58,47.22,55,4,13.2,55,55,9.3,55,2,7.406,19.63,14.19,32.61,27.33,12.26,14.23,15.04,13.21,18.18,39.81,10.03,55,0.3944,1.419,51.97,38.65,41.03,3,,3.3,,,4.61,4.517,2.339,3.309,2.592,4.824,9.278,4.412,11.06,6.568,3.263,,,,26.59,0.3729,281.6,9.877,26.6,25.01,84.6,228,7.8,,,13.59,13.08,15.59,11.47,27.5,0.71,5.16,6.31,1.06,12.59,4.466,8.281,7.838,0.5684,2.588,8.055,11.69,13.76,8.49,55,0.9083,1.114,3.136,10.59,39.1,,37.56,,19.23,,0.5185,0.4811,34.81,1.071,14.03,8.259,22.01,27.71,32.45,,,21.61,106.4,6.179,44.06,2.518,3.183,3.696,11,5.68,11,287.2,74.27
101-39-3,methylcinnamaldehyde,2.64,55,105,4.01,17.99,21.26,38.78,2.72,,3.75,22,5.957,5.686,2.132,3.41,4.517,,,2.7,7.3,,,55,35,55,55,55,55,,,,,,22.34,21.58,,,,22,22,,,,,22,,,36.19,36.57,33.32,11.25,18.57,33,23.66,,,22,,,,,26.51,55,33,55,,,,,,,,,,,,35.26,77,44,,,,,,,,,,,,,,,,,,0.09,,,,,,,,,79.26,,15.69,,,,21.45,1100,302.1,1100,,,,,,,,0.7,2.899,,,45.1,46.86,38.19,,,30.99,,,,,0.85,,,,,,,,22,12.23,22,24.5,55,86,55,22,22,22,22,19.84,22,22,22,22,22,18.13,22,3.05,11,11,1.62,11,11,,8.79,31.86,,,,,,,,,,,,,10.75,19.33,18.56,22,22,22,25.3,33,33,33,21.51,33,,,,,,,,,,,,,,,,,,,,,,,,,,9,,,27.24,,,30.37,58.53,,,26.4,,,,,32.16,75.41,80.66,,24.96,14.07,20.85,11.6,44.69,6.81,34.71,23.84,,10.53,,,,56.45,10.17,4.139,55,33.33,,,,,,,,,,35.41,22.09,18.61,24.39,37.5,16.1,44,38.2,,,,,,,35.2,12.9,55,55,,2.93,5.32,22,,,,11.36,,14.86,21.16,44,17.73,18.74,10.91,14.82,16.31,55,,,,,,,,0.81,15.56,,,,,,24.63,,10.8,,,,,,55,55,55,,,,,,,,,,17.7,24.67,24.19,25.55,20.38,26.03,,,42.89,31.01,26.67,55,,,,,,10.08,8.252,6.842,13.6,5.5,,,,,,,,,7.473,,4.18,,,,16.94,,,,,,,,,,,9.153,9.974,13.75,41.69,,,,27.65,,9.89,,8.03,,18.71,27.65,27.65,55,,9.52,55,,,,,15.79,,15.43,,18.53,,,,49.31,13.13,,,,,,,,,,4.44,,,,,,,,192.9,523.1
40642-43-1,(Z)-Tetradec-7-enol /  Z7-14:OH,,14.2,,0.84,1.951,,,,,4.973,14.92,7.25,33,3.99,0.96,10.7,14.83,11.31,9.319,,,13.93,52.96,49,55,53.51,51.72,49.68,1.103,31.87,55,5.068,39.2,5.607,3.234,7.817,7.787,8.896,15.85,11.01,,,,,11.53,,,52.46,52.99,52.12,7.329,23.63,20.7,15.62,18.86,,14.58,,,,,29.98,44.61,33,55,,,,,,,,,,,19.81,35.53,42.45,17.7,,,,,,,,,,,,,,,,,,1.6,,,1.349,,0.8245,,,6.84,,,52.67,,,,45.84,14.08,207.8,39.73,3.914,1.32,2.516,3.644,1.57,3.6,,0.8774,,33,33,110,110,110,,,,,3.07,,,1.752,1.06,2.588,12,11.71,1.865,2.448,2.796,9.276,7.458,6.344,33.28,55,15.62,2.686,22,22,22,22,14.4,22,17,22,14.96,11.85,9.795,19.4,5.453,8.627,5.353,1.639,5.608,11.64,5.899,3.192,17.3,1.987,2.569,6.6,,5.8,17.99,31.05,12.49,22.82,6.511,30.86,19.57,18.3,14.5,15.79,2.41,1.83,19.81,51,28.79,33,33,26.41,33,,,,,7,4.6,,,4.914,14.4,17.67,38.39,24.84,44,44,13.6,,,,,10.63,4.378,7.484,2.982,,,0.1188,3.15,29.95,,1.247,43.72,74.92,46.85,61.03,26.4,20.58,4.091,14.44,5.661,28.71,47.62,118.2,21.53,27.02,13.55,15.5,18.08,20.88,36.4,16.76,30.28,1.893,4.905,18.78,63.15,1.144,36.92,5.219,,53.26,41.67,1.023,0.8567,3.244,1.858,2.907,8.677,3.465,6.048,3.089,50.93,46.25,48.77,59.81,,,,74.81,49.03,27.33,,,,,7.247,35.2,47.82,55,8.548,,,22,3.011,22,4.282,22,12.59,12.39,44,44,38.58,21.05,12.85,19.13,41.08,55,,55,,,,,,1.69,30.91,66.54,47.17,12.69,14.98,17.9,23.67,110,,,17.96,,64.31,110,40.93,43.3,46.72,55,6.2,14.1,55,55,55,55,22.6,8.651,,,,,,24.08,15.75,13.44,30.22,55,32.24,55,0.5514,3.359,51.86,38.49,40.73,3,,3.3,,,4.61,5.157,1.97,2.13,1.14,5.925,15.23,3.11,10.51,6.169,3.212,,,,24.9,0.5115,281.6,6.908,23.27,17.41,43.67,258,7.8,,,12.21,11.86,14.96,11.59,27.5,0.71,5.16,4.413,1.824,,4.874,8.8,16.39,0.71,2.967,5.165,34.16,13.76,,55,1.43,1.367,2.587,13.2,55,,55,,39.15,,0.5085,0.5356,55,1.95,9.618,7.123,21.39,26.48,25.58,,,23.07,154,3.955,47.15,2.518,3.183,3.696,11,5.68,11,357.6,40.76
79-69-6,(Z)-alpha-irone / Methyl alpha-ionone,,25.5,,,,,,,,,22,,,,,,,,,,,,,,,,,,,,,,,,,,,,22,22,,,,,6.45,,,31.71,30.62,27.19,33,19.05,16.25,21.15,,,,,,,,16.62,55,33,21.83,,,,,,,,,,,,44,77,18.48,,,,,,,,,,,,,,,,,,,,,,,,,,,,,,,,,55,67.98,1100,171.5,,,,,,,,,,,,110,110,110,28.67,14.86,,,,,,,,,,,,,,22,8.9,22,,,,,22,22,22,22,22,22,22,22,22,19.24,14.75,22,11,11,11,11,11,11,,4.73,28.07,7.775,7.664,,,,,,,,,15.2,33,,,,,,,55,,,,,,,,,,,,1.955,94.62,5.06,5.452,,,,,,,18.61,16.85,29.04,35.68,,,,,,1.5,,,,,,,,,,26.4,,,,,14.85,42.64,122.1,,,11.91,12.18,,38.9,38.5,6.26,38.5,,2.02,,,,,,,,,,,,,,,,,,21.4,18.2,19.41,8.31,,,,10.41,,,,,,,16.8,35.2,22.41,55,,,,,,,,,11.22,,,,,,4.7,13.5,9.2,55,23.97,18.67,8.14,18.6,21.1,13.29,31.29,,14.57,,,,20.34,,,,21.15,,14.72,,,,55,8.47,55,55,7,34.6,55,55,15,55,22.4,5.78,,,,,,10.65,,,31.1,55,11.5,55,,,,,,,,,,,,,,,,6.748,,,36.94,471.6,7.39,,,,26.6,,,,,,,,,9.7,16.5,,,,33.73,,,,,,,,,,,,,11.56,,,55,,,,,,,,,,,,,55,,6.44,6.17,,,,20.72,19.56,,,,,,,,,,,,
488-10-8,jasmone / cis-jasmone,,12,,,,,,,,,,,,,,,,,,,,,,,,,,,,,,,,,,,,,,,,,,,,,,,,,,,,,,,,,,,,,,,,,,,,,,,,,,,,,,,,,,,,,,,,,,,,,,,,,,,,,,,,,,,,,,,,,,,,,,,,,,,,,,,,,,,,,,,,,,,,,,,,,,,,,,,,,,,,,,,,,,,,,,,,,,,,,,,,,,,,,,,,,,,,,,,,,,,,,,,,,,,,,,,,,,,,,,,,,,,,,,,,,,,,,,,,,,,,,,,,,,,,,,,,,,,,,,,,,,,,,,,,,,,,,,,,,,,,,,,,,,,,,,,,,,,,,,,,,,,,,,,,,,,,,,,,,,,,,,,,,,,,,,,,,,,,,,,,,,,,,,,,,,,,,,,,,,,,,,,,,,,,,,,,,,,,,,,,,,,,,,,,,,,,,,,,,,,,,,,,,,,,,,,,,,,,,,,,,,,,,,,,,,,,,,,,,,,
127-43-5,beta methyl ionone,,,14.69,1.54,7.33,23.07,7.76,4.12,10.2,3.79,11.86,20.35,22.7,6.236,2.612,25.86,,,3.1,,4.2,,55,19,22.1,55,55,55,0.3,1.4,9.5,1,7.2,,,,,,,,,,,,,,,55,55,55,6.47,18.02,6.63,1.88,,,9.76,20.69,,,,15.29,23.8,33,19.5,7.09,8.47,23.14,4.7,7.61,5.8,6.56,11.63,8.11,18.03,7.34,,,,,,,,,,,,,,,,,,,,,0.54,,,,,,,,,30.06,,15.37,,,,,,,,,,,,,,2.7,0.3382,,,,32.1,110,110,5.15,3.62,,,,,,3.968,0.9653,1.9,,,,,,7.67,22,22,13.2,28.9,5.32,7.13,22,22,22,22,10.65,22,13.96,22,22,14.57,8.828,11.45,,,,,,,,,,10.06,9.85,,,,,,,,,12.93,33,17.14,11.49,24.84,15.02,5.06,10.21,4.9,13.32,33,16.53,13.69,9.26,,,,,,,,,,,,,,,,,,,,,,,,,,1.5,,,12.59,,,7.92,,,,,,,,,,,49.36,,,,,,,,,,,6.66,20.15,,,,,,12.9,12.3,,,,,,,,,,6.9,4.3,4.47,8.248,35.6,9.7,44,5.36,55,55,,,,,,,,,,,,,,,,,9.22,,,,,,6.5,12.45,9.92,27.99,,,,,,,,0.26,8.97,,,,11.78,,25.12,40.69,10.6,51.28,4.37,110,5.79,15.51,3.43,2.47,7.14,,,,,,,,,5.06,,,,,,,,,21.5,22.2,6.1,25.27,,,,,,2.3,,6.3,13,9.1,,,,,,2.355,14.44,12.17,9.255,,,12.72,17.14,4.9,,,,,,,,,,,,,,,,,,,13.81,11.58,14.25,,16.79,,4.35,11.01,9.66,1.39,14.75,6.57,21.43,,,,,11.44,,5.07,,4.93,,,,55,,,,,,,,,,,,,,,,,,,,
4312-99-6,1-octen-3-one,,11.02,,0.84,11.99,,312.7,47.69,31.35,4.656,20.91,6.028,10.94,1.955,0.7882,4.485,16.3,11.5,7.076,7.3,,13.04,55,51.6,55,55,55,55,55,55,55,55,2.77,11.92,10.99,33,33,33,22,22,,,,,22,,,46.79,43.4,42.17,9.596,17.32,26.21,55,13.34,141.3,13.01,32.74,,,,33,41.8,33,55,,,43.04,,,,,,,,17.75,27.22,45.62,23.34,,,,,,,,,,,,,,,,,,0.44,,,1.804,,1.415,,,6.255,,,79.8,,,,55,21.98,233.5,41.75,3.92,1.3,2.5,3.63,1.56,3.6,,1.159,2.88,33,33,48.79,110,96.46,,,,,2.85,,,2.309,11.84,8.379,12,11.71,2.88,3.07,3.53,14.47,14.99,22,24.92,46.14,10.62,26.96,18.76,22,22,22,6.457,22,10.39,5.942,7.246,11.14,3.581,17.34,6.813,11,11,2.751,11,11,9.512,3.314,20.54,7.652,8.901,6.6,,7.142,4.376,11.17,5.311,20.22,8.571,33,33,16.41,27.42,33,17.01,22,20.51,51.03,26.44,33,33,22.4,33,,,,,7,4.6,,,6.289,15.85,18.93,42.07,17.66,44,44,13.43,,,,,10.63,,7.26,2.24,,,0.09731,1.888,55,,1.38,28.07,79.87,48.83,32.46,26.4,21.99,4.657,16.95,6.966,31.26,57.83,105.9,25.94,31.84,26.17,16.21,17.2,20.82,32.97,23.8,22.81,2.25,5.892,19.44,76.34,1.319,25.71,7.103,2.7,52.88,41.44,1.253,1.056,2.185,3.932,6.091,22,2.547,2.576,2.286,51.1,61.48,82.72,76.95,,,,74.39,55,28.02,,,,,5.2,35.2,46.62,50.06,8.018,3.81,2.5,7.049,3.011,22,4.282,11.11,11.17,10.19,44,44,44,18.17,11.69,35.08,,55,,55,,,,,,,30.15,,,,15.48,20.31,,110,,,21.9,,67.82,110,40.97,32.53,50.15,55,4,13.2,55,55,9.3,55,2,6.822,18.77,15.27,31.62,27.48,13.12,11.09,13.39,14.68,20.99,38.87,10.8,55,0.3831,11.33,51.32,37.68,39.29,3,,3.3,,,,,,,,5.116,7.916,3.251,10.36,,6.302,,,,25.79,,,,,,,,,,,14,12.83,17.5,13.74,,,,19.59,12.05,,4.384,8.8,,2.086,5.413,16.37,7.282,13.76,8.49,55,3.646,1.968,5.572,10.6,55,,55,,12.55,,4.814,2.058,55,5.425,12.23,6.524,21.98,30.78,30.53,,,23.93,189.5,7.116,43.07,,,,,,,273.9,84.57
2179-57-9,diallyl disulfide,,,,,,,,,,,,,,,,,,,,,,,,,,,,,,,,,,,,,,,,,,,,,,,,,,,,,,,,,,,,,,,,,,,,,,,,,,,,,,,,,,,,,,,,,,,,,,,,,,,,,,,,,,,,,,,,,,,,,,,,,,,,,33,33,,,,,,,,,,,,,,,,,,,,,,,,,,,,,,,,,,,,,,,,,,,,,,,,,,,,,,,,,,,,,,,,,,,,,,,,,,,,,,,,,,,,,,,,,,,,,,,,,,,,,,,,50.73,,,,,,,,,,,,,,,,,,,,,,,,,,,,,,,,,,,,,,,,,,,,,,,,,,,,,,,,,,,,,,,,,,,,,,,,,,,,,,,,,,,,,,,,,,,,,,,,,,,,,,,,,,,,,,,,,,,,,,,,,,,,,,,,,,,,,,,,,,,,,,,,,,,,,,,,,,,,,,,27.5,16.02,4.21,,,,,,,,,,,,,,,,,,,,,,,,,,,,,,,,,,,,,,,,,,,,,,
592-88-1,diallyl sulfide,,,,,,,,,,,,,,,,,,,,,,,,,,,,,,,,,,,,,,,,,,,,,,,,,,,,,,,,,,,,,,,,,,,,,,,,,,,,,,,,,,,,,,,,,,,,,,,,,,,,,,,,,,,,,,,,,,,,,,,,,,,,,33,33,,,,,,,,,,,,,,,,,,,,,,,,,,,,,,,,,,,,,,,,,,,,,,,,,,,,,,,,,,,,,,,,,,,,,,,,,,,,,,,,,,,,,,,,,,,,,,,,,,,,,,,,42.1,,,,,,,,,,,,,,,,,,,,,,,,,,,,,,,,,,,,,,,,,,,,,,,,,,,,,,,,,,,,,,,,,,,,,,,,,,,,,,,,,,,,,,,,,,,,,,,,,,,,,,,,,,,,,,,,,,,,,,,,,,,,,,,,,,,,,,,,,,,,,,,,,,,,,,,,,,,,,,,27.5,16.02,4.21,,,,,,,,,,,,,,,,,,,,,,,,,,,,,,,,,,,,,,,,,,,,,,
97-54-1,isoeugenol,3.68,,98.44,,,,,,,4.85,,,,,,,,,,,,,,,,,,,4.244,12.21,16.72,20.03,7.305,33,33,,,,,,,,,,,,,,,,,,,,,,,,,,,,,,,,,,,,,,,,,,,,,,,,,,,,,,,,,,,,,,0.09,,,,,,,,,170.5,,,,,,,,,,,,,,,,,4.7,,,,110,110,110,,,,,,,,,8.67,,,,,,,,,,,,,,,,,,,,,,,,,,,,,,,,,,,11.56,20.36,,,7.4,,,,,,,,,,,,,,,,,,,,,,,,,,,,,,,,,,,,32.07,94.97,71.58,34.47,,,,,,8.1,,,,,,,88.87,,,,,,,,,,,,,,,,,,,,,,,,,,11.24,,,,,,,,,,,,,44.9,30.01,110,110,,,,32.15,,,,,,,,,,,,,,22,,,,,,,,,,,,,,,216.7,,,,,,2.95,,,,,,,,,,,,,,,,,,,,,,,,,,,,,,,,,13.53,,,,,,,,,,,,3.646,,9.2,,,,,,,,,,,,,,10.3,12.1,8,,,,,,,,,,,,,,,,,,,,,,,,,,,,,,,,,,,,,,,,,,,,,,,,,,,,,,,3.73,20.23,,,,,,,,
458-35-5,Coniferyl alcohol,3.68,,98.44,,,,,,,4.85,,,,,,,,,,,,,,,,,,,4.334,12.68,17.98,21.3,8.258,33,33,,,,,,,,,,,,,,,,,,,,,,,,,,,,,,,,,,,,,,,,,,,,,,,,,,,,,,,,,,,,,,0.09,,,,,,,,,170.5,,,,,,,,,,,,,,,,,4.7,,,,110,110,110,,,,,,,,,8.67,,,,,,,,,,,,,,,,,,,,,,,,,,,,,,,,,,,11.56,20.36,,,7.4,,,,,,,,,,,,,,,,,,,,,,,,,,,,,,,,,,,,32.07,94.97,71.58,34.47,,,,,,8.1,,,,,,,88.87,,,,,,,,,,,,,,,,,,,,,,,,,,11.5,,,,,,,,,,,,,42.37,30.01,110,110,,,,32.15,,,,,,,,,,,,,,22,,,,,,,,,,,,,,,216.7,,,,,,2.95,,,,,,,,,,,,,,,,,,,,,,,,,,,,,,,,,13.53,,,,,,,,,,,,4,,9.2,,,,,,,,,,,,,,10.3,12.1,8,,,,,,,,,,,,,,,,,,,,,,,,,,,,,,,,,,,,,,,,,,,,,,,,,,,,,,,3.73,20.23,,,,,,,,
130-95-0,Quinine,,,,,,,,,,,1.44,,,,,,,,,,,,,,,,,,,,,,,,,,,,,,,,,,,,,,,,,,,,,,,,,,,,,,,,,,,,,,,,,,,,,,,,,,,,,,,,,,,,,,,,,,,,,,,,,,,,,,,,,,,,,,,,,,,,,,,,,,,,,,,,,,,,,,,,,,,,,,,,,,,,,,,,,,,,,,,,,,,,,,,,,,,,,,,,,,,,,,,,,,,,,,,,,,,,,,,,,,,,,,,,,,,,,,,,,,,,,,,,,,,,,,,,,,,,,,,,,,,,,,,,,,,,,,,,,,,,,,,,,,,,,,,,,,,,,,,,,,,,,,,,,,,,,,,,,,,,,,,,,,,,,,,,,,,,,,,,,,,,,,,,,,,,,,,,,,,,,,,,,,,,,,,,,,,,,,,,,,,,,,,,,,,,,,,,,,,,,,,,,,,,,,,,,,,,,,,,,,,,,,,,,,,,,,,,,,,,,,,,,,
107787-20-2,1-hexenol,,17.31,,0.84,1.08,,,,,2.79,16.26,7.25,33,3.99,0.96,10.7,14.01,10.58,10.23,,,13.05,55,53.27,55,48.06,55,55,2.527,36.01,55,13.67,25.57,22.42,3.902,12.01,12.05,11.29,9.127,3.431,,,,,3.881,,,29.36,29.93,27.9,7.238,20.5,22.94,36.99,,,14.52,,,,,30.62,43.86,33,55,,,,,,,,,,,,29.04,42.89,17.99,,,,,,,,,,,,,,,,,,,,,2.135,,1.936,,,6.84,,,69.78,,,,48.69,35.18,257.8,130.8,3.92,1.3,2.5,3.63,1.56,3.6,,0.7427,,,,58.89,110,90.34,,,,,3.07,,,2.177,2.941,3.341,12,11.71,1.842,2.432,2.777,8.505,8,5.702,35,55,14.43,1.162,22,22,22,22,16.69,22,17.26,22,17.57,15.49,14.08,19.54,6.444,8.636,5.37,1.692,5.624,11.64,5.785,2.755,16.32,2.395,2.535,6.6,,5.8,9.352,29.08,9.037,19.15,3.929,25.22,14.52,23.48,14.8,15.66,1.664,1.496,20.78,55,30.64,33,33,29.23,33,,,,,7,4.6,,,6.116,16.7,21.88,40.06,24.65,44,44,18.3,,,,,10.63,4.808,7.48,3.787,,,0.1297,2.571,36.84,,1.025,53.99,79.93,47.8,32.6,20.4,20.77,5.072,18.77,7.213,13.23,30,108.9,15.76,23.81,30.12,8.173,13.75,11.13,16.54,14.49,20.83,1.915,2.583,19.99,113.1,1.091,32.32,5.219,,55,44.34,1.118,0.8837,2.302,0.8432,1.638,1.903,4.604,3.233,2.484,49.63,45.48,49.6,78.26,,,,77.15,45,15.88,,,,,10.7,35.2,44.5,55,7.666,,,15.52,3.011,22,4.282,22,,11.19,44,44,44,19.73,11.62,17.3,41.08,55,,55,,,,,,,13.15,66.54,47.17,12.69,14.43,17.75,,110,,,17.96,,58.72,,48.72,44.71,47.75,,,,,,,,,8.45,,,,,,17.22,17.19,15.02,55,55,21.2,55,0.6228,1.361,51.29,37.64,39.22,3,,,,,4.61,5.112,1.97,2.13,1.14,12.2,44,0.96,15.23,6.498,3.447,,,,27.23,0.3712,281.6,9.93,26.65,25.15,85.45,227.6,7.8,,,11.28,11.39,15.97,11.73,27.5,0.71,5.16,3.501,0.7568,,5.03,8.8,,0.6617,2.765,3.757,55,13.76,,55,0.9398,1.329,1.302,10.99,55,,55,,55,,0.5316,0.3525,55,1.288,9.81,6.234,17.51,31.2,22.22,,,20.34,75.62,4.008,48.24,2.518,3.183,3.696,11,5.68,11,357.6,40.76
33956-49-9,"(E,E)-8,10-Dodecadien-1-ol / Codlemone",,,,,,,,,,2.79,22,,,,,,12.5,9.8,12.84,,,11.8,,,,,,,2.705,37.7,37.34,14.53,23.59,27.68,4.089,33,33,33,,,,,,,,,,41.52,39.65,43.67,7.641,18.61,23.56,30.29,,,14.29,,,,,33,22.2,33,55,,,,,,,,,,,,21.28,8.487,5.017,,,,,,,,,,,,,,,,,,,,,,,,,,,,,,,,,,,,,,,,,,,,0.863,,,,71.79,110,110,,,24.6,,,,,3.033,1.06,3.799,,,1.885,2.461,2.812,22,9.15,7.234,20.6,55,25.8,3.255,22,22,22,22,22,,,,,,,,5.23,11,11,1.98,11,11,5.845,8.795,40.22,5.954,5.914,,,,,,,,,33,8.28,33,20.3,33,22,22,22,,33,33,33,33,33,,,,,,,,,9.05,21.16,29.93,44,21.29,44,44,27.09,,,,,,4.818,6.772,3.122,,,0.22,1.995,38.44,,,27.6,,,45.25,12.44,21.68,4.529,16.38,6.662,5.533,6.189,89.89,11.18,21.96,26.05,7.265,8.433,8.105,10.63,17.8,17.7,1.88,3.981,18.87,113.1,1.106,31.35,10.23,,,,0.9343,0.6697,1.64,0.9148,0.986,4.199,,,,47.6,45.48,49.6,64.12,,,,92.11,55,11.69,,,,,,,37.27,55,6.009,,,3.879,3.011,22,4.282,20.14,,10.19,44,44,44,18.17,10.13,10.62,,55,,,,,,,,,5.907,66.54,47.17,12.69,12.4,17.55,,,,,,,,,55,34.02,33.9,,,,,,,,,,,,,,,,,,,,,55,0.6424,0.5905,,,,,,,,,4.609,7.949,2.855,9.19,6.72,,,,,5.14,3.437,,,,,,,,,,,,7.8,,,12.55,11.82,14.92,,,,,4.138,0.2826,,,7.58,11.88,0.9349,3.381,4.801,,,,55,0.9236,1.595,1.28,10.95,,,,,,,0.5083,0.3309,14.1,0.9842,5.27,4.39,22.27,32.16,17.11,,,,,4.924,,,,,11,5.68,11,,
111-28-4,"2,4-Hexadien-1-OL / Sorbic acid",,,,,,,,,,,,,,,,,,,,,,,55,55,55,42,55,55,,,,,,,,,,,,,,,,,,,,,,,,,,,,,,,,,,,,,,,,,,,,,,,,,20.81,,,,,,,,,,,,,,,,,,,,,,,,,,,,,,,,,,,42.95,30.79,156.8,102.1,,,,,,,,,,,,,,,,,,,,,,,,,,,,,,,,,,,,31.85,22,22,22,22,22,22,22,22,,22,22,22,,,,,,,6.99,,,,,,,,,,,,,14.18,13.58,33,15.78,33,22,22,22,,33,33,33,33,33,,,,,,,,,,,,,,,,,,,,,,,,,,,,,,,,,,46.8,,,,,,,,,,,,,,,,,,,1.88,,,,,,,,,,,,,,,,12.03,9.588,11.07,47.6,,,110,,,,86.91,55,13.5,,,,,10.7,35.2,55,55,,,,,,,,,,,,,,,14.66,,41.08,55,,,,,,,,,,,,,,,,,,,,,,,,,,,,,,,,,,13.52,,,,,,14.79,7.08,21.54,,,,55,,,,,,,,,,,,,,,,7.92,,,27.41,7.54,8.12,,,,31.83,,,,,,,,,,,11.49,12,15.56,12.86,,,,,,,,,,,,,,,,55,,,,,,,,,,,,,,,,,,,,,,16.42,36.17,,,,,,,,,,
586-27-6,Carvenol,,,,,,,,,,,,,,,,,,,,,,,,,,,,,,,,,,,,,,,,,,,,,,,,55,55,45.5,,,,,,,,,,,,,,,,,,,,,,,,,,,,,,,,,,,,,,,,,,,,,,,,,,,,,,,,,,,,,,,115.3,136.4,595.2,,,,,,,,,,,,,,,,,,,,,,,,,,,,,,12.53,11.13,22,,,,20.42,,,,,,,,,,,,,,,,,,,,,,,,,,,,,,,,,,,,,,,,,,,,,,,,,,,,,,,,,,,,,,,,,,,,,,,,,,,15.08,,,,,,,,,,,,,,,,,,,,,,,,,,59.87,,,,,,,,,,,,,,,,,,,,,,,,,,,,,,,,,,,,,,,,,,,,,,,,,,,,,,,,,,,,,,,,,,,,,,,,,,,,,,,,,,,,,8.77,,,,,,9.45,6.18,13.81,,,,,,,,,,,,,,,,,,,,,,,,,,,,,,,,,,,,,,,,,,,,,,,,,,,,,,,,,,,,,,,,,,,,,,,,,,,,,,,,,,,,,,,,,,,,
1569-60-4,6-Methyl-5-hepten-2-ol,,15.64,,4.246,13.85,,232.2,20.51,28.63,7.545,22,33,33,33,6.37,33,5.3,11.5,12.05,,6.845,15.1,55,55,25.56,55,55,55,1.548,20.07,49.23,9.348,29.89,20.1,20.1,,,,22,16.28,,,,,7.301,,,37.95,44.53,37.29,4.804,23.18,25.06,38.42,,,,38.51,,,,23.12,20,29.71,26.32,11.18,13.96,,,,,,,,,19.84,44,18.8,11.76,,,,,,,,,,,,,,,,,,1.374,,,,,,,,5.92,,,,,,,,20.44,156.2,29.91,3.101,1.572,1.887,,1.579,,,2.459,,,,89.07,110,110,,,29.77,,2.268,,123,,,,,,,,,5.504,8.325,13.09,6.701,55,11.48,17.06,14.19,22,22,22,8.412,22,14.17,14.2,7.519,10.73,7.579,22,11,11,11,3.881,11,11,,1.383,5.071,4.064,6.391,,,,11.3,13.35,9.271,14.17,26.24,24.11,18.74,23.31,19.61,25.79,13.63,9.835,22,25.33,33,33,29.28,30.23,24.33,,,4.911,,,,6.96,110,5.111,9.48,43.1,23.06,17.45,44,44,8.82,14.21,44.92,38.93,29.37,,,,,,,,,55,11.02,,,60.4,,,,,,,,,,69.43,,33.1,15.15,,,,38.5,,38.5,,11.77,,59.67,,28.68,,7.647,55,49.7,,,,,,,22,4.64,22,47.99,55.36,47.45,36.65,44,21.8,44,66.57,55,23.5,,,,,11.16,26.29,55,55,86.5,,,22,,,,15.74,11,,,,,,16.5,,75.93,55,31.9,55,45.23,55,7.77,12.37,15.56,,15.49,,,,15.24,26.79,23.97,,4.3,110,22.22,,22.77,110,23.84,8.119,31.93,55,7.04,25.19,55,55,10.48,55,16.94,24.23,,,,,,16.59,16.81,21.43,32.18,39.38,18.62,55,2.069,7.216,,,,2.48,,7.937,,7.674,,,,,,5.884,6.282,2.592,11.93,29.46,20.15,33.1,34.5,,41.58,,,,,,,,11.2,8.9,6.4,9.7,8.6,6.199,12.98,,,,22,13.34,11.45,3.6,11.8,24.01,17.06,39.48,44,30.26,,,55,12.18,,,,8.65,,10.7,,12.17,,25.7,1.293,55,4.666,,,,,,,,,,11.78,37.58,,,,,,,180.9,189.8
35153-18-5,(E)-Tetradec-11-enol / (E)-11-tetradecenol,,19.29,,0.84,1.08,,,,,3.648,22,,,,,,12.5,9.8,12.19,,,11.8,51.9,55,55,51.93,40.74,26.85,2.035,40.44,55,8.947,33.53,24.12,3.354,22.81,23.25,24.67,4.4,0.7345,,,,,0.9203,,,28.14,29.16,31.71,12.09,17.73,28.69,23.81,21.53,,16.94,,,,,33,42.46,33,52.16,,,,,,,,,,,,23.52,23.39,11.73,,,,,,,,,,,,,,,,,,1.6,,,0.5,,0.13,,,,,,,,,,46.64,50.18,267.9,53.93,,,,,,,,0.863,,,,64.6,110,98.01,,,24.6,,,,,4.422,4.766,4.422,9.93,9.94,1.853,2.44,2.786,12.81,10.45,7.969,12.25,55,15.04,1.667,22,22,22,22,22,22,22,22,3.72,22,22,22,4.136,9.182,6.441,1.205,6.667,11.47,9.798,11.23,25.98,3.576,3.296,,,,2.079,25.01,3.966,12.49,1.304,21.24,10.72,26.9,19.87,22.58,8.419,8.058,22,55,33,33,33,33,33,,2.47,,,5.7,5,,,9.05,21.16,29.93,44,21.29,44,44,27.09,,,,,10.63,4.799,6.291,2.434,,,0.1572,2.343,48.17,,1.833,104.3,,46.8,41,12.84,20.97,4.805,17.58,6.867,8.766,7.443,83.78,9.801,32.95,20.83,10.11,9.263,12.91,9.707,20.64,16.7,1.867,4.804,18.49,113.1,1.111,38.88,10.23,,55,45.34,1.015,0.7658,2.026,0.8935,0.9542,3.934,5.671,2.865,5.601,47.6,69.57,48.75,52.05,,,,67.74,55,12.54,,,,,18.09,32.17,27.67,53.19,5.926,,,6.417,3.011,22,4.282,20.01,,11.36,44,44,44,19.99,9.683,4.97,41.08,55,,,,,,,,1.64,10.58,40.06,33.17,17.02,9.567,17.87,,,,,,,,,55,40.96,41.18,55,8.566,35.81,55,38.14,25.33,55,14.42,41,,,,,,14.86,13.74,22.53,55,49.22,22.26,55,1.119,1.432,37.95,19.72,14.13,8,,,,,4.61,8.111,1.97,2.13,1.14,14.39,22.54,44,32.36,9.194,4.146,,,,35.49,0.3905,281.6,9.377,26.09,23.73,76.85,232.2,7.8,9.2,15.8,11.14,12.8,15.13,14.16,27.5,0.71,5.16,5.279,0.3709,,,,16.39,1.488,4.063,5.711,55,,,34.44,0.9227,1.553,1.272,10.92,55,,8.07,,55,,0.5128,0.3088,19.44,1.487,8.357,5.33,20.78,31.84,15.95,,,16.29,36.64,4.924,,2.518,3.183,3.696,11,5.68,11,922.8,619.6
34010-15-6,(Z)-11-Tetradecen-1-ol / E11-14:OH,,19.29,,0.84,1.08,,,,,3.648,22,,,,,,12.5,9.8,12.19,,,11.8,51.9,55,55,51.93,40.74,26.85,2.035,40.44,55,8.947,33.53,24.12,3.354,22.81,23.25,24.67,4.4,0.7345,,,,,0.9203,,,28.14,29.16,31.71,12.09,17.73,28.69,23.81,21.53,,16.94,,,,,33,42.46,33,52.16,,,,,,,,,,,,23.52,23.39,11.73,,,,,,,,,,,,,,,,,,1.6,,,0.5,,0.13,,,,,,,,,,46.64,50.18,267.9,53.93,,,,,,,,0.863,,,,64.6,110,98.01,,,24.6,,,,,4.422,4.766,4.422,9.93,9.94,1.853,2.44,2.786,12.81,10.45,7.969,12.25,55,15.04,1.667,22,22,22,22,22,22,22,22,3.72,22,22,22,4.136,9.182,6.441,1.205,6.667,11.47,9.798,11.23,25.98,3.576,3.296,,,,2.079,25.01,3.966,12.49,1.304,21.24,10.72,26.9,19.87,22.58,8.419,8.058,22,55,33,33,33,33,33,,2.47,,,5.7,5,,,9.05,21.16,29.93,44,21.29,44,44,27.09,,,,,10.63,4.799,6.291,2.434,,,0.1572,2.343,48.17,,1.833,104.3,,46.8,41,12.84,20.97,4.805,17.58,6.867,8.766,7.443,83.78,9.801,32.95,20.83,10.11,9.263,12.91,9.707,20.64,16.7,1.867,4.804,18.49,113.1,1.111,38.88,10.23,,55,45.34,1.015,0.7658,2.026,0.8935,0.9542,3.934,5.671,2.865,5.601,47.6,69.57,48.75,52.05,,,,67.74,55,12.54,,,,,18.09,32.17,27.67,53.19,5.926,,,6.417,3.011,22,4.282,20.01,,11.36,44,44,44,19.99,9.683,9.693,41.08,55,,,,,,,,1.64,10.58,40.06,33.17,17.02,9.567,17.87,,,,,,,,,55,40.96,41.18,55,8.566,35.81,55,38.14,25.33,55,14.42,41,,,,,,14.86,13.74,22.53,55,49.22,22.26,55,1.119,1.432,37.95,19.72,14.13,8,,,,,4.61,13.88,1.97,2.13,1.14,14.39,22.54,44,32.36,9.194,4.146,,,,35.49,0.3905,281.6,9.377,26.09,23.73,76.85,232.2,7.8,9.2,15.8,11.14,12.8,15.13,14.16,27.5,0.71,5.16,5.279,0.3709,,,,16.39,1.488,4.063,5.711,55,,,34.44,0.9227,1.553,1.272,10.92,55,,8.07,,55,,0.5128,0.3088,19.44,1.487,8.357,5.33,20.78,31.84,15.95,,,16.29,36.64,4.924,,2.518,3.183,3.696,11,5.68,11,922.8,619.6
54364-60-2,"7E,9Z-Dodecadien-1-ol",,,,0.84,1.08,,,,,2.79,22,,,,,,12.5,9.8,12.78,,,11.8,55,55,55,55,39.7,22.6,2.429,43.44,43.17,11.56,20.21,24.76,3.313,24.73,25.1,26.29,4.4,0.7345,,,,,0.9203,,,32.15,32.26,35.38,9.439,16.51,26.85,25.04,,,14.29,,,,,33,35.82,33,55,,,,,,,,,,,,21.63,14.08,8.156,,,,,,,,,,,,,,,,,,,,,0.5,,0.13,,,,,,,,,,47.96,55.37,247.5,37.28,,,,,,,,0.863,,,,56.44,110,95.95,,,24.6,,,,,5.248,7.2,8.09,9.93,9.94,1.904,2.474,2.827,12.37,9.478,7.68,13.06,55,16.08,1.919,22,22,22,22,22,22,22,22,,22,22,22,4.201,9.105,6.281,1.212,6.513,11.5,5.789,9.992,27.9,5.428,5.342,,,,2.079,25.01,3.966,12.49,1.304,33,8.28,26.27,19.7,21.61,7.534,7.174,22,55,33,33,33,33,33,,,,,,,,,9.05,21.16,29.93,44,21.29,44,44,27.09,,,,,10.63,4.812,6.812,3.13,,,0.1805,2.336,43,,1.509,69.02,,,66.22,12.75,20.97,4.805,17.58,6.867,7.734,6.791,84.17,11.41,22.34,21.14,7.87,8.695,11.76,9.913,19.07,16.93,1.882,4.743,18.66,113.1,1.111,33.45,10.23,,55,48.8,1.018,0.7678,2.018,0.9273,1.005,4.36,4.181,2.633,5.117,47.6,62.39,48.97,55.55,,,,73.59,55,11.91,,,,,,,30.38,55,4.9,,,5.383,3.011,22,4.282,20.01,,11.1,44,44,44,19.58,9.426,8.993,,55,,,,,,,,1.64,9.561,66.54,47.17,12.69,9.97,17.84,,,,,,,,,55,38.75,38.99,55,8.2,30.8,55,39.5,27,55,13,89.75,,,,,,21.86,16.03,22.88,55,55,21.13,55,0.6706,1.183,37.95,19.72,14.13,8,,,,,4.61,7.914,1.97,2.13,1.14,,,,71.64,8.037,3.728,,,,34.49,0.3848,281.6,9.534,26.25,24.13,79.25,230.8,7.8,9.2,15.8,11.55,12.61,14.96,11.75,,,,4.706,0.3517,,,,16.39,1.174,3.442,5.076,55,,,33.15,0.9242,1.622,1.284,10.96,55,,8.07,,55,,0.513,0.359,13.76,1.349,6.586,4.39,22.27,32.16,17.11,,,15.57,39.49,4.924,,2.518,3.183,3.696,11,5.68,11,,
80795-83-1,(-)-trans-Verbenol,,25.5,,,,,,,,,22,,,,,,,,,,,,,,,,,,,,,,,,,,,,22,22,,,,,6.45,,,31.71,30.62,27.19,33,19.05,16.25,21.15,,,,,,,,16.62,55,33,21.83,,,,,,,,,,,,44,77,18.48,,,,,,,,,,,,,,,,,,,,,,,,,,,,,,,,,38.15,119.8,610.9,109.2,,,,,,,,,,,,110,110,110,,,,,,,,,,,,,,,,22,8.9,22,,,,,22,22,22,22,22,22,22,22,22,16.89,22,22,11,11,11,11,11,11,,4.73,28.07,16.2,11.41,,,,,,,,,15.2,33,,,,,,,55,,,,,,,,,,,,2.8,94.62,5.06,5.452,,,,,,,18.61,16.85,29.04,35.68,,,,,,,,,,,,,,,,26.4,,,,,14.85,42.64,122.1,,,11.91,12.18,,38.9,38.5,6.26,38.5,,2.02,,,,,,,,,,,,,,,,,,,110,110,,,,,,,,,,,,16.8,35.2,22.41,55,,,,,,,,,,,,,,,,27.38,,55,23.97,26.14,8.14,18.6,21.1,13.29,31.29,,15.48,,,,26.6,,,,21.15,,14.72,,,,55,8.47,55,55,7,34.6,55,55,15,55,22.4,5.78,,,,,,10.65,,,31.1,55,11.5,55,,,,,,,,,,,,,,,,3.53,,,,471.6,7.39,,,,26.6,,,,,,,,,9.7,16.5,,,,33.73,,,,,,,,,,,,,2.54,,,55,,,,,,,,,,,,,,,6.44,6.17,,,,20.72,19.56,,,,,,,,,,,,
2305-21-7,2-hexen-1-ol,,27.31,,,,,,,,,22,,,,,,,,,,,,55,55,55,42,55,55,6.42,55,55,38.6,3.84,23.01,3.535,12.08,11.61,10.58,,,,,,,,,,19.68,22.69,23.45,10.18,12.32,33,14.55,,108.8,22,44,,,,33,29.75,33,49.85,,,,,,,,,,,24.53,28.46,77,44,,,,,,,,,,,,,,,,,,,,,0.5,,0.13,,,,,,9.96,,,,44.36,33.43,314.2,127.9,3.88,1.43,2.6,3.72,1.62,,,,,,,88.61,110,110,,,,,,,,5.55,7.2,,9.93,9.94,1.56,2.23,2.54,12.73,12.73,7.387,10.65,55,13,13.57,22,22,22,22,22,22,22,22,,22,22,22,3.846,8.528,5.173,1.009,5.431,11.68,6.99,7.12,13.54,5.124,3.835,,,,2.079,25.01,3.966,12.49,1.304,12.88,14.06,33,30.87,33,22,22,22,55,33,33,33,33,33,,,,,,,,,,,,,,,,,,,,,,4.799,6.104,2.477,,,0.22,2.239,42.64,,2.638,74.11,,45.39,,21.05,17.09,6.75,26.4,8.07,8.361,13.27,82.7,6.19,26.41,26.38,8.695,17.42,11.93,9.438,17.91,18.73,1.73,3.108,18.36,,1.113,30.69,,,49.62,45.43,0.9427,0.7212,2.352,0.7308,0.8414,2.194,17.92,6.329,8.813,47.6,54.16,35.54,89.5,,,,78.48,55,12.94,,,,,10.7,35.2,42.56,55,23.3,,,16.35,,,,15.06,12.59,16.06,44,44,26.14,24.62,12.77,4.97,41.08,55,,55,,,,,,1.664,14.88,,,,9.323,17.64,23.67,,,,,,,,55,55,55,55,7.177,21.22,55,46.25,37.9,55,16.92,16.65,,,,,,12.27,9.199,21.93,55,40.62,23.62,55,1.405,1.027,39.03,26.95,20.83,8,,,,,,13.88,,,,8.224,,,34.02,8.052,6.47,,,,32.23,0.64,281.6,5.36,21.17,13.47,27.31,281.6,,9.2,15.8,10.91,12.68,15.84,14.49,,,,11.96,0.7195,,,,,3.611,6.978,12.77,55,,,55,0.9348,1.297,1.268,10.99,23.72,,8.007,,55,,0.5083,0.3197,,1.284,,,,,,,,17.04,34.04,,,2.518,3.183,3.696,,,,,
69820-27-5,(Z)-13-octadecenol  / Z13-18:OH,,16.41,,0.84,1.08,,,,,3.331,19.43,7.25,33,3.99,0.96,10.7,14.08,10.71,10.27,,,12.52,55,54.05,55,49.86,48.84,39.79,1.933,39.71,55,14.29,17.65,27.46,3.932,27.61,26.52,27.72,9.367,3.624,,,,,4.084,,,36.22,35.67,39.03,8.366,20.83,22.51,30.13,,,14.41,,,,,31.1,36.64,33,55,,,,,,,,,,,,21.27,14.48,6.582,,,,,,,,,,,,,,,,,,1.6,,,1.182,,0.6444,,,6.84,,,69.78,,,,47.22,20.65,173.5,48.71,3.92,1.3,2.5,3.63,1.56,3.6,,0.863,,,,53.43,110,94.63,,,24.6,,3.07,,,3.211,2.873,4.663,11.89,11.36,1.835,2.427,2.771,10.31,7.348,4.4,18.56,55,19.24,0.92,22,22,22,22,20.35,22,20.26,22,13.64,17.98,17.29,22,4.74,8.83,5.736,1.492,5.982,11.58,5.23,4.888,23.91,1.935,1.933,6.6,,5.8,8.078,28.66,8.099,18.21,3.607,25.04,14.76,24.19,17.34,16.81,2.142,2.187,21.06,55,31.18,33,33,30.07,33,,,,,7,4.6,,,7.188,18.41,24.89,41.64,23.21,44,44,21.51,,,,,10.63,4.809,6.808,2.955,,,0.1505,2.422,45.64,,1.066,58.94,77.6,47.66,29.82,11.79,20.95,4.835,17.71,6.908,8.908,10.12,85.65,14.26,27.28,25.34,7.291,8.101,10.78,11.72,20.65,18.78,1.895,4.549,18.84,113.2,1.093,31.35,10.23,,55,46.96,1.021,0.776,2.05,0.8963,0.9488,3.961,4.578,2.488,3.087,49.29,54,49.26,59.73,,,,80.36,55,12.4,,,,,10.7,35.2,35.31,55,7.385,,,4.141,3.011,22,4.282,17.72,,10.66,44,44,44,18.9,8.833,14.5,41.08,55,,55,,,,,,1.64,14.11,66.54,47.17,12.69,11.16,17.67,,110,,,17.96,,61.37,,50.64,34.84,34.91,55,8.2,30.8,55,39.5,27,55,13,15.71,,,,,,19.31,15.23,17.22,43.91,55,27.27,55,0.6207,0.8013,50.81,36.62,38.05,4.998,,,,,4.61,8.111,1.97,2.13,1.14,10.64,32.95,5.021,22.12,6.64,3.296,,,,29.12,0.3992,281.6,9.144,25.85,23.13,73.36,234.2,7.8,9.2,15.8,11.68,12.72,15.8,12.96,27.5,0.71,5.16,3.867,0.4744,,5.03,8.8,16.39,0.9365,3.017,4.636,55,13.76,,45.25,0.9196,1.562,1.282,10.81,55,,18.33,,55,,0.5252,0.3205,42.16,1.424,6.844,5.292,22.27,32.16,17.11,,,20.35,75.74,4.924,48.24,2.518,3.183,3.696,11,5.68,11,357.6,40.76
20056-92-2,(Z)-7-Dodecen-1-ol / Z7-12:OH,,16.41,,0.84,1.08,,,,,3.331,19.43,7.25,33,3.99,0.96,10.7,14.08,10.71,10.27,,,12.52,55,54.05,55,49.86,48.84,39.79,1.933,39.71,55,14.29,17.65,33,3.5,33,33,33,9.367,3.624,,,,,4.084,,,36.22,35.67,39.03,8.366,20.83,22.51,30.13,,,14.41,,,,,31.1,36.64,33,55,,,,,,,,,,,,21.27,14.48,6.582,,,,,,,,,,,,,,,,,,1.6,,,1.182,,0.6444,,,6.84,,,69.78,,,,47.22,20.65,173.5,48.71,3.92,1.3,2.5,3.63,1.56,3.6,,0.863,,,,53.43,110,94.63,,,24.6,,3.07,,,3.211,2.873,4.663,11.89,11.36,1.835,2.427,2.771,10.31,7.348,5.942,18.56,55,19.24,1.551,22,22,22,22,20.35,22,20.26,22,13.64,17.98,17.29,22,4.74,8.83,5.736,1.492,5.982,11.58,5.23,4.888,23.91,1.935,1.933,6.6,,5.8,8.078,28.66,8.099,18.21,3.607,25.04,14.76,24.19,17.34,16.81,2.142,2.187,21.06,55,31.18,33,33,30.07,33,,,,,7,4.6,,,7.188,18.41,24.89,41.64,23.21,44,44,21.51,,,,,10.63,4.809,6.808,2.955,,,0.1505,2.422,45.64,,1.066,58.94,77.6,47.66,29.82,11.79,20.95,4.835,17.71,6.908,8.908,10.12,85.65,14.26,27.28,25.34,7.291,8.101,10.78,11.72,20.65,18.78,1.895,4.549,18.84,113.2,1.093,31.35,10.23,,55,46.96,1.021,0.776,2.05,0.8963,0.9488,3.961,4.578,2.488,3.087,49.29,54,49.26,59.73,,,,80.36,55,12.4,,,,,10.7,35.2,35.31,55,7.385,,,4.141,3.011,22,4.282,17.72,,10.66,44,44,44,18.9,8.833,14.5,41.08,55,,55,,,,,,1.64,14.11,66.54,47.17,12.69,11.16,17.67,,110,,,17.96,,61.37,,50.64,34.84,34.91,55,8.2,30.8,55,39.5,27,55,13,15.71,,,,,,19.31,15.23,17.22,43.91,55,27.27,55,0.6207,0.8013,50.81,36.62,38.05,4.998,,,,,4.61,8.111,1.97,2.13,1.14,10.64,32.95,5.021,22.12,6.64,3.296,,,,29.12,0.3992,281.6,9.144,25.85,23.13,73.36,234.2,7.8,9.2,15.8,11.68,12.72,15.8,12.96,27.5,0.71,5.16,3.867,0.4744,,5.03,8.8,16.39,0.9365,3.017,4.636,55,13.76,,45.25,0.9196,1.562,1.282,10.81,55,,18.33,,55,,0.5252,0.3205,42.16,1.424,6.844,5.292,22.27,32.16,17.11,,,20.35,75.74,4.924,48.24,2.518,3.183,3.696,11,5.68,11,357.6,40.76
56578-18-8,(E)-5-Decen-1-ol / E5-10:OH,,16.1,,0.84,1.08,,,,,2.79,22,7.25,33,3.99,0.96,10.7,14.04,10.61,10.3,,,12.5,55,54.06,55,49.85,48.84,39.77,1.96,39.97,55,14.39,17.86,33,9.7,27.71,26.64,27.82,9.005,3.334,,,,,3.779,,,34.61,34.86,37.61,8.133,15.89,28.04,31.08,,,14.32,,,,,33,38.78,33,55,,,,,,,,,,,,21.27,15.48,7.426,,,,,,,,,,,,,,,,,,,,,1.398,,0.8804,,,6.84,,,69.78,,,,47.24,26.1,286.2,66.97,3.92,1.3,2.5,3.63,1.56,3.6,,0.863,,,,54.68,110,94.96,,,24.6,,3.07,,,3.319,3.208,4.617,11.65,11.19,1.821,2.417,2.76,10.71,7.662,6.036,17.47,55,18.43,1.513,22,22,22,22,22,22,22,22,12.83,22,22,22,4.727,8.903,5.878,1.216,6.121,11.56,5.247,5.174,25.44,1.952,2.187,6.6,,5.8,8.253,28.72,8.436,18.48,3.586,23.74,14.54,24.18,17.3,16.76,2.117,2.165,21.09,55,31.24,33,33,30.17,33,,,,,7,4.6,,,7.23,18.48,25.01,41.7,23.16,44,44,21.63,,,,,10.63,4.807,6.782,2.708,,,0.1511,2.419,46.72,,1.064,59.73,78.62,47.66,23.24,12.43,21.02,4.991,18.42,7.174,8.446,10.05,88.34,13.96,26.59,25.51,9.162,8.245,11.69,11.43,16.57,18.51,1.89,4.569,18.79,113.1,1.092,23.18,10.23,,55,46.96,1.019,0.7738,2.036,0.8866,0.9341,3.844,5.374,2.607,3.481,49.22,56.13,49.18,58.66,,,,78.1,55,12.55,,,,,10.7,35.2,35.02,55,7.366,,,4.141,3.011,22,4.282,17.72,,10.66,44,44,44,18.9,9.274,14.12,41.08,55,,55,,,,,,1.64,11.75,66.54,47.17,12.69,12.4,17.67,,110,,,17.96,,59.62,,55,35.3,40,55,8.2,30.8,55,39.5,27,55,13,15.9,,,,,,19.46,14.15,17.67,45.26,55,25.78,55,0.6213,0.8091,46.8,29.66,28.23,5.368,,,,,4.61,8.242,1.97,2.13,1.14,9.866,31.01,7.104,24.24,6.797,3.322,,,,28.95,0.3981,281.6,9.173,25.88,23.21,73.79,233.9,7.8,9.2,15.8,11.59,12.63,15.67,12.63,27.5,0.71,5.16,3.811,0.4697,,5.03,8.8,16.39,0.9143,2.947,4.558,55,13.76,,43.77,0.9191,1.544,1.279,10.8,55,,18.3,,55,,0.5254,0.3196,41.44,1.412,6.882,5.268,22.27,32.16,17.11,,,19.89,66.61,4.924,48.24,2.518,3.183,3.696,11,5.68,11,357.6,40.76
51494-28-1,"3-Nonen-1-ol, (3Z)-",,15.61,,0.84,3.659,,312.7,47.69,31.35,3.173,22,7.25,33,3.99,0.96,10.7,14.08,10.63,10.19,,,12.83,55,54.07,55,51.16,47.29,36.42,2.679,55,55,14.06,13.68,23.94,3.49,20.05,19.82,20.5,11.17,5.251,,,,,5.775,,,27.29,29.69,30.94,8.844,17.28,25.32,22.73,,,14.06,,,,,30.96,43.22,33,55,,,,,,,,,,,19.58,22.28,22.19,11.07,,,,,,,,,,,,,,,,,,0.44,,,1.611,,1.147,,,6.84,,,69.78,,,,47.95,28.07,296.9,58.36,3.92,1.3,2.5,3.63,1.56,3.6,,0.863,,,,54.43,110,92.77,,,,,3.07,,,2.867,4.954,4.401,11.56,11.13,1.907,2.476,2.829,12.45,9.121,9.104,16.09,55,16.88,4.011,22,22,22,22,22,22,22,22,13.02,22,22,22,4.656,8.815,5.707,1.168,5.954,11.58,5.611,7.592,20.67,2.223,2.397,6.6,,6.534,8.693,28.87,8.682,18.76,3.724,25.01,14.78,24.57,18.09,19.37,4.28,5.224,20.91,55,30.89,33,33,29.63,33,,,,,7,4.6,,,6.541,17.39,23.08,40.71,24.04,44,44,19.57,,,,,10.63,4.818,7.044,3.077,,,0.1329,2.232,44.82,,1.495,58.95,79.05,47.8,28.46,9.73,21.03,4.982,18.38,7.166,13.65,16.27,86.16,16.42,25.23,19.66,10.9,8.959,15.47,11.26,19.11,18.28,1.905,5.24,18.67,113.1,1.133,38.35,10.23,,55,47.22,1.042,0.8275,2.2,0.8333,1.101,2.886,6.038,3.015,4.247,49.28,63.59,53.42,53.87,,,,70.13,55,11.79,,,,,10.7,35.2,32.44,55,7.65,,,5.177,3.011,22,4.282,20.07,11.17,10.78,44,44,44,19.1,8.682,16.11,41.08,55,,55,,,,,,1.64,12.32,66.54,47.17,12.69,11.96,17.77,,110,,,17.96,,61.34,,49.72,35.15,37.91,55,8.2,30.8,55,39.5,27,55,13,17.85,,,,,,20.54,15.18,17.74,44.68,55,26.88,55,1.028,1.609,46.1,28.81,26.87,5.691,,,,,4.61,6.93,1.97,2.13,1.14,10.77,31.95,5.987,26.2,8.272,4.352,,,,29.19,0.3951,281.6,9.253,25.96,23.41,74.98,233.2,7.8,9.2,15.8,11.16,12.75,15.42,12.55,27.5,0.71,5.16,6.286,0.7077,,5.03,8.8,16.39,1.12,3.075,7.11,55,13.76,8.49,39.06,0.9493,1.261,1.641,11.13,55,,16.31,,55,,0.5018,0.3101,55,1.311,7.341,5.629,19.68,32.08,17.11,,,20.34,75.62,4.924,48.24,2.518,3.183,3.696,11,5.68,11,357.6,40.76
18485-38-6,"(E,E)-2,4-Dodecadien-1-ol",,17.77,,0.84,1.08,,,,,4.01,15.32,7.25,33,3.99,0.96,10.7,13.72,10.46,10.62,,,13.01,55,47.2,55,48.91,55,55,2.884,40.44,40.12,14.21,7.273,18.58,3.37,18.6,18.36,19.09,12.18,6.306,,,,,6.851,,,39.68,42.63,41.55,7.489,24.19,18.9,20.18,,,15,,,,,30.17,27.07,33,55,,,,,,,,,,,19.8,23.59,25.07,13.78,,,,,,,,,,,,,,,,,,,,,1.499,,1.003,,,6.84,,,34.22,,,,44.91,15.3,164.8,51.22,3.904,1.352,2.541,3.667,1.584,3.6,,0.7368,,33,33,60.87,110,91.29,,,,,3.07,,,2.239,1.06,3.602,12,11.71,1.963,2.514,2.873,10.32,7.985,6.718,29.52,55,16.87,4.258,22,22,22,22,16.4,22,17.18,22,13.43,12.15,10.12,19.5,5.545,8.719,5.525,1.699,5.776,11.61,6.99,3.286,17.8,3.003,3.059,6.6,,5.8,9.606,29.16,8.89,19.12,4.1,26.17,13.47,23.69,17.1,18.13,3.469,4.374,20.75,55,30.58,33,33,29.15,33,,,,,7,4.6,,,6.241,16.43,20.75,40.97,21.4,44,44,16.24,,,,,10.63,4.803,7.196,3.499,,,0.1494,2.331,35.11,,1.068,50.4,77.91,45.17,51.3,26.4,20.97,4.805,17.58,6.867,16.51,19.94,99.56,18.06,22.73,10.03,11.53,13.64,12.56,13.26,22.11,15.2,1.914,4.229,19.01,79.46,1.134,37.49,5.219,,52.49,40.46,1.062,0.8583,2.29,0.8212,1.386,1.845,6.385,6.01,4.907,49.16,39.61,42.64,84.94,,,,82.91,55,21.52,,,,,8.419,35.2,47.32,55,6.991,,,15.96,3.011,22,4.282,22,12.59,11.67,44,44,39.86,20.1,13.38,18.11,41.08,55,,55,,,,,,1.69,12.8,66.54,47.17,12.69,13.85,18.23,23.67,110,,,21.73,,51.22,,40.93,43.3,46.72,55,6.2,14.1,55,55,55,55,22.6,11,,,,,,18.61,16.64,15.13,41.97,55,34.86,55,0.5684,1.312,52.01,38.71,41.13,3,,3.3,,,4.61,6.16,1.97,2.13,1.14,8.038,12.43,1.06,18.54,6.424,3.815,,,,27.7,0.3906,281.6,9.374,26.09,23.72,76.81,232.2,7.8,,,11.64,12.32,15.93,12.03,27.5,0.71,5.16,4.408,0.7792,12.59,4.059,8.8,16.39,0.5429,1.992,5.004,23.84,13.76,,55,0.9562,1.267,1.761,11.19,55,,55,,22.68,,0.5047,0.3159,41.88,1.342,7.053,5.976,22.27,32.16,17.11,,,18.99,64.09,3.888,45.49,2.518,3.183,3.696,11,5.68,11,357.6,40.76
68892-27-3,(Z)-Tetradec-3-enol /  Z3-14:OH,,16.02,,0.84,1.951,,,,,4.211,18.84,7.25,33,3.99,0.96,10.7,14.11,10.73,10.16,,,12.83,55,54.06,55,51.15,47.32,36.49,2.65,55,55,13.95,13.73,19.8,3.35,26.19,24.86,26.33,11.45,5.538,,,,,6.069,,,28.67,30.54,32.22,8.833,21.01,22.61,24.39,18.86,,14.89,,,,,30.65,41.01,33,55,,,,,,,,,,,15.74,21.43,19.91,9.194,,,,,,,,,,,,,,,,,,1.6,,,1.349,,0.8245,,,6.84,,,69.78,,,,47.92,20.8,194.6,32.43,3.92,1.3,2.5,3.63,1.56,3.6,,0.863,,33,33,52.32,110,92.1,,,,,3.07,,,3.095,3.375,3.848,11.79,11.29,1.923,2.487,2.842,10.97,9.683,7.061,20.4,55,16.15,2.363,22,22,22,22,17.42,22,20.5,22,11.3,16.45,15.2,19.94,4.669,8.71,5.508,1.46,5.76,11.62,5.573,4.963,16.44,2.15,2.056,6.6,,6.411,8.478,28.79,8.324,18.46,3.734,26.18,15,27.01,22.12,24.58,7.58,8.752,20.88,55,30.84,33,33,29.55,33,,,,,7,4.6,,,6.522,16.94,21.69,41.3,21.42,44,44,17.29,,,,,10.63,4.82,7.065,3.046,,,0.1331,2.36,44.56,,1.432,58.29,78.04,47.8,36.06,11.94,20.96,4.821,17.65,6.889,12.37,16.33,90.19,16.7,25.88,20.06,10.44,8.669,14.46,11.14,22.23,18.17,1.91,5.12,18.76,83.6,1.132,33.21,10.23,,53.41,46.04,1.042,0.829,2.212,0.933,1.021,3.091,5.16,2.873,3.723,49.65,63.8,56.44,55.72,,,,78.71,55,15.16,,,,,8.074,35.2,33.39,55,7.652,,,4.687,3.011,22,4.282,20.05,11.17,10.78,44,44,44,19.08,10.24,16.46,41.08,55,,55,,,,,,1.64,14.62,66.54,47.17,12.69,10.84,18.1,,110,,,21.59,,50.63,110,49.05,36.57,36.06,55,8.2,30.8,55,39.5,27,55,13,19.14,,,,,,22.34,17.88,15.74,43.49,55,28.37,55,0.5696,1.123,49.91,35.26,35.81,5.046,,5.221,,,4.61,6.86,1.97,2.13,1.14,6.798,15.23,3.11,23.66,7.904,3.63,,,,29.32,0.3964,281.6,9.219,25.92,23.32,74.47,233.5,7.8,9.2,15.8,12.61,13.54,15.54,12.31,27.5,0.71,5.16,5.848,0.7142,12.59,4.509,8.8,16.39,0.9743,2.782,6.648,25.62,13.76,,41.21,0.9497,1.262,1.651,11.13,55,,20.63,,35.83,,0.5024,0.3107,55,1.316,8.386,5.705,20.35,28.95,22.14,,,20.78,85.37,4.924,45.52,2.518,3.183,3.696,11,5.68,11,357.6,40.76
104-54-1,Cinnamyl alcohol,,55,,,,,,,,,22,5.34,3.79,3.68,33,5.71,,,,,,,55,55,55,28.3,55,13.4,,,,,,33,33,,,,22,22,,,,,22,,,27.53,28.02,24.02,9.1,21.53,33,13.64,,,22,,,,,33,55,33,55,,,,,,,,,,,,32.44,77,44,,,,,,,,,,,,,,,,,,0.09,,,,,,,,,79.26,,,,,,,,,,,,,,,,,,3.2,,,87.66,110,110,,,33.08,,,,,1.924,,,,,,,,22,12.23,22,24.5,55,86,55,22,22,22,22,22,22,22,22,22,22,22,22,3.05,11,11,1.62,11,11,,8.79,31.86,,,,,,33,33,33,33,33,33,33,17.14,28.43,20.51,22,22,22,33.78,33,33,33,23.16,33,,,,,,,,,,,,,,,,,,,,,,,,,,9,,,49.31,,,230.9,72.75,,,26.4,,,,,32.16,75.41,80.66,22.32,24.96,23.27,20.85,15.77,44.69,16.19,34.71,25.08,,10.53,,,,86.99,14.61,9.7,55,34.66,,,,,,,,,,39.4,25.09,25.62,26.75,37.5,16.1,44,41.41,,,,,,,35.2,12.9,55,55,,,,22,,,,13.2,,13.78,20.99,44,17.36,18.96,10.51,15.61,16.31,55,,,,,,,,0.81,15.56,,,,,,24.63,,,,,,,,55,55,55,,,,,,,,,,16.63,55,23.63,25.48,22.93,,,,44.08,41.95,27.78,55,,,,,,7.869,8.371,6.849,13.6,5.5,,,,,,,,,2.73,,,,,,16.94,,,,,,,,,,,9.043,9.81,13.04,96.51,,,,22,,,,,,17.12,22,22,55,,,55,,,,,22.79,,20.63,,13.98,,,,55,13.19,,,,,,,,,,4.44,,,,,,,,192.9,523.1
112-43-6,10-Undecen-1-OL,,,,,,,,,,2.79,22,,,,,,,,10.7,,,11.8,,,,,,,3.8,55,55,17.6,55,28.07,4.578,33,33,33,,,,,,,,,,45.97,42.17,47.47,7.645,18.59,23.45,36.55,,,14.29,,,,,33,22.2,33,55,,,,,,,,,,,,24.73,8.644,3.891,,,,,,,,,,,,,,,,,,,,,,,,,,,,,,,,,,,,,,,,,,,,0.863,,,,71.79,110,110,,,24.6,,,,,4.93,,8.09,,,2.004,2.541,2.906,22,9.15,8.493,20.6,55,25.8,4.894,22,22,22,22,22,,,,,,,,5.23,11,11,1.98,11,11,4.14,8.758,39.99,2.28,2.86,,,,,,,,,,,33,33,33,22,22,22,,33,33,33,33,33,,,,,,,,,9.05,21.16,29.93,44,21.29,44,44,27.09,,,,,,4.799,6.104,2.477,,,0.22,2.36,55,,,,,,14.75,11.16,21.65,4.517,16.33,6.635,6.643,4.897,87,12.08,32.95,24.62,7.715,7.561,10.14,12.94,19.67,19.95,1.911,4.499,19.08,113.1,1.106,31.35,10.23,,,,0.9343,0.6697,1.64,0.9905,1.101,5.231,,,,,45.48,49.6,64.12,,,,92.11,55,11.69,,,,,,,37.27,55,5.631,,,10.75,3.011,22,4.282,22,,10.19,44,44,44,18.17,8.099,13.57,,55,,,,,,,,,,,,,,17.55,,,,,,,,,55,34.38,33.76,,,,,,,,,,,,,,,,,,,,,55,0.5993,0.8553,,,,,,,,,,13.88,,,,,,,,5.14,3.711,,,,,,,,,,,,,,,12.68,12.56,15.84,,,,,4.581,0.2973,,,,16.39,1.212,3.942,5.731,,,,55,0.9274,1.781,1.31,11.05,,,,,,,0.5083,0.2903,,1.061,5.27,4.39,22.27,32.16,17.11,,,,,4.924,,,,,,,,,
-,"(Z,Z)-3,9-6,7-epoxyoctadecadiene / Z3Z9-6,7-epo-18:Hy",,,,,,,,,,,,,,,,,,,,2,2.8,4.2,,,,,,,,,,,,,,,,,,,,,,,,,,,,,,,,,,,,,,,,,,,,,,,,,,,,,,,,,,,,,,,,,,,,,,,,,,,,,,,,,,,,,,,,,,,,,,,,,,,,,,,,,,,,,,,,,,,,,,,,,,,,,,,,,,,,,,,,,,,,,,,,,,,,,,,,,,,,,,,,,,,,,,,,,,,,,,,,,,,,,,,,,,,,,,,,,,,,,,,,,,,,,0.57,,,,,,,,,,,,,,,,,,,,,,,,,,,,,,,,,,,,,,,,,,,,,,,,,,,,,,,,,,,,2.365,2.133,,,,,,,,,,,,,,,,,,,,,,,,,,,,,,,,,,,,,,,,,,,,,,,,,,,,,,,,,,,,,,,,,,,,,,,,,,,,,,,,,,,,,,,,,,,,,,,,,,,,,,,,,,,,,,,,,,,,,,,,,,,,,,,,,,,,,,,,,,,,,,,,,,,,,
-,"(Z,Z)-3,9-6,7-epoxynonadecadiene / Z3Z9-6,7-epo-19: Hy",,,,,,,,,,,,,,,,,,,,2,2.8,4.2,,,,,,,,,,,,,,,,,,,,,,,,,,,,,,,,,,,,,,,,,,,,,,,,,,,,,,,,,,,,,,,,,,,,,,,,,,,,,,,,,,,,,,,,,,,,,,,,,,,,,,,,,,,,,,,,,,,,,,,,,,,,,,,,,,,,,,,,,,,,,,,,,,,,,,,,,,,,,,,,,,,,,,,,,,,,,,,,,,,,,,,,,,,,,,,,,,,,,,,,,,,,,0.65,,,,,,,,,,,,,,,,,,,,,,,,,,,,,,,,,,,,,,,,,,,,,,,,,,,,,,,,,,,,2.365,2.133,,,,,,,,,,,,,,,,,,,,,,,,,,,,,,,,,,,,,,,,,,,,,,,,,,,,,,,,,,,,,,,,,,,,,,,,,,,,,,,,,,,,,,,,,,,,,,,,,,,,,,,,,,,,,,,,,,,,,,,,,,,,,,,,,,,,,,,,,,,,,,,,,,,,,
81309-90-2,"Z3,Z6-9S,10R-epoxy-21Hy / (Z,Z)-3,6-9,10-Epoxyheneicosadiene",,,,,,,,,,,,,,,,,,,,,,,,,,,,,3.8,55,55,55,0.6,,,,,,,,,,,,,,,,,,,,,,,,,,,,,,,,,,,,,,,,,,,,,,,,,,,,,,,,,,,,,,,,,,,,,,,,,,,,,,,,,,,,,,,,,,,,,,5.78,110,43.48,,,,,,,,,,,,,,,,,,,,,,,,,,,,,,,,,,,,,,,,,,,,,,,,,,,,,,,,33,17.67,33,22,8.71,22,55,33,33,33,33,33,,,,,,,,,,,,,,,,,,,,,,,,,,,,,,,1.21,172.6,,,,,,,,,,,,,,,,,,,,,,,,,,,,,,,,,,,,,4.4,4.4,0.76,,,,,,,,,,,,,,,,,,,,2.12,2.48,,,,,,,,,,,,,,,55,,,,,,,,,,,,,,,,,,,,,,,,,,,,,,,,,,,,,,,,,,,,,,55,,,,,,3.7,,9.2,,,,,,,,,,,,,,,,,,,,,,,,,,,,,,,,,,,4.63,1.32,,,,,1.1,2.61,10.97,,,,55,,,,,,,,,,,0.59,0.48,,0.82,,,,,,,,,,,,,,,,,,,
116-04-1,beta-Humulene,,12.17,,,,,,,,,22,,,,,,,,,,,,,,,,,,,,,,,13.4,4.5,,,,22,22,,,,,22,,,9.804,55,9.551,1.331,33,33,29.99,,,,44,,,,33,,33,13.87,,,,2.43,3.52,33,2.24,4.19,2.2,33,,,,,,,,,,,,,,,,,,,,,,,,,,,,,,,,,,,,,,,,,1.61,,2.29,,2.07,,,,,,,110,110,110,,,,,,,,,,,,,,,,7.97,22,12.77,14.7,55,15.64,2.32,2.54,22,22,22,22,22,22,22,,22,1.609,22,11,11,11,11,11,11,,3.88,8.67,3.58,3.78,,,,,,,,,33,33,,,,,,,,,,,,,4.3,,,6.379,,,,44.43,8.31,7.27,9.32,39.85,11.61,44,44,2.54,144.7,1100,139.7,1100,,,,,,,,,,15.55,,,,,,,,,,,,,,,,38.5,,,,38.5,,38.5,,,,57.75,,,,,,,,,,,,,,,,,,,,,,,,,,,,,,,,55,55,391.1,,,,,,,,,,,,,,55,,,55,30.8,4.15,16.13,33.48,16.37,16.34,7.45,,6.53,41.41,41.95,66.16,19.06,,,,,,4.28,,16.06,,55,55,55,55,9.4,55,24.4,55,0.9,55,9.7,,,,,,,55,,,55,25.9,26.7,55,,,,,,,,,,,,,,,,,,,,20.91,2.42,,,,,,,,,,,,,,,,,,46.58,,,,,,2.76,,,,,,,,2.16,,55,,,,,,,,,,,,,55,,,,,,,,27.19,,,,,,,,,,,,
118-65-0,isocaryophyllene,,12.09,,,,,,,,,22,,,,,,,,,,,,,,,,,,,,,,,13.4,4.5,,,,22,22,,,,,19.76,,,9.304,55,11.89,1.44,33,33,4.985,,,,44,,,,30.24,,33,14.16,,,,2.43,3.52,33,2.24,4.19,2.2,33,,44,29.68,13.87,,,,,,,,,,,,,,,,,,,,,,,,,,9.25,,,,4.06,,,55,123.2,1100,195.3,1.61,1.36,2.289,,2.049,,,,,,,100.1,110,110,,,25.01,,,,,,,,,,,,,8.745,21.52,13.42,16.58,55,15.64,3.171,3.094,22,22,22,22,22,22,22,22,22,1.85,22,11,11,11,10.3,11,11,,3.566,9.096,3.802,4.078,,,,,,,,,33,33,21.63,24.44,33,22,22,22,55,33,33,25.08,33,19.65,4.3,,,6.479,,,3.739,64.28,8.305,8.57,10.74,40.21,11.54,44,44,3.038,104.2,494.7,96.81,462.2,,,,,,,,,,15.55,,,,,,,,,,,,,,,,38.5,,,,38.5,,38.5,,,,57.75,,14.64,,,55,30.9,,,,,,,,,,,110,110,,,,,,,,,,,,11,35.2,50.99,55,318.1,,,,,,,,,,,,,,55,,,55,40.34,6.75,15.14,27.84,16.91,16.93,11.75,,7.174,41.41,41.95,66.16,16.57,,,,,,7.969,,19.84,,55,55,55,55,9.15,55,25.42,55,1.179,55,9.898,10.33,13.81,29.23,26.56,21.61,20.94,27.42,26.17,16.4,51.64,27.74,26.4,55,,35.2,,,,,,,,,,,,,,,,,19.26,20.91,2.42,,,,,,,,,,,,,10.5,18,,,,44.54,,,,,,2.76,,,,,,,1.57,2.16,,55,21.22,,,,,,,,,,,,55,,,,,,,,27.19,18.74,58.05,,,,,,,,,9.71,74.96
3386-97-8,4-isothiocyanato-1-butene,,,,,,,,,,,,,,,,,,,,,,,,,,,,,,,,,,,,,,,,,,,,,,,,,,,,,,,,,,,,,,,,,,,,,,,,,,,,,,,,,,,,,,,,,,,,,,,,,,,,,,,,,,,,,,,,,,,,,,,,,,,,,,,,,,,,,,,,,,,,,,,,,,,,,,,,,,,,,,,,,,,,,,,,,,,,,,,,,,,,,,,,,,,,,,,,,,,,,,,,,,,,,,,,,,,,,,,,,,,,,,,,,,,,,,,,,,,,,,,,,,,,,,,,,,,,,,,,,,,,,,,,,,,,,,,,,,,,,,,,,,,,,,,,,,,,,,,,,,,,,,,,,,,,,,,,,,,,,,,,,,,,,,,,,,,,,,,,,,,,,,,,,,,,,,,,,,,,,,,,,,,,,,,,,,,,,,,,,,,,,,,,,,,,46.82,,,,,,,,,,,,,,,,,,,,,26.28,,22.44,,14.69,,,,,,,,,,,,,,,,,,,,,,,,
544-25-2,"1,3,5-cycloheptatriene",,,,,,,,,,,,,,,,,,,,,,,,,,,,,,,,,,,,,,,,,,,,,,,,,,,,,,,,,,,,,,,,,,,,,,,,,,,,,,,,,,,,,,,,,,,,,,,,,,,,,,,,,,,,,,,,,,,,,,,,,,,,,,,,,,,,,,,,,,,,,,,,,,,,,,,,,,,,,,,,,,,,,,,,,,,,,,,,,,,,,,,,,,,,,,,,,,,,,,,,,,,,,,,,,,,,,,,,,,,,,,,,,,,,,,26.55,,,,,,,,,,,,,,,,,,,,,,,,,,,,,,,,,,,,,,,,,,,,,,,,,,,,,,,,,,,,,,,,,,,,,,,,,,,,,,,,,,,,,,,,,,,,,,,,,,,,,,,,,,,,,,,,,,,,,,,,,,,,,,,,,,,,,,,,,,,,,,,,,,,,,,,,,,,,,,,,,,,,,,,,,,,,,,,,,,,,,,,,,,,,,,,,,,,,,,,,,,,,,,,
1686-30-2,alpha-Myrcene,,9.534,,,,,,,,10.74,22,,,,,,,,,,,,,,,,,,,,,,,20.1,20.1,,,,22,11.41,,,,,5.918,,,14.64,24.18,21.61,4.635,20.59,23.24,12.39,,263,,44,,,,33,20,33,14.7,,,,,,,,,,,,35.56,14.34,12.03,,,,,,,,,,,,,,,,,,,,,,,,,,8.19,,,,,,,,12.96,61.54,20.24,2.73,1.54,1.91,,1.67,,,,,,,110,110,110,,,,,1.195,,,,,,,,,,,5.777,5.143,10.22,11.8,55,14.33,20.72,1.85,22,22,22,22,22,8.87,22,2.59,22,1.25,22,11,11,11,3.48,11,11,,,,1.63,4.25,,,,3.981,7.555,3.024,13.22,33,,,33,33,25.89,22,6.24,22,37.4,33,33,33,33,33,,,,,,,6.96,110,7.09,14,43.1,23.06,17.45,44,44,8.82,14.21,44.92,38.93,29.37,,,,,,,,,,,,,116.3,,,17.58,,,,,12.44,44.06,,32.27,32.53,7.75,11.06,10.89,16.79,38.5,,23.98,,,,,,10.31,,,,,,,,,,,,,,,25.36,29.48,13.38,44,21.8,44,24.08,,,,,,,,,,,86.5,,,,,,,,,,,,,,14.7,,,55,31.9,55,45.23,55,7.77,12.37,15.56,,24.75,,,,17.89,,,,,,14.69,,25.57,,55,55,55,55,2.5,17.4,55,55,1.1,55,3.9,,,,,,,5.29,,,16.2,29.1,7.2,55,,,,,,,,,,,,,,,,,,,17.7,45.7,72.37,,,,,,,,,,,,,8.9,6.4,9.7,8.6,6.28,10.83,,,,,,,,17.63,,,,,3.65,,,55,22.05,,,,,,,,,,,,55,,,,,,,,,,,30.27,,,,,,,,,
4221-98-1,(R)-(-)-a-Phellandrene,,19.41,,,,,,,,,22,,,,,,,,,,,,,,,,,,,,,,,,,,,,,,,,,,,,,55,55,55,33,33,12.99,55,,56.68,,,,,,11.49,,20.07,20.29,,,,,,,,,,,,,,,,,,,,,,,,,,,,,,,,,,,,,,,,,,,,,,,,52.11,458.7,71.07,,,,,,,,,,,,,,,,,,,,,,,,,,,,,,,,,,,,,,,,,,22,22,22,,22,22,22,,,,,,,,,,,,,,,,,,,,,,33,33,33,22,22,22,,33,33,33,33,33,,,,,,,5.66,47.66,,,,,,,,,,,,,,,,,,,,,,,,,,,,,,,,,,,,,,,,,,,,,,,,,,18.44,,,,,,,,,,,,,,,110,110,,,,,,,,,,,,,,17.65,55,,,,,,,,,,,,,,,,,,55,,,,,,,,,,,,,,,,,,,,,,,,,,,,,,,,,,,,,,,,13.66,,,,,,55,,8.33,,,,,,,,,,,,,,,,,59.1,110.6,,,,,,,,,,,,,,,,,,,,,,,,,,,,,,,,,,,55,,,,,,,,,,,,,55,,,,,,,,,,,,,,,,,,,,
107-40-4,"2,2,4-trimethyl-3-pentene",,17.63,,,,,,,,,,,,,,,,,,,,,,,,,,,,,,,,,,,,,,,,,,,,,,,,,,,,,,,,,,,,,,,,,,,,,,,,,,,,,,,,,,,,,,,,,,,,,,,,,,,,,,,,,,,,,,,,,,,,,,,,,,,,,,,,,,,,,,,,,,,,,,,,,,,,,,,,,,,,,,,,,,,,,,,,,,,,,,,,,,,,,,,,,,,,,,,,,,,,,,,,,,,,,,,,,,,,,,,,,,,,,,,,,,,,,,,,,,,,,,,,,,,,,,,,,,,,,,,,,,,,,,,,,,,,,,,,,,,,,,,,,,,,,,,,,,,,,,,,,,,,,,,,,,,,,,,,,,,,,,,,,,,,,,,,,,,,,,,,,,,,,,,,,,,,,,,,,,,,,,,,,,,,,,,,,,,,,,,,,,,,,,,,,,,,,,,,,,,,,,,,,,,,,,,,,,,,,,,,,,,,,,,,,,,,,,,,,,,
3338-55-4,cis-(3Z)-beta-ocimene,,14.09,,,,,,25.19,,10.24,22,,,,,,,,,,,,55,55,24,55,55,55,55,55,55,55,9.6,20.1,20.1,,,,15.12,10.64,,,,,5.923,,,26.25,26.18,23.7,4.609,20.63,23.19,18.24,,206.4,,44,,,,33,20,33,14.69,,,,,,,,,,,11.93,33.05,18.9,18.76,7.83,21.1,18.4,10.7,27.6,9.43,23.1,12.6,15.7,13.9,7.94,13,4.17,6.59,18.9,21.7,11.9,7.967,17.8,16.9,8.35,9.79,8.38,13.9,13.4,6.071,,,,4.13,,,,1.836,50.05,10.55,2.56,1.64,2.404,,1.768,,,,,,,110,110,110,,,29.77,,3.2,,,,,,,,,,,5.552,7.684,12.58,7.248,55,11.84,7.722,17.46,22,22,22,22,22,20.21,22,2.59,22,16.83,22,11,11,11,2.366,11,11,,6.7,18.53,3.174,4.901,,,,13.96,4.29,2.65,3.014,13.27,20.05,18.57,28.85,29.26,31.63,22,19.46,22,52.06,33,33,32.42,33,31.46,,,2.68,,7.2,2.9,6.96,110,5.799,12.15,27.75,6.471,9.861,44,44,11.24,14.21,44.92,38.93,29.37,,,,,,,,,55,11.02,,,99.56,,,17.58,,,,,12.44,44.06,69.43,32.27,32.72,9.752,11.06,10.89,16.79,38.5,,28.21,,11.77,,,,16.23,,,,,,,,,,,5.74,22,22,50.3,45.67,49.99,21.47,44,21.8,44,44.28,,,,,,,35.2,33.06,55,55,86.5,,,22,,,,22,11,,,,,,15.4,,,55,31.9,55,45.23,55,7.77,12.37,15.56,,11.96,,,,18.04,26.79,23.97,,,110,14.69,,25.57,,33.21,5.924,36.94,55,4.581,29.84,55,55,5.083,55,8.05,22.37,,,,,,25.65,8.447,37.76,21.99,37.56,16.27,55,1.989,19.34,,,,1.8,,5,,7.7,,,,,,4.205,1.04,0.52,3.976,10.83,5.014,,,,,,,,,,,,,8.9,6.4,9.7,8.6,6.238,10.86,,,,22,110,,,17.63,,44,30.5,44,10.83,,,55,10.18,,,,,,,,,,,1.64,55,14.87,,8.24,,,,12.82,14.38,,,30.27,,,,,,,,,
62235-06-7,"(3E, 7E)-4, 8, 12-trimethyltrideca-1, 3, 7, 11-tetraene / TMTT",,8.768,,3.92,12.11,,232.2,19.86,28.63,7.123,22,,,,,,,,9.2,,1.8,,55,55,39.98,55,55,43.8,0.5144,6.428,39.85,4.03,23.76,20.1,20.1,,,,20.87,11.48,,,,,7.014,,,33.04,36.94,35.18,2.377,19.93,21.97,38.03,,206.4,,27.11,26.3,9.5,39.1,27.46,20,26.34,16.48,11.18,17.03,,,,,,,,,17.24,41.51,11.88,6.384,7.83,21.1,18.4,10.7,27.6,9.43,23.1,12.6,15.7,13.9,7.94,13,4.17,6.59,18.9,21.7,11.9,0.9461,17.8,16.9,8.35,9.79,8.38,13.9,13.4,5.35,,,,4.13,,,,3.337,98.68,15.33,2.876,1.586,2.025,,1.645,,,2.458,,,,90.06,110,110,,,29.77,,1.898,,123,,,,,,,,,4.381,6.68,11.4,10.19,51.25,9.797,11.36,7.631,22,22,22,5.996,22,9.209,13.53,5.981,5.265,3.478,22,11,11,11,5.122,11,11,,0.7848,3.183,2.733,4.982,,,,9.123,9.523,5.659,10.11,23.8,27.09,29.63,22.35,19.89,25.87,12.2,7.766,20.16,22.71,33,33,28.23,28.79,28.63,,,4.389,,7.2,2.9,6.96,110,5.59,10.84,36.78,14.6,14.21,44,44,9.624,14.21,44.92,38.93,29.37,,,,,,,,,55,10.95,,,41.08,,,17.58,,,,,12.44,44.06,69.43,32.27,32.83,21.76,11.06,10.89,16.79,38.5,,30.44,,11.77,,,,16.37,,5.4,55,30.56,,,,,,,9.861,6.503,12.05,47.39,45.95,41.96,30.42,44,21.8,44,65.81,55,23.5,,,,,9.736,30.57,55,55,86.5,,,22,,,,14.52,11,,,,,,14.83,,75.93,55,31.9,55,45.23,55,7.77,12.37,15.56,,15.88,,,,17.11,26.79,23.97,110,4.3,110,13.12,,25.57,110,15.58,3.51,18.14,55,5.257,24.39,55,51.43,5.125,55,9.754,14.27,,,,,,18.59,10.55,20.94,26.73,32.48,12.83,55,2.219,8.764,,,,2.567,,7.656,,7.467,,,,,,5.815,9.073,3.44,12.89,19.57,8.51,33.1,34.5,,38.4,,,,,,,,11.2,8.9,6.4,9.7,8.6,3.676,11.47,,,,22,8.303,10.47,,12.58,25.59,12.59,42.09,44,13.17,13.46,10.4,44.93,10.75,,,,8.65,,10.7,,12.17,,25.7,1.962,55,5.169,,8.24,,,,12.82,14.38,,,14.33,37.58,,,,,,,180.9,189.8
3404-78-2,"2,5-dimethyl-2-hexene",,19.41,,9.1,49.9,,232.2,18.87,28.63,7.252,22,33,33,33,6.37,33,5.3,11.5,13.7,,12.9,15.1,55,55,26.9,55,55,55,1.47,39.88,55,8.453,55,,,,,,17.09,14.8,,,,,9.79,,,45.71,44.05,38.6,12.96,33,33,42.9,,206.4,,44,,,,7.72,,33,55,,,,,,,,,,,14.91,44,,,7.83,21.1,18.4,10.7,27.6,9.43,23.1,12.6,15.7,13.9,7.94,13,4.17,6.59,18.9,21.7,11.9,3.506,17.8,16.9,8.35,9.79,8.38,13.9,13.4,6.679,,,,4.13,,,,,,,2.44,1.66,2.57,,1.82,,,,,,,80.39,110,110,,,,,4.483,,123,,,,,,,,,,,,,,,,22,22,22,22,22,22,22,22,,22,22,22,,,,,,,,,,,,,,,18.03,33,33,33,33,16.46,20.16,33,33,33,22,22,22,43.71,33,33,33,33,33,,,,,7.2,2.9,,,5.93,12.82,25.79,5.24,8.97,44,44,11.7,,,,,,,,,,,,,55,,,,48.33,,,,,,,,,,,,,,,,,,,,,,,,,14.64,,,,,,,,,,,11.55,9.788,22,46.2,59.99,42.55,53.09,,,,85.29,55,23.5,,,,,35.2,35.2,55,55,,,,22,,,,10.68,,,,,,,15.55,,75.93,55,,,,,,,,,,,,,,,,,,110,25.89,,,110,55,6.81,55,55,8.261,23.17,55,55,13.26,55,22.12,,,,,,,28.06,,,55,55,23.3,55,,35.2,,,,2.5,,9.2,,7.9,,,,,,15.23,,,8.016,7.6,11.21,,,,54.38,,,,,,,,11.2,,,,,,,,,,22,22,,,,,23.96,44,44,,,,55,,,,,,,,,,,,,,,,8.24,,,,12.82,14.38,,,6.098,37.58,,,,,,,,
20307-83-9,β‐Sesquiphellandrene,,,,,,,,,,,,33,33,33,6.37,33,5.3,11.5,13.7,,12.9,15.1,,,,,,,1.2,55,55,7.2,55,,,,,,,,,,,,,,,55,55,43.47,,,,55,,,,,,,,,,,,,,,,,,,,,,,44,,,,,,,,,,,,,,,,,,,,2.1,,,,,,,,6.26,,,,,,,,,,,,,,,,,,,,,,,,,,,,,,,,,,,,,,,,,,,,,,,,,,,,,,,,,,,,,,,,,,,,,,,,,,,,,,33,10.45,,,,,,,,,,,,,,,,,,,,,,,,,,,,,,,,,,,,,,,,,,,,,69.98,,,,,,,,,,,,,,,,,,,,,,,,,,,,,,,,,,,,,,,,,,,,,,,,,,,,,,,,,,,,,,,,,,,,,,,16.5,,,,,,,,,,,,,,,,,,,,,,,,,,,,,55,8.3,20.3,55,55,13.5,55,25.6,,,,,,,,,,,,,,,,,,,2.5,,9.2,,7.9,,,,,,,,,,,,,,,44.06,,,,,,,,,,,,,,,,,,,,,,,,,,,,,,,,,,,,,,,,,,,,,,,,,,,,,,,,,,,,,,,
5794-03-6,(+)-Camphene,,15.01,,,,,,,,,22,,,,,,,,,,,,,,,,,,,,,,,,,,,,,,,,,,,,,19.72,24.67,26.08,33,33,20.93,55,,,,,,,,33,17.75,33,15.87,,,,,,,,,,,,44,77,44,,,,,,,,,,,,,,,,,,,,,,,,,,,,,,,,,42.66,45.35,95.33,1100,,,,,,,,,,,,110,110,110,,,,,,,,,,,,,,,,,,,,,,,22,22,22,22,22,22,22,22,22,22,22,22,11,11,11,11,11,11,,4.24,13.92,12.19,9.3,,,,,,,,,,,,,,,,,,,,,,,,,,,5.8,3.7,2.66,,,,,,,,,,20.39,178.2,169.3,90.99,,,,,,,,,,,,,,,,,,,,,,,,,,,,,,,,,,,,,,91.28,,,55,30.9,,,,,,,,,,,43.57,110,,,,,,,,,,,,,,,,,,,,,,,,,,,,,,13.5,,,55,22.28,49.18,4.24,15.91,22.36,21.19,32.81,,10.79,,,,14.67,,,,,,,,30.29,,,,,55,9.8,14.9,55,55,29.2,55,21.6,,,,,,,11.45,,,,,,55,35.2,21.57,,,,,,,,,,,,,,,,,15.75,,6.71,,,,,,,,,,,,,,,,,,33.25,,,,,,,,,,,,,2.8,,,55,,,,,,,,,,,,,,,,,,,,17.92,19,,,,,,,,,,,,
7235-40-7,β-Carotene,,,14.69,1.54,7.33,23.07,7.76,4.12,10.2,3.79,11.86,25.02,26.64,6.813,2.112,21.67,,,3.1,,4.2,,55,19,22.1,55,55,55,0.3,1.4,9.5,1,7.2,,,,,,,,,,,,,,,55,55,55,6.47,18.02,6.63,1.88,,,,17.7,,,,15.29,23.8,33,19.5,7.09,8.47,,4.7,7.61,5.8,6.56,11.63,8.11,18.03,7.34,,,,,,,,,,,,,,,,,,,,,0.54,,,,,,,,,30.06,,15.37,,,,,,,,,,,,,,2.7,0.3368,,,,32.1,110,110,5.15,3.62,,,,,,12.74,0.9674,1.9,,,,,,7.67,22,22,13.2,28.9,5.32,7.13,22,22,22,22,10.57,22,13.9,22,22,14.51,8.751,11.38,,,,,,,,,,10.06,9.85,,,,,,,,,12.93,33,17.14,11.49,24.84,15.02,5.06,10.21,4.9,13.32,33,16.53,13.69,9.26,,,,,,,,,,,,,,,,,,,,,,,,,,1.382,,,12.59,,,7.92,,,,,,,,,,,49.36,,,,,,,,,,,6.66,20.15,,,,,,12.9,12.3,,,,,,,,,,6.9,4.3,4.47,10.05,35.6,9.7,44,5.36,55,55,,,,,,,,,,,,,,,,,9.22,,,,,,6.5,12.45,9.92,27.81,,,,,,,,0.26,8.97,,,,11.78,,25.12,40.69,10.6,51.28,4.37,110,5.79,15.51,3.43,2.47,7.14,,,,,,,,,5.06,,,,,,,,,21.5,22.2,6.1,25.09,,,,,,2.3,,6.3,13,9.1,,,,,,2.34,14.44,12.17,9.136,,,7.682,14.87,4.9,,,,,,,,,,,,,,,,,,,13.81,11.58,14.25,,16.79,,4.35,11.01,9.66,1.39,14.75,6.57,21.23,,,,,11.44,,5.07,,4.93,,,,55,,,,,,,,,,,,,,,,,,,,
2234-20-0,"2,4-dimethylstyrene",,,,,,,,,,,,,,,,,0.14,,,,,,,,,,,,,,,,,,,,,,,,,,,,,,,,,,,,,39.67,15.49,,,,,,,,,,,,,,,,,,,,,,,,,,,,,,,,,,,,,,,,,,,,,,,,,,,,,,,,,,,,,,,,,,,,,,,,80.72,110,110,,,34.28,,,,,,,,,,,,,,,,,,,,,,,,,,,,,,,,,,,,,,,,,,,,,,,,,,,,,,,,,,,,,,,,,,,,,,,,,,,,,,,,,,,,,,,,,,,,,,,,,,22.91,,,,,,,,,,,,,,,,,,,,,,,,97.05,12.9,,,,,,,,,,,,,,,,,,,,,,,,,,,,,,,,,,,,,,,,,,,,,,,,,,,,,,,,,,,,,,,24.78,,,,,,,,,,,,,,,,,,,,18.01,55,36.23,24.63,27.87,,,,,,,,,,,,,,,,,,,,,,,,,,,,,,,,,,,,,,,,,,,,,,,,,,,,,,,,,,,,,,,,,,,,,,,,,,,,,,,,,,,,,,,,,,,,,,9.06,13.24
63-68-3,Methionine / L-Met,,,,,,,,,,,22,,,,,,,,,,,,,,,,,,,,,,,,,,,,,,,,,,,,,,,,,,,,,,,,,,,,,,,,,,,,,,,,,,,,,,,,,,,,,,,,,,,,,,,,,,,,,,,,,,,,,,,,,,,,,,,,,,,,,,,,,,,,,,,,,,,,,,,,,,,,,,,,,,,,,,,,,,,,,,,,,,,,,,,,,,,,,,,,,,,,,,,,,,,,,,,,,,,,,,,,,,,,,,,,,,570,,,,,,,,,,,,,,,,,,,,,,,,,,,,,,,,,,,,,,,,,,,,,,,,,,,,,,,,,,,,,,,,,,,,,,,,,,,,,,,,,,,,,,,,,,,,,,,,,,,,,,,,,,,,,,,,,,,,,,,,,,,,,,,,,,,,,,,,,,,,,,,,,,,,,,,,,,,,,,,,,,,,,,,,,,,,,,,,,,,,,,,,,,,,,,,,,,,,,,,,,,,,,,,,,,,,,,,,
52377-68-1,ethyl 2-[(4-chlorophenyl)sulfanyl]acetate,,17.47,,,,,,,,3.82,22,,,,,,0.06,,,,13.7,,55,42.05,55,55,44.92,45.67,55,55,55,55,8,33,33,,,,,,,,,,,,,38.74,36.36,35.08,6.12,18.12,33,19.44,9.22,143.5,,28.45,,,,33,55,33,55,,,30.58,,,,,,,,,,,,,,,,,,,,,,,,,,,,,,,,,,,,,,,,,,,,8.07,384.6,1100,42.35,,,,,,,,0.7958,,,,,,,,,,,3.545,,,,,,,,,,,,,,,,,,22,18.5,17.81,13.63,22,22,22,22,,22,22,22,,,,,,,,,,,,,,,,,,,,24.53,11.34,33,33,33,22,22,22,,33,33,33,33,33,,,,,,,,,7.13,11.69,17.43,44,11.71,44,44,10.64,,,,,,,,,,9,,,,,,,,,,26.4,,,,,34.12,73.19,,,,,17.58,,26.17,,40.39,,,,,,,15.28,6.699,,55,39.1,,,,,,,,,,,43.47,39.48,52.85,,,,110,,,,,,,,,,,,,,3.066,,,,19.6,,,,,,,,,,55,,,,,,,,,,,,,,32.87,,,,,,,,,21.8,6.203,27.11,,,,,,,,,7.67,,,,,,20.13,,,55,55,27.9,55,,,,,,10,,7.5,,,,,,,,6.02,,,8.769,,,,,,,,,,,,,,,,,,,,,,,,,,,,,,,,,55,,,55,,,,,,,,,,,,,55,,12.38,7.29,23.51,28.76,51.57,,,,,,,,,,,,,,
328263-19-0,ethyl 2-({2-[(4-bromophenyl)sulfanyl]acetyl}amino)acetate,,,,,,,,,,,,,,,,,0.09,,,,,,,,,,,,,,,,,,,,,,,,,,,,,,,,,,,,,,,,,,,,,,,,,,,,,,,,,,,,,,,,,,,,,,,,,,,,,,,,,,,,,,,,,,,,,,,,,,,,,,,,,,,,,,,,,,,,,,,,,,,,,,,,,,,,,,,,,,,,,,,,,,,,,,,,,,,,,,,,,,,,,,,,,,,,,,,,,,,,,,,,,,,,,,,,,,,,,,,,,,,,,,,,,,,,,,,,,,,,,,,,,,,,,,,,,,,,,,,,,,,,,,,,,,,,,,,,,,,,,,,,,,,,,,,,,,,,,,,,,,,,,,,,,,,,,,,,,,,,,,,,,,,,,,,,,,,,,,,,,,,,,,,,,,,,,,,,,,,,,,,,,,,,,,,,,,,,,,,,,,,,,,,,,,,,,,,,,,,,,,,,,,,,,,,,,,,,,,,,,,,,,,,,,,,,,,,,,,,,
153783-92-7,methyl 2-{[2-(4-bromophenyl)-2-oxoethyl]sulfanyl}acetate,,,,,,,,,,,,,,,,,0.16,,,,,,,,,,,,,,,,,,,,,,,,,,,,,,,,,,,,,,,,,,,,,,,,,,,,,,,,,,,,,,,,,,,,,,,,,,,,,,,,,,,,,,,,,,,,,,,,,,,,,,,,,,,,,,,,,,,,,,,,,,,,,,,,,,,,,,,,,,,,,,,,,,,,,,,,,,,,,,,,,,,,,,,,,,,,,,,,,,,,,,,,,,,,,,,,,,,,,,,,,,,,,,,,,,,,,,,,,,,,,,,,,,,,,,,,,,,,,,,,,,,,,,,,,,,,,,,,,,,,,,,,,,,,,,,,,,,,,,,,,,,,,,,,,,,,,,,,,,,,,,,,,,,,,,,,,,,,,,,,,,,,,,,,,,,,,,,,,,,,,,,,,,,,,,,,,,,,,,,,,,,,,,,,,,,,,,,,,,,,,,,,,,,,,,,,,,,,,,,,,,,,,,,,,,,,,,,,,,,,
56-85-9,Glutamine / L -Gln,,,,,,,,,,,22,,,,,,,,,,,,,,,,,,,,,,,,,,,,,,,,,,,,,,,,,,,,,,,,,,,,,,,,,,,,,,,,,,,,,,,,,,,,,,,,,,,,,,,,,,,,,,,,,,,,,,,,,,,,,,,,,,,,,,,,,,,,,,,,,,,,,,,,,,,,,,,,,,,,,,,,,,,,,,,,,,,,,,,,,,,,,,,,,,,,,,,,,,,,,,,,,,,,,,,,,,,,,,,,,,420,,,,,,,,,,,,,,,,,,,,,,,,,,,,,,,,,,,,,,,,,,,,,,,,,,,,,,,,,,,,,,,,,,,,,,,,,,,,,,,,,,,,,,,,,,,,,,,,,,,,,,,,,,,,,,,,,,,,,,,,,,,,,,,,,,,,,,,,,,,,,,,,,,,,,,,,,,,,,,,,,,,,,,,,,,,,,,,,,,,,,,,,,,,,,,,,,,,,,,,,,,,,,,,,,,,,,,,,
70-47-3,Asparagine / L-Asn,,,,,,,,,,,22,,,,,,,,,,,,,,,,,,,,,,,,,,,,,,,,,,,,,,,,,,,,,,,,,,,,,,,,,,,,,,,,,,,,,,,,,,,,,,,,,,,,,,,,,,,,,,,,,,,,,,,,,,,,,,,,,,,,,,,,,,,,,,,,,,,,,,,,,,,,,,,,,,,,,,,,,,,,,,,,,,,,,,,,,,,,,,,,,,,,,,,,,,,,,,,,,,,,,,,,,,,,,,,,,,490,,,,,,,,,,,,,,,,,,,,,,,,,,,,,,,,,,,,,,,,,,,,,,,,,,,,,,,,,,,,,,,,,,,,,,,,,,,,,,,,,,,,,,,,,,,,,,,,,,,,,,,,,,,,,,,,,,,,,,,,,,,,,,,,,,,,,,,,,,,,,,,,,,,,,,,,,,,,,,,,,,,,,,,,,,,,,,,,,,,,,,,,,,,,,,,,,,,,,,,,,,,,,,,,,,,,,,,,
56-84-8,Aspartic acid / L-Asp,,,,,,,,,,,22,,,,,,,,,,,,,,,,,,,,,,,,,,,,,,,,,,,,,,,,,,,,,,,,,,,,,,,,,,,,,,,,,,,,,,,,,,,,,,,,,,,,,,,,,,,,,,,,,,,,,,,,,,,,,,,,,,,,,,,,,,,,,,,,,,,,,,,,,,,,,,,,,,,,,,,,,,,,,,,,,,,,,,,,,,,,,,,,,,,,,,,,,,,,,,,,,,,,,,,,,,,,,,,,,,450,,,,,,,,,,,,,,,,,,,,,,,,,,,,,,,,,,,,,,,,,,,,,,,,,,,,,,,,,,,,,,,,,,,,,,,,,,,,,,,,,,,,,,,,,,,,,,,,,,,,,,,,,,,,,,,,,,,,,,,,,,,,,,,,,,,,,,,,,,,,,,,,,,,,,,,,,,,,,,,,,,,,,,,,,,,,,,,,,,,,,,,,,,,,,,,,,,,,,,,,,,,,,,,,,,,,,,,,
63-91-2,Phenylalanine / L - Phe,2.64,,105,4.01,17.99,21.26,38.78,2.72,,3.75,22,,,,,,,,,,7.7,,55,43.03,55,40.6,55,28.85,,,,,,18.45,17.53,,,,,,,,,,,,,35.92,34.82,30.7,15.58,14.81,33,37.88,,,,,,,,18.95,,33,55,,,,,,,,,,,,,,,,,,,,,,,,,,,,,,,,,,,12.9,,2.5,,,,,,15.69,,,,,,,,,,,,,,,1.9,2.52,,,110,110,110,,,,,,,,5.02,,,,,,,,,,,27.1,55,103.2,26.57,22,22,22,22,20.02,22,22,22,22,22,18.35,22,,,,,,,,,,,,,,,33,33,33,33,33,24.93,33,22.43,21.78,33,22,22,22,41.09,33,33,33,33,33,,,,,,,,,,,,,,,,,,,,,,,,,390,,,,28.17,,,90.26,86.36,,,,,,,,,,,22.32,,38.5,,21.44,,38.5,,26.38,,,,36.5,,27.21,18.9,,55,31.34,,,,,,,,,,34.18,34.89,54.78,52.85,,,,53.47,,,,,,,,,55,55,,,,22,,,,22,,,,,,,11.8,16.88,,45.39,23.8,,5.47,55,22.21,17.5,56.93,,,,,,,,,,10.8,,,,26.5,,55,55,55,55,6.5,23.3,55,55,25.5,55,12.3,,19.14,8.612,24.09,22.8,14.33,,,,31.56,39.1,24.55,49.04,,,40.3,37.94,14.82,,,,,,,,,,,,,,11.48,11.46,4.484,82.6,21.6,19.5,26.69,,,,,,,,,,,,,,11.53,,,,31.11,,9.89,,8.03,,13.11,31.11,31.11,55,,9.52,41.48,,,,,55,,11.2,,8.97,,,,48.48,13.26,,,,,,,,,,,,,,,,,,,
74-79-3,Arginine / L-Arg,,,,,,,,,,,22,,,,,,,,,,,,,,,,,,,,,,,,,,,,,,,,,,,,,,,,,,,,,,,,,,,,,,,,,,,,,,,,,,,,,,,,,,,,,,,,,,,,,,,,,,,,,,,,,,,,,,,,,,,,,,,,,,,,,,,,,,,,,,,,,,,,,,,,,,,,,,,,,,,,,,,,,,,,,,,,,,,,,,,,,,,,,,,,,,,,,,,,,,,,,,,,,,,,,,,,,,,,,,,,,,710,,,,,,,,,,,,,,,,,,,,,,,,,,,,,,,,,,,,,,,,,,,,,,,,,,,,,,,,,,,,,,,,,,,,,,,,,,,,,,,,,,,,,,,,,,,,,,,,,,,,,,,,,,,,,,,,,,,,,,,,,,,,,,,,,,,,,,,,,,,,,,,,,,,,,,,,,,,,,,,,,,,,,,,,,,,,,,,,,,,,,,,,,,,,,,,,,,,,,,,,,,,,,,,,,,,,,,,,
56-45-1,Serine / L-Ser,,,,,,,,,,,22,,,,,,,,,,,,,,,,,,,,,,,,,,,,,,,,,,,,,,,,,,,,,,,,,,,,,,,,,,,,,,,,,,,,,,,,,,,,,,,,,,,,,,,,,,,,,,,,,,,,,,,,,,,,,,,,,,,,,,,,,,,5.47,,,,,,,,,,,,,,,,,,,,,,,,,,,,,,,,,,,,,,,,,,,,,,,,,,,,,,,,,,,,,,,,,,,,,,,,,,,,,,,,,,,,,,,430,,,,,,,,,,,,,,,,,,,,,,,,,,,,,,,,,,,,,,,,,,,,,,,,,,,,,,,,,,,,,,,,,,,,,,,,,,,,,,,,,,,,,,,,,,,,,,,,,,,,,,,,,,,,,,,,,,,,,,,,,,,,,,,,,,,,,,,,,,,,,,,,,,,,,,,,,,,,,,,,,,,,,,,,,,,,,,,,,,,,,,,,,,,,,,,,,,,,55,,,,,,,,,,,,,,,,,,,,
2577-48-2,L-Proline methyl ester / Methyl L-prolinate,,,,,,,,,,,,,,,,,,,,,,,,,,,,,,,,,,,,,,,,,,,,,,,,,,,,,,,,,,,,,,,,,,,,,,,,,,,,,,,,,,,,,,,,,,,,,,,,,,,,,,,,,,,,,,,,,,,,,,,,,,,,,,,,,,,,,,,,,,,,,,,,,,,,,,,,,,,,,,,,,,,,,,,,,,,,,,,,,,,,,,,,,,,,,,,,,,,,,,,,,,,,,,,,,,,,,,,,,,,,,,,,,,,,,,,,,,,,,,,,,,,,,,,,,,,,,,,,,,,,,,,,,,,,,56.97,110,,,,,,,,,,,,,,,,,,,,,,,,,,,,,,,,,,,,,,,,,,,,,,,,,,,,,,,,,,,,,,,,,,,,,,,,,,,,,,,,,,,,,,,,,,,,,,,,,,,,,,,,,,,,,,,,,,,,,,,,,,,,,,,,,,,,,,,,,,,,,,,,,,,,,,,,,,,,,,,,,,,,,,,
120-48-9,Butyl p-nitrobenzoate,,,13.39,6.2,24.08,,14.34,7.58,11.04,1.35,20.58,8.225,5.214,5.379,33,6.014,,,4.1,14.18,8.9,,55,55,55,55,28.4,55,,,,,,16.73,8.065,,,,,,,,,,,,,37.28,40.44,45.02,5.446,18.82,28.9,46.1,18.86,128.6,15.09,44,,,,33,45.81,33,55,,,37.75,,,,,,,,18.04,19.71,39.73,20.25,,,,,,,,,,,,,,,,,,0.82,,,,,,,,5.78,21.02,,91.25,,,,,,,,,,,,,,,0.9354,,,,110,110,110,,,12.36,13.89,,,,,8.53,,,,,,,,,,,,,,22,19.3,18.75,15.32,19.85,22,22,22,,17.88,17.72,22,,,,,,,16.2,,,,,,,,17.95,10.27,12.29,24.28,33,,,33,33,33,22,22,22,38.39,33,33,33,33,33,,,,,,,,,,,,,,,,,,,,,,,,,,,,,4.35,,,14.83,47.93,,,26.4,,,,,28.14,57.9,95.09,,,13.37,15.28,15.53,22.89,38.5,37.39,21.69,,,,,,30.57,4.733,4.924,51.64,43.47,,,,,,,,,,53,,,12.97,28.1,24.2,44,17.81,,,,,,,,,55,55,6.1,3.81,2.5,5.657,,,,3.372,,,,,,,,,,45.22,,,,,,,,,,,,,,,,,,,,,,110,55,55,55,55,4,13.2,55,55,9.3,55,2,,17.24,20.2,28.44,27.48,16.98,,,,49.27,55,32.13,45.37,,35.2,36.15,34.97,13.72,8,3.7,5.8,13.6,5.5,,,,,,2.2,,,11.61,,,20.54,12.99,10.33,,,,,,,,,,,,,,,,,,,,,,6.411,,,,,,55,,,13.56,,1.76,13.2,13.2,,,,,,,23.49,,,,8.684,5.443,24.78,27.1,26.49,,,,,4.07,31.86,,,,,,,,
520-26-3,Hesperidin,,,,,,,,,,,8.35,,,,,,,,,,,,,,,,,,,,,,,,,,,,,,,,,,,,,,,,,,,,,,,,,,,10.63,,7.78,,,,,,,,,,,,10.42,12.11,,,,,,,,,,,,,,,,,,,,,,,,,,,,,,,,,,,,,,,,,,,,,,,,,,,,,,,,,,,,,,3.7,,,,,,,,,,,,,,,,,,,,,,,,,,,,,,,,,,,,,,,,,,,,,,,,,,,,,,,,,,,,,,,,,,,,,,,,,,,,,,,,,,,,,,,,,,,,,,,,,,,,,,,,,,,,,,,,,,,,,,,,,,,,,,,,,,,,,,,,,,,,,,,,,,,,,,,,,,,,,,,,,,,,,,,,,,,,1.82,,,,,,,,,,,,,,,,,,,,,,,,,,,,,,,,,,,,,,,,,,,,,,,,,,,,,,,,,,,,,,,,,,,,,,,,,,,,,,,,,,,,,,,,,,,,,,,,,,,,,,,,,,,,,,,,,,,,,,,,,,,,,,
60-81-1,Phlorizin,,,,,,,,,,,8.35,,,,,,,,,,,,,,,,,,,,,,,,,,,,,,,,,,,,,,,,,,,,,,,,,,,10.63,,7.78,,,,,,,,,,,,10.42,14.24,,,,,,,,,,,,,,,,,,,,,,,,,,,,,,,,,,,,,,,,,,,,,,,,,,,,,,,,,,,,,,3.7,,,,,,,,,,,,,,,,,,,,,22,,,,,,,,,,,,,,,,,,,,,,,,,,,,,,,,,,,,,,,,,,,,,,,,,,,,,,,,,,,,,,,,,,,,,,,,,,,,,,,,,,,,,,,,,,,,,,,,,,,,,,,,,,,,,,,,,,,,,,,,,,,,,,,,,,,,,,,,,,,,,,,,,,,,,,,,,,,,,,,,,,,,,,,,,,,,,,,,,,,,,,,,,,,,,,,,,,,,,,,,,,,,,,,,,,,,,,,,,,,,,,,,,,,,,,,,,,,,,,,,,,,,,,,,,,,,,,,,,,,,,,,,,,,,,,,,,,,,,
121-32-4,Ethyl vanillin,3.68,,74.88,2.48,17.95,18.77,18.11,9.73,,4.799,,,,,,,,,,,,,,,,,,,4.289,12.45,17.34,20.66,7.771,33,33,,,,,,,,,,,,,55,55,55,6.83,11.84,33,55,,,,,,,,33,55,33,55,,,,,,,,,,,,,,,,,,,,,,,,,,,,,,,,0.09,,,,,,,,,170.5,,,,,,,,,,,,,,,,,4.7,2.24,,,110,110,110,,,,,,,,,8.67,,,,,,,,,,,,,,,,,,,,,,,,,,,,,,,,,,,11.56,20.36,,,7.4,,,,,,,,,,,,,,,,,,,,,,,,,,,,,,,,,,,,32.07,94.97,71.58,34.47,,,,,,8.1,,,,,,,29.64,,,,,,,,,,,,,,,,,,,,,,,6.611,,17.22,10.65,,,,,,,,,,,,,44.9,30.01,110,110,,,,32.15,,,,,,,,,,,,,,22,,,,,,,,,,,,,,,216.7,,,,,,2.95,,,,,,,,13.95,,3.686,,,,,,,,,,,,,,,,,,14.19,33.08,23.75,31.79,27.05,13.53,,,,,,,,,,,,3.585,,9.2,,,,,,,,,,,,,,10.3,12.1,8,,,,,,,,,,,,,,,,,,,,,,,,,,,,,,,,,,,,,,,,,,,,,,,,,,,,,,,3.73,20.23,,,,,,,,
331461-05-3,"4-(2,3-dihydro-1,4-benzodioxin-6-ylamino)-4-oxobutanoic acid",,,,,,,,,,,,,,,,,0.09,,,,,,,,,,,,,,,,,,,,,,,,,,,,,,,,,,,,,,,,,,,,,,,,,,,,,,,,,,,,,,,,,,,,,,,,,,,,,,,,,,,,,,,,,,,,,,,,,,,,,,,,,,,,,,,,,,,,,,,,,,,,,,,,,,,,,,,,,,,,,,,,,,,,,,,,,,,,,,,,,,,,,,,,,,,,,,,,,,,,,,,,,,,,,,,,,,,,,,,,,,,,,,,,,,,,,,,,,,,,,,,,,,,,,,,,,,,,,,,,,,,,,,,,,,,,,,,,,,,,,,,,,,,,,,,,,,,,,,,,,,,,,,,,,,,,,,,,,,,,,,,,,,,,,,,,,,,,,,,,,,,,,,,,,,,,,,,,,,,,,,,,,,,,,,,,,,,,,,,,,,,,,,,,,,,,,,,,,,,,,,,,,,,,,,,,,,,,,,,,,,,,,,,,,,,,,,,,,,,,
1422-26-0,9-oxodecanoic acid,,17.47,,,39.38,,312.7,47.69,31.35,5.708,22,,,,,,,,,,,,,,,,,,55,55,55,55,2.77,11.26,4.06,,,,22,22,,,,,20.02,,,43.09,42.91,40.27,13.49,16.76,27.55,51.23,9.22,,10.76,26.5,,,,28.22,55,33,55,,,49.56,,,,,,,,17.69,6.99,,,,,,,,,,,,,,,,,,,,1.33,,,0.5,,0.13,,,,,,,,,,,8.207,77.92,7.146,,,,,,,,1.679,,33,33,53.03,110,99.06,,,,,2.85,,,2.55,11.7,8.5,,,,,,13.35,11.18,22,8.5,31.9,5.73,55,18.4,22,22,22,6.962,22,10.43,6.782,4.476,10.27,4.301,16.85,,,,,,,16.2,,,8.27,5.89,,,,12.35,4.353,7.411,24.62,33,,,16.46,27.17,33,17.84,22,20.44,51.03,26.16,33,33,21.98,33,,,,,,,,,6.167,12.63,16.53,44,12.97,44,44,10.06,,,,,,,,,,,,,55,,,,,,,26.4,,,,,34.37,73.19,,,,38.5,15.44,,21.08,38.5,34.5,24.16,,,,63.15,,27.93,9.944,,55,35.8,,,,,,,2.511,1.331,2.325,,110,76.23,110,,,,68.67,55,23.5,,,,,5.2,35.2,39.54,42.2,,3.81,2.5,4.819,,,,12.11,,,,,,,16.5,,,55,,,,,,,,,,,,,,20.6,,110,,,25.14,,,,42.52,34.28,55,55,4,13.2,55,55,9.3,55,2,6.868,,,,,,8.34,6.7,12.51,18.54,37.17,8.759,55,,,40.3,30.23,26.75,2.5,,3.746,,6.14,,,,,,4.137,3.496,1.743,10.03,,33.93,,,,,,,,,,,,,,,,,,,,,,19.59,12.05,,3.53,,,2.266,5.728,16.15,5.918,,8.49,55,3.673,,,,37.93,,39.59,,6.749,,8.275,2.333,55,4.688,13.64,9.381,33.33,31.56,51.57,,,,,14.69,39.95,,,,,,,186.2,243.1
116-53-0,2-methylbutanoic acid / 2-methylbutyric acid,,,,,,,,,,,,,,,,,,,,,,,,,,,,,,,,,,,,,,,,,,,,,,,,,,,,,,55,,,,,,,,,,,,,,,,,,,,,,,24.4,,,,,,,,,,,,,,,,,,,,,,,,,,,,,,,,,,,55,51.02,814.7,66.97,,,,,,,,,,,,,,,,,,,5.47,,,,,,,,,,,,,,42.4,55,,55,,,,,,,,,,,,,,,,,,,97.03,,,,,,,,33,33,33,33,33,33,15.12,,,,,,,,,,,,,,,,,,,,,,,,,,,,,,,,,,,,,430,,,,,,,,,,,26.4,,,,,,,,,,,,,,,,,,,,,,12.76,,,,,,,,,,,,,,,,,52.85,,,,76.83,,,,,,,10.6,35.2,,,,,,22,,,,6.38,,,,,,,,,,,,,,,,,,,,,,,,,,,,,,,,,,,,,,,,,,,,11.79,,,,,,8.94,13.99,19.55,,,,,,,37.95,37.69,47.34,,,,,,,,,,,,,,,,,,,,,,,,,,,,,,,,,,,,,,,,,,,,,,,,,,,,,,,,,,,,,,,55,,,,,,,,,,,4.2,,,,,,,,,
1002-84-2,pentadecanoic acid,,18.73,,0.84,12.39,,312.7,47.69,31.35,5.418,22,6.878,6.551,2.82,5.104,4.855,14.57,11.58,7.303,7.3,4.763,12.83,55,40.33,55,55,55,42.31,55,55,55,55,2.77,14.72,5.003,33,33,33,22,22,,,,,18.47,,,48.63,48.67,42.97,8.789,19.17,27.9,51.23,13.19,110.9,14.58,33.28,,,,33,34.07,33,55,,,40.62,,,,,,,,17.47,29.35,69.86,37.22,,,,,,,,,,,,,,,,,,0.8737,,,1.08,,0.5445,,,6.318,12.7,,79.66,,,,55,13.1,176.4,16.29,3.92,1.3,2.5,3.63,1.56,3.6,,1.631,2.88,33,33,47.68,110,96.93,,,,,2.85,,,2.31,8.799,6.299,12,11.71,2.88,3.07,3.53,10.99,15.93,22,19.48,47.49,10.72,39.92,18.49,22,22,22,7.168,22,10.62,4.944,6.851,10.47,4.483,16.96,7.533,11,11,2.908,11,11,8.666,7.554,36.15,7.245,6.653,6.6,,6.681,8.797,3.101,4.212,18.87,18.49,33,18.37,27.98,28.93,33,16.17,19.04,21.12,55,25.19,33,33,29.7,33,,,,,7,4.6,,,6.507,15.32,17.9,43.23,14.83,44,44,11.76,,,,,10.63,,7.26,2.24,,,0.09725,2.252,51.26,,0.9713,27.87,80.19,48.83,28.46,26.4,20.98,4.784,17.49,6.84,14.97,31.2,94.82,27.29,32.17,29.26,12.88,8.658,22.38,27.63,37.35,22.59,2.25,6.197,19.52,71.02,1.319,25.86,7.158,3.67,52.47,41.88,1.416,1.181,2.005,1.711,1.936,11.5,2.181,1.635,1.991,51.24,64.33,75.01,58.81,28.1,24.2,44,98.19,55,23.27,,,,,5.2,35.2,34.16,47.89,7.849,3.81,2.5,7.33,3.011,22,4.282,22,11.17,10.19,44,44,44,18.17,10.6,38.16,,55,,55,,,,,,,31.27,66.54,47.17,12.69,15.1,21.26,,110,,,22.73,,48.71,110,43.74,26.47,55,55,4,13.2,55,55,9.3,55,2,8.933,19.63,14.19,32.61,27.33,12.26,8.394,13.48,13.34,18.46,44.98,9.885,55,0.4032,10.09,51.09,41.72,39.69,3.279,,3.633,,,,,,,,5.303,7.509,2.169,14.97,9.21,5.281,16.27,12.78,8.277,27.57,0.21,281.6,18.92,33.91,48.29,281.6,182.2,7.8,,,14.79,13.68,17.5,11.18,,,,22,10.45,12.59,3.457,8.8,,2.322,5.824,16.09,8.183,13.76,8.49,55,3.236,2.293,5.371,10.99,55,,55,,7.286,,3.567,1.686,55,4.969,13.34,7.447,22.6,29.75,32.15,,,23.93,189.5,11.93,41.63,,,,11,5.68,11,292.2,70.82
1821-12-1,4-Phenylbutyrric acid,2.64,,105,4.01,17.99,21.26,38.78,2.72,,5.307,22,,,,,,,,,,5.342,,55,46.47,55,42.21,47.29,31.34,55,55,55,55,2.77,18.39,17.47,,,,,,,,,,,,,34.66,33.51,29.24,15.58,14.81,33,37.19,,,,,,,,18.95,,33,55,,,,,,,,,,,,,,,,,,,,,,,,,,,,,,,,1.33,,,12.9,,2.5,,,,,,15.69,,,,,,,,,,,,,,,2.017,2.52,,,49.58,110,93.33,,,,,,,,5.02,,,,,,,,,,,27.1,55,103.2,26.57,22,22,22,22,20.22,22,22,22,22,22,18.64,22,,,,,,,,,,8.27,5.89,,,,33,33,33,33,33,26.53,33,28.67,25.78,33,22,18.93,22,55,28.11,33,33,33,33,,,,,,,,,6.44,15.09,16.53,44,12.97,44,44,10.06,,,,,,,,,390,,,,37.54,,,90.52,86.01,,,,,,,,,,,22.32,,38.5,,21.44,,38.5,,26.38,,,,36.5,,27.2,18.9,,55,31.83,,,,,,,1.497,0.9019,1.356,36.14,34.89,54.78,43.25,,,,41.91,,,,,,,5.2,35.2,47.23,48.67,,,,16.79,,,,22,,,,,,,11.8,16.88,,46.39,23.8,,5.47,55,22.21,17.5,56.93,,,,,,,22.2,,,10.8,,,,26.5,,55,55,55,55,6.5,23.3,55,55,25.5,55,12.3,,19.51,10.64,24.05,24.2,16.48,,,,26.16,49.59,16.94,49.68,,,40.3,37.94,14.82,,,3.3,,,,,,,,,,,8.1,11.46,4.484,62.64,21.6,19.5,26.69,,,,,,,,,,,,,,11.53,,,,24.97,9.534,9.89,2.16,8.03,,5.74,12.61,19.61,55,,9.52,42.83,2.38,,,,32.54,,15.53,,7.847,,0.59,1.085,48.62,7.662,,,,,,,,,,24.15,40.78,,,,,,,,
107-75-5,Hydroxy citronellal,,,,,,,,,,,,33,33,33,6.37,33,5.3,11.5,13.7,,12.9,15.1,,,,,,,1.2,55,55,7.2,55,,,,,,,,,,,,,,,,,,,,,,,,,,,,,,,,,,,,,,,,,,,,,,,,,,,,,,,,,,,,,,,,2.1,,,,,,,,6.26,,,,,,,,,,,,,,,,,,,,,,,,,,,,,,,,,,,,,,,,,,,,,,,,,,,,,,,,,,,,,,,,,,,,,,,,,,,,,,,,,,,,,,,,,,,,,,,,,,,,,,,,,,,,,,,,,,,,,,,,,,,,70.12,,,,,,,,,,,,,,,,,,,,,,,,,,,10.5,,,,,,,,,,,,,,,,,,,,,,,,,,,,,,,,,,,,,,,,,,,,,,,,,,,,,,,,,,,,,,,,,,,,,,,,,,,,,,,,,,,,,,,,,,16.6,18.1,10.5,,,,,,,2.5,,9.2,,7.9,,,,,,,,,,,,,,,,,,,,,,,,,,,,,,,,,,,,,,,,,,,,,,,,,,,,,,,,,,,,,,,,,,,,,6.51,,,,,,,,,
67-47-0,5-(hydroxymethyl)-2-furaldehyde,,,,,,,,,,,,,,,,,,,,,,,,,,,,,,,,,,,,,,,,,,,,,,,,,,,,,,,,,,,,,,,,,,,,,,,,,,,,,,,,,,,,,,,,,,,,,,,,,,,,,,,,,,,,,,,,,,,,,,,,,,,,,,,,,,,,,,,,,,,,,,,,,,,,,,,,,,,,,,,,,,,,,,,,,,,,,,,,,,,,,,,,,,,,,,,,,,,,,,,,,,,,,,,,,,,,,,,,,,,,,,,,,,,,,,,,,,,,,,,,,,,,,,,,,,,,,,,,,,,,,,,,,,,,,,,,,,,,,,,,,,,,,,,,,,,,,,,,,,,,,,,,,,,,,,,,,,,,,,,,,,,,,,,,,,,,,,,,,,,,,,,,,,,,,,,,,,,,,,,,,,,,,,,,,,,,,,,,,,,,,,,,,,,,,,,,,,,,,,,,,,,,,,,,,7.18,,55,,55,,,,,,,,,,,,,,,,,,,,,,,,
12002-53-8,Trimedlure,,,,,,,,,,,,,,,,,,,,,,,,,,,,,,,,,,,,,,,,,,,,,,,,,,,,,,,,,,,,,,,,,,,,,,,,,,,,,,,,,,,,,,,,,,,,,,,,,,,,,,,,,,,,,,,,,,,,,,,,,,,,,,,,,,,,,,2.23,,,,,,,,,,,,,,,,,,,,,,,,,,,,,,,,,,,,,,,,,,,,,,,,,,,,,,,,,,,,,,,,,,,,,,,,,,,,,,,,,,,,,,,,,,,,,,,,,,,,,,,,,,,,,,,,,,,,,,,,,,,,,,,,,,,,,,,,,,,,,,,,,,,,,,,,,,,,,,,,,,,,,,,,,,,,,,,,,,,,,,,,,,,,,,,,,,,,,,,,,,,,,,,,,,,,,,,,,,,,,,,,,,,,,,,,,,,,,,,,,,,,,,,,,,,,,,,,,,,,,,,,,,,,,,,,,,,,,,,,,,,,,,,,,,,,,,,,,,,,,,,
623-33-6,Glycine ethyl ester hydrochloride,,17.47,,,,,,,,3.82,22,,,,,,0.06,,,,13.7,,55,39.89,55,55,49.59,44.2,55,55,55,55,8,33,33,,,,,,,,,,,,,44.13,41.99,40.74,7.545,16.23,33,19.39,9.22,161.8,15.11,31.25,,,,33,55,33,55,,,32.64,,,,,,,,,27.24,46.61,18.57,,,,,,,,,,,,,,,,,,,,,,,,,,,,,91.25,,,,8.07,384.6,1100,42.35,,,,,,,,0.7958,,,,,,,,,,,3.408,,,,,,,,,,,,,,,,,,22,20.14,19.75,17.23,22,22,22,22,,22,22,22,,,,,,,,,,,,,,,15.15,33,12.36,33,33,24.53,11.34,33,33,33,22,22,22,,33,33,33,33,33,,,,,,,,,7.13,11.69,17.43,44,11.71,44,44,10.64,,,,,,,,,,9,,,,,,,47.93,,,26.4,,,,,31.75,62,,,,13.79,16.5,16.9,24.45,38.5,39.56,23.06,,,,,,18.05,6.699,,55,39.1,,,,,,,,,,,43.47,39.48,52.85,,,,110,,,,,,,,,,,,,,3.066,,,,19.65,,,,,,,,,,55,,,,,,,,,,,,,,32.87,,,,,,,,,21.46,6.177,26.78,,,,,,,,,7.67,12.52,29.67,23.96,28.86,24.23,20.13,,,55,55,27.9,55,,,,,,10,,7.5,,,,,,,,6.02,,,11.44,,,,,,,,,,,,,,,,,,,,,,,,,,,,,,,,,55,,,55,,,,,,,,,,,,,55,,8.414,6.091,26.28,30.03,33.72,,,,,,,,,,,,,,
31565-19-2,Isooctyl acetate,,,,18.68,83.17,,414.7,38.17,36.93,3.3,20.99,10.72,9.26,9.548,33,7.658,,,2.768,14.62,4.247,,55,40.9,55,55,55,55,18.93,41.05,44.21,17.43,55,8.926,3.35,1.114,0.8339,2.016,4.4,0.7345,,,,,0.9203,,,28.44,37.25,38.88,5.671,21.68,30.06,44,19.56,103.1,17.55,44,,,,33,46.6,33,52.63,,,37.19,,,,,,,,,29.15,39.11,21.92,,,,,,,,,,,,,,,,,,0.6588,,,12.9,,2.5,,,5.78,12.7,,96.43,,,,8.07,384.6,1100,42.35,,,,,,,,0.7835,,,,110,110,110,,,24.6,,,,,,8.53,,,,,,,4.4,4.4,4.4,,,,1.237,22,22,22,22,19.68,22,22,22,,15.09,14.63,22,,,,,,,16.2,,,6.38,6.64,,,,15.98,18.04,20.62,31.51,33,24.53,11.34,33,33,33,22,22,22,38.39,33,33,33,33,33,,2.47,,,5.7,5,,,,,,,,,,,,,,,10.63,6.55,8.788,4.481,,,0.11,2.727,,,0.9766,,,,216.1,26.4,,,,,23.44,40.7,89.34,,,21.78,13.29,14.93,22.81,28.83,34,28.77,,1.578,20.83,,,23.69,3.524,4.425,50.35,46.69,2.209,2.116,1.518,1.5,22,0.7244,,,,53,,,34.07,28.1,24.2,44,28.9,,,,,,,30,29.5,18.51,39.65,6.347,2.866,2.49,22,,,,6.487,,13.58,44,44,44,23.39,12.59,88.91,,55,,,,,,,,,11.56,25.57,24.29,22.07,15.43,18.77,,,,,,,,110,37.05,34.89,40.66,55,6.229,26.94,55,43.56,14.01,55,6.229,9.866,19.63,14.19,32.61,27.33,12.26,9.458,16.76,,39.88,52.03,39.5,55,0.3953,12.07,36.15,34.97,13.72,2,6.3,7.5,,2.5,4.609,3.414,2.385,3.538,2.844,4.353,,,14.88,11.11,3.257,11.7,11.3,11.34,,0.21,281.6,18.92,33.91,48.29,281.6,182.2,,,,10.8,13.2,17,26.41,27.5,0.71,5.16,4.4,0.8342,,6.315,7.58,3.82,0.6845,4.4,4.4,55,,,55,0.6133,1.334,13.2,10.82,,,,,,,23.49,0.4175,19.79,1.878,18.59,5.842,22.25,26.06,27.06,,,,,,,,,,,,,,
2577-46-0,Methyl L-isoleucinate / L-isoleucine methyl ester / LIME,,,,,,,,,,,,,,,,,,,,,,,,,,,,,,,,,,,,,,,,,,,,,,,,,,,,,,55,,,,,,,,,,,,,,,,,,,,,,,24.4,,,,,,,,,,,,,,,,,,,,,,,,,,,,,,,,,,,,,,,,,,,,,,,,,,,,,,,,,5.921,,,,,,,,,,,,,,,,,,,,,,,,,,,,,,,,,,,,,,,,,,,,33,33,33,33,33,,,,,,,,,,,,,,,,,,,,,,,,,,,,,,,,,,,,,,,,,,,,,,,,,,26.4,,,,,,,,,,,,,,,,,,,,,,12.76,,,,,,,,,,,,,,,,,52.85,,,,76.83,,,,,,,10.6,35.2,,,,,,,,,,,,,,,,,,,,,,,,,,,,,,,,,,,,,,,,,,,,,,,,,,,,,,,,,,,,,,,,,,,,,,,,,,,,,,,,,,,,,,,,,,,,,,,,,,,,,,,,,,,,,,,,,,,,,,,,,,,,,,,,,,,,,,55,,,,,,,,,,,,,,,,,,,,
1679-47-6,Dihydro-3-methyl-2(3H)-furanone,,,,,,,,,,,,,,,,,,,,,,,,,,,,,,,,,,33,14,,,,,,,,,,,,,,,,,,,,,,,,,,,,,,,,,,,,,,,,,,,,,,,,,,,,,,,,,,,,,,,,,,,,,,,,,,,,,37.32,,,,,,,,,,,,,,,,,,,,,,6.64,,,,,,,,,,,,,,,,,,,,,,,,,,,,,,,,,,,,,,,,,,,,,,,,,,,,,,,,,,,,,,,,,,,,,,,,,,,,,,,,,,,,,,,,,,,,,,,,,,,,,,,,,,,,,,,,,,,,,,,,,,,,,,,,,,,,,,,,,,,,,,,,,,,,,,,,,,,,,,,,,,,,,,,,,,,,,,,,,,,,,,,,,,,,,,,,,,,,,,,,,,,,,,,,,,,,,,,,,,,,,,,,,,,,,,,,,,,,,,,,,,,,,,,,,,,,,,,,,,,,,,,,,,,,,,,,,,,,,,,,,,,,,,,,,,,,,,,,,,,,,,,
95-96-5,"3,6-dimethyl-1,4-dioxane-2,5-dione  / lactide",,,,,,,,,,,,,,,,,,,,,,,,,,,,,,,,,,,,,,,,,,,,,,,,,,,,,,,,,,,,,,,,,,,,,,,,,,,,,,,,,,,,,,,,,,,,,,,,,,,,,,,,,,,,,,,,37.32,,,,,,,,,,,,,,,,,,,,,,6.64,,,,,,,,,,,,,,,,,,,,,,,,,,,,,,,,,,,,,,,,,,,,,,,,,,,,,,,,,,,,,,,,,,,,,,,,,,,,,,,,,,,,,,,,,,,,,,,,,,,,,,,,,,,,,,,,,,,,,,,,,,,,,,,,,,,,,,,,,,,,,,,,,,,,,,,,,,,,,,,,,,,,,,,,,,,,,,,,,,,,,,,,,,,,,,,,,,,,,,,,,,,,,,,,,,,,,,,,,,,,,,,,,,,,,,,,,,,,,,,,,,,,,,,,,,,,,,,,,,,,,,,,,,,,,,,,,,,,,,,,,,,,,,,,,,,,,,,,,,,,,,,
122-70-3,2‐Phenylethyl propionate,3.26,55,105,4.01,17.99,21.26,38.78,2.72,,3.75,22,8.2,5.653,5.782,33,6.295,,,3.73,13.58,6.158,,55,45.33,55,49.17,46.39,43.34,,,,,,17.68,12.02,,,,,,,,,,,,,34.93,33.68,30.08,14.57,13.26,33,38.24,,227.4,15.11,44,,,,25.05,55,33,55,,,39.26,,,,,,,,,21.2,49.68,32.02,,,,,,,,,,,,,,,,,,,,,12.9,,2.5,,,,23.28,,38.03,,,,,58.17,442.5,305.8,,,,,,,,1.028,2.52,,,110,110,110,,,12.36,13.89,,,,5.02,,,,,,,,9.42,10.53,22,18.79,33.21,14.75,30.2,22,20.24,19.88,17.48,22,22,22,22,22,22,22,22,,,,,,,,,,,,,,,24.77,33,22.98,33,33,28.88,33,26.61,26.18,33,22,22,22,44.09,33,33,33,33,33,,,,,,,,,,,,,,,,,,,,,,,,,390,9,,,13.12,,,43.05,82.69,37.19,,26.4,,,,,24.42,43.08,,22.32,,20.11,13.07,18.43,18.61,38.5,32.85,24.22,,,,36.5,,26.45,8.787,5.295,55,31,,,,,,,,,,44.9,34.89,54.78,22.07,28.1,24.2,44,29.51,,,,,,,,,55,55,,,,10.29,,,,8.969,,,,,,,11.8,16.88,,55,23.8,,5.47,55,22.21,17.5,56.93,,,,,,,,,,10.8,,,,26.5,,55,55,55,55,6.5,23.3,55,55,25.5,55,12.3,18.79,15.92,27.39,23.7,29.31,24.48,55,33.42,19.63,42.39,48.52,30.19,55,,,40.3,37.94,14.82,8.949,3.7,6.6,13.6,5.5,,,,,,,,,9.101,203.1,6.247,24.2,14.13,12.12,34.21,,,,,,,,,,,,,,11.53,,,,28.61,,9.89,,8.03,,13.02,28.61,28.61,55,,9.52,37.59,,,,,55,,11.2,,8.97,,,,49.94,13.26,4.757,5.27,28.28,31.76,23.84,,,,,4.07,31.86,,,,,,,,
624-41-9,"acetic acid, 2-methylbutyl ester  / 2-methylbutyl acetate",,,,18.68,83.17,,414.7,38.17,36.93,3.3,22,,,,,,,,,,,,55,42.85,55,47.58,55,55,55,55,55,55,55,11.01,5.429,1.166,0.8846,2.029,4.4,0.7345,,,,,0.9203,,,23.73,33.31,33.56,9.111,22.16,33,55,20.06,,22,,,,,33,55,33,49.55,,,,,,,,,,,,30.09,44.05,24.77,,,,,,,,,,,,,,,,,,0.58,,,,,,,,,,,94.87,,,,15.95,197.6,1100,51.99,,,,,,,,,,,,110,110,110,,,,,5.989,,,,8.53,,,,,,,4.4,4.4,4.4,,,,1.237,22,22,22,22,19.79,22,22,22,,17.78,17.62,22,,,,,,,97.03,,,,,,,,33,33,33,33,33,24.53,11.34,33,33,33,22,22,22,38.39,33,33,33,33,33,,2.47,,,5.7,5,,,,,,,,,,,,,,,10.63,6.55,8.911,4.712,,,0.11,2.727,,,1.14,,90.54,,75.61,26.4,,,,,24.1,40.27,88.68,,,20.21,14.13,13.42,23.4,22.39,35.51,27.54,,2.092,20.75,,,12.76,3.9,,51.06,46.44,2.209,2.116,1.518,1.5,22,0.7244,,,,53,,,76.25,,,,74.63,,,,,,,17.83,32.22,20.75,46.7,10.95,,,,,,,,,13.58,44,44,44,23.39,14.75,88.91,,55,,,,,,,,,4,25.57,24.29,22.07,15.43,18.77,,,,,,,,110,21.78,18.92,27.09,55,9.7,55,55,34.5,21.1,55,19.4,9.202,,,,,,11.66,16.76,,43.81,44.14,35.18,55,1.204,12.29,36.15,34.97,13.72,2,6.3,7.5,,2.5,4.61,2.77,1.97,2.13,1.14,7.048,,,14.4,12.33,3.879,,,,,0.21,281.6,18.92,33.91,48.29,281.6,182.2,,,,11.19,13.2,15.37,26.41,27.5,0.71,5.16,6.492,0.8342,,6.226,,,1.525,6.492,6.492,55,,,55,0.6133,1.331,13.2,10.81,,,,,,,23.49,0.4175,40.21,2.887,13.97,6.263,20.17,25.65,25.48,,,,,,,,,,,,,,
106-27-4,"butanoic acid, isopentyl ester  / isoamyl butanoate",,17.47,,18.68,51.28,,414.7,38.17,36.93,3.597,20.2,16.8,33,33,33,13.6,,,1.794,15.35,2.592,,55,33.38,55,55,55,35.85,55,55,55,55,8,33,33,,,,22,22,,,,,,,,51.35,55,53.11,6.205,16.51,28.63,12.82,13.61,124.9,15.22,44,,,,33,44.65,33,52.65,,,35.24,,,,,,,,,23.13,39.23,21.62,,,,,,,,,,,,,,,,,,0.58,,,,,,,,5.78,,,73.7,,,,,,,,,,,,,,,0.7785,,,,110,110,110,,,,,2.85,,,,8.53,,,,,,,,,,,,,,22,22,22,22,8.048,22,22,22,3.72,22,12.75,22,,,,,,,16.2,,,,,,,,13.41,3.751,5.4,24.1,33,,,,,,,,,34.19,,,,,,,,,,,,,,7.13,11.69,17.43,44,11.71,44,44,10.64,,,,,,,,,,,,,,,1.38,,,,,26.4,,,,,28.56,57.91,95.09,,,16.55,16.51,16.86,23.64,38.5,38.55,22.93,,,,,,25.19,4.65,4.7,51.2,48.09,,,,,,,,,,53,110,110,,,,,,,,,,,,,,,,6.1,3.81,2.5,1.808,,,,19.9,,,,,,,,,,55,,,,,,,,,,,,,,32.87,,,,,,,,110,55,26.48,55,55,4,13.2,55,55,9.3,55,2,,17.84,16.6,30.54,27.65,14.18,,,,35.64,55,46.45,55,,35.2,36.15,34.97,13.72,2,6.3,7.5,,2.5,,,,,,5.44,22.54,44,8.251,,2.37,11.6,9.5,17.7,45.75,,,,,,,,,,,,,,,,,,,,,6.411,,,,,,,,,55,,1.76,13.2,13.2,,,,,,,23.49,,55,,9.684,6.039,26.25,29.44,26.94,,,,,9.92,,,,,,,,,
103-09-3,"acetic acid, 2-ethyl-1-hexanol ester  / 2-ethyl-1-hexanol acetate",,,,18.68,72.69,,367.8,41.96,34.44,3.734,22,,,,,,,,,,,,55,40.9,55,55,55,55,55,55,55,55,25.03,9.006,3.54,1.131,0.8536,2.069,10.19,4.334,,,,,4.827,,,31.85,38.77,39.69,7.295,18.15,29.89,33,16.28,120.9,17.09,34.33,,,,33,47.41,33,55,,,43.14,,,,,,,,17.75,39,39.13,24.83,,,,,,,,,,,,,,,,,,0.5157,,,,,,,,5.78,,,99.81,,,,18.5,48.03,363.7,23.28,,,,,,,,0.7958,,33,33,101.2,110,110,,,,,2.85,,,2.923,9.552,8.5,,,,,,7.02,6.515,8.663,8.5,31.9,5.73,3.247,22,22,22,22,19.64,22,22,22,3,17.5,17.33,22,,,,,,,16.2,,,,,5.3,,7.2,21.77,33,30,33,33,24.53,11.34,16.77,27.55,33,22,22,20.6,34.77,30.89,33,33,22.92,33,,2.47,,,5.7,5,,,,,,,,,,,,,,,10.63,6.55,8.913,4.716,,,0.11,2.727,,,0.9991,,,,75.61,26.4,,,,,24.85,47.84,89.52,,,19.14,14.45,14.94,26.16,38.5,33.75,26.01,,1.76,20.8,63.15,,29.21,6.341,,51.27,44.01,2.209,2.116,1.518,1.5,22,0.7244,,,,53,29.85,32.07,110,,,,72.49,,,,,,,30,29.5,21.02,47.58,6.763,3.81,2.5,10.12,,,,4.279,,13.58,44,44,44,23.39,15.36,88.91,,55,,,,,,,,,4,25.57,24.29,22.07,15.43,18.77,,71.76,,,25.14,,,110,38.38,28.19,41.77,55,6.229,26.94,55,43.56,14.01,55,6.229,8.139,17.93,16.46,30.65,27.63,14.06,9.275,10.49,12.51,39.61,46.52,29.91,55,0.3953,11.83,38.15,18.55,12.96,2,6.3,7.5,,2.5,4.61,2.77,1.97,2.13,1.14,4.326,1.85,1.23,16,11.31,3.357,,,,,0.21,281.6,18.92,33.91,48.29,281.6,182.2,,,,11.24,13.2,15.2,13.14,27.5,0.71,5.16,4.126,0.7915,,6.135,,,0.5715,4.4,4.118,10.07,,8.49,55,0.848,1.329,13.2,10.79,,,,,,,25.29,0.4074,35.29,1.687,11.91,6.634,23.02,26.56,36.12,,,,,,,,,,,,,,
4864-61-3,3-Octyl acetate,,,,18.68,37.1,,349.1,43.73,33.42,4.512,22,,,,,,,,,,,,55,45.19,55,45.78,55,55,55,55,55,55,3.047,11.71,6.399,1.164,0.8832,2.028,16.9,12.85,,,,,13.46,,,37.77,45.18,43.39,9.604,16.23,29.73,49.78,14.44,59.53,16.13,31.33,,,,33,40.5,33,55,,,45.33,,,,,,,,17.62,29.92,39.1,22.75,,,,,,,,,,,,,,,,,,0.49,,,,,,,,5.78,,,106.7,,,,21.32,34.1,337,35.66,,,,,,,,0.7514,,33,33,82.2,110,110,,,,,4.146,,,2.527,10.42,8.5,,,,,,8.475,7.632,11.38,19.18,40.45,5.73,8.215,22,22,22,22,19.57,22,22,22,3,14.82,14.34,22,3.73,11,11,1.87,11,11,16.2,,,8.27,5.89,5.3,,7.89,17.01,21.92,19.86,33,33,24.53,11.34,13.75,20.65,33,22,22,20.46,36.91,30.68,33,33,20.12,27.31,,,,,,,,,6.44,15.09,16.53,44,12.97,44,44,10.06,,,,,10.63,6.55,8.776,4.458,,,0.11,2.494,55,,0.8207,,,,,26.4,,,,,29.69,48.6,90.52,,,24.55,16.29,13.57,23.36,38.5,33.15,24.3,,1.095,20.94,61.39,,26.92,6.797,,51.33,43.32,2.201,2.146,1.526,1.5,22,0.715,3.6,2.59,3.43,53,55.41,75.5,110,,,,49.95,55,29.4,,,,,5.2,35.2,30.8,47.8,7.362,3.81,2.5,4.921,,,,9.182,11.17,,,,,,16.5,,,55,,,,,,,,,,,,,,22.2,,85.68,,,27.1,,20.13,110,55,45.42,55,55,4,13.2,55,55,9.3,55,2,9.311,26.83,8.5,40.4,26.31,7.64,11.5,13.63,14.68,37.25,41.92,23.96,55,0.3938,12.99,37.66,21.63,13.14,,,3.3,,,,,,,,3.027,1.85,1.23,19.17,9.21,2.38,,,,,0.21,281.6,18.92,33.91,48.29,281.6,182.2,,,,11.6,13.2,13.9,14.99,27.5,0.71,5.16,9.184,3.527,12.59,5.77,,,1.35,5.114,7.709,10.73,,8.49,55,1.305,1.323,13.2,10.54,55,,55,,5.82,,26.34,1.815,55,5.31,13.44,6.587,22.24,26.94,30.68,,,,,24.15,40.78,,,,,,,186.2,243.1
123-29-5,Ethyl nonanoate,,17.8,,0.84,8.252,,312.7,47.69,31.35,4.283,20.48,6.669,5.555,3.018,8.387,4.941,1.039,13.1,8.349,7.3,5.863,12.85,55,37.4,55,55,51.28,41.57,55,55,55,55,4.271,24.6,15.34,33,33,33,22,22,,,,,22,,,46.94,47.76,42.65,5.352,20.35,27.63,29.7,10.47,118.9,14.37,30.01,,,,33,46.58,33,55,,,36.38,,,,,,,,17.52,22.04,30.99,16.34,,,,,,,,,,,,,,,,,,0.6096,,,1.76,,1.352,,,6.072,16.77,,81.53,,,,17.72,22.93,193.5,17.57,,,,,,,,0.8897,2.88,33,33,75.91,110,110,,,12.36,13.89,3.034,,,2.25,7.413,5.34,12,11.71,2.88,3.07,3.53,11.03,15.81,22,19.16,47.11,10.58,40.21,19.55,22,22,22,6.737,22,12.06,7.241,6.074,13.3,3.717,18.45,7.053,11,11,3.099,11,11,12.33,6.646,32.13,6.703,7.25,6.6,,5.8,13.35,3.47,5.241,23.82,33,27.56,17.24,16.46,27.17,33,17.6,22,20.44,51.03,26.16,33,33,21.98,33,,,,,7,4.6,,,6.761,13.9,18.39,43.13,14.46,44,44,12.17,,,,,10.63,,7.26,2.24,,,0.09663,2.188,36.25,,1.034,20.55,79.79,,28.89,26.4,21.68,4.529,16.38,6.662,31.01,49.45,95.17,24.76,19.98,19.74,16.08,13.59,22.55,32.75,37.6,21.46,2.25,6.186,19.48,70.89,,20.18,6.734,4.527,52.87,40.73,2.201,2.147,1.527,1.952,3.813,6.671,2.634,2.563,2.378,52.32,68.34,68.62,42.22,28.1,24.2,44,62.01,55,22.98,,,,,5.2,35.2,32.05,50.86,7.711,3.718,2.41,2.45,3.011,22,4.282,19.49,,10.19,44,44,44,18.17,10.71,37.79,,55,,55,,,,,,,35.51,,,,12.77,25.83,,110,,,22.97,,48.48,110,46.13,22.2,55,55,4,13.2,55,55,9.3,55,2,8.733,19.28,14.62,32.21,27.39,12.6,9.581,13.31,13.31,20.88,39.67,10.21,55,0.3937,20.28,49.07,40.87,35.06,4.736,3.7,3.799,13.6,5.5,,,,,,5.236,9.831,4.965,11.74,9.21,4.711,16.39,12.78,8.277,30.94,0.21,281.6,18.92,33.91,48.29,281.6,182.2,,,,14.71,13.64,17.5,11.36,27.5,0.71,5.16,19.59,12.05,12.59,4.702,8.8,,2.224,5.656,16.2,8.7,13.76,8.49,55,2.716,1.781,9.427,10.6,55,,55,,5.82,,10.3,2.257,55,5.879,10.12,6.153,24.86,28.29,34.91,,,23.93,189.5,8.08,42.72,,,,,,,288.6,73.29
627-90-7,Ethyl undecanoate,,17.8,,0.84,8.252,,312.7,47.69,31.35,4.283,20.48,6.669,5.555,3.018,8.387,4.941,1.039,13.1,8.349,7.3,5.863,12.85,55,37.4,55,55,51.28,41.57,55,55,55,55,4.271,24.6,15.34,33,33,33,22,22,,,,,22,,,46.94,47.76,42.65,5.352,20.35,27.63,29.7,10.47,118.9,14.37,30.01,,,,33,46.58,33,55,,,36.38,,,,,,,,17.52,22.04,30.99,16.34,,,,,,,,,,,,,,,,,,0.6096,,,1.76,,1.352,,,6.072,16.77,,81.53,,,,17.72,22.93,193.5,17.57,,,,,,,,0.8897,2.88,33,33,75.91,110,110,,,12.36,13.89,3.034,,,2.25,7.413,5.34,12,11.71,2.88,3.07,3.53,11.03,15.81,22,19.16,47.11,10.58,40.21,19.55,22,22,22,6.737,22,12.06,7.241,6.074,13.3,3.717,18.45,7.053,11,11,3.099,11,11,12.33,6.646,32.13,6.703,7.25,6.6,,5.8,13.35,3.47,5.241,23.82,33,27.56,17.24,16.46,27.17,33,17.6,22,20.44,51.03,26.16,33,33,21.98,33,,,,,7,4.6,,,6.761,13.9,18.39,43.13,14.46,44,44,12.17,,,,,10.63,,7.26,2.24,,,0.09663,2.188,36.25,,1.034,20.55,79.79,,28.89,26.4,21.68,4.529,16.38,6.662,31.01,49.45,95.17,24.76,19.98,19.74,16.08,13.59,22.55,32.75,37.6,21.46,2.25,6.186,19.48,70.89,,20.18,6.734,4.527,52.87,40.73,2.201,2.147,1.527,1.952,3.813,6.671,2.634,2.563,2.378,52.32,68.34,68.62,42.22,28.1,24.2,44,62.01,55,22.98,,,,,5.2,35.2,32.05,50.86,7.711,3.718,2.41,1.57,3.011,22,4.282,22,,10.19,44,44,44,18.17,10.71,37.79,,55,,55,,,,,,,35.51,,,,12.77,25.83,,110,,,22.97,,48.48,110,46.13,22.2,55,55,4,13.2,55,55,9.3,55,2,8.733,19.28,14.62,32.21,27.39,12.6,9.581,13.31,13.31,20.88,39.67,10.21,55,0.3937,20.28,49.07,40.87,35.06,4.736,3.7,3.799,13.6,5.5,,,,,,5.236,9.831,4.965,11.74,9.21,4.711,16.39,12.78,8.277,30.94,0.21,281.6,18.92,33.91,48.29,281.6,182.2,,,,14.71,13.64,17.5,11.36,27.5,0.71,5.16,19.59,12.05,12.59,4.702,8.8,,2.224,5.656,16.2,8.7,13.76,8.49,55,2.716,1.781,9.427,10.6,55,,55,,5.82,,10.3,2.257,55,5.879,10.12,6.153,24.86,28.29,34.91,,,23.93,189.5,8.08,42.72,,,,,,,288.6,73.29
28267-29-0,Ethyl tridecanoate,,17.8,,0.84,8.252,,312.7,47.69,31.35,4.283,20.48,6.669,5.555,3.018,8.387,4.941,1.039,13.1,8.349,7.3,5.863,12.85,55,37.4,55,55,51.28,41.57,55,55,55,55,4.271,24.6,15.34,33,33,33,22,22,,,,,22,,,46.94,47.76,42.65,5.352,20.35,27.63,29.7,10.47,118.9,14.37,30.01,,,,33,46.58,33,55,,,36.38,,,,,,,,17.52,22.04,30.99,16.34,,,,,,,,,,,,,,,,,,0.6096,,,1.76,,1.352,,,6.072,16.77,,81.53,,,,17.72,22.93,193.5,17.57,,,,,,,,0.8897,2.88,33,33,75.91,110,110,,,12.36,13.89,3.034,,,2.25,7.413,5.34,12,11.71,2.88,3.07,3.53,11.03,15.81,22,19.16,47.11,10.58,40.21,19.55,22,22,22,6.737,22,12.06,7.241,6.074,13.3,3.717,18.45,7.053,11,11,3.099,11,11,12.33,6.646,32.13,6.703,7.25,6.6,,5.8,13.35,3.47,5.241,23.82,33,27.56,17.24,16.46,27.17,33,17.6,22,20.44,51.03,26.16,33,33,21.98,33,,,,,7,4.6,,,6.761,13.9,18.39,43.13,14.46,44,44,12.17,,,,,10.63,,7.26,2.24,,,0.09663,2.188,36.25,,1.034,20.55,79.79,,28.89,26.4,21.68,4.529,16.38,6.662,31.01,49.45,95.17,24.76,19.98,19.74,16.08,13.59,22.55,32.75,37.6,21.46,2.25,6.186,19.48,70.89,,20.18,6.734,4.527,52.87,40.73,2.201,2.147,1.527,1.952,3.813,6.671,2.634,2.563,2.378,52.32,68.34,68.62,42.22,28.1,24.2,44,62.01,55,22.98,,,,,5.2,35.2,32.05,50.86,7.711,3.718,2.41,1.16,3.011,22,4.282,22,,10.19,44,44,44,18.17,10.71,37.79,,55,,55,,,,,,,35.51,,,,12.77,25.83,,110,,,22.97,,48.48,110,46.13,22.2,55,55,4,13.2,55,55,9.3,55,2,8.733,19.28,14.62,32.21,27.39,12.6,9.581,13.31,13.31,20.88,39.67,10.21,55,0.3937,20.28,49.07,40.87,35.06,4.736,3.7,3.799,13.6,5.5,,,,,,5.236,9.831,4.965,11.74,9.21,4.711,16.39,12.78,8.277,30.94,0.21,281.6,18.92,33.91,48.29,281.6,182.2,,,,14.71,13.64,17.5,11.36,27.5,0.71,5.16,19.59,12.05,12.59,4.702,8.8,,2.224,5.656,16.2,8.7,13.76,8.49,55,2.716,1.781,9.427,10.6,55,,55,,5.82,,10.3,2.257,55,5.879,10.12,6.153,24.86,28.29,34.91,,,23.93,189.5,8.08,42.72,,,,,,,288.6,73.29
112-61-8,"octadecanoic acid, methyl ester / Methyl stearate",,18.19,,0.84,10.09,,312.7,47.69,31.35,4.471,20.54,7.614,7.771,3.979,10.15,6.531,16.3,13.1,7.2,,8.19,12.84,55,30.2,55,55,55,31.1,55,55,55,55,3.267,20.32,9.291,33,33,33,22,22,,,,,22,,,47.44,47.9,42.01,6.914,19.09,27.74,49.64,12.17,113.2,13.99,32.74,,,,33,42.52,33,55,,,38.59,,,,,,,,17.5,22.44,31.31,16.6,,,,,,,,,,,,,,,,,,0.608,,,1.804,,1.415,,,6.173,12.7,,80.3,,856.8,573.6,55,12.92,172,15.88,,,,,,,,0.9505,,33,33,74.84,110,110,,,,,2.893,,,2.279,7.988,5.764,12,11.71,2.88,3.07,3.53,11.02,15.84,22,19.23,47.2,10.61,40.15,18.78,22,22,22,5.431,22,10.29,5.73,6.417,11.2,2.764,17.37,6.185,9.802,7.943,2.109,8.775,11.42,11.2,6.649,32.12,6.696,7.234,6.6,,5.8,13.34,3.449,5.229,23.8,33,33,33,16.46,27.17,33,17.65,22,20.44,51.03,26.16,33,33,21.98,33,,,,,7,4.6,,,6.597,15.09,18.86,42.73,15.97,44,44,12.98,,,,,10.63,,7.26,2.24,,,0.0932,2.324,55,,1.016,28.07,79.87,,28.8,26.4,21.68,4.529,16.38,6.662,28.76,39.41,95.1,30.72,32.95,30.62,15.42,10.92,21.05,34.44,35.82,23.49,2.25,6.188,19.51,63.72,1.319,22.88,6.716,4.24,52.36,40.96,1.502,1.277,1.934,1.711,1.936,11.5,2.648,2.577,2.393,51.37,90.62,92.36,59.05,28.1,24.2,44,98.13,55,23.04,,,,,5.2,35.2,31.99,50.88,7.773,3.81,2.5,3.768,3.011,22,4.282,20.37,,10.19,44,44,44,18.17,10.68,37.87,,55,,55,,,,,,,35.51,,,,12.77,22.81,,110,,,22.92,,48.7,110,43.78,31.03,55,55,4.419,14.83,55,55,11.44,55,2.902,8.86,19.43,14.43,32.38,27.36,12.46,8.355,13.34,13.32,20.42,39.19,9.921,55,0.3936,8.128,50.09,41.3,37.34,3,,3.3,,,,,,,,5.259,8.724,3.549,15.51,9.21,4.96,11.77,12.78,8.277,30.96,0.21,281.6,18.92,33.91,48.29,281.6,182.2,,,,14.73,13.65,17.5,11.32,27.5,0.71,5.16,19.59,12.05,12.59,4.5,8.8,,2.233,5.672,16.19,6.668,13.76,8.49,55,2.842,1.961,8.756,10.7,55,,55,,5.82,,6.169,2.274,55,5.91,9.462,5.89,25,28.04,31.59,,,23.93,189.5,8.08,42.71,,,,,,,289.4,72.74
2598-99-4,Stearyl palmitate / Lanolin,,17.95,,0.84,8.178,,312.7,47.69,31.35,4.42,20.1,7.252,5.218,3.926,19.46,5.806,16.3,13.1,7.788,14.9,4.332,12.85,55,36.05,55,55,55,41.33,55,55,55,55,3.61,15.37,8.991,1.077,0.8009,2.056,11.41,5.501,,,,,6.03,,,42.79,47.81,46.36,4.098,21.56,26.45,35.08,12.47,107.1,13.98,36.86,,,,33,45.17,33,55,,,37.24,,,,,,,,17.58,20.5,32.45,16.93,,,,,,,,,,,,,,,,,,0.6111,,,1.721,,1.296,,,5.938,16.42,,83.31,,,,55,12.82,169.7,15.67,,,,,,,,0.9468,,33,33,90.53,110,110,,,12.36,13.89,2.889,,,2.218,7,4.926,12,11.71,2.88,3.07,3.53,10.03,12.27,14.64,19.09,47.04,10.56,8.796,22,22,22,22,15.66,22,22,22,5.728,15.6,10.81,22,7.058,11,11,3.102,11,11,14,6.644,32.13,6.71,7.265,6.6,,5.8,12.33,3.433,5.138,23.9,33,33,33,16.46,27.17,33,17.55,22,20.44,43.14,26.16,33,33,21.98,33,,,,,7,4.6,,,6.652,14.62,18.68,42.87,15.4,44,44,12.67,,,,,10.63,6.55,8.656,4.241,,,0.0995,2.318,29.96,,0.9985,19.11,79.71,,52.49,26.4,21.68,4.529,16.38,6.662,27.29,41,92.16,26.13,21.84,20.04,14.81,14.18,20.38,38.5,36.28,22.9,2.25,2.771,20.33,70.87,,78.75,6.078,4.973,51.86,43.36,2.202,2.143,1.526,1.466,7.35,2.675,2.621,2.549,2.365,52.53,78.12,80.79,26.1,28.1,24.2,44,31,55,22.92,,,,,5.2,35.2,32.1,50.84,6.804,3.739,2.431,1.808,3.011,22,4.282,19.49,,11.32,44,44,44,19.93,10.21,37.72,,55,,55,,,,,,,35.51,,,,12.77,22.85,,110,,,23.02,,48.28,110,46.24,39.99,55,55,4,13.2,55,55,9.3,55,2,8.822,19.78,14.01,32.79,27.3,12.12,8.335,13.27,13.3,27.73,42.06,17.47,55,0.3939,18.51,46.98,39.97,30.67,5.011,3.7,3.902,13.6,5.5,4.609,3.412,2.384,3.534,2.84,4.46,11.1,6.937,15.25,9.21,4.066,15.86,12.78,8.277,30.92,0.21,281.6,18.92,33.91,48.29,281.6,182.2,,,,14.69,13.63,17.5,11.4,27.5,0.71,5.16,9.652,3.781,12.59,5.106,8.108,3.82,1.437,5.172,8.138,6.707,13.76,8.49,55,1.285,1.331,13.2,10.61,55,,55,,5.82,,11.45,1.749,42.53,6.205,8.825,5.584,25.87,28.26,27.88,,,23.93,189.5,8.08,42.73,,,,,,,287.9,73.8
629-70-9,Hexadecyl acetate / 16:Ac,,19.56,,5.629,20.2,,360.6,42.62,34.05,4.44,20.95,7.259,5.255,3.927,19.23,5.818,16.3,13.1,7.814,14.9,4.34,12.84,55,40.96,55,47.14,55,49.55,55,55,55,55,8.876,8.987,3.429,1.087,0.811,2.055,7.993,2.592,,,,,2.987,,,35.36,42.91,46.46,4.843,19.56,29.93,40.3,17.23,104.5,17.26,37.43,,,,33,41.98,33,55,,,38.98,,,,,,,,17.6,31.33,38.47,20.96,,,,,,,,,,,,,,,,,,0.5059,,,4.711,,2.7,,,6.076,16.42,,88.61,,,,23.3,30.45,239.2,20.74,,,,,,,,0.8184,,33,33,104.4,110,110,,,12.36,13.89,2.92,,,2.38,7.169,4.723,12,11.71,2.88,3.07,3.53,8.309,9.945,11.12,20.32,48.46,11.07,4.324,22,22,22,22,19.5,22,22,22,7.246,14.62,14.14,22,6.185,9.802,7.943,2.109,8.775,11.42,11.2,6.649,32.12,6.453,7.499,5.974,,6.399,14.94,11.09,14.74,27.41,33,27.03,16.08,15.59,26.75,33,22,22,20.32,40.53,30.47,33,33,21.27,33,,2.47,,,6.133,4.854,,,6.598,15.33,19.5,42.39,17.03,44,44,13.88,,,,,10.63,6.55,8.668,4.261,,,0.1062,2.438,27.23,,0.9637,19.17,82.88,,81.99,26.4,21.68,4.529,16.38,6.662,23.95,39.03,88.48,26.26,22.09,20.66,11.9,13.06,22.18,38.5,32.18,26.98,2.25,1.994,20.41,72.1,1.319,30.06,5.544,4.961,50.86,44.13,1.95,1.815,1.644,1.478,10.97,1.654,2.834,3.22,2.551,52.38,64.47,67.95,36.31,28.1,24.2,44,31.37,55,23.04,,,,,13.14,32.06,24.37,48.46,6.759,3.81,2.5,2.404,3.011,22,4.282,6.964,,11.93,44,44,44,20.88,10.85,55.32,,55,,55,,,,,,,17.99,25.57,24.29,22.07,13.97,21.02,,110,,,22.92,,48.7,110,40.62,39.64,46.74,55,5.438,21.65,55,46.79,12.35,55,4.397,8.306,20.09,13.66,33.13,27.25,11.84,9.977,14.2,13.38,40.6,45.84,26.34,55,0.394,12.28,42.83,38.13,23.1,3.388,5.052,5.109,13.6,3.467,4.61,3.351,2.345,3.336,2.623,4.323,9.278,2.904,18.11,10.7,3.808,15.85,12.78,8.277,30.96,0.21,281.6,18.92,33.91,48.29,281.6,182.2,,,,13.74,14.29,16.07,14.53,27.5,0.71,5.16,4.097,0.7912,12.59,5.848,7.952,3.82,0.5725,4.4,4.089,12.32,13.76,8.49,55,0.7727,1.76,13.2,13.2,55,,55,,5.82,,12.26,0.4147,20.72,1.687,11.19,5.773,22.9,25.68,30.66,,,23.93,189.5,6.824,43.49,,,,,,,309.3,60.62
628-63-7,"acetic acid, pentyl ester",,18.81,,6.723,24.03,,360.5,42.63,34.05,4.357,21.05,7.18,3.775,3.907,33,5.23,,,7.124,14.9,4.054,11.8,55,42.26,55,48.13,55,50.23,55,55,55,55,9.419,9.004,3.548,1.139,0.8618,2.068,8.292,2.801,,,,,3.211,,,35.79,43.38,46.34,5.067,19.43,30.22,35.92,17.43,111.1,17.34,37.92,,,,33,43.04,33,55,,,39.29,,,,,,,,17.77,32.07,40.39,21.98,,,,,,,,,,,,,,,,,,0.5057,,,5.635,,3.517,,,6.048,16.92,,93.3,,,,23.24,57.47,309.8,36.21,3.92,1.3,2.5,3.63,1.56,3.6,,0.8188,,33,33,103.9,110,110,,,12.36,13.89,2.931,,,2.676,7.564,4.936,12,11.71,2.88,3.07,3.53,8.21,9.507,10.93,18.81,46.71,10.44,3.951,22,22,22,22,19.59,22,22,22,3.291,22,22,22,7.363,11,11,2.043,11,11,11.51,7.288,39.06,4.759,4.321,,,,14.4,17.87,18.29,31.47,33,24.53,11.34,16.4,27.41,33,22,22,20.51,36.85,30.76,33,33,22.39,33,,2.47,,,5.7,5,,,7.354,15.47,20.07,44,14.6,44,44,13.77,,,,,10.63,6.55,8.782,4.469,,,0.1064,2.401,24.65,,0.9874,14.83,88.43,48.83,86.36,26.4,21.07,4.96,18.28,7.145,24.52,40.24,88.69,20.36,23.27,19.62,12.23,13.57,22.4,38.5,33.49,26.19,2.25,2.011,20.45,79.03,,29.41,5.474,5.084,51.04,44.26,2.202,2.142,1.525,1.48,11.69,1.532,3.6,2.59,3.43,53,65.32,68.75,31.77,28.1,24.2,44,32.1,55,22.91,,,,,14.7,31.7,24.47,47.69,6.765,3.81,2.5,4.943,3.011,22,4.282,6.151,,12.03,44,44,44,21.03,11.38,76.94,,55,,,,,,,,,6.156,25.57,24.29,22.07,18.28,21.32,,110,,,21.87,,58.22,110,43.29,38.09,45.8,55,5.666,23.13,55,45.79,12.83,55,4.885,7.922,19.35,14.53,32.29,27.37,12.53,8.749,14.15,13.66,42.47,51.02,32.36,55,0.394,15.75,36.54,33.22,14,3.543,5.058,5.325,13.6,3.461,4.61,3.348,2.343,3.328,2.614,4.468,9.446,3.57,17.55,10.91,3.789,16.58,12.78,8.277,25.54,0.21,281.6,18.92,33.91,48.29,281.6,182.2,,,,13.23,13.5,15.97,12.46,27.5,0.71,5.16,4.096,0.7912,,5.882,7.58,3.82,0.5725,4.4,4.088,10.97,13.76,8.49,55,0.7629,1.344,13.2,10.69,55,,55,,13.98,,24.77,0.4149,21.97,1.687,10.33,5.737,22.69,25.95,27.38,,,,,6.919,40.78,,,,,,,296.5,68.05
590-01-2,"propanoic acid, butyl ester",,15.59,,0.84,9.594,,312.7,47.69,31.35,4.667,20.42,6.856,3.777,3.871,33,5.302,,,6.427,14.9,3.253,,55,39.76,55,55,55,47.27,55,55,55,55,6.02,13.18,7.556,1.13,0.8535,2.074,10.19,4.333,,,,,4.826,,,44.17,51.82,47.87,5.583,18.67,28.44,55,14.52,131.1,14.99,38.96,,,,33,43.74,33,55,,,38.42,,,,,,,,17.85,25.57,42.38,23,,,,,,,,,,,,,,,,,,0.44,,,12.9,,55,,,5.78,18.08,,86.53,,,,19.8,50.2,202.4,33.09,,,,,,,,0.8384,,33,33,86.34,110,110,,,12.36,13.89,2.943,,,2.675,6.826,3.596,,,,,,7.018,6.513,8.659,8.5,31.9,5.73,3.217,22,22,22,22,18.64,22,22,22,3.427,22,17.37,22,,,,,,,16.2,,,8.27,5.89,,,,13.81,5.917,7.628,23.68,33,24.53,11.34,16.41,27.41,33,22,22,20.51,32.32,26.43,33,33,22.38,33,,,,,,,,,6.825,13.04,17.04,44,12.23,44,44,10.39,,,,,10.63,6.55,8.908,4.706,,,0.1018,2.727,10.25,,0.9426,14.83,86.85,,420,26.4,17.09,6.75,26.4,8.07,28.28,48.13,90.72,15.75,13.32,16.44,15.41,15.75,22.57,38.5,36.81,22.39,,1.095,20.94,63.15,,86.22,4.982,5.622,52.54,43.51,2.209,2.116,1.518,1.5,22,0.7244,3.6,2.59,3.43,49.19,75.81,72.94,19.09,28.1,24.2,44,29.68,,,,,,,5.2,35.2,39.54,42.2,6.766,3.81,2.5,2.147,,,,9.037,,13.58,44,44,44,23.39,10.6,,,55,,,,,,,,,,,,,,24.81,,110,,,25.14,,45.42,110,55,36.9,55,55,4,13.2,55,55,9.3,55,2,6.826,17.08,17.83,29.64,27.79,15.14,9.979,6.7,12.51,31.52,44.85,21.06,55,0.3953,15.53,36.15,34.97,13.72,8,3.7,4.568,13.6,5.5,4.61,2.77,1.97,2.13,1.14,3.938,8.68,11.23,13.61,9.21,2.376,19.72,12.78,8.277,45.75,0.21,281.6,18.92,33.91,48.29,281.6,182.2,,,,12.5,10.8,,,27.5,0.71,5.16,4.126,0.7915,,5.383,,,0.5715,4.4,4.118,4.472,,8.49,55,0.845,1.335,13.2,10.83,55,,55,,5.82,,24.89,0.4074,45.27,1.687,7.162,5.63,25.41,28.77,28.32,,,,,24.15,40.78,,,,,,,186.2,243.1
2052-15-5,Levulinic acid n-butyl ester / Butyl levulinate,,15.85,,0.84,15.39,,312.7,47.69,31.35,4.562,20.36,6.849,3.777,3.87,33,5.304,,,6.427,14.9,3.279,,55,36.33,55,55,55,42.08,55,55,55,55,6.008,13.75,8.261,1.131,0.8541,2.07,13.61,7.976,,,,,8.531,,,38.59,45.22,42.45,7.769,16.9,25.54,37.67,13.35,129.9,14.89,38.68,,,,33,45.8,33,55,,,39.61,,,,,,,,17.75,24.62,34.03,17.66,,,,,,,,,,,,,,,,,,0.6184,,,,,,,,5.78,18.02,,86.14,,,,8.07,16.54,126.2,9.883,,,,,,,,0.8273,,33,33,93.86,110,110,,,12.36,13.89,2.923,,,3.011,9.823,8.5,,,,,,8.657,7.77,11.74,8.5,31.9,5.73,6.091,22,22,22,22,18.2,22,22,22,3.322,22,16.79,22,,,,,,,16.2,,,8.27,5.89,,,,13.36,5.554,7.236,23.44,33,24.53,11.34,13.7,26.13,33,22,22,20.14,33.2,27.56,33,33,20.25,33,,,,,,,,,6.862,12.87,17.09,44,12.17,44,44,10.42,,,,,10.63,6.55,8.911,4.712,,,0.1016,2.727,11.88,,0.9608,14.83,,,420,26.4,,,,,28.08,48.3,90.56,,,16.35,15.32,15.97,22.3,38.5,36.59,22.48,,1.095,20.94,63.15,,22.41,7.051,5.635,52.88,41.05,2.209,2.116,1.518,1.5,22,0.7244,3.6,2.59,3.43,53,110,110,11.79,28.1,24.2,44,11.93,,,,,,,5.2,35.2,39.54,42.2,6.76,3.81,2.5,4.933,,,,9.175,,13.58,44,44,44,23.39,10.6,,,55,,,,,,,,,,,,,,25.44,,110,,,25.14,,,110,55,45.53,55,55,4,13.2,55,55,9.3,55,2,7.007,17.19,17.65,29.77,27.77,15,8.728,6.7,12.51,28.87,39.01,17.05,55,0.3953,16.08,36.15,34.97,13.72,8,3.7,4.435,13.6,5.5,4.609,3.411,2.384,3.53,2.836,3.887,6.052,6.705,14.03,9.21,2.38,19.6,12.78,8.277,,0.21,281.6,18.92,33.91,48.29,281.6,182.2,,,,,,,,27.5,0.71,5.16,5.787,1.551,,5.398,7.58,3.82,0.5715,4.4,4.118,4.472,,8.49,55,1.108,1.331,13.2,10.81,55,,55,,5.82,,26.04,1.482,36.67,1.687,9.261,5.978,28.04,28.68,27.42,,,,,13.72,40.78,,,,,,,186.2,243.1
97-62-1,"2-methylpropanoic acid, ethyl ester / Ethyl 2-methylpropanoate",,17.47,,18.68,83.17,,414.7,38.17,36.93,3.568,22,,,,,,,,,,13.7,,55,41.1,55,55,47.1,45.1,55,55,55,55,8,33,33,,,,,,,,,,,,,39.22,40.46,38.09,6.12,18.12,33,21.64,9.22,143.5,,29.13,,,,33,55,33,55,,,30.58,,,,,,,,,24.4,,,,,,,,,,,,,,,,,,,,0.58,,,,,,,,,,,88.74,,,,8.07,384.6,1100,42.35,,,,,,,,0.7958,,,,,,,,,,,4.227,,,,8.53,,,,,,,,,,,,,,22,20,19.59,16.91,22,22,22,22,,22,22,22,,,,,,,97.03,,,,,,,,33,33,33,33,33,24.53,11.34,33,33,33,22,22,22,,33,33,33,33,33,,,,,,,,,7.13,11.69,17.43,44,11.71,44,44,10.64,,,,,,,,,,9,,,,,,,,,,26.4,,,,,32.99,73.19,,,,12.62,18.06,13.42,26.4,38.5,40.93,19.49,,,,,,14.4,6.699,,52.79,44.48,,,,,,,,,,,43.47,39.48,52.85,,,,94.49,,,,,,,10.6,35.2,,,,,,3.066,,,,19.65,,,,,,,,,,55,,,,,,,,,,,,,,32.87,,,,,,,,,19.8,8.531,25.19,,,,,,,,,7.67,,,,,,20.13,,,41.34,55,38.76,55,,,36.15,34.97,13.72,10,,7.5,,,,,,,,6.02,,,9.574,,2.37,,,,45.75,,,,,,,,,,,,,,,,,,,,,,,,,,,55,,,55,,,,,,,,,,,23.49,,55,,14.54,7.29,23.51,28.76,51.57,,,,,,,,,,,,,,
2050-23-9,diethyl suberate,,24.82,,0.84,7.634,,312.7,47.69,31.35,4.34,20.69,,,,,,0.06,,,,13.7,,55,37.78,55,55,50.61,41.27,55,55,55,55,4.559,27.32,22.84,,,,22,22,,,,,22,,,47.51,48.1,44.76,5.4,19.99,28.2,26.09,10.25,124.9,14.47,30.6,,,,33,47.37,33,55,,,35.61,,,,,,,,17.36,21.26,30.56,16.05,,,,,,,,,,,,,,,,,,0.7486,,,0.5,,0.13,,,5.78,,,84.01,,,,8.07,37.13,220.2,14.36,,,,,,,,0.8727,,33,33,76.13,110,110,,,,,3.117,,,2.463,10.71,8.5,,,,,,13.35,11.18,22,8.5,31.9,5.73,55,21.11,22,22,22,13.26,22,20.17,12.68,3.373,22,8.973,19.45,,,,,,,16.2,,,8.27,5.89,,,,13.34,3.436,5.222,23.79,33,24.53,11.34,16.47,27.13,33,22,22,20.43,51.03,26.11,33,33,21.9,33,,,,,,,,,6.94,12.51,17.19,44,12.03,44,44,10.48,,,,,,,,,,9,0.09,,55,,1.38,,,,,26.4,,,,,31.32,64.29,95.09,15.75,13.32,22.36,16.2,15.49,23.09,38.5,38.09,23.11,,,,63.15,,19.66,6.727,,51.94,43.2,,,,,,,3.6,2.59,3.43,53,70.42,67.24,52.85,,,,110,,,,,,,5.2,35.2,39.54,42.2,6.1,3.67,2.363,1.808,,,,19.49,,,,,,,,,,55,,,,,,,,,,,,,,27.58,,110,,,25.14,,,110,31.96,12.35,40.22,55,4,13.2,55,55,9.3,55,2,7.172,18.63,15.47,31.46,27.5,13.28,10.82,6.7,12.51,20.88,39.67,10.21,55,,35.2,36.15,34.97,13.72,10,,4.566,,,4.609,4.155,2.855,9.19,6.72,4.182,7.221,8.632,12.32,,,,,,,,,,,,,,,,,,,,,,,,19.59,12.05,,4.6,,,2.224,5.656,16.2,8.539,,8.49,55,3.673,1.76,13.2,13.2,55,,55,,5.82,,27.23,2.838,55,5.879,10.25,6.216,24.88,28.4,35.72,,,,,24.15,40.78,,,,,,,186.2,243.1
110-40-7,diethyl sebacate,,12.3,,0.84,7.634,,312.7,47.69,31.35,4.34,20.69,,,,,,0.06,,,,13.7,,55,37.78,55,55,50.61,41.27,55,55,55,55,4.559,27.32,22.84,,,,22,22,,,,,22,,,47.51,48.1,44.76,5.4,19.99,28.2,26.09,10.25,124.9,14.47,30.6,,,,33,47.37,33,55,,,35.61,,,,,,,,17.36,21.26,30.56,16.05,,,,,,,,,,,,,,,,,,0.7486,,,0.5,,0.13,,,5.78,,,84.01,,,,8.07,37.13,220.2,14.36,,,,,,,,0.8727,,33,33,76.13,110,110,,,,,3.117,,,2.463,10.71,8.5,,,,,,13.35,11.18,22,8.5,31.9,5.73,55,21.11,22,22,22,13.26,22,20.17,12.68,3.373,22,8.973,19.45,,,,,,,16.2,,,8.27,5.89,,,,13.34,3.436,5.222,23.79,33,24.53,11.34,16.47,27.13,33,22,22,20.43,51.03,26.11,33,33,21.9,33,,,,,,,,,6.94,12.51,17.19,44,12.03,44,44,10.48,,,,,,,,,,9,0.09,,55,,1.38,,,,,26.4,,,,,31.32,64.29,95.09,15.75,13.32,22.36,16.2,15.49,23.09,38.5,38.09,23.11,,,,63.15,,19.66,6.727,,51.94,43.2,,,,,,,3.6,2.59,3.43,53,70.42,67.24,52.85,,,,110,,,,,,,5.2,35.2,39.54,42.2,6.1,3.67,2.363,1.808,,,,19.49,,,,,,,,,,55,,,,,,,,,,,,,,27.58,,110,,,25.14,,,110,31.96,12.35,40.22,55,4,13.2,55,55,9.3,55,2,7.172,18.63,15.47,31.46,27.5,13.28,10.82,6.7,12.51,20.88,39.67,10.21,55,,35.2,36.15,34.97,13.72,10,,4.566,,,4.609,4.155,2.855,9.19,6.72,4.182,7.221,8.632,12.32,,,,,,,,,,,,,,,,,,,,,,,,19.59,12.05,,4.6,,,2.224,5.656,16.2,8.539,,8.49,55,3.673,1.76,13.2,13.2,55,,55,,5.82,,27.23,2.838,55,5.879,10.25,6.216,24.88,28.4,35.72,,,,,24.15,40.78,,,,,,,186.2,243.1
96-48-0,dihydro-2(3H)-furanone / γ-Butyrolactone,1.76,,,,,,,,,,,,,,,,,,,,,,,,,,,,,,,,,,,,,,,,,,,,,,,,,,,,,,,,,,,,,,,,,,,,,,,,,,,,,,,,,,,,,,,,,,,,,,,,,,,,,,,,,,,,,,,,,,,,,,,,,,,,,,,,,,,,,,10.73,,,,,,,,,,,,,,,,,,,,,,,,,,,,,,,,,,,,,,,,,,,,,,,,,,,,,,,,,,,,,,,,,,,,,,,,,,,,,,,,,,,,,,,,,,,,,,,,,,,,,,,,,,,,,,,,,,,,,,,,,,,,,,,,,,,,,,,,,,,,,,,,,,,,,,,,,,,,,,,,,,,,,,,,,,,,,,,,,,,,,,,,,,,,,,,,,,,,,,,,,,,,,,,,,,,,,,,,,,,,,,,,,,,,,,,,,,,,,,,,,,,,,,,,,,,,,,,,,,,,,,,,,,,,,,,,,,,,,,,,,,,,,,,,,,,,,,,,,,,,,,
774-65-2,tert butyl benzoate,3.386,55,41.6,7.441,34.5,64.18,23.03,7.905,22.53,2.887,22,9.648,6.875,7.139,33,6.694,,,5.249,10.23,5.679,2.7,55,48.17,55,55,34.48,55,,,,,,26.62,21.14,,,,,,,,,,,,,29.22,31.38,28.45,12.49,12.8,33,38.23,,,22,,,,,22.92,55,33,49.27,,,28.26,,,,,,,,,7.18,,,,,,,,,,,,,,,,,,,,0.82,,,12.9,,2.5,,,,29.51,,,,,,,58.17,442.5,305.8,,,,,,,,0.7,2.52,,,60.01,110,110,,,12.36,13.89,,17.78,19.75,,,,,,,,,9.42,10.53,22,12.1,18.1,1.42,35.22,22,18.22,17.48,13.06,22,22,22,22,22,22,22,22,,,,,,,,,,,,,,,,,,,,,,24.45,21.55,30,22,22,22,33.47,33,33,33,33,33,,,,,,,,63.7,7.01,16.04,27.53,44,10.99,44,44,11.25,,,,,,,,,,,,,14.02,,,14.83,51.02,37.19,,26.4,,,,,45.77,77.31,73.07,,,9.81,18.79,,37.29,38.5,38.38,20.25,,7.55,,36.5,,34.35,4.704,3.762,55,35.48,,,,,,,,,,,30.93,110,16.94,28.1,24.2,44,23.58,,,,,,,,,44.62,55,29.5,,,14.94,,,,4.802,,,,,,,23.08,,14.67,39.83,,,,,,,,,,,,,,39.22,,,10.8,,,,,,55,55,55,55,6.5,23.3,55,55,25.5,55,12.3,18.79,21.2,26.51,23.89,31.26,30.15,55,33.42,19.63,47.57,44.07,34.67,43.23,,,,,,,,,,,,,,,,,,,8.316,30.27,6.521,19.23,13.03,8.181,30.96,,,,,,,,,11,13.5,,,,11.66,,,,,,9.89,,8.03,,,,,55,,9.52,19.31,,,,,,,,,,,,,51.01,,16.43,9.62,23.21,20.13,31.74,,,,,4.07,31.86,,,,,,,,
117-81-7,"phthalic acid, di(2-ethylhexyl) ester  / di(2-ethylhexyl) phthalate",,,150.3,9.15,51.85,64.18,39.41,8.29,50.58,6.83,22,8.374,5.816,5.958,33,6.357,,,3.694,14.98,4.972,,55,44.24,55,55,46.17,55,,,,,,15.98,7.331,,,,,,,,,,,,,14.97,18.07,16.7,8.17,9.68,33,16.83,,,22,,,,,33,55,33,39.91,,,28.26,,,,,,,,,17.51,40.68,44,,,,,,,,,,,,,,,,,,,,,,,,,,,20.51,,,,,,,,,,,,,,,,,0.8597,,,,86.36,110,110,,,12.36,13.89,,17.78,,,,,,,,,,,,,,,,,22,16.13,15.06,9.325,22,22,22,22,22,22,22,22,,,,,,,,,,,,,,,15.01,33,33,33,33,,,33,25.77,26.25,22,22,22,39.5,33,33,33,33,33,,,,,,,,63.7,7.01,16.04,27.53,44,10.99,44,44,11.25,,,,,,,,,,,,,7.355,,,14.83,32.49,,,26.4,,,,,31.68,77.31,73.07,,,9.81,19.82,,36.14,38.5,35.6,20.25,,7.55,,,,43.32,4.732,5.178,55,48.1,,,,,,,,,,,30,69.27,17.34,28.1,24.2,44,22.26,,,,,,,,,23.84,55,29.5,,,22,,,,1.96,,,,,,,19.65,,14.67,46.06,,,,,,,,,,,,,,39.22,,59.3,,,,,,,55,19.86,55,,,,,,,,,,,,,,,,,,55,43.21,29.68,46.2,,,40.27,9.84,12.25,8,3.7,5.8,13.6,5.5,,,,,,,,,6.667,203.1,8.925,16.91,11.85,10.04,34.81,,,,,,,,,11,13.5,,,,10.68,,,,,,,5.77,,,,,,55,,,17.49,,,,,,,,,,,,,55,,10.92,7.503,22.12,20.13,36.1,,,,,4.07,31.86,,,,,,,,
84-78-6,Butyl octyl phthalate,3.97,55,150.3,9.15,23.88,64.18,39.41,8.29,50.58,5.376,20.38,7.605,4.538,4.247,24.63,5.241,,,4.488,12.87,4,,55,45.96,55,55,36.93,55,55,55,55,55,5.734,12.71,4.934,1.078,0.8022,2.055,6.701,1.786,,,,,2.11,,,37.15,45.32,46.66,4.82,19.83,28.33,35.87,14.76,106.4,15.85,37.04,,,,33,45.75,33,55,,,34.87,,,,,,,,17.06,16.53,34.05,18.28,,,,,,,,,,,,,,,,,,,,,12.9,,2.5,,,5.78,12.7,,91.25,,,,,15.01,133.1,22.76,,,,,,,,0.8197,2.88,33,33,75.34,80.47,74.66,,,12.36,13.89,2.85,17.78,,1.56,4.146,1.35,,,,,,5.907,6.167,8.202,12.1,18.1,1.42,5.207,22,22,22,22,16.99,22,22,22,6.889,14.6,11.61,22,,,,,,,16.2,,,8.27,5.89,,,,11.4,5.741,7.738,24,33,,,20.32,24.88,29.67,22,22,20.65,40.25,30.97,33,33,23.24,33,,,,,,,,63.7,6.742,15.6,21.78,44,11.86,44,44,10.69,,,,,10.63,6.55,8.798,4.499,,9,0.11,2.528,7.437,,0.8968,14.83,50.34,37.19,420,26.4,,,,,28.39,52.78,86.11,15.75,13.32,15.13,15.34,15.27,22.46,38.5,36.84,23.45,,2.091,20.94,63.15,,38.11,5.592,4.716,51.94,42.1,2.203,2.142,1.525,1.5,22,0.7164,3.6,2.59,3.43,50.19,42.03,110,14.38,28.1,24.2,44,18.21,,,,,,,5.2,35.2,34.17,55,8.909,3.81,2.5,5.066,,,,3.982,,13.58,44,44,44,23.39,18.17,,14.67,44.32,,,,,,,,,,,,,,26.12,,,,,,,,110,47.45,48.06,55,55,4,13.2,55,55,9.3,55,2,9.368,19.28,14.62,32.21,27.39,12.6,13.54,14.29,15.47,43.64,48.47,27.36,44.48,0.394,12.64,36.15,34.97,13.72,8.55,3.7,5.35,13.6,5.5,4.61,2.77,1.97,2.13,1.14,1.826,5.934,6.518,16.15,61.65,6.008,18.14,12.91,9.603,35.05,0.21,281.6,18.92,33.91,48.29,281.6,182.2,,11,13.5,,,,11.92,27.5,0.71,5.16,4.097,0.7912,,5.376,,,0.5725,4.4,4.088,18.58,,,16.84,0.8526,1.323,13.2,10.57,55,,55,,5.82,,25.67,0.4148,30.54,1.687,8.867,5.699,24.29,27.15,29.45,,,,,6.24,33.8,,,,,,,,
614-18-6,Ethyl nicotinate,3.97,55,,,,,,,,,,9.447,6.478,6.737,33,6.516,0.19,,3.715,13.86,7.56,,55,52.9,55,55,32.34,55,,,,,,22.15,14.43,,,,,,,,,,,,,27.31,25.26,24.4,,,,28.3,,,,,,,,,,,,,,,,,,,,,,,7.18,,,,,,,,,,,,,,,,,,,,,,,,,,,,,24.41,,,,,,8.07,137.1,668.9,124.7,,,,,,,,1.002,,,,,,,,,12.36,13.89,,,,,,,,,,,,9.42,10.53,22,12.1,18.1,1.42,35.22,22,13.97,12.64,6.266,22,22,22,22,,22,22,22,,,,,,,,,,,,,,,,,,,,24.53,11.34,33,33,33,22,22,22,,33,33,33,33,33,,,,,,,,,,,,,,,,,,,,,,,,,,9,,,4.35,,,14.83,47.93,37.19,,,,,,,,,,,,,,,,,,,,,,,,17.43,3.717,4.351,,,,,,,,,,,,,43.47,39.48,16.52,28.1,24.2,44,27.38,,,,,,,,,55,55,,,,3.4,,,,4.47,,,,,,,,,,41.54,,,,,,,,,,,,,,,,,,,,,,,6.21,4.46,10.38,,,,,,,,,12.51,,,,,,34.86,33.42,19.63,55,55,32.8,44.35,,,,,,10,,7.5,,,,,,,,,,,4.472,203.1,9.26,22.99,13.8,11.83,34.21,,,,,,,,,,,,,,,,,,,,,,,,,,,55,,,19.63,,,,,,,,,,,,,55,,,,,,,,,,,4.07,31.86,,,,,,,,
2459-09-8,Methyl isonicotinate,3.97,55,28.37,6.996,30.55,64.18,19.63,7.794,17.71,2.233,22,,,,,,0.08,,,,6.192,,55,55,55,55,28.4,55,,,,,,33,33,,,,,,,,,,,,,14.09,18.26,15.02,8.17,9.68,33,35.93,,,22,,,,,33,55,33,39.91,,,28.26,,,,,,,,,,,,,,,,,,,,,,,,,,,,,0.82,,,,,,,,,,,,,,,,58.17,442.5,305.8,,,,,,,,0.8193,,,,60.01,110,110,,,,,,17.78,19.75,,,,,,,,,9.42,10.53,22,12.1,18.1,1.42,35.22,22,17.15,16.23,11.05,22,22,22,22,22,22,22,22,,,,,,,,,,,,,,,,,,,,,,33,24.29,24.84,22,22,22,39.5,33,33,33,33,33,,,,,,,,63.7,7.01,16.04,27.53,44,10.99,44,44,11.25,,,,,,,,,,,,,43.51,,,,47.93,37.19,,26.4,,,,,45.77,77.31,73.07,,,9.81,18.79,,37.29,38.5,38.38,20.25,,7.55,,36.5,,13.72,,,55,48.1,,,,,,,,,,,30.83,110,24.96,,,,30.79,,,,,,,,,43.02,55,29.5,,,22,,,,5.03,,,,,,,22.92,,14.67,55,,,,,,,,,,,,,,39.22,,,,,,,,,55,55,55,55,6.5,23.3,55,55,25.5,55,12.3,18.79,22.72,32.86,17.18,30.82,35.36,55,33.42,19.63,55,48.4,42.54,55,,,,,,,,,,,,,,,,,,,8.278,,7.97,20.92,17.2,17.7,36.71,,,,,,,,,11,13.5,,,,11.92,,,,,,,,,,,,,55,,,27.54,,,,,10.02,,8.88,,26.32,,,,55,,16.43,9.62,23.21,20.13,31.74,,,,,,,,,,,,,,
94-47-3,2-Phenylethyl benzoate,3.397,55,105,4.01,17.99,21.26,38.78,2.72,,3.75,22,9.107,6.474,6.681,33,6.584,,,3.625,13.32,7.7,,55,48.24,55,48.42,39.06,41.95,,,,,,22.4,17.64,,,,,,,,,,,,,35.31,34.12,30.29,15.58,14.81,33,37.28,,,,,,,,18.95,,33,55,,,,,,,,,,,,7.18,,,,,,,,,,,,,,,,,,,,,,,12.9,,2.5,,,,25.34,,15.69,,,,,58.17,442.5,305.8,,,,,,,,1.055,2.52,,,110,110,110,,,12.36,13.89,,17.78,19.75,5.02,,,,,,,,9.42,10.53,22,16.46,27.66,7.291,31.63,22,18.93,18.32,14.52,22,22,22,22,22,22,22,22,,,,,,,,,,,,,,,33,33,33,33,33,29.44,33,27.15,26.75,33,22,22,22,42.56,33,33,33,33,33,,,,,,,,,,,,,,,,,,,,,,,,,390,9,,,13.18,,,43.31,73.84,37.19,,,,,,,,,,22.32,,38.5,,21.44,,38.5,,26.38,,,,36.5,,28.93,6.259,4.71,55,31.13,,,,,,,,,,37.32,28.69,74.23,18.21,28.1,24.2,44,26.18,,,,,,,,,55,55,,,,12.46,,,,7.774,,,,,,,11.8,16.88,14.67,37.91,23.8,,5.47,55,22.21,17.5,56.93,,,,,,,,,,10.8,,,,26.5,,55,55,55,55,6.5,23.3,55,55,25.5,55,12.3,18.79,21.2,26.51,23.89,31.26,30.15,55,33.42,19.63,45.13,49.34,31.82,41.96,,,40.3,37.94,14.82,8.937,3.7,6.589,13.6,5.5,,,,,,,,,5.902,36.75,5.609,25.58,14.41,12.66,29.51,,,,,,,,,,,,,,11.53,,,,28.59,,9.89,,8.03,,13.02,28.59,28.59,55,,9.52,16.81,,,,,24.89,,8.616,,9.001,,,,49.81,13.26,,,,,,,,,,4.07,31.86,,,,,,,,
626225-81-8,"4-(2-chlorobenzyl)-2-methyl-2H-1,4-benzoxazin-3(4H)-one",,,,,,,,,,,,,,,,,0.1,,,,,,,,,,,,,,,,,,,,,,,,,,,,,,,,,,,,,,,,,,,,,,,,,,,,,,,,,,,,,,,,,,,,,,,,,,,,,,,,,,,,,,,,,,,,,,,,,,,,,,,,,,,,,,,,,,,,,,,,,,,,,,,,,,,,,,,,,,,,,,,,,,,,,,,,,,,,,,,,,,,,,,,,,,,,,,,,,,,,,,,,,,,,,,,,,,,,,,,,,,,,,,,,,,,,,,,,,,,,,,,,,,,,,,,,,,,,,,,,,,,,,,,,,,,,,,,,,,,,,,,,,,,,,,,,,,,,,,,,,,,,,,,,,,,,,,,,,,,,,,,,,,,,,,,,,,,,,,,,,,,,,,,,,,,,,,,,,,,,,,,,,,,,,,,,,,,,,,,,,,,,,,,,,,,,,,,,,,,,,,,,,,,,,,,,,,,,,,,,,,,,,,,,,,,,,,,,,,,,
500008-45-7,Chlorantraniliprole,,,,,,,,,,,,,,,,,,,,,,,,,,,,,,,,,,,,,,,22,22,,,,,,5.25,22,,,,,,,,,,,,,,,,,,,,,,,,,,,,,,,,,,,,,,,,,,,,,,,,,,,,,,,,,,,,,,,,,,,,,,,,,,,,,,,,,,,,,,,,,,,,,,,,,,,,,,,,,,,,,,,,,,,,,,,,,,,,,,,,,,,,,,,,,,,,,,,,,,,,,,,,,,,,,,,,,,,,,,,,,,,,,,,,,,,,,,,,,,,,,,,,,,,,,,,,,,,,,,,,,,,,,,,,,,,,,,,,,,,,,,,,,,,,,,,,,,,,,,,,,,,,,,,,,,,,,,,,,,,,,,,,,,,,,,,,,,,,,,,,,,,,,,,,,,,,,,,,,,,,,,,,,,,,,,,,,,,,,,,,,,,,,,,,,,,,,,,,,,,,,,,,,,,,,,,,,,,,,,,,,,,,,,,,,,,,,,,,,,,,,,
54064-34-5,1-[2-(4-Chlorophenyl)cyclopropyl]ethanone,,,,,,,,,,,,,,,,,0.25,,,,,,,,,,,,,,,,,,,,,,,,,,,,,,,,,,,,,,,,,,,,,,,,,,,,,,,,,,,,,,,,,,,,,,,,,,,,,,,,,,,,,,,,,,,,,,,,,,,,,,,,,,,,,,,,,,,,,,,,,,,,,,,,,,,,,,,,,,,,,,,,,,,,,,,,,,,,,,,,,,,,,,,,,,,,,,,,,,,,,,,,,,,,,,,,,,,,,,,,,,,,,,,,,,,,,,,,,,,,,,,,,,,,,,,,,,,,,,,,,,,,,,,,,,,,,,,,,,,,,,,,,,,,,,,,,,,,,,,,,,,,,,,,,,,,,,,,,,,,,,,,,,,,,,,,,,,,,,,,,,,,,,,,,,,,,,,,,,,,,,,,,,,,,,,,,,,,,,,,,,,,,,,,,,,,,,,,,,,,,,,,,,,,,,,,,,,,,,,,,,,,,,,,,,,,,,,,,,,,
646-29-7,Stearate / Octadecanoate,,18.63,,0.84,12.19,,312.7,47.69,31.35,4.663,22,6.898,7.196,2.875,4.622,5.081,14.56,11.58,7.555,7.3,8.19,12.83,55,51.6,55,55,55,55,55,55,55,55,2.77,18.19,6.902,33,33,33,22,22,,,,,18.5,,,48.6,48.65,42.95,8.763,19.17,27.86,51.23,13.19,103.1,14.58,32.3,,,,33,34.16,33,55,,,42.45,,,,,,,,17.4,27.53,69.64,37.03,,,,,,,,,,,,,,,,,,0.6045,,,1.91,,1.573,,,6.307,12.7,,79.71,,,,55,13.04,174.8,16.14,3.92,1.3,2.5,3.63,1.56,3.6,,1.171,2.88,33,33,74.45,110,110,,,,,2.85,,,2.411,11.88,8.35,12,11.71,2.88,3.07,3.53,11,15.89,22,19.39,47.39,10.68,40,18.47,22,22,22,7.119,22,10.58,4.935,6.864,10.42,4.44,16.94,6.191,9.823,7.991,2.119,8.812,11.41,8.703,7.545,36.12,6.681,7.198,6.6,,6.688,8.782,3.107,4.211,18.86,18.45,33,18.3,16.46,27.17,33,17.77,22,20.44,51.03,26.16,33,33,21.98,33,,,,,7,4.6,,,6.48,16.1,19.26,42.45,17.23,44,44,13.65,,,,,10.63,,7.26,2.24,,,0.09727,1.894,48.48,,1.38,27.87,80.07,48.83,28.58,26.4,20.98,4.784,17.49,6.84,16.46,31.48,94.92,27.27,32.17,29.25,12.9,8.674,22.36,27.72,37.35,22.6,2.25,6.194,19.52,70.99,1.319,25.82,7.143,3.668,52.46,41.89,1.248,1.05,2.19,1.711,1.936,11.5,2.68,2.609,2.424,51.24,64.42,75.22,58.9,28.1,24.2,44,98.17,55,23.19,,,,,5.2,35.2,31.86,50.94,7.942,3.81,2.5,4.819,3.011,22,4.282,12.11,11.17,10.19,44,44,44,18.17,10.63,38.05,,55,,55,,,,,,,31.27,66.54,47.17,12.69,15.09,20.58,,110,,,22.8,,48.48,110,43.68,26.52,55,55,4,13.2,55,55,9.3,55,2,8.906,19.63,14.19,32.61,27.33,12.26,8.379,13.43,13.33,21.21,39.01,11,55,0.3831,12.67,51.07,41.71,39.65,3.281,,4.119,,,,,,,,5.24,7.476,2.221,14.9,,6.321,11.77,12.78,8.277,27.5,,,,,,,,7.8,,,14.77,13.67,17.5,11.23,,,,19.59,12.05,12.59,4.357,8.8,,2.254,5.708,16.17,8.231,13.76,8.49,55,3.732,2.268,5.405,10.96,39.85,,38.36,,13.38,,5.986,2.312,55,6.32,13.36,7.456,22.61,29.73,32.21,,,23.93,189.5,8.08,42.68,,,,11,5.68,11,291.2,71.51
78-84-2,2-methylpropanal,,,,,,,,,,,,,,,,,,,,,,,,,,,,,,,,,,,,,,,,,,,,,,,,,,,,,,,,,,,,,,,,,,,,,,,,,,,,,,,,,,,,,,,,,,,,,,,,,,,,,,,,,,,,,,,,,35.59,606.1,25.4,,,,,,,,0.6,,,,,,,,,,,,,,,,,,,,,,,,,,,,,,,,,,,,,,,,,,,,,,,,,,,,,,,,,,,,,,,,,,,,,,,,,,,,,,,,,,,,,,,,,,,,,,,,,,,,,,,,,,,,,,,,,,,,,,,,,,,,,,,,,,,,,,,,,,,,,,,,,,,,,,,,,,,,,,,,,,,,,,,,,,,,,,,,,,,,,,,,,,,,,,,,,,,,,,,,,,,,,,,,,,,,,,,,,,,,13.53,,,,,,,,,37.95,37.69,47.34,,,,,,,,,,,,,,,,,,,,,,,,,,,,,,,,,,,,,,,,,,,,,,,,,,,,,,,,,,,,,,,,,,,,,,,,,,4.26,,,,,,,,,
103-95-7,Cyclamen aldehyde / 3-(4-Isopropylphenyl)-2-methylpropanal,,,,,,,,,,,,13,13.6,33,33,9.64,,,4.313,3.821,4.429,1.2,,,,,,,,,,,,,,,,,,,,,,,,,,,,,,,,32.21,,,,,,,,,,,,,,,,,,,,,,,,,,,,,,,,,,,,,,,,,,,,,,,,,,,,,,,,,,,55.52,1100,276.2,,,,,,,5,0.5,,,,,,,,,,,,,54.53,,,,,,,,,9.44,8.06,22,16.7,9.2,1.42,46.6,22,22,22,22,22,22,22,22,,22,22,22,,,,,,,,,,,,,,,,,,,,33,13.34,,,,,,,,,,,,,,,,,,,,,4.71,27.7,15.13,44,7.63,44,44,4.96,,,,,,,,,,,,,,,,,,,,,,,,,,,,,,,,,,,,,,,,64.94,,110,15.1,,,,,,,,,,,,,,,,,,,,,,,,,,,,,,,,,,22,,,,,,,,,,,,,,55,34.32,,15.14,16.51,11.73,23.79,,,,,,,,,,,,,,,,,,,,55,8.1,23.8,55,55,55,55,29.4,20.7,,,,,,29.82,,16.89,55,33.7,26.6,55,,,,,,,,,,,,,,,,19.21,,,16.07,,,,,,,,,,,,,,,,,,,,,,,,,,,,,,,,,,,,55,,,,,,,,,,,,,,,,,,,,,,,,6.51,,,,,,,,,
590-86-3,3-methylbutanal,,19.41,,,,,,,,,,33,33,33,6.37,33,5.3,11.5,13.7,,12.9,15.1,,,,,,,1.2,55,55,7.2,55,,,,,,,,,,,,,,,,,,,,,,,,,,,,,,,,,,,,,,,,,,,,,,,,,,,,,,,,,,,,,,,,2.1,,,,,,,,6.26,,,,,,,,35.59,606.1,25.4,,,,,,,,,,,,,,,,,,,,,,,,,,,,,,,,,,,,,,,,,,,,,,,,,,,,,,,,,,,,,,,,,,,,,,,,,,,,,,,,,,,,,,,,,,,,,,,,,,,,,,,,,,,,,,,,,,70.12,,,,,,,,,,,,,,,,,,,,,,,,,,15.1,10.5,,,,,,,,,,,,,,,,,,,,,,,,,,,,,,,,,22,,,,6.38,,,,,,,,,,,,,,,,,,,,,,,,,,,,,,,,,,,,,,,,,,,,,,,,,,13.53,,,,,,,,,37.95,37.69,47.34,2.5,,9.2,,7.9,,,,,,,,,,,,,,,,,,,,,,,,,,,,,,,,,,,,,,,,,,,,,,,,,,,,,,,,,,,,,,,,,,,,,6.51,,,,,,,,,
55019-46-0,2-methylhexadecanal,,16.66,,,,,,,,4.648,15.15,7.25,33,3.99,0.96,10.7,14.56,11.08,9.645,,,13.38,55,51.6,55,55,55,55,26.01,48.82,55,33.56,15.62,4.539,5.766,18.49,18.24,18.97,22,22,,,,,18.01,,,52.6,49.22,52.29,6.784,27.4,21.07,25.1,,,14.32,,,,,30.09,43.39,33,55,,,,,,,,,,,15.74,35.53,42.45,17.7,,,,,,,,,,,,,,,,,,,,,3.205,,4.122,,,6.84,,,69.78,,,,55,16.51,199.9,30.14,3.92,1.3,2.5,3.63,1.56,3.6,,0.6,,33,33,110,110,110,,,,,,,,2.413,,8.09,12,11.71,2.88,3.07,3.53,11.92,15.95,22,36.12,55,14.37,22.45,15.09,22,22,22,16.21,22,17.11,22,13.45,12.03,9.989,19.46,7.191,9.711,7.738,2.16,8.617,11.45,4.14,3.325,20.2,4.999,8.838,6.6,,7.178,33,33,17.04,26.94,10.32,33,18.3,16.18,14.09,20.63,6.689,6.178,19.5,40.37,28.6,33,33,22.55,26.76,,,,,7,4.6,,,5.764,15.57,19.2,40.34,21.45,44,44,14.58,,,,,,,,,,,,2.36,36.8,,1.73,27.87,77.97,48.83,39.75,26.4,20.58,4.091,14.44,5.661,28.69,33.28,108.4,26.2,31.7,13.55,15.46,14.69,20.83,36.4,18.94,30.28,2.25,5.874,19.29,60.73,1.182,53.54,5.219,,55,44.6,0.9552,0.7718,3.516,3.932,6.091,22,4.689,10.45,4.247,50.84,46.54,68.9,74.12,,,,73,55,33.39,,,,,5.2,35.2,40.32,55,8.443,2.12,2.48,22,3.011,22,4.282,22,11.17,10.19,44,44,44,18.17,12.84,30.81,,55,,55,,,,,,,31.12,66.54,47.17,12.69,14.66,19.04,,110,,,23.81,,41.93,,48.29,28.32,47.26,,,,,,,,,12.59,17.77,3.81,24.24,18.14,8.35,20.04,22.69,13.6,42.09,55,43.33,55,0.475,9.016,50.54,41.97,49.21,3,,3.3,,,,,,,,7.709,12.69,1.058,13.89,5.79,4.975,,,,26.19,0.64,281.6,5.36,21.17,13.47,27.31,281.6,7.8,,,13.49,12.78,17.5,11.39,,,,6.176,3.54,12.59,4.193,8.8,,1.208,4.16,6.589,22.97,13.76,,55,2.382,2.03,2.569,13.2,55,,55,,22.78,,3.527,1.69,55,5.459,7.279,6.097,17.47,32,17.11,,,23.93,189.5,5.063,45.5,2.518,3.183,3.696,11,5.68,11,357.6,40.76
2765-11-9,pentadecanal,,13.99,,0.84,6.667,,312.7,47.69,31.35,4.369,14.91,7.25,33,3.99,0.96,10.7,15.29,11.76,9.011,,,13.96,55,48.77,55,55,55,55,26.01,48.82,55,33.56,15.62,4.574,6.02,8.601,8.562,9.683,22,22,,,,,19.93,,,52.46,52.99,52.12,7.33,23.67,20.68,44.97,13.36,59.53,14.45,31.24,,,,29.97,46.98,33,55,,,35.81,,,,,,,,19.28,35.53,42.45,17.7,,,,,,,,,,,,,,,,,,0.44,,,2.476,,2.55,,,6.527,,,57.44,,,,48.59,14.08,207.8,39.73,3.915,1.314,2.511,3.64,1.567,3.6,,0.8804,,33,33,110,110,110,,,,,2.85,,,1.663,4.39,4.569,12,11.71,2.088,2.596,2.97,12.23,10.4,12.32,33.28,55,15.62,7.895,22,22,22,22,14.4,22,17,22,16.23,11.85,9.795,19.4,7.344,9.837,8.025,2.246,8.838,11.41,7.073,3.323,20.28,4.999,8.838,6.6,,5.8,24.13,31.98,14.61,24.78,8.105,33,23.61,18.03,16.43,19.15,4.31,3.512,19.43,49.1,28.09,33,33,25.36,33,,,,,7,4.6,,,4.87,14.34,17.6,38.27,25.07,44,44,13.57,,,,,10.63,4.331,7.508,3.03,,,0.1208,2.617,35.12,,1.27,37.12,74.92,47.45,55.41,26.4,21.65,4.517,16.33,6.635,28.71,47.39,118,24.04,28.5,13.55,15.5,16.91,20.88,36.4,17.55,30.28,1.998,6.019,18.82,74.6,1.147,53.52,5.219,,53.38,43.37,1.02,0.8544,3.334,3.932,6.091,22,4.722,11.7,4.209,51.32,48.33,51.1,67.63,,,,76.33,49.11,27.39,,,,,5.2,35.2,47.91,55,10,3.81,2.5,22,3.011,22,4.282,22,12.59,11.56,44,44,38.09,19.77,12.86,24.91,,55,,55,,,,,,1.69,30.91,66.54,47.17,12.69,15.34,18.06,23.67,110,,,20.63,,59.37,110,40.93,43.3,46.72,55,5.058,13.67,55,55,24.1,55,7.33,8.651,26.83,8.5,40.4,26.31,7.64,24.08,15.75,13.44,30.22,55,32.24,55,0.4974,8.201,51.86,38.49,40.73,3,,3.3,,,,,,,,5.89,14.06,1.05,9.342,6.065,3.608,,,,24.51,0.522,281.6,6.751,23.08,17.01,41.85,260,7.8,,,12.22,11.87,15.89,11.59,27.5,0.71,5.16,4.393,2.197,12.59,4.88,8.8,,0.7808,3.22,4.966,34.39,13.76,8.49,55,1.65,1.378,2.685,13.2,55,,55,,40.35,,0.5068,0.5451,55,1.868,9.893,7.19,22.46,27.94,29.85,,,23.93,189.5,3.955,47.25,2.518,3.183,3.696,11,5.68,11,330.7,50.51
629-90-3,Heptadecanal,,13.99,,0.84,6.667,,312.7,47.69,31.35,4.369,14.91,7.25,33,3.99,0.96,10.7,15.29,11.76,9.011,,,13.96,55,48.77,55,55,55,55,26.01,48.82,55,33.56,15.62,4.574,6.02,8.601,8.562,9.683,22,22,,,,,19.93,,,52.46,52.99,52.12,7.33,23.67,20.68,15.62,13.36,59.53,14.45,31.24,,,,29.97,46.98,33,55,,,35.81,,,,,,,,19.28,35.53,42.45,17.7,,,,,,,,,,,,,,,,,,0.44,,,2.476,,2.55,,,6.527,,,57.44,,,,48.59,14.08,207.8,39.73,3.915,1.314,2.511,3.64,1.567,3.6,,0.8804,,33,33,110,110,110,,,,,2.85,,,1.663,4.39,4.569,12,11.71,2.088,2.596,2.97,12.23,10.4,12.32,33.28,55,15.62,7.895,22,22,22,22,14.4,22,17,22,16.23,11.85,9.795,19.4,7.344,9.837,8.025,2.246,8.838,11.41,7.073,3.323,20.28,4.999,8.838,6.6,,5.8,24.13,31.98,14.61,24.78,8.105,33,23.61,18.03,16.43,19.15,4.31,3.512,19.43,49.1,28.09,33,33,25.36,33,,,,,7,4.6,,,4.87,14.34,17.6,38.27,25.07,44,44,13.57,,,,,10.63,4.331,7.508,3.03,,,0.1208,2.617,35.12,,1.27,37.12,74.92,47.45,55.41,26.4,21.65,4.517,16.33,6.635,28.71,47.39,118,24.04,28.5,13.55,15.5,16.91,20.88,36.4,17.55,30.28,1.998,6.019,18.82,74.6,1.147,53.52,6.9,,53.38,43.37,1.02,0.8544,3.334,3.932,6.091,22,4.722,11.7,4.209,51.32,48.33,51.1,67.63,,,,76.33,49.11,27.39,,,,,5.2,35.2,47.91,55,10,3.81,2.5,22,3.011,22,4.282,22,12.59,11.56,44,44,38.09,19.77,12.86,24.91,,55,,55,,,,,,1.69,30.91,66.54,47.17,12.69,15.34,18.06,23.67,110,,,20.63,,59.37,110,40.93,43.3,46.72,55,5.058,13.67,55,55,24.1,55,7.33,8.651,26.83,8.5,40.4,26.31,7.64,24.08,15.75,13.44,30.22,55,32.24,55,0.4974,8.201,51.86,38.49,40.73,3,,3.3,,,,,,,,5.89,14.06,1.05,9.342,6.065,3.608,,,,24.51,0.522,281.6,6.751,23.08,17.01,41.85,260,7.8,,,12.22,11.87,15.89,11.59,27.5,0.71,5.16,4.393,2.197,12.59,4.88,8.8,,0.7808,3.22,4.966,34.39,13.76,8.49,55,1.65,1.378,2.685,13.2,55,,55,,40.35,,0.5068,0.5451,55,1.868,9.893,7.19,22.46,27.94,29.85,,,23.93,189.5,3.955,47.25,2.518,3.183,3.696,11,5.68,11,330.7,50.51
638-66-4,octadecanal / C18-Ald,,13.99,,0.84,6.667,,312.7,47.69,31.35,4.369,14.91,7.25,33,3.99,0.96,10.7,15.29,11.76,9.011,,,13.96,55,48.77,55,55,55,55,55,55,55,55,8,4.574,6.02,8.601,8.562,9.683,22,22,,,,,19.93,,,52.46,52.99,52.12,7.33,23.67,20.68,15.62,13.36,59.53,14.45,31.24,,,,29.97,46.98,33,55,,,35.81,,,,,,,,19.28,35.53,42.45,17.7,,,,,,,,,,,,,,,,,,0.44,,,2.476,,2.55,,,6.527,,,57.44,,,,48.59,14.08,207.8,39.73,3.915,1.314,2.511,3.64,1.567,3.6,,0.8804,,33,33,110,110,110,,,,,2.85,,,1.663,4.39,4.569,12,11.71,2.088,2.596,2.97,12.23,10.4,12.32,33.28,55,15.62,7.895,22,22,22,22,14.4,22,17,22,16.23,11.85,9.795,19.4,7.344,9.837,8.025,2.246,8.838,11.41,7.073,3.323,20.28,4.999,8.838,6.6,,5.8,24.13,31.98,14.61,24.78,8.105,33,23.61,18.03,16.43,19.15,4.31,3.512,19.43,49.1,28.09,33,33,25.36,33,,,,,7,4.6,,,4.87,14.34,17.6,38.27,25.07,44,44,13.57,,,,,10.63,4.331,7.508,3.03,,,0.1208,2.617,35.12,,1.27,37.12,74.92,47.45,55.41,26.4,21.65,4.517,16.33,6.635,28.71,47.39,118,24.04,28.5,13.55,15.5,16.91,20.88,36.4,17.55,30.28,1.998,6.019,18.82,74.6,1.147,53.52,5.219,,53.38,43.37,1.02,0.8544,3.334,3.932,6.091,22,4.722,11.7,4.209,51.32,48.33,51.1,67.63,,,,76.33,49.11,27.39,,,,,5.2,35.2,47.91,55,10,3.81,2.5,22,3.011,22,4.282,22,12.59,11.56,44,44,38.09,19.77,12.86,24.91,,55,,55,,,,,,1.69,30.91,66.54,47.17,12.69,15.34,18.06,23.67,110,,,20.63,,59.37,110,40.93,43.3,46.72,55,5.058,13.67,55,55,24.1,55,7.33,8.651,26.83,8.5,40.4,26.31,7.64,24.08,15.75,13.44,30.22,55,32.24,55,0.4974,8.201,51.86,38.49,40.73,3,,3.3,,,,,,,,5.89,14.06,1.05,9.342,6.065,3.608,,,,24.51,0.522,281.6,6.751,23.08,17.01,41.85,260,7.8,,,12.22,11.87,15.89,11.59,27.5,0.71,5.16,4.393,2.197,12.59,4.88,8.8,,0.7808,3.22,4.966,34.39,13.76,8.49,55,1.65,1.378,2.685,13.2,55,,55,,40.35,,0.5068,0.5451,55,1.868,9.893,7.19,22.46,27.94,29.85,,,23.93,189.5,3.955,47.25,2.518,3.183,3.696,11,5.68,11,330.7,50.51
577-16-2,1-(2-methylphenyl)-ethanone / 2-Methylacetophenone,3.001,55,150.3,9.15,51.85,64.18,39.41,8.29,50.58,6.83,22,,,,,,,,,,13.7,,55,42.63,55,55,41.22,55,,,,,,21.57,13.66,,,,,,,,,,,,,26.86,30.16,28.87,12.11,12.55,33,45.32,,,22,26,,,,23.53,55,33,48.53,,,28.26,,,,,,,,,,,,,,,,,,,,,,,,,,,,,,,,12.9,,2.5,,,,20.84,,,,,,,58.17,442.5,305.8,,,,,,,,,2.52,,,90.79,110,110,,,12.36,13.89,,17.78,,,,,,,,,,9.42,10.53,22,12.1,18.1,1.42,35.22,22,20.23,19.86,17.45,22,22,22,22,22,22,22,22,,,,,,,,,,,,,,,,,,,,,,17.78,33,33,22,22,22,33.87,33,33,33,33,33,,,,,,,,63.7,7.01,16.04,27.53,44,10.99,44,44,11.25,,,,,,,,,,,,,14.2,,,14.83,54.24,37.19,,26.4,,,,,45.77,77.31,73.07,,,9.81,18.79,,37.29,38.5,38.38,20.25,,7.55,,,,46.22,,,55,35.5,,,,,,,,,,,30.78,110,30.11,,,,30.11,,,,,,,,,38.74,55,29.5,,,14.53,,,,4.808,,,,,,,22.84,,14.67,55,,,,,,,,,,,,,,39.22,,,10.8,,,,,,,,,,,,,,,,,18.79,19.44,33.13,25.83,27.81,27.82,55,33.42,19.63,43.14,37.05,30.25,55,,,39.32,38.01,31.63,,,,,,,,,,,,,,15.41,53.46,7.264,,,,32.71,,,,,,,,,11,13.5,,,,11.68,,,,,,9.89,,8.03,,,,,55,,9.52,55,,,,,,,,,,,,,51.04,,16.43,9.62,23.21,20.13,31.74,,,,,4.07,31.86,,,,,,,170.3,78.69
108-83-8,"2,6-Dimethyl-4-heptanone",,,,18.68,83.17,,414.7,38.17,36.93,3.3,,,,,,,,,,,,,,,,,,,,,,,,,,,,,,,,,,,,,,,,,,,,55,,,,,,,,,,,,,,,,,,,,,,,29.99,77,17.69,,,,,,,,,,,,,,,,,,0.58,,,,,,,,,,,106.7,,,,,,,,,,,,,,,,,,,,,,,,,,6.172,,,,,,,,,,,,,,,,,,22,22,22,22,22,22,22,22,,22,22,22,,,,,,,,,,,,,,,,,,,,,,,,,,,,,,,,,,,,,,,,,,,,,,,,,,,,,,,,,,,,,,,,,,,,,13.43,,,,,17.28,,64.21,,,,21.19,,31.18,,40.58,,,12.24,20.94,,,13.74,,,47.9,55,,,,,,,,,,,,,,,,,,,,,,,,,,,,,,,22,,,,6.38,,,,,,,,,,55,,,,,,,,,,,,,,,,,,,,,,,55,55,16.25,,,,,,,,,,,,,,,,,,30.5,55,55,55,,,,,,2,6.3,7.5,,2.5,,,,,,,,,6.81,,2.37,,,,45.75,,,,,,,,,,,,,,,,,,,,,,,,,,,,,,55,,,,,,,,,,,,,55,,,,,,,,,,,6.51,,,,,,,,,
464-48-2,(1s)-(-)-camphor,,,,,,,,,,,,,,,,,,,,,,,,,,,,,,,,,,,,,,,,,,,,,,,,24.16,21.11,28.59,,,,55,,,,,,,,,,,,,,,,,,,,,,,,,,,,,,,,,,,,,,,,,,,,,,,,,,,,,,,,,,,298.2,960.8,56.24,,,,,,,,,,,,50.83,110,110,,,,,,,,,,,,,,,,,,,,,,,22,22,22,22,22,22,22,22,,22,22,22,,,,,,,,,,,,,,,,,,,,,,,,,,,,,,,,,,,,,,,,,,,,,,,,,,20.33,38.72,45.82,39.55,,,,,,,,,,,,,,,,,,,,,,,,,,,,,,,,,,,,61.35,,83.39,,,,,,,,,,,,,,,,,,,,,,,,,,,,,,,,,,,,,,,,,,,,,,8.2,28.91,,55,27.61,,10.12,35.19,26.1,25.75,18.35,,,,,,,,,,,,,,,,,,,,,,,,,,,,,,,,,10.85,,,,,,55,,,,,,,,,,,,,,,,,,,2.55,,,,,,,,,,,,,,,,,11.8,11.8,18.7,42.79,,,,,,,,,,,,,,,,55,,,,,,,,,,,,,,,,,,,,,,,,,,,,,,,,,
583-60-8,2-Methylcyclohexanone,1.76,,,,,,,,,,,,,,,,,,,,,,,,,,,,,,,,,33,14,,,,,,,,,,,,,,,,,,,,,,,,,,,,,,,,,,,,,,,,,,,,,,,,,,,,,,,,,,,,,,,,,,,,,,,,,,,,,,,,,,,,,,,,,,,,,,,,,,,6.64,,,,,,,,,,,,,,,,,,,,,,,,,,,,,,,,,,,,,,,,,,,,,,,,,,,,,,,,,,,,,,,,,,,,,,,,,,,,,,,,,,,,,,,,,,,,,,,,,,,,,,,,,,,,,,,,,,,,,,,,,,,,,,,,,,,,,,,,,,,,,,,,,,,,,,,,,,,,,,,,,,,,,,,,,,,,,,,,,,,,,,,,,,,,,,,,,,,,,,,,,,,,,,,,,,,,,,,,,,,,,,,,,,,,,,,,,,,,,,,,,,,,,,,,,,,,,,,,,,,,,,,,,,,,,,,,,,,,,,,,,,,,,,,,,,,,,,,,,,,,,,,
565-61-7,3-methyl-2-pentanone,,,,18.68,83.17,,414.7,38.17,36.93,3.3,22,,,,,,,,,,,,,,,,,,,,,,,,,,,,22,22,,,,,22,,,19.51,20.41,22.46,16.11,13.2,16.94,41.62,,,,,,,,33,,33,55,,,55.13,,,,,,,,,24.4,,,,,,,,,,,,,,,,,,,,0.58,,,,,,,,,,,106.7,,,,20.92,100.4,900.9,57.44,,,,,,,,,,,,,,,,,,,6.41,,,8.81,5.64,,,,,,,,,,42.4,55,,55,22,22,22,22,22,22,22,22,,22,22,22,,,,,,,97.03,,,,,,,,33,33,33,33,33,29.97,13.77,,,,,,,15,,,,,,,,,,,,,,,,,,,,,,,,,,,,,,,,,,,,,,,,,26.4,,,,,26.62,,,,,,20.04,,23.8,,40.13,,,,,,,12.76,,,51.29,44.48,,,,,,,,,,,,,52.85,,,,76.83,,,,,,,10.6,35.2,,,,,,22,,,,6.38,,,,,,,,,,55,,,,,,,,,,,,,,,,,,,25.14,,,,17.61,14.81,23.02,,,,,,,,,9.494,,,,,,11.73,13.99,19.55,30.5,55,55,55,,,39.1,33.78,35.66,,,,,,,,,,,,,,6.81,,,,,,,,,,,,,,,,,,,,,,,,,,,5.77,,,,,,,,,55,,,,,,,,,,,,,55,,14.11,10.25,37.67,32.61,,,,,,5.857,39.82,,,,,,,,
927-49-1,6-Undecanone,,17.96,,0.84,14.97,,312.7,47.69,31.35,4.668,22,6.767,6.901,2.691,4.11,4.784,16.3,11.53,7.342,7.3,8.19,12.82,55,40.4,55,55,55,42.39,55,55,55,55,2.77,18.2,6.957,33,33,33,22,22,,,,,22,,,42.47,42.12,38.69,11.26,15.7,27.66,55,13.69,119.1,14.42,33.81,,,,33,32.64,33,55,,,41.18,,,,,,,,17.7,27.63,68.05,35.58,,,,,,,,,,,,,,,,,,0.5599,,,2.586,,2.765,,,6.305,12.7,,81.3,,,,55,23.59,157.8,30.06,3.92,1.3,2.5,3.63,1.56,3.6,,1.18,2.88,33,33,73.5,110,110,,,,,2.85,,,2.356,11.97,8.381,12,11.71,2.88,3.07,3.53,11.2,15.37,22,17.93,45.64,10.07,40.25,18.75,22,22,22,7.857,22,11.28,7.674,6.492,11.12,5.106,17.33,7.686,11,11,2.854,11,11,9.261,7.055,39.12,6.705,7.114,6.6,,7.472,3.826,12.99,5.043,18.53,6.079,33,33,16.4,27.44,33,18.11,22,20.52,51.03,26.46,33,33,22.43,33,,,,,7,4.6,,,6.581,15.33,18.89,42.75,16.08,44,44,13.02,,,,,10.63,,7.26,2.24,,,0.09709,1.886,55,,1.38,28.07,81.56,48.83,28.33,26.4,21.08,4.97,18.33,7.163,17.33,32.4,97.76,24.46,25.96,28.59,13.11,10.2,21.92,28.45,35.82,22.62,2.25,7.034,19.52,73.35,1.319,25.9,7.176,3.577,53,42.06,1.254,1.056,2.185,1.711,1.936,11.5,2.689,2.564,2.437,51.27,64.35,76.9,57.04,28.1,24.2,44,99.13,55,23.24,,,,,5.2,35.2,32.54,49.97,7.931,3.81,2.5,22,3.011,22,4.282,10.74,11.17,10.19,44,44,44,18.17,9.369,38.27,,55,,55,,,,,,,30.1,,,,15.54,22.25,,110,,,23.02,,48.49,110,44.57,35.25,55,55,4,13.2,55,55,9.3,55,2,8.345,18.72,15.33,31.57,27.48,13.17,8.543,12.57,13.59,21.06,38.91,10.87,55,0.3831,13.98,46.83,34.44,29.14,3,,3.3,,,,,,,,6.129,7.496,2.469,17.12,,6.324,11.77,12.78,8.277,26.72,,,,,,,,,,,14.59,13.43,17.5,10.8,,,,19.59,12.05,12.59,4.318,8.8,,2.278,5.749,16.14,8.407,13.76,8.49,55,3.729,2.295,5.427,10.97,55,,55,,10.64,,6.772,2.356,55,6.058,14.52,6.817,20.56,30.07,29.82,,,23.93,189.5,8.315,42.54,,,,,,,255.8,101.9
2345-27-9,2-tetradecanone,,18.73,,0.84,23.72,,312.7,47.69,31.35,4.968,22,6.901,7.279,2.883,4.573,5.11,14.57,11.58,7.59,7.3,8.19,12.83,55,40.51,55,55,55,46.04,55,55,55,55,2.77,18.23,6.905,33,33,33,22,22,,,,,22,,,43.16,42.64,39.46,12.09,15.7,27.9,36.76,13.59,110.9,14.89,33.28,,,,33,34.07,33,55,,,45.43,,,,,,,,17.58,27.06,49.02,27.65,,,,,,,,,,,,,,,,,,0.7061,,,1.974,,1.673,,,6.318,12.7,,79.66,,,,55,10.55,120.8,11.12,3.92,1.3,2.5,3.63,1.56,3.6,,1.175,2.88,33,33,76.55,110,110,,,,,2.85,,,2.317,10.59,7.276,12,11.71,2.88,3.07,3.53,11.68,14.24,22,14.99,41.89,8.796,44.33,18.24,22,22,22,6.575,22,10.05,6.396,4.937,9.883,3.966,16.63,7.533,11,11,2.908,11,11,8.666,7.554,36.15,6.672,7.177,6.6,,6.681,13.3,3.517,6.332,23.87,33,33,18.37,13,25.49,33,19.86,22,19.96,38.98,27.6,33,33,19.24,33,,,,,7,4.6,,,6.559,15.51,19.04,42.64,16.44,44,44,13.25,,,,,10.63,,7.26,2.24,,,0.09838,2.274,48.6,,0.9451,27.87,80.19,48.83,28.46,26.4,20.98,4.784,17.49,6.84,17.75,32.72,94.83,27.29,32.17,29.26,16.36,8.658,20.56,27.63,37.17,22.59,2.25,6.197,19.5,67.1,1.319,27.85,8.257,3.669,53.04,40.13,1.492,1.267,1.941,1.711,1.936,11.5,3.187,2.331,2.93,51.38,69.53,72.06,58.81,28.1,24.2,44,98.19,55,23.27,,,,,5.2,35.2,31.78,50.97,7.775,3.81,2.5,2.404,3.011,22,4.282,12.11,11.17,10.19,44,44,44,18.17,10.6,38.16,,55,,55,,,,,,,31.27,66.54,47.17,12.69,15.1,21.93,,110,,,23.71,,48.71,110,42.97,34.63,55,55,4,13.2,55,55,9.3,55,2,7.909,19.63,14.19,32.61,27.33,12.26,7.841,10.61,13.05,21.32,32.6,9.544,55,0.3936,10.43,50.12,41.31,37.42,3.036,,4.392,,6.14,,,,,,4.203,4.654,1.842,16.7,9.21,7.398,11.77,12.78,8.277,27.57,0.21,281.6,18.92,33.91,48.29,281.6,182.2,7.8,,,14.79,13.68,17.5,11.18,27.5,0.71,5.16,17.5,10.65,12.59,4.844,8.8,,2.266,5.728,16.15,6.436,13.76,8.49,55,3.595,2.03,8.56,10.76,40.68,,42.11,,10.02,,12.45,3.411,55,6.016,14.15,7.723,25.13,28.64,32.21,,,23.93,189.5,8.72,41.6,,,,11,5.68,11,292.2,70.82
18787-63-8,2-hexadecanone,,18.73,,0.84,23.72,,312.7,47.69,31.35,4.968,22,6.901,7.279,2.883,4.573,5.11,14.57,11.58,7.59,7.3,8.19,12.83,55,40.51,55,55,55,46.04,55,55,55,55,2.77,18.23,6.905,33,33,33,22,22,,,,,22,,,43.16,42.64,39.46,12.09,15.7,27.9,55,13.59,110.9,14.89,33.28,,,,33,34.07,33,55,,,45.43,,,,,,,,17.58,27.06,49.02,27.65,,,,,,,,,,,,,,,,,,0.7061,,,1.974,,1.673,,,6.318,12.7,,79.66,,,,55,10.55,120.8,11.12,3.92,1.3,2.5,3.63,1.56,3.6,,1.175,2.88,33,33,76.55,110,110,,,,,2.85,,,2.317,10.59,7.276,12,11.71,2.88,3.07,3.53,11.68,14.24,22,14.99,41.89,8.796,44.33,18.24,22,22,22,6.575,22,10.05,6.396,4.937,9.883,3.966,16.63,7.533,11,11,2.908,11,11,8.666,7.554,36.15,6.672,7.177,6.6,,6.681,13.3,3.517,6.332,23.87,33,33,18.37,13,25.49,33,19.86,22,19.96,38.98,27.6,33,33,19.24,33,,,,,7,4.6,,,6.559,15.51,19.04,42.64,16.44,44,44,13.25,,,,,10.63,,7.26,2.24,,,0.09838,2.274,48.6,,0.9451,27.87,80.19,48.83,28.46,26.4,20.98,4.784,17.49,6.84,17.75,32.72,94.83,27.29,32.17,29.26,16.36,8.658,20.56,27.63,37.17,22.59,2.25,6.197,19.5,67.1,1.319,27.85,8.257,3.669,53.04,40.13,1.492,1.267,1.941,1.711,1.936,11.5,3.187,2.331,2.93,51.38,69.53,72.06,58.81,28.1,24.2,44,98.19,55,23.27,,,,,5.2,35.2,31.78,50.97,7.775,3.81,2.5,0.68,3.011,22,4.282,22,11.17,10.19,44,44,44,18.17,10.6,38.16,,55,,55,,,,,,,31.27,66.54,47.17,12.69,15.1,21.93,,110,,,23.71,,48.71,110,42.97,34.63,55,55,4,13.2,55,55,9.3,55,2,7.909,19.63,14.19,32.61,27.33,12.26,7.841,10.61,13.05,21.32,32.6,9.544,55,0.3936,10.43,50.12,41.31,37.42,3.036,,4.392,,6.14,,,,,,4.203,4.654,1.842,16.7,9.21,7.398,11.77,12.78,8.277,27.57,0.21,281.6,18.92,33.91,48.29,281.6,182.2,7.8,,,14.79,13.68,17.5,11.18,27.5,0.71,5.16,17.5,10.65,12.59,4.844,8.8,,2.266,5.728,16.15,6.436,13.76,8.49,55,3.595,2.03,8.56,10.76,40.68,,42.11,,10.02,,12.45,3.411,55,6.016,14.15,7.723,25.13,28.64,32.21,,,23.93,189.5,8.72,41.6,,,,11,5.68,11,292.2,70.82
2922-51-2,2-heptadecanone,,18.73,,0.84,23.72,,312.7,47.69,31.35,4.968,22,6.901,7.279,2.883,4.573,5.11,14.57,11.58,7.59,7.3,8.19,12.83,55,40.51,55,55,55,46.04,55,55,55,55,2.77,18.23,6.905,33,33,33,22,22,,,,,22,,,43.16,42.64,39.46,12.09,15.7,27.9,55,13.59,110.9,14.89,33.28,,,,33,34.07,33,55,,,45.43,,,,,,,,17.58,27.06,49.02,27.65,,,,,,,,,,,,,,,,,,0.7061,,,1.974,,1.673,,,6.318,12.7,,79.66,,,,55,10.55,120.8,11.12,3.92,1.3,2.5,3.63,1.56,3.6,,1.175,2.88,33,33,76.55,110,110,,,,,2.85,,,2.317,10.59,7.276,12,11.71,2.88,3.07,3.53,11.68,14.24,22,14.99,41.89,8.796,44.33,18.24,22,22,22,6.575,22,10.05,6.396,4.937,9.883,3.966,16.63,7.533,11,11,2.908,11,11,8.666,7.554,36.15,6.672,7.177,6.6,,6.681,13.3,3.517,6.332,23.87,33,33,18.37,13,25.49,33,19.86,22,19.96,38.98,27.6,33,33,19.24,33,,,,,7,4.6,,,6.559,15.51,19.04,42.64,16.44,44,44,13.25,,,,,10.63,,7.26,2.24,,,0.09838,2.274,48.6,,0.9451,27.87,80.19,48.83,28.46,26.4,20.98,4.784,17.49,6.84,17.75,32.72,94.83,27.29,32.17,29.26,16.36,8.658,20.56,27.63,37.17,22.59,2.25,6.197,19.5,67.1,1.319,27.85,8.257,3.669,53.04,40.13,1.492,1.267,1.941,1.711,1.936,11.5,3.187,2.331,2.93,51.38,69.53,72.06,58.81,28.1,24.2,44,98.19,55,23.27,,,,,5.2,35.2,31.78,50.97,7.775,3.81,2.5,0.62,3.011,22,4.282,22,11.17,10.19,44,44,44,18.17,10.6,38.16,,55,,55,,,,,,,31.27,66.54,47.17,12.69,15.1,21.93,,110,,,23.71,,48.71,110,42.97,34.63,55,55,4,13.2,55,55,9.3,55,2,7.909,19.63,14.19,32.61,27.33,12.26,7.841,10.61,13.05,21.32,32.6,9.544,55,0.3936,10.43,50.12,41.31,37.42,3.036,,4.392,,6.14,,,,,,4.203,4.654,1.842,16.7,9.21,7.398,11.77,12.78,8.277,27.57,0.21,281.6,18.92,33.91,48.29,281.6,182.2,7.8,,,14.79,13.68,17.5,11.18,27.5,0.71,5.16,17.5,10.65,12.59,4.844,8.8,,2.266,5.728,16.15,6.436,13.76,8.49,55,3.595,2.03,8.56,10.76,40.68,,42.11,,10.02,,12.45,3.411,55,6.016,14.15,7.723,25.13,28.64,32.21,,,23.93,189.5,8.72,41.6,,,,11,5.68,11,292.2,70.82
108-94-1,cyclohexanone,1.76,,,,,,,,,,,,,,,,,,,,,,,,,,,,,,,,,33,14,,,,,,,,,,,,,,,,,,,,,,,,,,,,,,,,,,,,,,,,,,,,,,,,,,,,,,,,,,,,,,,,,,,,,,,,,,,,,,,,,,,,,,,,,,,,,,,,,,,,10.73,,,,,,,,,,,,,,,,,,,,,,,,,,,,,,,,,,,,,,,,,,,,,,,,,,,,,,,,,,,,,,,,,,,,,,,,,,,,,,,,,,,,,,,,,,,,,,,,,,,,,,,,,,,,,,,,,,,,,,,,,,,,,,,,,,,,,,,,,,,,,,,,,,,,,,,,,,,,,,,,,,,,,,,,,,,,,,,,,,,,,,,,,,,,,,,,,,,,,,,,,,,,,,,,,,,,,,,,,,,,,,,,,,,,,,,,,,,,,,,,,,,,,,,,,,,,,,,,,,,,,,,,,,,,,,,,,,,,,,,,,,,,,,,,,,,,,,,,,,,,,,
122-03-2,4-(1-methylethyl)-benzaldehyde / p-Isopropylbenzaldehyde / cuminaldehyde,3.68,55,60.83,2.48,17.95,18.77,18.11,9.73,,4.76,22,13,13.6,33,33,9.64,,,4.505,3.756,4.426,1.2,,,,,,,,,,,,33,33,,,,22,22,,,,,22,,,38.05,38.41,35.38,7.958,16.28,33,34.18,,,22,,,,,33,55,33,55,,,,,,,,,,,,44,77,44,,,,,,,,,,,,,,,,,,,,,,,,,,,,,,,,,,55.52,1100,276.2,,,,,,,5,0.5,2.649,,,110,110,110,,,28.43,,,,54.53,0.85,8.67,,,,,,,13.84,9.734,22,19.86,20.66,9.093,50.23,22,22,22,22,22,22,22,22,22,22,22,22,3.05,11,11,1.62,11,11,,8.79,31.86,11.56,20.36,,,,,,,,,33,13.34,8.9,24.49,12.75,22,22,22,22.3,33,33,33,16.26,33,,,,,,,,,4.71,27.7,15.13,44,7.63,44,44,4.96,,,,,,,,,,8.1,,,44.21,,,,21.53,,,26.4,,,,,32.16,75.41,80.66,,24.96,14.07,20.85,11.6,44.69,6.81,34.71,23.84,,10.53,,10.91,,40.77,7.9,,55,34.8,,,,,,,,,,49,23.35,19.47,40.46,,,,32.14,,,,,,,35.2,12.9,55,55,,,,22,,,,5.66,,18.75,21.7,44,18.93,18.06,11.2,,,55,34.32,,15.14,16.51,11.73,23.79,,0.81,15.56,,,,,,16.85,,3.819,,,,,,55,55,55,55,8.1,23.8,55,55,55,55,29.4,20.7,15.29,42.01,23.69,28.65,25.03,29.82,,16.89,55,33.5,27.92,55,,,,,,,,,,,,,,,,19.21,,,6.624,,,,,,16.94,,,,,,,,,,,9.5,10.5,16.2,96.51,,,,22,,,,,,22,22,22,55,,,55,,,,,7.75,,7.47,,16.22,,,,55,13.13,,,,,,,,,,4.163,20.23,,,,,,,192.9,523.1
104-87-0,4-methylbenzaldehyde,3.68,55,60.83,2.48,17.95,18.77,18.11,9.73,,4.76,22,,,,,,,,,,,,,,,,,,,,,,,33,33,,,,22,22,,,,,22,,,39.49,39.82,36.99,7.836,15.76,33,35.47,,,22,,,,,33,55,33,55,,,,,,,,,,,,44,77,44,,,,,,,,,,,,,,,,,,,,,,,,,,,,,,,,,,55.52,1100,276.2,,,,,,,,,2.657,,,110,110,110,,,28.43,,,,54.53,0.85,8.67,,,,,,,16.7,10.68,22,21.62,30.7,22.56,52.11,22,22,22,22,22,22,22,22,22,22,22,22,3.05,11,11,1.62,11,11,,8.79,31.86,11.56,20.36,,,,,,,,,33,13.34,8.9,24.49,12.75,22,22,22,22.3,33,33,33,16.26,33,,,,,,,,,4.71,27.7,15.13,44,7.63,44,44,4.96,,,,,,,,,,8.1,,,44.21,,,,21.82,22.91,,26.4,,,,,32.16,75.41,80.66,,24.96,14.07,20.85,11.6,44.69,6.81,34.71,23.84,,10.53,,6.611,,28.66,8.042,,55,34.8,,,,,,,,,,49,23.35,19.47,40.46,,,,32.14,,,56.11,13.02,118.1,6.69,35.2,12.9,55,55,,,,22,,,,5.66,,18.75,21.7,44,18.93,18.06,11.2,,,55,34.32,,15.14,16.51,11.73,23.79,,0.81,15.56,,,,,,16.69,,4.1,,,,,,55,55,55,,,,,,,,,20.7,15.31,42.2,23.69,28.59,24.99,29.82,,16.89,55,33.3,29.3,55,,,,,,,,,,,,,,,,,,,2.73,,,,,,16.94,,,,,,,,,,,9.5,10.5,16.2,96.51,,,,22,,,,,,22,22,22,55,,,55,,,,,7.75,,7.47,,16.22,,,,55,13.13,,,,,,,,,,4.178,20.23,,,,,,,192.9,523.1
98-01-1,furfural / furaldehyde,,55,,,,,,,,,22,,,,,,0.31,,,,,,,,,,,,,,,,,33,33,,,,22,22,,,,,22,,,27.53,28.02,24.02,9.1,21.53,33,13.64,,,22,,,,,33,55,33,55,,,,,,,,,,,,44,77,44,,,,,,,,,,,,,,,,,,,,,,,,,,,,,,,,,,,,,,,,,,,,,3.2,,,110,110,110,,,28.43,,,,,0.85,,,,,,,,22,12.23,22,24.5,55,86,55,22,22,22,22,22,22,22,22,22,22,22,22,3.05,11,11,1.62,11,11,,8.79,31.86,,,,,,,,,,,,,8.9,24.49,12.75,22,22,22,22.3,33,33,33,16.26,33,,,,,,,,,,,,,,,,,,,,,,,,,,,,,44.21,,,,48.37,,,26.4,,,,,32.16,75.41,80.66,,24.96,14.07,20.85,11.6,44.69,6.81,34.71,23.84,,10.53,,,,86.99,8.2,,55,34.8,,,,,,,,,,49,23.35,19.47,40.46,,,,32.14,,,,,,,35.2,12.9,55,55,,,,22,,,,5.66,,18.75,21.7,44,18.93,18.06,11.2,,,55,,,,,,,,0.81,15.56,,,,,,24.63,,,,,,,,55,55,55,,,,,,,,,,16.63,55,23.63,25.48,22.93,,,,55,33.3,29.3,55,,,,,,,,,,,,,,,,,,,2.73,,,,,,16.94,,,,,,,,,,,9.5,10.5,16.2,96.51,,,,22,,,,,,22,22,22,55,,,55,,,,,55,,55,,23.93,,,,55,13.13,,,,,,,,,,4.44,,,,,,,,192.9,523.1
119-61-9,benzophenone,3.143,55,105,4.01,17.99,21.26,38.78,2.72,,3.75,22,9.601,6.78,7.044,33,6.652,,,4.606,8.828,6.671,2.7,55,48.74,55,46.05,40.43,37.71,,,,,,24.78,24.16,,,,22,22,,,,,22,,,40.04,39.57,36.32,13.63,16.26,33,34.63,,,22,,,,,21.76,55,33,55,,,,,,,,,,,,16.8,77,44,,,,,,,,,,,,,,,,,,,,,12.9,,2.5,,,,35,,15.69,,,,,58.17,442.5,305.8,,,,,,,,1.006,2.674,,,89.12,110,110,,,32.86,,,17.78,19.75,1.906,,,,,,,,12.23,11.03,22,15.03,25.48,5.02,40.4,22,19.38,18.84,15.49,22,22,22,22,22,22,22,22,3.05,11,11,1.62,11,11,,8.79,31.86,,,,,,33,33,33,33,33,33,33,18.62,22.31,29.16,22,22,22,31.77,33,33,33,30.09,33,,,,,,,,,,,,,,,,,,,,,,,,,390,,,,22.09,,,91.81,78.26,37.19,,26.4,,,,,32.16,75.41,80.66,22.32,24.96,23.27,20.85,15.77,44.69,16.19,34.71,25.08,,10.53,,36.5,,46.39,8.401,3.336,55,32.33,,,,,,,,,,33.15,26.28,48.95,18.71,28.1,24.2,44,26.51,,,,,,,35.2,12.9,55,55,,,,22,,,,12.75,,18.75,21.7,44,18.93,18.06,11.58,16.88,14.67,41.36,,,,,,,,0.81,15.56,,,,,,24.63,,10.8,,,,,,55,55,55,55,6.5,23.3,55,55,25.5,55,12.3,18.79,20.52,32.02,22.2,29.94,29.58,55,33.42,19.63,42.4,41.17,31.07,44.74,,,,,,,,,,,,,,,,,,,8.658,11.46,4.729,14.73,10.4,5.654,24.26,,,,,,,,,,,9.5,10.5,16.2,19.57,,,,27.32,,9.89,,8.03,,15.92,27.32,27.32,55,,9.52,13.68,,,,,14.11,,18.91,,11.19,,,,48.73,13.19,,,,,,,,,,4.44,,,,,,,,192.9,523.1
818-72-4,1-octyn-3-ol,,25.95,,,,,,,,2.79,22,,,,,,,,10.7,,,11.8,,,,,,,,,,,,20.14,5.779,33,33,33,22,22,,,,,18.16,,,50.6,47.88,47.65,6.324,25.79,29.05,50.16,,,14.29,,,,,33,22.2,33,55,,,,,,,,,,,,40.94,46.4,26.79,,,,,,,,,,,,,,,,,,,,,12.9,,55,,,6.84,,,,,,,55,104.7,641.3,152.9,,,,,,,,0.6838,,,,110,110,110,,,,,,,,4.93,,8.09,12,11.71,2.88,3.07,3.53,11.92,15.36,22,32.76,55,13.74,31.42,13.94,22,22,22,22,22,8.901,5.863,,22,10.05,22,4.21,11,11,1.909,11,11,4.14,9.212,42.74,2.28,2.86,,,8.9,15.01,33,33,33,33,,,19.91,13.39,33,22,22,22,22.6,33,33,33,27.64,23.07,,,,,,,,,9.05,21.16,29.93,44,21.29,44,44,27.09,,,,,,,,,,,,,55,,,,86.85,,14.75,20.88,21.99,4.657,16.95,6.966,11.62,1.22,76.62,31.78,32.95,23.65,12.37,7.561,24.76,25.26,34.76,29.91,2.25,6.652,19.77,73.48,,55.82,10.23,,41.7,55,,,,1.711,1.936,11.5,,,,,42.72,61.51,71.88,,,,79.46,55,28.74,,,,,,,29.45,55,8.443,2.12,2.48,7.072,3.011,22,4.282,17.49,11.17,10.19,44,44,44,18.17,8.617,58.11,,55,,,,,,,,,,,,,,,,59.3,,,24.79,,30.18,,55,17.99,55,,,,,,,,,12.4,,,,,,12.82,19.54,15.1,55,55,55,55,,35.2,40.27,9.84,12.25,,,,,,,,,,,36.45,44,0.96,21.08,,6.302,,,,32.45,,,,,,,,,,,15.05,13.83,17.5,12.01,,,,22,,12.59,4.197,,,25.99,44,44,55,13.76,,55,2.905,13.2,2,13.2,,,,,,,,,55,,9.212,5.086,16.35,30.35,25.6,,,,,4.924,,,,,,,,357.6,40.76
316-41-6,Berberine sulfate,,,,,,,,,,,6.55,,,,,,,,,,,,,,,,,,,,,,,,,,,,,,,,,,,,,,,,,,,,,,,,,,,,,,,,,,,,,,,,,,,,,,,,,,,,,,,,,,,,,,,,,,,,,,,,,,,,,,,,,,,,,,,,,,,,,,,,,,,,,,,,,,,,,,,,,,,,,,,,,,,,,,,,,,,,,,,,,,,,,,,,,,,,,,,,,,,,,,,,,,,,,,,,,,,,,,,,,,,,,,,,,,,,,,,5.55,,,,,,,,,,,,,,,,,,,,,,,,,,,,,,,,,,,,,,,,,,,,,,,,,,,,,,,,,,,,,,,,,,,,,,,,,,,,,,,,,,,,,,,,,,,,,,,,,,,,,,,,,,,,,,,,,,,,,,,,,,,,,,,,,,,,,,,,,,,,,,,,,,,,,,,,,,,,,,,,,,,,,,,,,,,,,,,,,,,,,,,,,,,,,,,,,,,,,,,,,,,,,,,,,,,
3622-84-2,N-butyl-benzenesulfonamide / nBBSA,,,,,,,,,,,,6.741,3.65,2.478,9.245,3.639,,,4.858,7.3,3.875,,,,,,,,,,,,,12.9,4.7,,,,,,,,,,,,,,,,,,,,,,,,,,,,,,,,,,,,,,,,,,7.18,,,,,,,,,,,,,,,,,,,,0.48,,,,,,,,,24.22,,,,,,,,,,,,,,,,,0.8481,2.88,,,12.63,10.28,5.82,,,12.36,13.89,,,,,,,,,,,,,,,,,,,,,,,,,,,,,,,,,,,,,,,,,,,,,,,,,,,,,,,,,,,,,,,,,,,,,,,,,,,,,,,,,,,,,,,,,,,,4.35,,,14.83,,,,,,,,,,,,,,,,,,,,,,,,,,,4.2,3.666,,,,,,,,,,,,,,,11.19,28.1,24.2,44,11.5,,,,,,,,,,,,,,8.697,,,,9.964,,,,,,,,,,38.89,,,,,,,,,,,,,,,,,,,,,,,,,,,,,,,,,,,,,,,,,,,,,,39.12,,,,,,,,,,,,,,,,,,,,,,18.4,12.78,8.277,,,,,,,,,,,,,,,,,,,,,,,,,,,,,,,5.833,,,,,,,,,,,,,,,,,,,,,,,,,,,,,,,,,
26049-69-4,"1,1-dimethyl-2-[4-(5-nitrofuran-2-yl)-1,3-thiazol-2-yl] hydrazine / DMNT",,,,,,,,,,,,,,,,,,,,,,,,,,,,,,,,,,,,,,,,,,,,,,,,,,,,,,,,,,,,,,,,,,,,,,,,,,,,,,,,,,,,,,,,,,,,,,,,,,,,,,,,,,,,,,,,,,,,,,,,,,,,,,,,,,,,,,,,,,,,,,,,,,,,,,,,,,,,,,,,,,,,,,,,,,,,,,,,,,,,,,,,,,,,,,,,,,,,,,,,,,,,,,,,,,,,,,,,,,,,,,,,,,,,,,,,,,,,,,,,,,,,,,,,,,,,,,,,,,,,,,,,,,,,,,,,,,,,,,,,,,,,,,,,,,,,,,,,,,,,,,,,,,,,,,,,,,,,,28.41,,,,,,,,,,,,,,,,,,,,,,,,,,,,,,,,,,,,,,,,,,,,,,,,,,,,,,,,,,,,,,,,,,,,,,,,,,,,,,,,,,,,,,,,,,,,,,,,,,,,,,,,,,,,,,,,,,,,,,,,
683221-02-5,3-amino-3-[4-(methylsulfanyl)phenyl]-1-propanol,,,,,,,,,,,,,,,,,0.09,,,,,,,,,,,,,,,,,,,,,,,,,,,,,,,,,,,,,,,,,,,,,,,,,,,,,,,,,,,,,,,,,,,,,,,,,,,,,,,,,,,,,,,,,,,,,,,,,,,,,,,,,,,,,,,,,,,,,,,,,,,,,,,,,,,,,,,,,,,,,,,,,,,,,,,,,,,,,,,,,,,,,,,,,,,,,,,,,,,,,,,,,,,,,,,,,,,,,,,,,,,,,,,,,,,,,,,,,,,,,,,,,,,,,,,,,,,,,,,,,,,,,,,,,,,,,,,,,,,,,,,,,,,,,,,,,,,,,,,,,,,,,,,,,,,,,,,,,,,,,,,,,,,,,,,,,,,,,,,,,,,,,,,,,,,,,,,,,,,,,,,,,,,,,,,,,,,,,,,,,,,,,,,,,,,,,,,,,,,,,,,,,,,,,,,,,,,,,,,,,,,,,,,,,,,,,,,,,,,,
505-23-7,"1,3-Dithiane",,,,,,,,,,,,,,,,,,,,,,,,,,,,,,,,,,,,,,,,,,,,,,,,,,,,,,,,,,,,,,,,,,,,,,,,,,,,,,,,,,,,,,,,,,,,,,,,,,,,,,,,,,,,,,,,,,,,,,,,,,,,,,,,,,,,,,,,,,,,,,,,,,,,,,,,,,,,,,,,,,,,,,,,,,,,,,,,,,,,,,,,,,,,,,,,,,,,,,,,,,,,,,,,,,,,,,,,,,,,,,,,,,,,,,49.63,,,,,,,,,,,,,,,,,,,,,,,,,,,,,,,,,,,,,,,,,,,,,,,,,,,,,,,,,,,,,,,,,,,,,,,,,,,,,,,,,,,,,,,,,,,,,,,,,,,,,,,,,,,,,,,,,,,,,,,,,,,,,,,,,,,,,,,,,,,,,,,,,,,,,,,,,,,,,,,,,,,,,,,,,,,,,,,,,,,,,,,,,,,,,,,,,,,,,,,,,,,,,,,
15806-20-9, Phenylbenzylhydrazine,,,105,4.01,17.99,21.26,38.78,2.72,,3.75,,,,,,,,,,4.7,,,55,55,55,28.3,55,13.4,,,,,,10.1,9.1,,,,,,,,,,,,,31.12,30.56,22.18,,,,41.49,,,,,,,,,,,,,,,,,,,,,,,,,,,,,,,,,,,,,,,,,,,,,,,,,,,,,,15.69,,,,,,,,,,,,,,,,,,,110,110,110,,,,,,,,5.02,,,,,,,,,,,27.1,55,103.2,26.57,22,22,22,22,19.41,22,22,22,22,22,15.96,22,,,,,,,,,,,,,,,33,33,33,33,33,24.16,33,33,33,33,22,22,22,55,33,33,33,33,33,,,,,,,,,,,,,,,,,,,,,,,,,,,,,55,,,90.52,79.99,,,,,,,,,,,22.32,,38.5,,21.44,,38.5,,26.38,,,,36.5,,13.72,,,55,34.5,,,,,,,,,,32.53,34.89,54.78,52.85,,,,53.47,,,,,,,,,55,55,,,,22,,,,22,,,,,,,11.8,16.88,,55,23.8,,5.47,55,22.21,17.5,56.93,,,,,,,,,,,,,,26.5,,55,55,55,55,6.5,23.3,55,55,25.5,55,12.3,,,,,,,,,,34,55,26.1,55,,,40.3,37.94,14.82,,,,,,,,,,,,,,8.81,,4.18,,,,,,,,,,,,,,,,,,,,,,31.11,,,,,,13.11,31.11,31.11,55,,,55,,,,,55,,11.2,,8.97,,,,49.82,13.26,,,,,,,,,,,,,,,,,,,
390379-43-8,N-p-isopropylphenyl-p-hydroxybenzimine,,,,,,,,,,,,,,,,,,,6.1,1.1,4.2,1.2,,,,,,,,,,,,,,,,,,,,,,,,,,,,,,,,32.21,,,,,,,,,,,,,,,,,,,,,,,,,,,,,,,,,,,,,,,,,,,,,,,,,,,,,,,,,,,55.52,1100,276.2,,,,,,,5,0.5,,,,,,,,,,,,,54.53,,,,,,,,,9.44,8.06,22,16.7,9.2,1.42,46.6,22,22,22,22,22,22,22,22,,22,22,22,,,,,,,,,,,,,,,,,,,,33,13.34,,,,,,,,,,,,,,,,,,,,,4.71,27.7,15.13,44,7.63,44,44,4.96,,,,,,,,,,,,,,,,,,,,,,,,,,,,,,,,,,,,,,,,64.94,,110,9.953,,,,,,,,,,,,,,,,,,,,,,,,,,,,,,,,,,22,,,,,,,,,,,,,,55,34.32,,15.14,16.51,11.73,23.79,,,,,,,,,,,,,,,,,,,,55,8.1,23.8,55,55,55,55,29.4,20.7,,,,,,29.82,,16.89,55,33.7,26.6,55,,,,,,,,,,,,,,,,19.21,,,16.07,,,,,,,,,,,,,,,,,,,,,,,,,,,,,,,,,,,,55,,,,,,,,,,,,,,,,,,,,,,,,,,,,,,,,,
60778-02-1,Quercetin-3-O-β-D-glucose-7-O-β-D-gentiobioside,,,,,,,,,,,5.691,6.87,5.68,6.13,3.82,2.5,,,,,,,,,,,,,,,,,,,,,,,,,,,,,,,,,,,,,,,,,,,,,,10.14,,6.113,,,,,,,,,,,,9.636,12.09,,,,,,,,,,,,,,,,,,,,,,,,,,,,,,,,,,,,,,,,,,,,,,,,,,,,,,,,,,,,1.19,,3.7,,,,,,,,,,,,,,,,,,,,,22,,,,,,,,,,,,,,,,,,,,,,,,,,,,,,,,,,,,,,,,,,,,,,,,,,,,,,,,,,,,,,,,,,,,,,,,,,,,,,,,,,,,,,,,,,,,,,,,,,,,,,,,,,,,,,,,,,,,,,,,,,,,,,,,,,,,,,,,,,,,,,,,,,,,,,,1.82,,,,,,,,,,,,,,,,,,,,,,,,,,,,,,,,,,,,,,,,,,,,,,,,,,,,,,,,,,,,,,,,,,,,,,,2.2,,,,,,,,,,,,,,,,,,,,,,,,,,,,,,,,,,,,,,,,,,,,,,,,,,,,,,,
4852-22-6,Procyanidin,,,,,,,,,,,,,,,,,,,,,,,,,,,,,,,,,,,,,,,,,,,,,,,,,,,,,,,,,,,,,,11.92,,15.26,,,,,,,,,,,,,4.52,,,,,,,,,,,,,,,,,,,,,,,,,,,,,,,,,,,,,,,,,,,,,,,,,,,,,,,,,,,,,,,,,,,,,,,,,,,,,,,,,,,,,,,,,,,,,,,,,,,,,,,,,,,,,,,,,,,,,,,,,,,,,,,,,,,,,,,,,,,,,,,,,,,,,,,,,,,,,,,,,,,,,,,,,,,,,,,,,,,,,,,,,,,,,,,,,,,,,,,,,,,,,,,,,,,,,,,,,,,,,,,,,,,,,,,,,,,,,,,,,,,,,,,,,,,,,,,,,,,,,,,,,,,,,,,,,,,,,,,,,,,,,,,,,,,,,,,,,,,,,,,,,,,,,,,,,,,,,,,,,,,,,,,,,,,,,,,,,,,,,,,,,,,,,,,,,,,,,,,,
89-83-8,thymol,,,,,,,,,,,,,,,,,,,,,,,,,,,,,,,,,,,,,,,,,,,,,,,,,,,,,,35.37,15.49,,,,,,,,,,,,,,,,,,,,,,,,,,,,,,,,,,,,,,,,,,,,,,,,,,,,,,,,,,55.52,1100,276.2,,,,,,,,,,,,77.51,110,110,,,34.28,,,,117,,,,,,,,,9.44,8.06,22,16.7,9.2,1.42,46.6,,,,,,,,,,,,,,,,,,,,,,,,,1.9,,,,,,,33,13.34,,,,,,,,,,,,,,,,,,,,,4.71,27.7,15.13,44,7.63,44,44,4.96,,,,,,,,,,,,,,,,,,22.91,,,,,,,,,,,,,,,,,,,,,,64.94,,13.95,12.9,,,,,,,,,,,,,,,,,,,,,,,56.11,13.02,118.1,6.69,,,,,,,,22,,,,,,,,,,,,,,,34.32,,15.14,16.51,11.73,23.79,,,,,,,,,24.78,,,,,,,,,,,55,8.1,23.8,55,55,55,55,29.4,20.7,18.01,55,36.23,24.63,27.87,29.82,,16.89,,,,,,,,,,,,,,,,,,,,,,,,,,,,,,,,,,,,,,,,,,,,,,,,,,,,,,,,,,,,,,,,,,,,,,,,,,,,,,,,,,,,,,,,,,,9.06,13.24
118-71-8,Maltol / 3-Hydroxy-2-methyl-4-pyrone,,,,,,,,,,,,,,,,,,,,,,,,,,,,,,,,,,,,,,,,,,,,,,,,,,,,,,,,,,,,,,,,,,,,,,,,,,,,,,,,,,,,,,,,,,,,,,,,,,,,,,,,,,,,,,,,,,,,,,,,,,,,,,,,,,,,,,,,,,,,,,,,,,,,,,,,,,,,,,,,,,,,,,,,,,,,,,,,,,,,,,,,,,,,,,,,,,,,,,,,,,,,,,,,,,,,,,,,,,,,,,,,,,,,,,,,,,,,,,,,,,,,,,,,,,,,,,,,,,,,,,,,,,,,,,,,,,,,,,,,,,,,,,,,,,,,,,,,,,,,,,,,,,,,,,,,,,,,,,,,,,,,,,,,,,,,,,,,,,,,,,,,,,,,,,,,,,,,,,,,,,,,,,,,,,,,,,,,,,,,,,,,,,,,,,,,,,,,,,,,,,,,,,,,,,,,,,,,,,,,,,,,,,,,5.28,,,,,,,,,
108-68-9,"1,3,5-xylenol / 3,5-Dimethylphenol",,,,,,,,,,,,,,,,,,,,,,,,,,,,,,,,,,,,,,,,,,,,,,,,,,,,,,55,,,,,,,,,,,,,,,,,,,,,,,,,,,,,,,,,,,,,,,,,,,,,,,,,,,,,,,,,,,,,,,,,,,,,,,,,55.51,110,110,,,34.28,,,,117,,,,,,,,,,,,,,,,,,,,,,,,,,,,,,,,,,,,,,,,1.9,,,,,,,,,,,,,,,,,,,,,,,,,,,,,,,,,,,,,33.84,43.98,67.57,17.53,,,,,,,,,,,,,,22.91,,,,,,,,,,,,,,,,,,,,,,,,13.95,,,,,,,,,,,,,,53,,,,,,,,,,56.11,13.02,118.1,6.69,,,,,,,,,,,,,,,,,,,,,,,33.8,,14.43,49.85,9.58,20.09,0.77,,,,,,,,24.78,,,,,,,,,,,,,,,,,,,,16.78,55,27.12,32.14,18.84,,,,,,,,,,38.34,31.44,15.48,,,,,,,,,,,,,,,20.05,,,,,,,,,,,,,,,,,,,40.49,,,,,,,,,,,,,,,,15.14,,,,,,,,,,,,,,,,,,,,,,,,,,,,,,,,,
6151-25-3,Quercetin ditydrate,,,,,,,,,,,1.43,6.87,5.68,6.13,3.82,2.5,,,,,,,,,,,,,,,,,,,,,,,,,,,,,,,,,,,,,,,,,,,,,,8.942,,3.196,,,,,,,,,,,,7.808,10.34,,,,,,,,,,,,,,,,,,,,,,,,,,,,,,,,,,,,,,,,,,,,,,,,,,,,,,,,,,,,1.19,,3.7,,,,,,,,,,,,,,,,,,,,,,,,,,,,,,,,,,,,,,,,,,,,,,,,,,,,,,,,,,,,,,,,,,,,,,,,,,,,,,,,,,,,,,,,,,,,,,,,,,,,,,,,,,,,,,,,,,,,,,,,,,,,,,,,,,,,,,,,,,,,,,,,,,,,,,,,,,,,,,,,,,,,,,,,,,,,,,,,,,,,,,,,,,,,,,,,,,,,,,,,,,,,,,,,,,,,,,,,,,,,,,,,,,,,,,,,,,,,,,,,,,,2.2,,,,,,,,,,,,,,,,,,,,,,,,,,,,,,,,,,,,,,,,,,,,,,,,,,,,,,,
123-31-9,"1,4‐Hydroquinone",,,13.39,6.2,24.08,,14.34,7.58,11.04,1.35,,,,,,,,,1.9,1.1,4.2,1.2,,,,,,,,,,,,,,,,,,,,,,,,,,,,,,,,,,,,,,,,,,,,,,,,,,,,,,,,,,,,,,,,,,,,,,,,,,,0.82,,,,,,,,,,,,,,,,,,,,,,,,,5,0.5,,,,,,,,,36.55,,,,,,,,,,,,,,,,,,,,,,,,,,,,,,,,,,,,,,,,,,,,1.9,,,,,,,,,,,,,,,,,,,,,,,,,,,,,,,,,,,,,,,,,,,,,,,,,,,,,,,,,,,,,,,,,,,,,,,,,,,,,,,,,,,,,,,,,,,,53,,,,,,,,,,47.27,21.91,66.59,8.361,,,,,,,,,,,,22,,,,,,,,,,,,,,,,,,,,,,,,,,,,,,,,,,,,,,,,,,,,,,,,,,,,,,,,,,,,,,,,,,,,,,,,,,,,,,,,,,,,,,,,,,,,,,,,,,,,,,,,,,,,,,,,,,,,8.07,,55,,10.03,,,,,,,,,,,,,,,,,,,,,,,,
26342-66-5,Rhodojaponin-III,,,,,,,,,,,,,,,,,,,,,,,,,,,,,,,,,,,,,,,,,,,,,,,,,,,,,,,,,,,,,,,,,,,,,,,,,,,,,,,,,,,,,,,,,,,,,,,,,,,,,,,,,,,34.55,,,,,,,,,,,,,,,,,,,,,,,,,,,,,,,,,,,,,,,,,,,,,,,,,,,,,,,,,,,,,,,,,,,,,,,,,,,,,,,,,,,,,,,,,,,,,,,,,,,,,,,,,,,,,,,,,,,,,,,,,,,,,,,,,,,,,,,,,,,,,,,,,,,,,,,,,,,,,,,,,,,,,,,,,,,,,,,,,,,,,,,,,,,,,,,,,,,,,,,,,,,,,,,,,,,,,,,,,,,,,,,,,,,,,,,,,,,,,,,,,,,,,,,,,,,,,,,,,,,,,,,,,,,,,,,,,,,,,,,,,,,,,,,,,,,,,,,,,,,,,,,,,,,,,,,,,,,,,,,,,,,,,,,,,,
22554-74-1,"Tetrahydrofuran-3,4-diol",,,,,,,,,,,,,,,,,,,,,,,,,,,,,,,,,,,,,,,,,,,,,,,,,,,,,,,,,,,,,,,,,,,,,,,,,,,,,,,,,,,,,,,,,,,,,,,,,,,,,,,,,,,,,,,,,,,,,,,,,,,,,,,,,,,,,,4.49,,,,,,,,,,,,,,,,,,,,,,,,,,,,,,,,,,,,,,,,,,,,,,,,,,,,,,,,,,,,,,,,,,,,,,,,,,,,,,,,,,,,,,,,,,,,,,,,,,,,,,,,,,,,,,,,,,,,,,,,,,,,,,,,,,,,,,,,,,,,,,,,,,,,,,,,,,,,,,,,,,,,,,,,,,,,,,,,,,,,,,,,,,,,,,,,,,,,,,,,,,,,,,,,,,,,,,,,,,,,,,,,,,,,,,,,,,,,,,,,,,,,,,,,,,,,,,,,,,,,,,,,,,,,,,,,,,,,,,,,,,,,,,,,,,,,,,,,,,,,,,,
56090-54-1,Polyglycerin- 3,,,,,,,,,,,,,,,,,,,,,,,,,,,,,,,,,,,,,,,,,,,,,,,,,,,,,,,,,,,,,,,,,,,,,,,,,,,,,,,,,,,,,,,,,,,,,,,,,,,,,,,,,,,,,,,,,,,,,,,,,,,,,,,,,,,,,,,,,,,,,,,,,,,,,,,,,,,,,,,,,,,,,,,,,,,,,,,,,,,,,,,,,,,,,,,,,,,,,,,,,,,,,,,,,,,,,,,,,,,,,,,,,,,,,,,,,,,,,,,,,,,,,,,,,,,,,,,,,,,,,,,,,,,,,,,,,,,,,,,,,,,,,,,,,,,,,,,,,,,,,,,,,,,,,,,1.53,,,,,,,,,,,,,,,,,,,,,,,,,,,,,,,,,,,,,,,,,,,,,,,,,,,,,,,,,,,,,,,,,,,,,,,,,,,,,,,,,,,,,,,,,,,,,,,,,,,,,,,,,,,,,,,,,,,,,,,,,,,,,,
19700-21-1,"trans-1,10-dimethyl-trans-decalol",,,,,,,,,,,,,,,,,,,,,,,,,,,,,,,,,,,,,,,,,,,,,,,,,,,,,,,,,,,,,,,,,,,,,,,,,,,,,,,,,,,,,,,,,,,,,,,,,,,,,,,,,,,,,,,,,,,,,,,,,,,,,,,,,,,,,,,,,,,,,,,,,,,,,,,,,,,,,,,,,,,,,,,,,,,,,,,,,,,,,,,,,,,,,,,,,,,,,,,,,,,,,,,,,,,,,,,,,,,,,,2.3,,,,,,,,,,,,,,,,,,,,,,,,,,,,,,,,,,,,,,,,,,,,,,,,,,,,,,,,,,,,,,,,,,,,,,,,,,,,,,,,,,,,,,,,,,,,,,,,,,,,,,,,,,,,,,,,,,,,,,,,,,,,,,,,,,,,,,,,,,,,,,,,,,,,,,,,,,,,,,,,,,,,,,,,,,,,,,,,,,,,,,,,,,,,,,,,,,,,,,,,,,,,,,,,,,,,,,,
600-36-2,"2,4-dimethyl-3-pentanol",,,,,,,,,,,,,,,,,,,,,,,,,,,,,,,,,,,,,,,,,,,,,,,,,,,,,,,,,,,,,,,,,,,,,,,,,,,,,,,,,,,,,,,,,,,,,,,,,,,,,,,,,,,,,,,,,,,,,,,,,,,,,,,,,,,,,,5.8,,,,,,,,,,,,,,,,,55,,,,,,,,,,,,,,,,,,,,,,,,,,,,,,,,33,9.57,,,,,,,,,,,,,,,,,,,,,,,,,,,,,,,,,,,,,,,,,,,,,,,,,,,,,,,,,,,,,,,,,,,,,,,,,,,,,,,,,7.24,22,22,,,,,,,,,,,,,,,,,,,,,,,,,,,,,,,,,,,,,,,,,,,,,,,,,,,,,,,,,,,,,,,,,,,,,,,,,,,,,,,,,,,,,,,,,,,,,,,,,,,,,,,31.12,,,,,,,,,,,,,,,,,,,,,,,,,,,,,,,,,,,,,,,,,,,,,,,,,,,,,,,,,,,,,,,,,,,
1653-40-3,Isooctanol / isooctyl alcohol,,,,,,,,,,2.79,22,,,,,,,,10.7,,,11.8,,,,,,,2.142,27.87,33.12,2.747,55,23.16,4.31,33,33,33,,,,,,,,,,55,45.51,55,7.641,18.61,23.56,37.99,,,14.29,,,,,33,22.2,33,55,,,,,,,,,,,,24.9,18.06,6.48,,,,,,,,,,,,,,,,,,1.16,,,,,,,,,,,,,,,,302.1,925.9,110,,,,,,,,0.863,,,,71.79,110,110,,,24.6,,6.77,,,4.93,,8.09,,,2.293,2.726,3.123,22,9.15,12.09,20.6,55,25.8,12.02,12.04,22,22,22,22,22,2.439,2.099,,22,3.276,22,5.23,11,11,1.98,11,11,4.14,8.795,40.22,3.551,4.11,,,,,,,,,,,25.64,21.03,33,22,22,22,22.6,33,33,33,28.33,24.25,,,,,,,,,9.05,21.16,29.93,44,21.29,44,44,27.09,,,,,,,,,,,0.22,,55,,,,,,14.75,7.611,20.98,4.784,17.49,6.84,10.29,2.922,74.96,17.3,32.95,23.65,12.27,7.561,22.06,25.26,31.56,29.91,2,6.942,19.86,83.88,1.106,20.58,10.23,,,,0.9343,0.6697,1.64,1.711,1.936,11.5,,,,,45.48,49.6,64.12,,,,92.11,55,11.69,,,,,,,37.27,55,7.559,2.12,2.48,4.779,3.011,22,4.282,20.32,,10.19,44,44,44,18.17,6.348,23.3,,55,,,,,,,,,55,,,,,17.55,,,,,28.96,,20.13,,55,42.08,28.99,,,,,,,,,24.92,,,,,,13.77,25.86,13.77,55,55,55,55,0.5993,2.34,,,,2,6.3,7.5,,2.5,,13.88,,,,,,,20.36,5.14,6.737,,,,,,,,,,,,,,,12.9,13.9,17.5,,,,,6.493,0.2967,12.59,3.6,,16.39,2.391,6.742,9.01,55,,,55,0.9398,2.531,1.411,11.4,,,,,,,0.5083,0.2903,,1.061,9.821,4.39,22.27,32.16,17.11,,,,,4.924,,,,,,,,,
24347-58-8,"(R,R)-2,3-Butanediol",,,,,,,,,,,,,,,,,,,,,,,,,,,,,,,,,,,,,,,,,,,,,,,,,,,,,,,,,,,,,,,,,,,,,,,,,,,,,,,,,,,,,,,,,,,,,,,,,,,,,,,,,,,,,,,,55,73.53,1100,179.2,,,,,,,,,,,,,,,,,,,5.8,,,,,,,,,,,,,,42.4,55,,55,,,,,,,,,,,,,,,,,,,,,,,,,,,,,,,,33,14.93,,,,,,,,,,,,,,,,,,,,,,,,,,,,,,,,,,,,,,,,,,,,,,,,,,,,,,,,,,,,,,,,,,,,,,,,,,,,,,,,,7.24,22,22,,,,,,,,,,,,,,,,,,,,,,,,,,,,,,,,,,,,,,,,,,,,,,,,,,,,,,,,,,,,,,,,,,,,,,11.79,,,,,,5.87,13.99,19.55,,,,,,,,,,,,,,,,,,,,,,,,,31.12,,,,,,,,,,,,,,,,,,,,,,,,,,,,,,,,,,,,,,,,,,,,,,,,,,,,,,,,,,,,,,,,,,,
98-85-1,DL-sec-phenethyl alcohol,2.64,,,,,,,,,,22,,,,,,,,7.6,15.3,4.7,,55,55,55,28.3,55,13.4,,,,,,,,,,,,,,,,,,,,55,55,55,15.58,14.81,33,47.22,,,,,,,,18.95,,33,55,,,,,,,,,,,,23.91,77,44,,,,,,,,,,,,,,,,,,,,,,,,,,,,,,,,,,,,,,,,,,,,,2.185,,,,,,,,36.33,,,,,,,,,,,,,,,,,,,,22,22,22,22,22,22,22,22,,22,22,22,,,,,,,,,,,,,,,,,,,,,,20.95,20.23,33,22,22,22,30.7,33,33,33,33,33,,,,,,,,,,,,,,,,,,,,,,,,,,,,,25.01,,,230.9,79.99,,,,,,,,,,,22.32,,38.5,,21.44,,38.5,,26.38,,,,,,82.08,,,,,,,,,,,,,,,31.46,40.18,28.45,,,,,,,,,,,,,55,55,,,,22,,,,22,,,,,,,,,,55,,,,,,,,,,,,,,,,,10.8,,,,,,,,,,,,,,,,,,19.53,10.77,24.05,24.28,16.61,,,,47.02,32.12,25.68,55,,,39.81,37.97,21.53,,,,,,,,,,,19.21,,,8.61,11.46,4.86,,,,26.69,,,,,,,,,,,,,,11.53,,,,,,9.89,,8.03,,,,,55,,9.52,44.85,,,,,25.62,,34.07,,12.52,,,,55,,,,,,,,,,,,,,,,,,,,
2935-44-6,"2,5‐Hexanediol",,,,,,,,,,,22,,,,,,,,,,,,,,,,,,,,,,,,,,,,,,,,,,,,,49.39,47.51,44.13,6.22,33,33,49.74,,,,,,,,33,,33,55,,,,,,,,,,,,41.15,77,17.69,,,,,,,,,,,,,,,,,,,,,,,,,,,,,,,,,55,202.3,972.3,126.4,,,,,,,,,,,,110,110,110,,,24.6,,6.216,,,,,,,,,,,,,,42.4,55,,55,22,22,22,22,22,22,22,22,,22,22,22,,,,,,,,,,,,,,,,,,,,33,15.1,16.19,9.25,33,22,22,22,22.6,33,33,33,27.83,23.39,,,,,,,,,,,,,,,,,,,,,,,,,,,,,,,,,,,,6.32,,,,,10.68,,64.21,,,,22.55,,42.13,,41.08,,,12.24,20.94,59.67,,53.78,,,41.7,55,,,,,,,7.24,22,22,,,,,,,,,,,,,,,,,,,,,,22,,,,22,,,,,,,16.5,,,55,,,,,,,,,,,,,,,,,,,28.96,,20.13,,55,25.25,42.09,,,,,,,,,20.15,,,,,,10.81,21.72,15.21,55,55,55,55,,,,,,,,,,,,,,,,18.65,,,20.36,,31.12,,,,,,,,,,,,,,,,,,,,,,,,12.59,3.6,,,,,,55,,,55,,,,,,,,,,,,,,,9.32,3.33,13.28,26.05,22.13,,,,,,,,,,,,,,
565-67-3,2-methyl-3-pentanol,,,,,,,,,,,22,,,,,,,,,,,,,,,,,,,,,,,,,,,,,,,,,,,,,49.51,47.3,44.37,6.22,33,33,49.08,,,,,,,,33,,33,55,,,,,,,,,,,,,,,,,,,,,,,,,,,,,,,,,,,,,,,,,,,,,,,55,143.4,625.9,177.8,,,,,,,,,,,,110,110,110,,,,,5.881,19.58,,,,,,,,,,,,,42.4,55,,55,22,22,22,22,22,22,22,22,,22,22,22,,,,,,,,,,,,,,,,,,,,33,9.57,16.19,9.25,33,22,22,22,22.6,33,33,33,28.97,25.37,,,,,,,,,,,,,,,,,,,,,,,,,,,,,55,,,140.9,,,,,,,,,,,,,,,,,,,,,,,,59.67,,86.13,,,41.7,55,,,,,,,7.24,22,22,,,,,,,,,,,,,,,,,,,,,,22,,,,22,,,,,,,,,,55,,,,,,,,,,,,,19.76,,,,,,28.96,,20.13,,55,20.28,55,,,,,,,,,15.27,,,,,,10.65,17.3,17.32,55,55,55,55,,,,,,,,,,,,,,,,18.65,,,20.36,,31.12,,,,,,,,,,,,,,,,,,,,,,,,12.59,3.6,,,,,,55,,,55,,,,,,,,,,,,,55,,9.32,3.33,13.28,26.05,22.13,,,,,,,,,,,,,,
614-14-2,1-Phenyl-1-butanol,,,,,,,,,,,,4.96,3.41,0.92,0.64,1.79,,,2.7,7.3,3.661,,55,55,55,55,28.4,55,,,,,,,,,,,,,,,,,,,,,,,,,,55,,,,,,,,,,,,,,,,,,,,,,,,,,,,,,,,,,,,,,,,,,,,,,,,,,,,,,,,,,,,,,,,,,,,,0.8318,2.04,,,41.16,37.48,28.95,,,,,,,,,,,,,,,,,,,,,,,22,19.79,19.34,16.43,22,22,22,22,,22,22,22,,,,,,,,,,,,,,,,,,,,,,33,33,33,22,22,22,,33,33,33,33,33,,,,,,,,,,,,,,,,,,,,,,,,,,,,,,,,,58.47,,,,,,,,,,,,,,,,,,,,,,,,,94.93,4.2,2.7,41.7,55,,,,,,,,,,,,,17.96,,,,32.16,,,,,,,,,,,,,,22,,,,22,,,,,,,,,,55,,,,,,,,,,,,,,,,,,,,,,,,,,,,,,,,,,,,,,,,,,,55,40.29,27.07,55,,,40.3,37.94,14.82,,,,,,,,,,,18.97,,,8.498,,,41.3,,,,,,,,,,,,,,,,,,,,,,,,,,,,,,55,,,35.87,,,,,,,,,,,,,55,,9.32,3.33,13.28,26.05,22.13,,,,,,,,,,,,,,
75896-93-4,methyl 4-chloro-N-(3-pyridinyl)benzenecarboximidoate,,,,,,,,,,,,,,,,,0.19,,,,,,,,,,,,,,,,,,,,,,,,,,,,,,,,,,,,,,,,,,,,,,,,,,,,,,,,,,,,,,,,,,,,,,,,,,,,,,,,,,,,,,,,,,,,,,,,,,,,,,,,,,,,,,,,,,,,,,,,,,,,,,,,,,,,,,,,,,,,,,,,,,,,,,,,,,,,,,,,,,,,,,,,,,,,,,,,,,,,,,,,,,,,,,,,,,,,,,,,,,,,,,,,,,,,47.93,,,,,,,,,,,,,,,,,,,,,,,,,,,,,,,,,,,,,,,,,,,,,,,,,,,,,,,,,,,,,,,,,,,,,,,,,,,,,,,,,,,,,,,,,,,,,,,,,,,,,,,,,,,,,,,,,,,,,,,,,,,,,,,,,,,,,,,,,,,,,,,,,,,,,,,,,,,,,,,,,,,,,,,,,,,,,,,,,,,,,,,,,,,,,,,,,,,,,,,,,,,,,,,,
338966-95-3,"1-(2,4-Dichloro-5-methoxyphenyl)-1H-pyrrole",,,,,,,,,,,,,,,,,0.59,,,,,,,,,,,,,,,,,,,,,,,,,,,,,,,,,,,,,,,,,,,,,,,,,,,,,,,,,,,,,,,,,,,,,,,,,,,,,,,,,,,,,,,,,,,,,,,,,,,,,,,,,,,,,,,,,,,,,,,,,,,,,,,,,,,,,,,,,,,,,,,,,,,,,,,,,,,,,,,,,,,,,,,,,,,,,,,,,,,,,,,,,,,,,,,,,,,,,,,,,,,,,,,,,,,,,,,,,,,,,,,,,,,,,,,,,,,,,,,,,,,,,,,,,,,,,,,,,,,,,,,,,,,,,,,,,,,,,,,,,,,,,,,,,,,,,,,,,,,,,,,,,,,,,,,,,,,,,,,,,,,,,,,,,,,,,,,,,,,,,,,,,,,,,,,,,,,,,,,,,,,,,,,,,,,,,,,,,,,,,,,,,,,,,,,,,,,,,,,,,,,,,,,,,,,,,,,,,,,,
956574-26-8,"1-[2-(2,4-dimethylphenoxy)ethyl]-1H-pyrazole",,,,,,,,,,,,,,,,,0.13,,,,,,,,,,,,,,,,,,,,,,,,,,,,,,,,,,,,,,,,,,,,,,,,,,,,,,,,,,,,,,,,,,,,,,,,,,,,,,,,,,,,,,,,,,,,,,,,,,,,,,,,,,,,,,,,,,,,,,,,,,,,,,,,,,,,,,,,,,,,,,,,,,,,,,,,,,,,,,,,,,,,,,,,,,,,,,,,,,,,,,,,,,,,,,,,,,,,,,,,,,,,,,,,,,,,,,,,,,,,,,,,,,,,,,,,,,,,,,,,,,,,,,,,,,,,,,,,,,,,,,,,,,,,,,,,,,,,,,,,,,,,,,,,,,,,,,,,,,,,,,,,,,,,,,,,,,,,,,,,,,,,,,,,,,,,,,,,,,,,,,,,,,,,,,,,,,,,,,,,,,,,,,,,,,,,,,,,,,,,,,,,,,,,,,,,,,,,,,,,,,,,,,,,,,,,,,,,,,,,
203719-54-4,"(+)-Limonene 1,2-epoxide",,,,,,,,,,,,,,,,,,,,,,,,,,,,,,,,,,,,,,,,,,,,,,,,,,,,,,,,,,,,,,,,,,,,,,,,,,,,,,,,,,,,,,,,,,,,,,,,,,,,,,,,,,,,,,,,,87.87,64.39,226.8,,,,,,,,,,,,,,,,,,,,,,,,,,,,,,,,,,,,,22,22,22,22,22,22,22,22,,22,22,22,,,,,,,,,,,,,,,,,,,,,,,,,,,,,,,,,,,,,,,,,,,,,,,,,,48.08,50.94,26.48,37.81,,,,,,,,,,,,,,,,,,,,,,,,,,,,,,,,,,,,,,,,,,,,,,,,,,,,,,,,,,,,,,,,,,,,,,,,,,,,,,,,,,,,,,,55,40.85,,5.13,15.02,31,18.56,32.73,,,,,,,,,,,,,,,,,,,,,,,,,,,,,,,,,22.73,,,,,,55,,,,,,,,,,,,,,,,7.46,,,75.66,,,,,,,,,,,,,,,,,,,,21.6,,,,,,,,,,,,,,,,55,,,,,,,,,,,,,,,,,,,,,,,,,,,,,,,,,
62532-53-0,(+/-) Exo-Brevicomin,,,,,,,,,,,,,,,,,,,,,,,,,,,,,,,,,,,,,,,,,,,,,,,,,,,,,,,,,,,,,,,,,,,,,,,,,,,,,,,,,,,,,,,,,,,,,,,,,,,,,,,,,,,,,,,,,,,,,,,,,,,,,,,,,,,,,,,,,,,,,,,,,,,,,,,,,,,,,,,,,,,,,,,,,,,,,,,,,,,,,,,,,,,,,,,,,,,,,,,,,,,9.34,,,,,,,,,,,,,,,,,,,,,,,,,,,,,,,,,,,,,,,,,,,,,,,,,,,,,,,,,,,,,,,,,,,,,,,,,,,,,,,,,,,,,,,,,,,,,,,,,,,,,,,,,,,,,,,,,,,,,,,,,,,,,,,,,,,,,,,,,,,,,,,,,,,,,,,,,,,,,,,,,,,,,,,,,,,,,,,,,,,,,,,,,,,,,,,,,,,,,,,,,,,,,,,,,,,,,,,,,,,,,,,,,,,,,,,,,,
28401-39-0,(+/-)-Frontalin,,,,,,,,,,,,,,,,,,,,,,,,,,,,,,,,,,,,,,,,,,,,,,,,,,,,,,,,,,,,,,,,,,,,,,,,,,,,,,,,,,,,,,,,,,,,,,,,,,,,,,,,,,,,,,,,,,,,,,,,,,,,,,,,,,,,,,,,,,,,,,,,,,,,,,,,,,,,,,,,,,,,,,,,,,,,,,,,,,,,,,,,,,,,,,,,,,,,,,,,,,,16.91,,,,,,,,,,,,,,,,,,,,,,,,,,,,,,,,,,,,,,,,,,,,,,,,,,,,,,,,,,,,,,,,,,,,,,,,,,,,,,,,,,,,,,,,,,,,,,,,,,,,,,,,,,,,,,,,,,,,,,,,,,,,,,,,,,,,,,,,,,,,,,,,,,,,,,,,,,,,,,,,,,,,,,,,,,,,,,,,,,,,,,,,,,,,,,,,,,,,,,,,,,,,,,,,,,,,,,,,,,,,,,,,,,,,,,,,,,
60-29-7,diethyl ether,,,,,,,,,,,,,,,,,,,,,,,,,,,,,,,,,,,,,,,,,,,,,,,,,,,,,,,,,,,,,,,,,,,,,,,,,,,,,,,,,,,,,,,,,,,,,,,,,,,,,,,,,,,,,,,,,,,,,,,,,,,,,,,,,,,,,,,,,,,,,,,,,,,,,,,,,,,,,,,,,,,,,,,,,,,,,,,,,,,,,,,,,,,,,,,,,,,,,,,,,,,,,,,,,,,,,,,,,,,,,,,,,,,,,,,,,,,,,,,,,,,,,,,,,,,,,,15.26,,,,,,,,,,,,,,,,,,,,,,,,,,,,,,,,,,,,,,,,,,,,,,,,,,,,,,,,,,,,,,,,,,,,,,,,,,,,,,,,,,,,,,,,,,,,,,,,,,,,,,,,,,,,,,,,,,,,,,,,,,,,,,,,,,,,,,,,,,,,,,,,,,,,,,,,,,,,,,,,,,,,,,,,,,,,,,,,,,,,,,,
613-37-6,4-Phenylanisole / 4-Methoxybiphenyl,3.97,55,,,,,,,,,,,,,,,,,,,,,,,,,,,,,,,,,,,,,,,,,,,,,,,,,,,,,,,,,,,,,,,,,,,,,,,,,,,,,,,,,,,,,,,,,,,,,,,,,,,,,,,,,,,,,,,58.17,442.5,305.8,,,,,,,,,2.24,,,,,,,,,,,,,,,,,,,,,9.42,10.53,22,12.1,18.1,1.42,35.22,,,,,,,,,,,,,,,,,,,,,,,,,,,,,,,,24.11,33,,,,,,,,,,,,,,,,,,,,,,,,,,,,,,,,,,,,,,,,,,,,,10.5,37.19,,,,,,,,,,,,,,,,,,,,,,,,,13.6,,,,,,,,,,,,,,28.36,29.47,28.45,,,,,,,29.13,,16.16,46.23,,,55,55,,,,,,,,,,,,,,,,,,,,,,,,,,,,,,,,,,,,,,,,,,,,,,,,,,,,18.79,,,,,,55,33.42,19.63,55,55,55,,,,,,,,,,,,,,,,,,,,,,,,,,,,,,,,,,,,,,,,,,,,,,,,,,,,,,,,,,,,,,,,,,,,,,,,,,,,,,,,,,,,,,,,,
2086-83-1,berberine,,,,,,,,,,,6.55,,,,,,,,,,,,,,,,,,,,,,,,,,,,,,,,,,,,,,,,,,,,,,,,,,,,,,,,,,,,,,,,,,,,,,,,,,,,,,,,,,,,,,,,,,,,,,,,,,,,,,,,,,,,,,,,,,,,,,,,,,,,,,,,,,,,,,,,,,,,,,,,,,,,,,,,,,,,,,,,,,,,,,,,,,,,,,,,,,,,,,,,,,,,,,,,,,,,,,,,,,,,,,,,,,,,,,,5.55,,,,,,,,,,,,,,,,,,,,,,,,,,,,,,,,,,,,,,,,,,,,,,,,,,,,,,,,,,,,,,,,,,,,,,,,,,,,,,,,,,,,,,,,,,,,,,,,,,,,,,,,,,,,,,,,,,,,,,,,,,,,,,,,,,,,,,,,,,,,,,,,,,,,,,,,,,,,,,,,,,,,,,,,,,,,,,,,,,,,,,,,,,,,,,,,,,,,,,,,,,,,,,,,,,,
538-86-3,Methyl benzyl ether,3.97,55,105,4.01,17.99,21.26,38.78,2.72,,3.75,,,,,,,,,,4.7,10.15,,55,44.02,55,44.17,48.92,34.52,,,,,,19.75,18.88,,,,,,,,,,,,,29.52,28.29,23.05,,,,37.17,,,,,,,,,,,,,,,,,,,,,,,,,,,,,,,,,,,,,,,,,,,,,,12.9,,2.5,,,,,,15.69,,,,,58.17,442.5,305.8,,,,,,,,1.9,,,,110,110,110,,,36.55,,,,,5.02,,,,,,,,9.42,10.53,22,18.98,33.68,15.56,30.09,22,22,22,22,20.26,22,22,22,22,22,18.75,22,,,,,,,,,,,,,,,33,33,33,33,33,24.11,33,33,33,33,22,22,22,55,33,33,33,33,33,,,,,,,,,,,,,,,,,,,,,,,,,390,,,,55,,,91.44,81.54,37.19,,,,,,,,,,22.32,,38.5,,21.44,,38.5,,26.38,,,,36.5,,24.24,15.75,,55,31.3,,,,,,,,,,34.92,31.46,40.18,41.95,,,,53.47,,,,,,,,,55,55,,,,22,,,,22,,,,,,,11.8,16.88,,44.87,23.8,,5.47,55,22.21,17.5,56.93,,,,,,,,,,,,,,26.5,,55,55,55,55,6.5,23.3,55,55,25.5,55,12.3,18.79,22.44,8.965,26.75,23.6,13.6,55,33.42,19.63,45.12,55,33.85,48.7,,,40.3,37.94,14.82,,,,,,,,,,,,,,5.627,,4.18,82.6,21.6,19.5,,,,,,,,,,,,,,,,,,,31.11,,,,,,13.11,31.11,31.11,55,,,40.79,,,,,19.85,,15.65,,9.295,,,,51.53,13.26,,,,,,,,,,4.07,31.86,,,,,,,,
18600-52-7,"2-(4-chlorophenyl)-4H-3,1-benzoxazin-4-one",,,,,,,,,,,,,,,,,0.5,,,,,,,,,,,,,,,,,,,,,,,,,,,,,,,,,,,,,,,,,,,,,,,,,,,,,,,,,,,,,,,,,,,,,,,,,,,,,,,,,,,,,,,,,,,,,,,,,,,,,,,,,,,,,,,,,,,,,,,,,,,,,,,,,,,,,,,,,,,,,,,,,,,,,,,,,,,,,,,,,,,,,,,,,,,,,,,,,,,,,,,,,,,,,,,,,,,,,,,,,,,,,,,,,,,,,,,,,,,,,,,,,,,,,,,,,,,,,,,,,,,,,,,,,,,,,,,,,,,,,,,,,,,,,,,,,,,,,,,,,,,,,,,,,,,,,,,,,,,,,,,,,,,,,,,,,,,,,,,,,,,,,,,,,,,,,,,,,,,,,,,,,,,,,,,,,,,,,,,,,,,,,,,,,,,,,,,,,,,,,,,,,,,,,,,,,,,,,,,,,,,,,,,,,,,,,,,,,,,,
8016-38-4,neroli oil,,,,,,,,,,,,,,,,,,,,,,,,,,,,,,,,,,,,,,,,,,,,,,,,,,,,,,,,,,,,,,,,,,,,,,,,,,,,,,,,,,,,,,,,,,,,,,,,,,,,,,,,,,,,,,,,,,,,,,,,,,,,,,,,,,,,,,,,,,,,,,,,,,,,,,,,,,,,,,,,,,,,,,,,,,,,,,,,,,,,,,,,,,,,,,,,,,,,,,,,,,,,,,,,,,,,,,,,,,,,,,,,,,,,,91.16,,,,,,,,,,,,,,,,,,,,,,,,,,,,,,,,,,,,,,,,,,,,,,,,,,,,,,,,,,,,,,,,,,,,,,,,,,,,,,,,,,,,,,,,,,,,,,,,,,,,,,,,,,,,,,,,,,,,,,,,,,,,,,,,,,,,,,,,,,,,,,,,,,,,,,,,,,,,,,,,,,,,,,,,,,,,,,,,,,,,,,,,,,,,,,,,,,,,,,,,,,,,,,,,
107-46-0,Hexamethyldisiloxane,,,,,,,,,,,,,,,,,,,,,,,,,,,,,,,,,,,,,,,,,,,,,,,,,,,,,,,,,,,,,,,,,,,,,,,,,,,,,,,,,,,,,,,,,,,,,,,,,,,,,,,,,,,,,,,,,,,,,,,,,,,,,,,,,,,,36.89,,,,,,,,,,,,,,,,,,,,,,,,,,,,,,,,,,,,,,,,,,,,,,,,,,,,,,,,,,,,,,,,,,,,,,,,,,,,,,,,,,,,,,,,,,,,,,,,,,,,,,,,,,,,,,,,,,,,,,,,,,,,,,,,,,,,,,,,,,,,,,,,,,,,,,,,,,,,,,,,,,,,,,,,,,,,,,,,,,,,,,,,,,,,,,,,,,,,,,,,,,,,,,,,,,,,,,,,,,,,,,,,,,,,,,,,,,,,,,,,,,,,,,,,,,,,,,,,,,,,,,,,,,,,,,,,,,,,,,,,,,,,,,,,,,,,,,,,,,,,,,,,,
110-82-7,cyclohexane,,16.51,,,,,,,,,,,,,,,,,,,,,,,,,,,,,,,,,,,,,,,,,,,,,,,,,,,,,,,,,,,,,,,,,,,,,,,,,,,,,,,,,,,,,,,,,,,,,,,,,,,,,,,,,,,,,,,,,,,,,,,,,,,,,,,,,,,,,,,,,,,,,,,,,,,,,,,,,,,,,,,,,,,,,,,,,,,,,,,,,,,,,,,,,,,,,,,,,,,,,,,,,,,,,,,,,,,,,,,,,,,,,,,,,,,,,,,,,,,,,,,,,,,,,,,,,,,,,,,,,,,,,,,,,,,,,,,,,,,,,,,,,,,,,,,,,,,,,,,,,,,,,,,,,,,,,,,,,,,,,,,,,,,,,,,,,,,,,,,,,,,,,,,,,,,,,,,,,,,,,,,,,,,,,,,,,,,,,,,,,,,,,,,,,,,,,,,,,,,,,,,,,,,,,,,,,,,,,,,,,,,,,,,,,,,,,,,,,,1.71,68.02
110-86-1,pyridine,,,,,,,,,,,,,,,,,,,,,,,,,,,,,,,,,,,,,,,,,,,,,,,,,,,,,,,,,,,,,,,,,,,,,,,,,,,,,,,,,,,,,,,,,,,,,,,,,,,,,,,,,,,,,,,,,,,,,,,,,,,,,,,,,,,,,,,,,,,,,,,,,,,,,,,,,,,,,,,,,,,,,,,,,,,,,,,,,,,,,,,,,,,,,,,,,,,,,,,,,,,,,,,,,,,,,,,,,,,,,,,,,,,,,,,,,,,,,,,,,,,,,,,,,,,,,,,,,,,,,,,,,,,,,,,,,,,,,,,,,,,,,,,,,,,,,,,,,,,,,,,,,,,,,,,,,,,,,,,,,,,,,,,,,,,,,,,,,,,,,,,,,,,,,,,,,,,,,,,,,,,,,,,,,,,,,,,,,,,,,,,,,,,,,,,,,,,,,,,,,,,,,,,,,11.54,,55,,55,,,,,,,,,,,23.25,,,,,,,,,,,,,
123-32-0,"2,5-dimethylpyrazine",,,,,,,,,,,,,,,,,,,,,,,,,,,,,,,,,,,,,,,,,,,,,,,,,,,,,,,,,,,,,,,,,,,,,,,,,,,,,,,,,,,,,,,,,,,,,,,,,,,,,,,,,,,,,,,,,,,,,,,,,,,,,,,,,,,,,,,,,,,,,,,,,,,,,,,,,,,,,,,,,,,,,,,,,,,,,,,,,,,,,,,,,,,,,,,,,,,,,,,,,,,,,,,,,,,,,,,,,,,,,,,,,,,,,,,,,,,,,,,,,,,,,,,,,,,,,,,,,,,,,,,,,,,,,,,,,,,,,,,,,,,,,,,,,22,,,,6.12,,,,,,,,,,,,,,,,,,,,,,,,,,,,,,,,,,,,,,,,,,,,,,,,,,,,,,,,,,,,,,,,,,,,,,,,,,,,,,,,,,,,,,,,,,,,,,,,,,,,,,,,,,,,,,,,,,,,,,,,,,,,,,,,,,,,,,,,,,,,,,,,
17302-01-1,3-ethyl-3-methylheptane,,22.89,,,,,,,,,22,,,,,,,,,,,,,,,,,,,,,,,,,33,33,33,22,22,,,,,17.71,,,44.09,44.48,45.17,4.55,33,33,44.34,,,,,,,,33,,33,55,,,,,,,,,,,,44,77,44,,,,,,,,,,,,,,,,,,,,,12.9,,55,,,6.84,,,,,,,55,43.57,403.1,80.2,,,,,,,,,,,,110,110,110,,,,,,,,,,,12,11.71,,,,11.92,15.36,22,21.27,55,13.74,38.09,22,22,22,22,22,22,22,8.387,,12.57,22,22,,,,,,,,,,,,,,,,,,,,,,,,,,,,,,,,,,,,,,,,,,,,,,,,,,,,,,,,,,,,,,,,,,86.85,,,26.4,17.09,6.75,26.4,8.07,7.945,,,,,,,,18.98,,,,,,,,,34.21,,,,,,,,,,,,,,,,,40.46,,,,110,55,28.47,,,,,,,23.7,55,,,,,,,,,,,,,,,,,,55,,,,,,,,,,,,,,,,,,,17.96,,55.6,,37.26,36.15,55,,,,,,,,,11.27,,,,,,13.87,18.99,14.12,55,55,55,55,,,,,,,,,,,,,,,,64.5,44,0.96,21.91,,6.75,,,,32.45,,,,,,,,,,,15.72,13.78,,9.203,,,,,,,,,,,,,,13.76,,55,7.76,,,,,,,,,,,,55,,,,,,,,,,,,,,,,,,,357.6,40.76
4032-94-4,"2,4-Dimethyloctane",,25.95,,,,,,,,,22,,,,,,,,,,,,,,,,,,1.7,21.2,27,1.3,55,,,33,33,33,22,22,,,,,17.71,,,47.43,47.02,42.53,5.618,33,33,35.05,,,,,,,,33,,33,55,,,,,,,,,,,,44,66.45,44,,,,,,,,,,,,,,,,,,1.16,,,12.9,,55,,,6.84,,,,,,,55,79.24,504.1,104,,,,,,,,0.6,,,,110,110,110,,,,,,,,,,,12,11.71,,,,11.92,15.36,22,21.27,55,13.74,38.09,22,22,22,22,22,22,22,9.023,,13.12,22,22,,,,,,,,,,6.38,6.64,,,,15.01,33,33,33,33,,,16.19,9.25,33,22,22,22,22.6,33,33,33,27.72,23.2,,,,,,,,,,,,,,,,,,,,,,,,,,,,,,,,,86.85,,,26.4,,,,,11,,,,,,20.54,,26.67,,33.86,,,,,59.67,,45.48,,,,,,,,,,,,,,,29.85,32.07,40.46,,,,110,55,28.47,,,,,,,23.7,55,,2.12,2.48,22,,,,22,,,,,,,16.5,,,55,,,,,,,,,55,,,,36.57,,,59.3,,,23.53,,37.8,,55,23.84,55,,,,,,,,,12.58,,,,,,10.8,20.96,14,55,55,55,55,,,40.27,9.84,12.25,,,,,,,,,,,64.5,44,0.96,21.26,,6.75,,,,32.45,,,,,,,,,,,15.74,13.8,,9.405,,,,,,12.59,3.6,,,,,,55,13.76,,55,7.76,,,,,,,,,,,,55,,8.32,6.36,21.43,,39.33,,,,,,,,,,,,,357.6,40.76
592-82-5,butylisothiocyanate,,25.95,,,,,,,,,22,,,,,,,,,,,,,,,,,,,,,,,,,33,33,33,22,22,,,,,17.71,,,44.1,44.49,45.21,4.55,33,33,44.34,,,,,,,,33,,33,55,,,,,,,,,,,,44,77,44,,,,,,,,,,,,,,,,,,,,,12.9,,55,,,6.84,,,,,,,55,43.29,403.4,79.59,,,,,,,,,,,,110,110,110,,,,,,,,,,,12,11.71,,,,11.92,15.36,22,21.27,55,13.74,38.09,22,22,22,22,22,22,22,8.387,,12.57,22,22,,,,,,,,,,,,,,,,,,,,,,,,,,,,,,,,,,,,,,,,,,,,,,,,,,,,,,,,,,,,,,,,,,86.85,,,26.4,,,,,7.945,,,,,,,,18.98,,,,,,,,,34.27,,,,,,,,,,,,,,,,,40.46,,,,110,55,28.47,,,,,,,23.7,55,,,,,,,,,,,,,,,,,,55,,,,,,,,,,,,,,,,,,,17.96,,55.68,,37.21,36.1,55,,,,,,,,,11.29,,,,,,13.88,18.99,14.12,55,55,55,55,,,,,,,,,,,,,,,,64.5,44,0.96,21.91,,6.75,,,,32.45,,,,,,,,,,,15.74,13.8,,16.22,,,,,,,,,,,,,,13.76,,55,7.76,,,,55,,55,,20.59,,,,55,,,,,,,,,,,,,,,,,,,357.6,40.76
556-61-6,isothiocyanatomethane,,,,,,,,,,,,,,,,,,,,,,,,,,,,,,,,,,,,,,,,,,,,,,,,,,,,,,,,,,,,,,,,,,,,,,,,,,,,,,,,,,,,,,,,,,,,,,,,,,,,,,,,,,,,,,,,,,,,,,,,,,,,,,,,,,,,,,,,,,,,,,,,,,,,,,,,,,,,,,,,,,,,,,,,,,,,,,,,,,,,,,,,,,,,,,,,,,,,,,,,,,,,,,,,,,,,,,,,,,,,,,,,,,,,,,,,,,,,,,,,,,,,,,,,,,,,,,,,,,,,,,,,,,,,,,,,,,,,,,,,,,,,,,,,,,,,,,,,,,,,,,,,,,,,,,,,,,,,,,,,,,,,,,,,,,,,,,,,,,,,,,,,,,,,,,,,,,,,,,,,,,,,,,,,,,,,,,,,,,,,,,,,,,,,,,,,,,,,,,,,,,,,,,,,,55,,55,,20.26,,,,,,,,,,,,,,,,,,,,,,,,
96-54-8,1-methyl-pyrrole,,,,,,,,,,,,,,,,,,,,,,,,,,,,,,,,,,,,,,,,,,,,,,,,,,,,,,,,,,,,,,,,,,,,,,,,,,,,,,,,,,,,,,,,,,,,,,,,,,,,,,,,,,,,,,,,,,,,,,,,,,,,,,,,,,,,,,,,,,,,,,,,,,,,,,,,,,,,,,,,,,,,,,,,,,,,,,,,,,,,,,,,,,,,,,,,,,,,,,,,,,,,,,,,,,,,,,,,,,,,,,,,,,,,,,,,,,,,,,,,,,,,,,,,,,,,,,,,,,,,,,,,,,,,,,,,,,,,,,,,,,,,21.88,55,,,,,,,,,,,,,,,,,,,,,,,,,,,,,,,,,,,,,,,,,,,,,,,,,,,,,,,,,,,,,,,,,,,,,,,,,,,,,,,,,,,,,,,,,,,,,,,,,,,,,,,,,,,,,,,,,,,,,,,,,,,,,,,,,,,,,,,,,,,,,,,,,,,,,,,,
