obp,voc_idx,pred_pki,real_pki,error,T_max,n_donors
AaegOBP22,39,5.4,5.58,-0.18,0.52,1
AaegOBP22,81,5.58,5.4,0.18,0.52,1
AbamOBP28,3,4.97,5.04,-0.07,0.41,2
AbamOBP28,7,4.77,5.23,-0.46,0.79,2
AbamOBP28,10,4.81,4.95,-0.14,1.0,3
AbamOBP28,11,5.19,4.69,0.5,0.79,2
AbamOBP28,17,4.83,4.93,-0.1,1.0,3
AbamOBP28,20,4.63,4.59,0.04,0.38,1
AbamOBP28,21,4.86,5.0,-0.14,1.0,1
AbamOBP28,38,5.0,4.86,0.14,1.0,1
AbamOBP28,45,4.63,4.85,-0.22,0.39,1
AbamOBP28,80,4.73,4.63,0.1,0.39,2
AbamOBP28,151,4.76,4.48,0.28,1.0,4
AbamOBP28,194,4.63,4.69,-0.06,1.0,4
AbamOBP28,540,4.91,4.61,0.3,1.0,1
AbamOBP28,541,4.61,4.91,-0.3,1.0,1
AbamOBP28,616,4.59,4.64,-0.05,0.35,2
AcerASP1,12,4.87,3.82,1.05,0.45,1
AcerASP1,164,3.82,4.87,-1.05,0.45,1
AcerASP1,201,4.01,4.97,-0.96,0.36,1
AcerASP1,260,4.97,4.01,0.96,0.36,1
AcerCSP1,12,5.21,5.04,0.17,0.45,1
AcerCSP1,14,5.04,5.73,-0.69,0.95,1
AcerCSP1,164,5.04,5.21,-0.17,0.45,1
AcerCSP1,179,5.73,5.04,0.69,0.95,1
AcerCSP2,12,4.62,4.29,0.33,0.45,1
AcerCSP2,14,4.3,5.46,-1.16,0.95,1
AcerCSP2,36,5.37,4.22,1.16,0.5,2
AcerCSP2,164,4.29,4.62,-0.33,0.45,1
AcerCSP2,179,5.46,4.3,1.16,0.95,1
AcerCSP2,356,4.83,5.97,-1.14,0.77,2
AcerCSP2,533,5.45,5.0,0.45,0.77,2
AcerCSP4,12,4.84,4.4,0.44,0.45,1
AcerCSP4,23,3.51,3.76,-0.25,1.0,1
AcerCSP4,164,4.4,4.84,-0.44,0.45,1
AcerCSP4,179,3.76,3.51,0.25,1.0,1
AcerOBP2,12,5.12,5.08,0.04,0.45,1
AcerOBP2,23,4.19,5.26,-1.07,1.0,1
AcerOBP2,164,5.08,5.12,-0.04,0.45,1
AcerOBP2,179,5.26,4.19,1.07,1.0,1
AcerOBP10,12,4.96,4.3,0.66,0.45,1
AcerOBP10,23,4.68,4.4,0.28,1.0,1
AcerOBP10,164,4.3,4.96,-0.66,0.45,1
AcerOBP10,179,4.4,4.68,-0.28,1.0,1
AcerOBP11,3,5.16,4.97,0.19,0.44,4
AcerOBP11,11,4.97,5.02,-0.05,0.4,1
AcerOBP11,12,5.87,5.17,0.7,0.45,1
AcerOBP11,14,5.12,5.33,-0.2,0.95,3
AcerOBP11,16,5.3,5.55,-0.26,0.43,4
AcerOBP11,23,5.24,5.07,0.17,1.0,3
AcerOBP11,36,5.3,5.36,-0.07,0.57,5
AcerOBP11,164,5.17,5.87,-0.7,0.45,1
AcerOBP11,179,5.17,5.21,-0.04,1.0,3
AcerOBP11,187,5.41,5.11,0.3,0.57,4
AcerOBP11,201,5.31,5.57,-0.26,0.36,1
AcerOBP11,260,5.57,5.31,0.26,0.36,1
AcerOBP11,344,5.36,5.18,0.19,0.43,1
AcerOBP11,396,5.34,5.36,-0.02,0.64,4
AcerOBP11,397,5.32,5.42,-0.1,0.64,4
AfasOBP11,3,4.66,4.66,0.0,0.83,4
AfasOBP11,5,4.66,4.66,0.0,0.42,1
AfasOBP11,6,4.66,4.66,0.0,0.36,1
AfasOBP11,7,4.66,4.66,0.0,0.53,3
AfasOBP11,8,4.66,4.66,0.0,0.46,4
AfasOBP11,9,4.66,4.66,0.0,0.37,1
AfasOBP11,10,4.86,4.66,0.2,1.0,5
AfasOBP11,15,4.85,4.66,0.19,0.94,5
AfasOBP11,16,4.69,4.66,0.03,0.92,5
AfasOBP11,24,4.66,4.66,0.0,0.38,1
AfasOBP11,28,4.76,5.05,-0.29,1.0,5
AfasOBP11,30,4.66,4.66,0.0,0.83,4
AfasOBP11,35,4.76,5.02,-0.26,1.0,5
AfasOBP11,36,4.66,4.66,0.0,0.94,5
AfasOBP11,43,4.7,4.66,0.04,0.61,5
AfasOBP11,48,4.71,4.66,0.06,0.83,5
AfasOBP11,64,4.66,4.66,0.0,0.82,5
AfasOBP11,71,4.71,4.66,0.05,0.83,5
AfasOBP11,72,4.83,4.66,0.17,0.81,5
AfasOBP11,80,4.66,4.66,0.0,0.38,1
AfasOBP11,91,4.66,4.82,-0.16,0.83,5
AfasOBP11,92,4.66,4.66,0.0,0.41,4
AfasOBP11,99,4.66,4.66,0.0,0.57,3
AfasOBP11,103,4.69,4.66,0.03,0.95,5
AfasOBP11,120,4.69,4.66,0.03,0.52,5
AfasOBP11,127,4.66,4.66,0.0,0.92,4
AfasOBP11,144,4.66,4.66,0.0,0.37,1
AfasOBP11,185,4.66,4.66,0.0,0.41,2
AfasOBP11,194,4.79,4.66,0.13,0.62,5
AfasOBP11,238,4.66,4.66,0.0,0.94,5
AfasOBP11,269,4.68,4.66,0.03,0.95,5
AfasOBP11,282,4.66,4.66,0.0,0.35,1
AfasOBP11,410,5.84,5.08,0.77,0.45,1
AfasOBP11,587,5.08,5.84,-0.77,0.45,1
AgamSAP1,2,4.48,4.82,-0.33,0.61,1
AgamSAP1,54,5.19,4.94,0.25,1.0,4
AgamSAP1,78,5.17,5.3,-0.13,0.4,3
AgamSAP1,109,5.16,5.27,-0.11,0.47,3
AgamSAP1,114,5.11,4.77,0.33,0.52,2
AgamSAP1,115,4.99,5.27,-0.28,1.0,4
AgamSAP1,122,4.82,4.48,0.33,0.61,1
AgamSAP2,2,4.48,4.74,-0.26,0.61,1
AgamSAP2,54,5.29,5.38,-0.09,1.0,4
AgamSAP2,78,5.42,5.47,-0.04,0.4,3
AgamSAP2,109,5.43,5.42,0.01,0.47,3
AgamSAP2,114,5.42,4.48,0.94,0.52,2
AgamSAP2,115,5.24,5.47,-0.23,1.0,4
AgamSAP2,122,4.74,4.48,0.26,0.61,1
AgamSAP3,2,5.12,5.26,-0.14,0.61,1
AgamSAP3,54,5.32,5.37,-0.05,1.0,4
AgamSAP3,78,5.41,6.04,-0.62,0.4,3
AgamSAP3,109,5.56,5.43,0.13,0.47,3
AgamSAP3,114,5.4,4.48,0.92,0.52,2
AgamSAP3,115,5.28,5.43,-0.15,1.0,4
AgamSAP3,122,5.26,5.12,0.14,0.61,1
AgamCSP3,2,5.8,5.46,0.34,0.61,1
AgamCSP3,54,4.62,4.48,0.13,1.0,4
AgamCSP3,78,4.48,6.19,-1.71,0.4,3
AgamCSP3,109,4.92,4.48,0.44,0.47,3
AgamCSP3,114,4.48,4.48,0.0,0.52,2
AgamCSP3,115,4.62,4.48,0.13,1.0,4
AgamCSP3,122,5.46,5.8,-0.34,0.61,1
AgamCSP6,2,4.77,4.48,0.29,0.61,1
AgamCSP6,54,5.3,5.22,0.08,1.0,4
AgamCSP6,78,5.27,5.75,-0.47,0.4,3
AgamCSP6,109,5.41,5.24,0.17,0.47,3
AgamCSP6,114,5.29,4.87,0.43,0.52,2
AgamCSP6,115,5.2,5.37,-0.16,1.0,4
AgamCSP6,122,4.48,4.77,-0.29,0.61,1
AgamOBP1,10,4.9,4.79,0.12,0.57,1
AgamOBP1,123,4.79,4.9,-0.12,0.57,1
AgamOBP1,435,6.77,7.1,-0.33,0.47,1
AgamOBP1,441,6.77,6.85,-0.08,0.43,1
AgamOBP1,442,6.99,6.77,0.22,0.47,2
AgamOBP3,10,5.01,4.88,0.13,0.57,2
AgamOBP3,123,4.98,5.01,-0.03,0.95,2
AgamOBP3,218,4.98,5.01,-0.03,0.95,2
AgamOBP4,10,5.02,5.12,-0.1,1.0,4
AgamOBP4,17,5.11,4.89,0.22,1.0,4
AgamOBP4,35,4.98,5.21,-0.24,1.0,4
AgamOBP4,46,5.07,4.97,0.1,0.38,3
AgamOBP4,54,5.2,5.57,-0.37,1.0,5
AgamOBP4,78,5.19,5.57,-0.38,0.36,2
AgamOBP4,114,5.49,5.64,-0.15,0.77,4
AgamOBP4,115,5.59,4.82,0.77,1.0,5
AgamOBP4,123,5.07,4.82,0.26,0.57,3
AgamOBP4,147,5.34,5.51,-0.17,0.59,1
AgamOBP4,208,5.21,5.72,-0.51,0.61,1
AgamOBP4,325,5.35,5.34,0.01,0.6,5
AgamOBP4,326,5.44,5.12,0.32,0.6,5
AgamOBP4,327,5.35,5.85,-0.5,0.77,5
AgamOBP4,581,5.72,5.21,0.51,0.61,1
AgamOBP12,114,4.9,4.7,0.2,0.77,4
AgamOBP12,147,4.94,5.23,-0.29,0.59,2
AgamOBP12,305,4.83,4.94,-0.11,0.51,3
AgamOBP12,325,4.97,5.0,-0.04,0.6,4
AgamOBP12,326,4.92,4.82,0.1,0.6,3
AgamOBP12,327,4.81,4.92,-0.12,0.77,5
AgamOBP12,328,4.98,4.83,0.15,0.49,5
AgamOBP19,54,5.23,5.28,-0.06,1.0,5
AgamOBP19,114,5.34,5.85,-0.52,0.77,5
AgamOBP19,115,5.36,4.89,0.48,1.0,5
AgamOBP19,147,5.45,5.22,0.23,0.59,3
AgamOBP19,188,5.25,4.86,0.39,0.66,5
AgamOBP19,205,5.22,6.0,-0.78,0.86,5
AgamOBP19,305,5.25,4.79,0.46,0.6,5
AgamOBP19,325,5.22,5.4,-0.17,0.66,5
AgamOBP19,326,5.23,5.33,-0.1,0.66,5
AgamOBP19,327,5.46,5.32,0.14,0.77,5
AgamOBP19,328,5.36,5.96,-0.6,0.65,5
AgamOBP19,403,5.33,4.89,0.44,0.66,5
AgamOBP19,508,5.55,5.05,0.5,0.61,5
AgamOBP19,548,5.29,5.11,0.17,0.59,5
AgamOBP47,17,4.93,4.84,0.08,0.38,1
AgamOBP47,46,4.84,4.93,-0.08,0.38,1
AgosOBP2,5,4.33,4.26,0.07,0.43,2
AgosOBP2,6,4.26,4.26,0.0,0.41,2
AgosOBP2,7,4.26,4.26,0.0,1.0,3
AgosOBP2,11,4.26,4.26,0.0,0.79,2
AgosOBP2,23,4.26,4.26,0.0,0.47,2
AgosOBP2,43,4.26,4.26,0.0,0.6,1
AgosOBP2,106,4.26,4.26,0.0,0.38,1
AgosOBP2,110,4.26,4.42,-0.16,0.36,1
AgosOBP2,121,4.26,4.26,0.0,0.42,2
AgosOBP2,188,4.26,4.26,0.0,0.42,2
AgosOBP2,223,4.26,4.26,0.0,1.0,3
AgosOBP2,321,4.26,4.26,0.0,0.42,2
AgosOBP2,399,4.26,4.26,0.0,0.6,2
AgosOBP2,471,4.26,4.26,0.0,0.43,3
AgosOBP3,5,4.26,4.26,0.0,0.43,2
AgosOBP3,6,4.26,4.51,-0.25,0.41,2
AgosOBP3,7,4.26,4.26,0.0,1.0,3
AgosOBP3,11,4.26,4.26,0.0,0.79,2
AgosOBP3,23,4.26,4.26,0.0,0.47,2
AgosOBP3,43,4.35,4.52,-0.17,0.6,1
AgosOBP3,106,4.46,4.26,0.2,0.38,1
AgosOBP3,110,4.26,4.26,0.0,0.36,1
AgosOBP3,121,4.36,4.26,0.1,0.42,2
AgosOBP3,188,4.41,4.26,0.15,0.42,2
AgosOBP3,223,4.26,4.26,0.0,1.0,3
AgosOBP3,321,4.26,4.46,-0.2,0.42,2
AgosOBP3,399,4.45,4.35,0.1,0.6,2
AgosOBP3,471,4.34,4.26,0.08,0.43,3
AgosOBP4,5,4.26,4.26,0.0,0.43,2
AgosOBP4,6,4.26,4.26,0.0,0.41,2
AgosOBP4,7,4.42,4.26,0.16,1.0,3
AgosOBP4,11,4.26,4.62,-0.36,0.79,2
AgosOBP4,23,4.26,4.57,-0.31,0.47,2
AgosOBP4,43,4.26,4.26,0.0,0.6,1
AgosOBP4,106,4.26,4.26,0.0,0.38,1
AgosOBP4,110,4.26,4.26,0.0,0.36,1
AgosOBP4,121,4.26,4.26,0.0,0.42,2
AgosOBP4,188,4.26,4.26,0.0,0.42,2
AgosOBP4,223,4.42,4.26,0.16,1.0,3
AgosOBP4,321,4.26,4.26,0.0,0.42,2
AgosOBP4,399,4.26,4.26,0.0,0.6,2
AgosOBP4,471,4.26,4.26,0.0,0.43,3
AgosOBP6,5,4.33,4.26,0.07,0.43,2
AgosOBP6,6,4.43,4.26,0.17,0.41,2
AgosOBP6,7,4.26,4.26,0.0,1.0,3
AgosOBP6,11,4.26,4.26,0.0,0.79,2
AgosOBP6,23,4.26,4.26,0.0,0.47,2
AgosOBP6,43,4.26,4.26,0.0,0.6,1
AgosOBP6,106,4.26,4.55,-0.29,0.38,1
AgosOBP6,110,4.26,4.26,0.0,0.36,1
AgosOBP6,121,4.33,4.5,-0.17,0.42,2
AgosOBP6,188,4.26,4.26,0.0,0.42,2
AgosOBP6,223,4.26,4.26,0.0,1.0,3
AgosOBP6,321,4.39,4.26,0.13,0.42,2
AgosOBP6,399,4.26,4.26,0.0,0.6,2
AgosOBP6,471,4.34,4.38,-0.04,0.43,3
AgosOBP7,5,4.37,4.4,-0.03,0.43,2
AgosOBP7,6,4.26,4.26,0.0,0.41,2
AgosOBP7,7,4.26,4.26,0.0,1.0,3
AgosOBP7,11,4.26,4.26,0.0,0.79,2
AgosOBP7,23,4.26,4.26,0.0,0.47,2
AgosOBP7,43,4.26,4.26,0.0,0.6,1
AgosOBP7,106,4.26,4.26,0.0,0.38,1
AgosOBP7,110,4.4,4.52,-0.12,0.36,1
AgosOBP7,121,4.26,4.26,0.0,0.42,2
AgosOBP7,188,4.26,4.55,-0.29,0.42,2
AgosOBP7,223,4.26,4.26,0.0,1.0,3
AgosOBP7,321,4.42,4.26,0.16,0.42,2
AgosOBP7,399,4.34,4.26,0.08,0.6,2
AgosOBP7,471,4.31,4.26,0.05,0.43,3
AgosOBP8,5,4.44,4.65,-0.2,0.43,2
AgosOBP8,6,4.26,4.26,0.0,0.41,2
AgosOBP8,7,4.26,4.6,-0.34,1.0,3
AgosOBP8,11,4.43,4.26,0.17,0.79,2
AgosOBP8,23,4.43,4.26,0.17,0.47,2
AgosOBP8,43,4.26,4.51,-0.25,0.6,1
AgosOBP8,106,4.26,4.87,-0.61,0.38,1
AgosOBP8,110,4.65,4.69,-0.05,0.36,1
AgosOBP8,121,4.26,4.26,0.0,0.42,2
AgosOBP8,188,4.26,4.26,0.0,0.42,2
AgosOBP8,223,4.45,4.26,0.19,1.0,3
AgosOBP8,321,4.54,4.26,0.28,0.42,2
AgosOBP8,399,4.44,4.26,0.18,0.6,2
AgosOBP8,471,4.39,4.26,0.13,0.43,3
AimelOBP3,14,6.03,6.52,-0.5,0.95,4
AimelOBP3,17,4.93,4.26,0.67,1.0,5
AimelOBP3,18,4.58,5.89,-1.3,1.0,5
AimelOBP3,19,5.66,6.4,-0.73,1.0,5
AimelOBP3,23,6.48,5.68,0.8,0.95,4
AimelOBP3,32,5.83,5.42,0.41,0.58,5
AimelOBP3,33,5.57,4.26,1.31,0.53,5
AimelOBP3,35,4.93,4.26,0.67,1.0,5
AimelOBP3,37,5.52,6.4,-0.88,0.9,5
AimelOBP3,53,4.26,4.26,0.0,1.0,5
AimelOBP3,60,5.16,5.42,-0.26,0.88,5
AimelOBP3,61,6.22,6.52,-0.3,0.52,4
AimelOBP3,69,4.26,4.26,0.0,1.0,5
AimelOBP3,83,4.93,4.26,0.67,1.0,5
AimelOBP3,85,6.22,6.4,-0.18,0.54,5
AimelOBP3,118,5.42,4.26,1.16,1.0,5
AimelOBP3,125,5.44,5.22,0.22,0.43,1
AimelOBP3,134,5.22,5.44,-0.22,0.43,1
AimelOBP3,157,6.4,5.92,0.48,0.38,1
AimelOBP3,158,5.63,6.52,-0.9,1.0,5
AimelOBP3,176,6.25,6.4,-0.15,0.52,4
AimelOBP3,187,4.26,4.26,0.0,1.0,5
AimelOBP3,219,5.07,5.89,-0.81,0.62,5
AimelOBP3,220,5.52,5.64,-0.12,1.0,1
AimelOBP3,254,5.64,5.52,0.12,1.0,1
AimelOBP3,266,4.26,4.26,0.0,0.52,5
AimelOBP3,320,4.26,4.26,0.0,1.0,5
AimelOBP3,345,5.19,5.37,-0.17,1.0,5
AimelOBP3,346,5.19,5.37,-0.17,1.0,5
AimelOBP3,347,5.19,5.37,-0.17,1.0,5
AimelOBP3,348,5.12,5.54,-0.42,1.0,5
AimelOBP3,389,4.26,4.26,0.0,1.0,5
AimelOBP3,559,4.93,4.26,0.67,1.0,5
AimelOBP3 N90L,14,4.87,5.85,-0.98,0.95,4
AimelOBP3 N90L,17,4.31,4.26,0.05,1.0,5
AimelOBP3 N90L,18,4.26,4.52,-0.26,1.0,5
AimelOBP3 N90L,19,4.57,4.26,0.31,1.0,5
AimelOBP3 N90L,23,5.51,4.64,0.87,0.95,4
AimelOBP3 N90L,32,4.46,4.26,0.2,0.58,5
AimelOBP3 N90L,33,4.26,4.26,0.0,0.53,5
AimelOBP3 N90L,35,4.31,4.26,0.05,1.0,5
AimelOBP3 N90L,37,4.52,4.26,0.26,0.9,5
AimelOBP3 N90L,53,4.26,4.26,0.0,1.0,5
AimelOBP3 N90L,60,4.26,4.26,0.0,0.88,5
AimelOBP3 N90L,61,5.11,5.47,-0.35,0.52,4
AimelOBP3 N90L,69,4.26,4.26,0.0,1.0,5
AimelOBP3 N90L,83,4.31,4.26,0.05,1.0,5
AimelOBP3 N90L,85,5.12,4.92,0.2,0.54,5
AimelOBP3 N90L,118,4.26,4.26,0.0,1.0,5
AimelOBP3 N90L,125,5.04,4.64,0.4,0.43,1
AimelOBP3 N90L,134,4.64,5.04,-0.4,0.43,1
AimelOBP3 N90L,157,4.92,4.26,0.66,0.38,1
AimelOBP3 N90L,158,4.3,5.21,-0.91,1.0,5
AimelOBP3 N90L,176,5.2,5.04,0.16,0.52,4
AimelOBP3 N90L,187,4.26,4.26,0.0,1.0,5
AimelOBP3 N90L,219,4.31,4.78,-0.47,0.62,5
AimelOBP3 N90L,220,4.82,4.87,-0.05,1.0,1
AimelOBP3 N90L,254,4.87,4.82,0.05,1.0,1
AimelOBP3 N90L,266,4.26,4.26,0.0,0.52,5
AimelOBP3 N90L,320,4.26,4.26,0.0,1.0,5
AimelOBP3 N90L,345,4.26,4.26,0.0,1.0,5
AimelOBP3 N90L,346,4.26,4.26,0.0,1.0,5
AimelOBP3 N90L,347,4.26,4.26,0.0,1.0,5
AimelOBP3 N90L,348,4.26,4.26,0.0,1.0,5
AimelOBP3 N90L,389,4.26,4.26,0.0,1.0,5
AimelOBP3 N90L,559,4.31,4.26,0.05,1.0,5
AimelOBP3 E120A,14,4.38,4.26,0.12,0.95,4
AimelOBP3 E120A,17,4.26,4.26,0.0,1.0,5
AimelOBP3 E120A,18,4.26,4.26,0.0,1.0,5
AimelOBP3 E120A,19,4.26,4.26,0.0,1.0,5
AimelOBP3 E120A,23,4.38,4.26,0.12,0.95,4
AimelOBP3 E120A,32,4.26,4.26,0.0,0.58,5
AimelOBP3 E120A,33,4.26,4.26,0.0,0.53,5
AimelOBP3 E120A,35,4.26,4.26,0.0,1.0,5
AimelOBP3 E120A,37,4.26,4.26,0.0,0.9,5
AimelOBP3 E120A,53,4.26,4.26,0.0,1.0,5
AimelOBP3 E120A,60,4.26,4.26,0.0,0.88,5
AimelOBP3 E120A,61,4.43,4.26,0.17,0.52,4
AimelOBP3 E120A,69,4.26,4.26,0.0,1.0,5
AimelOBP3 E120A,83,4.26,4.26,0.0,1.0,5
AimelOBP3 E120A,85,4.35,4.57,-0.22,0.54,5
AimelOBP3 E120A,118,4.26,4.26,0.0,1.0,5
AimelOBP3 E120A,125,5.02,4.26,0.76,0.43,1
AimelOBP3 E120A,134,4.26,5.02,-0.76,0.43,1
AimelOBP3 E120A,157,4.57,4.26,0.31,0.38,1
AimelOBP3 E120A,158,4.26,4.26,0.0,1.0,5
AimelOBP3 E120A,176,4.34,4.72,-0.39,0.52,4
AimelOBP3 E120A,187,4.26,4.26,0.0,1.0,5
AimelOBP3 E120A,219,4.26,4.79,-0.53,0.62,5
AimelOBP3 E120A,220,4.26,4.26,0.0,1.0,1
AimelOBP3 E120A,254,4.26,4.26,0.0,1.0,1
AimelOBP3 E120A,266,4.26,4.26,0.0,0.52,5
AimelOBP3 E120A,320,4.26,4.26,0.0,1.0,5
AimelOBP3 E120A,345,4.26,4.26,0.0,1.0,5
AimelOBP3 E120A,346,4.26,4.26,0.0,1.0,5
AimelOBP3 E120A,347,4.26,4.26,0.0,1.0,5
AimelOBP3 E120A,348,4.26,4.26,0.0,1.0,5
AimelOBP3 E120A,389,4.26,4.26,0.0,1.0,5
AimelOBP3 E120A,559,4.26,4.26,0.0,1.0,5
AimelOBP3 S122A,14,5.35,4.92,0.43,0.95,4
AimelOBP3 S122A,17,4.72,4.26,0.46,1.0,5
AimelOBP3 S122A,18,4.55,5.1,-0.55,1.0,5
AimelOBP3 S122A,19,5.2,5.19,0.01,1.0,5
AimelOBP3 S122A,23,5.35,4.95,0.4,0.95,4
AimelOBP3 S122A,32,4.79,4.75,0.03,0.58,5
AimelOBP3 S122A,33,4.52,4.26,0.27,0.53,5
AimelOBP3 S122A,35,4.72,4.26,0.46,1.0,5
AimelOBP3 S122A,37,4.96,5.82,-0.87,0.9,5
AimelOBP3 S122A,53,4.26,4.26,0.0,1.0,5
AimelOBP3 S122A,60,4.26,4.26,0.0,0.88,5
AimelOBP3 S122A,61,5.3,5.96,-0.66,0.52,4
AimelOBP3 S122A,69,4.26,4.26,0.0,1.0,5
AimelOBP3 S122A,83,4.67,4.49,0.18,1.0,5
AimelOBP3 S122A,85,5.34,5.7,-0.36,0.54,5
AimelOBP3 S122A,118,4.26,4.26,0.0,1.0,5
AimelOBP3 S122A,125,4.91,4.26,0.65,0.43,1
AimelOBP3 S122A,134,4.26,4.91,-0.65,0.43,1
AimelOBP3 S122A,157,5.7,5.14,0.56,0.38,1
AimelOBP3 S122A,158,5.02,5.82,-0.8,1.0,5
AimelOBP3 S122A,176,5.32,5.82,-0.5,0.52,4
AimelOBP3 S122A,187,4.26,4.26,0.0,1.0,5
AimelOBP3 S122A,219,4.83,5.02,-0.19,0.62,5
AimelOBP3 S122A,220,4.72,4.72,0.0,1.0,1
AimelOBP3 S122A,254,4.72,4.72,0.0,1.0,1
AimelOBP3 S122A,266,4.26,4.26,0.0,0.52,5
AimelOBP3 S122A,320,4.26,4.26,0.0,1.0,5
AimelOBP3 S122A,345,4.26,4.26,0.0,1.0,5
AimelOBP3 S122A,346,4.26,4.26,0.0,1.0,5
AimelOBP3 S122A,347,4.26,4.26,0.0,1.0,5
AimelOBP3 S122A,348,4.26,4.26,0.0,1.0,5
AimelOBP3 S122A,389,4.26,4.26,0.0,1.0,5
AimelOBP3 S122A,559,4.72,4.26,0.46,1.0,5
AimelOBP5,14,4.56,4.26,0.3,0.95,4
AimelOBP5,17,4.84,4.26,0.58,1.0,5
AimelOBP5,18,4.66,5.1,-0.43,1.0,5
AimelOBP5,19,4.39,4.26,0.13,1.0,5
AimelOBP5,23,4.57,4.26,0.31,0.95,4
AimelOBP5,32,5.24,4.26,0.98,0.58,5
AimelOBP5,33,5.33,4.26,1.07,0.53,5
AimelOBP5,35,4.84,4.26,0.58,1.0,5
AimelOBP5,37,4.42,4.26,0.16,0.9,5
AimelOBP5,53,5.6,5.52,0.08,1.0,5
AimelOBP5,60,5.97,6.22,-0.25,0.88,5
AimelOBP5,61,4.68,4.26,0.42,0.52,4
AimelOBP5,69,5.5,6.0,-0.5,1.0,5
AimelOBP5,83,4.62,5.32,-0.7,1.0,5
AimelOBP5,85,4.44,5.25,-0.81,0.54,5
AimelOBP5,118,6.04,5.85,0.19,1.0,5
AimelOBP5,125,5.55,4.26,1.29,0.43,1
AimelOBP5,134,4.26,5.55,-1.29,0.43,1
AimelOBP5,157,5.25,4.26,0.99,0.38,1
AimelOBP5,158,4.39,4.26,0.13,1.0,5
AimelOBP5,176,4.51,5.17,-0.66,0.52,4
AimelOBP5,187,5.55,5.77,-0.22,1.0,5
AimelOBP5,219,4.62,5.42,-0.8,0.62,5
AimelOBP5,220,5.02,5.02,0.0,1.0,1
AimelOBP5,254,5.02,5.02,0.0,1.0,1
AimelOBP5,266,5.56,5.1,0.46,0.52,5
AimelOBP5,320,5.67,5.19,0.48,1.0,5
AimelOBP5,345,5.98,6.1,-0.12,1.0,5
AimelOBP5,346,5.98,6.1,-0.12,1.0,5
AimelOBP5,347,6.07,5.7,0.37,1.0,5
AimelOBP5,348,5.99,6.1,-0.11,1.0,5
AimelOBP5,389,5.65,5.3,0.35,1.0,5
AimelOBP5,559,4.66,5.1,-0.43,1.0,5
AipsGOBP1,4,5.0,4.48,0.51,0.43,1
AipsGOBP1,5,4.72,4.88,-0.16,0.43,5
AipsGOBP1,8,5.05,4.67,0.38,0.57,5
AipsGOBP1,12,4.89,4.48,0.41,0.38,1
AipsGOBP1,16,4.73,4.48,0.25,1.0,5
AipsGOBP1,19,5.28,5.35,-0.06,1.0,5
AipsGOBP1,28,5.42,4.89,0.53,1.0,5
AipsGOBP1,32,4.64,4.48,0.16,1.0,5
AipsGOBP1,33,5.02,5.03,-0.01,1.0,5
AipsGOBP1,37,5.27,5.49,-0.23,1.0,5
AipsGOBP1,41,4.52,5.12,-0.61,1.0,5
AipsGOBP1,50,4.48,5.0,-0.51,0.43,1
AipsGOBP1,58,4.73,4.48,0.25,1.0,5
AipsGOBP1,62,5.03,5.01,0.02,1.0,5
AipsGOBP1,70,4.84,4.48,0.35,0.42,4
AipsGOBP1,83,5.2,5.68,-0.48,1.0,5
AipsGOBP1,118,5.17,5.14,0.03,0.56,5
AipsGOBP1,137,4.99,5.13,-0.14,0.86,5
AipsGOBP1,138,5.01,5.05,-0.04,1.0,5
AipsGOBP1,146,4.73,4.89,-0.16,0.38,2
AipsGOBP1,158,5.36,5.07,0.29,1.0,5
AipsGOBP1,215,5.02,5.03,-0.01,0.96,5
AipsGOBP1,217,5.25,5.11,0.14,0.73,5
AipsGOBP1,367,5.3,5.34,-0.03,1.0,5
AipsGOBP1,374,4.54,4.85,-0.31,1.0,5
AipsGOBP1,473,4.64,4.48,0.16,1.0,5
AipsGOBP1,474,4.65,4.48,0.17,1.0,5
AipsGOBP2,4,5.04,4.48,0.56,0.43,1
AipsGOBP2,5,5.4,5.37,0.04,0.43,5
AipsGOBP2,8,5.46,4.91,0.55,0.57,5
AipsGOBP2,12,5.33,4.48,0.85,0.38,1
AipsGOBP2,16,5.63,4.48,1.14,1.0,5
AipsGOBP2,19,5.36,5.8,-0.44,1.0,5
AipsGOBP2,28,5.39,4.88,0.51,1.0,5
AipsGOBP2,32,5.25,5.92,-0.67,1.0,5
AipsGOBP2,33,5.52,5.06,0.45,1.0,5
AipsGOBP2,37,5.41,5.36,0.05,1.0,5
AipsGOBP2,41,5.34,5.35,-0.01,1.0,5
AipsGOBP2,50,4.48,5.04,-0.56,0.43,1
AipsGOBP2,58,5.16,5.89,-0.73,1.0,5
AipsGOBP2,62,5.36,5.68,-0.32,1.0,5
AipsGOBP2,70,5.4,4.48,0.92,0.42,4
AipsGOBP2,83,5.4,4.84,0.56,1.0,5
AipsGOBP2,118,5.67,5.77,-0.1,0.56,5
AipsGOBP2,137,5.36,5.72,-0.36,0.86,5
AipsGOBP2,138,5.33,5.8,-0.47,1.0,5
AipsGOBP2,146,4.75,5.33,-0.58,0.38,2
AipsGOBP2,158,5.39,5.7,-0.31,1.0,5
AipsGOBP2,215,5.5,5.07,0.43,0.96,5
AipsGOBP2,217,5.52,5.68,-0.16,0.73,5
AipsGOBP2,367,5.34,5.64,-0.3,1.0,5
AipsGOBP2,374,5.35,5.54,-0.19,1.0,5
AipsGOBP2,473,5.39,5.46,-0.07,1.0,5
AipsGOBP2,474,5.51,5.01,0.49,1.0,5
AipsPBP1,19,5.16,5.18,-0.02,1.0,5
AipsPBP1,32,4.7,4.48,0.22,1.0,5
AipsPBP1,33,5.9,6.02,-0.12,1.0,5
AipsPBP1,41,4.48,4.48,0.0,1.0,5
AipsPBP1,58,4.48,4.48,0.0,1.0,5
AipsPBP1,59,4.48,4.48,0.0,1.0,4
AipsPBP1,62,5.86,6.2,-0.34,1.0,5
AipsPBP1,76,4.48,4.48,0.0,1.0,4
AipsPBP1,137,5.99,5.59,0.4,0.86,5
AipsPBP1,138,5.79,6.48,-0.69,1.0,5
AipsPBP1,151,4.48,4.48,0.0,1.0,4
AipsPBP1,158,5.1,5.3,-0.2,1.0,5
AipsPBP1,215,6.05,5.4,0.65,0.96,5
AipsPBP1,217,5.14,5.34,-0.19,0.73,5
AipsPBP1,473,4.7,4.48,0.22,1.0,5
AipsPBP2,19,5.12,5.34,-0.22,1.0,5
AipsPBP2,32,4.7,4.48,0.22,1.0,5
AipsPBP2,33,6.02,6.21,-0.19,1.0,5
AipsPBP2,41,4.48,4.48,0.0,1.0,5
AipsPBP2,58,4.48,4.48,0.0,1.0,5
AipsPBP2,59,4.48,4.48,0.0,1.0,4
AipsPBP2,62,5.9,6.68,-0.78,1.0,5
AipsPBP2,76,4.48,4.48,0.0,1.0,4
AipsPBP2,137,6.13,5.65,0.48,0.86,5
AipsPBP2,138,5.97,6.41,-0.44,1.0,5
AipsPBP2,151,4.48,4.48,0.0,1.0,4
AipsPBP2,158,5.18,5.18,-0.0,1.0,5
AipsPBP2,215,6.22,5.36,0.86,0.96,5
AipsPBP2,217,5.17,5.29,-0.12,0.73,5
AipsPBP2,473,4.7,4.48,0.22,1.0,5
AipsPBP3,19,5.13,5.16,-0.04,1.0,5
AipsPBP3,32,4.69,4.48,0.21,1.0,5
AipsPBP3,33,5.49,6.32,-0.83,1.0,5
AipsPBP3,41,4.48,4.48,0.0,1.0,5
AipsPBP3,58,4.48,4.48,0.0,1.0,5
AipsPBP3,59,4.48,4.48,0.0,1.0,4
AipsPBP3,62,5.72,5.41,0.31,1.0,5
AipsPBP3,76,4.48,4.48,0.0,1.0,4
AipsPBP3,137,5.61,5.92,-0.31,0.86,5
AipsPBP3,138,5.77,5.2,0.57,1.0,5
AipsPBP3,151,4.48,4.48,0.0,1.0,4
AipsPBP3,158,5.09,5.25,-0.16,1.0,5
AipsPBP3,215,5.67,5.62,0.05,0.96,5
AipsPBP3,217,5.15,5.15,-0.01,0.73,5
AipsPBP3,473,4.69,4.48,0.21,1.0,5
AlepGOBP1,3,4.69,4.66,0.03,0.83,4
AlepGOBP1,10,4.66,4.66,0.0,1.0,5
AlepGOBP1,11,4.66,4.66,0.0,0.4,2
AlepGOBP1,13,4.66,4.89,-0.23,0.41,2
AlepGOBP1,17,4.66,4.66,0.0,1.0,5
AlepGOBP1,30,4.68,4.66,0.03,0.83,4
AlepGOBP1,36,4.66,4.66,0.0,0.94,5
AlepGOBP1,59,4.66,4.66,0.0,1.0,5
AlepGOBP1,62,5.22,5.36,-0.14,1.0,3
AlepGOBP1,63,4.66,4.66,0.0,0.48,5
AlepGOBP1,64,4.66,4.66,-0.0,0.82,5
AlepGOBP1,76,4.66,4.66,0.0,1.0,5
AlepGOBP1,92,4.66,4.66,-0.0,0.38,2
AlepGOBP1,131,4.66,4.66,0.0,1.0,5
AlepGOBP1,138,5.22,5.36,-0.14,1.0,3
AlepGOBP1,194,4.66,4.66,0.0,1.0,5
AlepGOBP1,291,4.66,4.66,0.0,1.0,5
AlepGOBP1,295,4.66,4.66,0.0,0.94,5
AlepGOBP2,3,5.07,4.66,0.42,0.83,4
AlepGOBP2,10,4.66,4.66,0.0,1.0,5
AlepGOBP2,11,4.95,4.66,0.29,0.4,2
AlepGOBP2,13,4.94,5.02,-0.07,0.41,2
AlepGOBP2,17,4.66,4.66,0.0,1.0,5
AlepGOBP2,30,4.7,5.32,-0.62,0.83,4
AlepGOBP2,36,4.66,4.66,0.0,0.94,5
AlepGOBP2,59,4.66,4.66,0.0,1.0,5
AlepGOBP2,62,5.88,6.08,-0.2,1.0,3
AlepGOBP2,63,4.8,4.66,0.14,0.48,5
AlepGOBP2,64,4.66,4.66,-0.0,0.82,5
AlepGOBP2,76,4.66,4.66,0.0,1.0,5
AlepGOBP2,92,4.66,4.66,-0.0,0.38,2
AlepGOBP2,131,4.66,4.66,0.0,1.0,5
AlepGOBP2,138,5.79,6.19,-0.39,1.0,3
AlepGOBP2,194,4.66,4.66,0.0,1.0,5
AlepGOBP2,291,4.66,4.66,0.0,1.0,5
AlepGOBP2,295,4.66,4.66,0.0,0.94,5
AlepPBP1,3,5.11,5.3,-0.19,0.83,2
AlepPBP1,10,4.72,4.66,0.06,1.0,5
AlepPBP1,17,4.72,4.66,0.06,1.0,5
AlepPBP1,30,5.24,5.14,0.1,0.83,2
AlepPBP1,36,4.7,4.66,0.04,0.94,5
AlepPBP1,59,4.77,4.66,0.11,1.0,5
AlepPBP1,62,5.82,5.96,-0.14,1.0,3
AlepPBP1,63,4.94,5.01,-0.07,0.48,5
AlepPBP1,64,4.69,4.66,0.03,0.82,5
AlepPBP1,76,4.77,4.66,0.11,1.0,5
AlepPBP1,131,4.66,5.13,-0.47,1.0,5
AlepPBP1,138,5.7,6.11,-0.42,1.0,3
AlepPBP1,194,4.77,4.66,0.11,1.0,5
AlepPBP1,291,4.77,4.66,0.11,1.0,5
AlepPBP1,295,4.71,4.66,0.05,0.94,5
AlinCSP1,3,4.33,5.27,-0.94,0.83,5
AlinCSP1,4,4.26,4.56,-0.3,0.38,1
AlinCSP1,5,4.83,4.9,-0.07,0.57,2
AlinCSP1,7,4.38,4.55,-0.17,0.79,5
AlinCSP1,8,4.54,5.13,-0.6,0.48,5
AlinCSP1,9,5.0,5.04,-0.03,0.37,1
AlinCSP1,10,4.32,4.36,-0.04,1.0,5
AlinCSP1,12,4.51,5.06,-0.56,0.38,1
AlinCSP1,13,4.83,4.54,0.29,0.41,2
AlinCSP1,15,4.36,4.26,0.1,0.94,5
AlinCSP1,16,4.29,4.26,0.03,1.0,5
AlinCSP1,17,4.35,4.26,0.09,1.0,5
AlinCSP1,24,4.71,4.5,0.21,0.38,2
AlinCSP1,28,4.35,4.26,0.09,1.0,5
AlinCSP1,30,4.77,4.26,0.51,0.83,5
AlinCSP1,35,4.35,4.26,0.09,1.0,5
AlinCSP1,36,4.38,4.37,0.01,0.94,5
AlinCSP1,39,4.51,4.26,0.25,0.36,1
AlinCSP1,43,4.31,4.26,0.05,0.65,5
AlinCSP1,48,4.37,4.26,0.11,0.83,5
AlinCSP1,55,4.34,4.38,-0.04,1.0,5
AlinCSP1,56,4.48,4.58,-0.1,0.85,5
AlinCSP1,58,4.29,4.26,0.03,1.0,5
AlinCSP1,63,4.6,4.26,0.34,0.48,5
AlinCSP1,64,4.32,4.71,-0.39,0.82,5
AlinCSP1,70,4.3,4.36,-0.07,0.72,5
AlinCSP1,71,4.36,4.35,0.01,0.83,5
AlinCSP1,72,4.28,4.75,-0.47,0.81,5
AlinCSP1,76,4.37,4.26,0.11,1.0,5
AlinCSP1,80,4.29,5.15,-0.86,1.0,2
AlinCSP1,91,4.36,4.33,0.03,0.83,5
AlinCSP1,92,4.4,4.26,0.14,0.41,4
AlinCSP1,93,4.56,4.26,0.3,0.38,1
AlinCSP1,99,4.49,4.26,0.23,0.57,5
AlinCSP1,103,4.36,4.63,-0.26,0.95,5
AlinCSP1,120,4.41,4.26,0.15,0.52,5
AlinCSP1,126,4.61,4.51,0.1,0.64,3
AlinCSP1,127,4.28,4.26,0.02,0.92,5
AlinCSP1,131,4.34,4.35,-0.01,1.0,5
AlinCSP1,144,5.04,5.0,0.03,0.37,1
AlinCSP1,163,5.07,4.26,0.81,1.0,2
AlinCSP1,173,4.75,4.95,-0.19,0.36,1
AlinCSP1,194,4.33,4.42,-0.09,1.0,5
AlinCSP1,211,4.34,4.37,-0.03,0.67,5
AlinCSP1,216,4.42,4.41,0.01,0.54,5
AlinCSP1,231,4.42,4.56,-0.14,0.64,3
AlinCSP1,238,4.4,4.26,0.14,1.0,5
AlinCSP1,269,4.5,4.26,0.24,0.95,5
AlinCSP1,282,4.3,4.34,-0.05,0.78,5
AlinCSP1,295,4.4,4.26,0.14,1.0,5
AlinCSP1,312,4.64,4.26,0.38,0.79,3
AlinCSP1,314,4.43,4.67,-0.24,0.57,5
AlinCSP1,370,4.26,4.26,0.0,0.37,2
AlinCSP1,417,4.35,4.26,0.09,0.78,5
AlinCSP2,3,4.34,4.88,-0.54,0.83,5
AlinCSP2,4,4.26,4.55,-0.29,0.38,1
AlinCSP2,5,4.66,4.82,-0.16,0.57,2
AlinCSP2,7,4.36,4.61,-0.25,0.79,5
AlinCSP2,8,4.45,4.8,-0.35,0.48,5
AlinCSP2,9,4.26,4.26,0.0,0.37,1
AlinCSP2,10,4.36,4.26,0.1,1.0,5
AlinCSP2,12,4.51,4.88,-0.36,0.38,1
AlinCSP2,13,4.62,4.6,0.02,0.41,2
AlinCSP2,15,4.37,4.26,0.11,0.94,5
AlinCSP2,16,4.34,4.26,0.08,1.0,5
AlinCSP2,17,4.34,4.34,0.0,1.0,5
AlinCSP2,24,4.61,4.51,0.09,0.38,2
AlinCSP2,28,4.36,4.26,0.1,1.0,5
AlinCSP2,30,4.62,4.26,0.36,0.83,5
AlinCSP2,35,4.36,4.26,0.1,1.0,5
AlinCSP2,36,4.41,4.26,0.15,0.94,5
AlinCSP2,39,4.51,4.26,0.26,0.36,1
AlinCSP2,43,4.3,4.26,0.04,0.65,5
AlinCSP2,48,4.3,4.26,0.04,0.83,5
AlinCSP2,55,4.33,4.35,-0.02,1.0,5
AlinCSP2,56,4.43,4.38,0.05,0.85,5
AlinCSP2,58,4.28,4.45,-0.17,1.0,5
AlinCSP2,63,4.49,4.26,0.23,0.48,5
AlinCSP2,64,4.3,4.69,-0.39,0.82,5
AlinCSP2,70,4.28,4.42,-0.14,0.72,5
AlinCSP2,71,4.34,4.26,0.08,0.83,5
AlinCSP2,72,4.28,4.87,-0.6,0.81,5
AlinCSP2,76,4.36,4.26,0.1,1.0,5
AlinCSP2,80,4.29,4.96,-0.66,1.0,2
AlinCSP2,91,4.33,4.26,0.07,0.83,5
AlinCSP2,92,4.37,4.26,0.11,0.41,4
AlinCSP2,93,4.55,4.26,0.29,0.38,1
AlinCSP2,99,4.44,4.26,0.18,0.57,5
AlinCSP2,103,4.29,4.54,-0.24,0.95,5
AlinCSP2,120,4.35,4.26,0.09,0.52,5
AlinCSP2,126,4.59,4.51,0.08,0.64,3
AlinCSP2,127,4.34,4.26,0.08,0.92,5
AlinCSP2,131,4.34,4.33,0.0,1.0,5
AlinCSP2,144,4.26,4.26,0.0,0.37,1
AlinCSP2,163,4.9,4.26,0.64,1.0,2
AlinCSP2,173,4.87,4.88,-0.01,0.36,1
AlinCSP2,194,4.32,4.4,-0.08,1.0,5
AlinCSP2,211,4.33,4.4,-0.07,0.67,5
AlinCSP2,216,4.34,4.55,-0.21,0.54,5
AlinCSP2,231,4.44,4.6,-0.16,0.64,3
AlinCSP2,238,4.4,4.26,0.14,1.0,5
AlinCSP2,269,4.39,4.26,0.13,0.95,5
AlinCSP2,282,4.37,4.26,0.11,0.78,5
AlinCSP2,295,4.36,4.37,-0.01,1.0,5
AlinCSP2,312,4.61,4.34,0.28,0.79,3
AlinCSP2,314,4.44,4.58,-0.13,0.57,5
AlinCSP2,370,4.26,4.26,0.0,0.37,2
AlinCSP2,417,4.31,4.4,-0.1,0.78,5
AlinCSP3,3,4.35,4.97,-0.62,0.83,5
AlinCSP3,4,4.26,4.62,-0.36,0.38,1
AlinCSP3,5,4.71,4.79,-0.08,0.57,2
AlinCSP3,7,4.34,4.65,-0.31,0.79,5
AlinCSP3,8,4.42,4.92,-0.49,0.48,5
AlinCSP3,9,5.05,4.91,0.14,0.37,1
AlinCSP3,10,4.38,4.26,0.12,1.0,5
AlinCSP3,12,4.65,4.93,-0.27,0.38,1
AlinCSP3,13,4.66,4.65,0.01,0.41,2
AlinCSP3,15,4.39,4.26,0.13,0.94,5
AlinCSP3,16,4.29,4.26,0.03,1.0,5
AlinCSP3,17,4.35,4.37,-0.02,1.0,5
AlinCSP3,24,4.58,4.57,0.02,0.38,2
AlinCSP3,28,4.38,4.26,0.12,1.0,5
AlinCSP3,30,4.67,4.26,0.41,0.83,5
AlinCSP3,35,4.38,4.26,0.12,1.0,5
AlinCSP3,36,4.42,4.38,0.03,0.94,5
AlinCSP3,39,4.65,4.26,0.39,0.36,1
AlinCSP3,43,4.32,4.26,0.06,0.65,5
AlinCSP3,48,4.34,4.26,0.08,0.83,5
AlinCSP3,55,4.32,4.34,-0.02,1.0,5
AlinCSP3,56,4.37,4.46,-0.1,0.85,5
AlinCSP3,58,4.29,4.26,0.03,1.0,5
AlinCSP3,63,4.52,4.26,0.26,0.48,5
AlinCSP3,64,4.35,4.65,-0.3,0.82,5
AlinCSP3,70,4.31,4.45,-0.14,0.72,5
AlinCSP3,71,4.31,4.36,-0.05,0.83,5
AlinCSP3,72,4.28,4.95,-0.67,0.81,5
AlinCSP3,76,4.32,4.34,-0.01,1.0,5
AlinCSP3,80,4.3,4.91,-0.61,1.0,2
AlinCSP3,91,4.33,4.26,0.07,0.83,5
AlinCSP3,92,4.39,4.26,0.13,0.41,4
AlinCSP3,93,4.62,4.26,0.36,0.38,1
AlinCSP3,99,4.47,4.26,0.21,0.57,5
AlinCSP3,103,4.33,4.33,-0.01,0.95,5
AlinCSP3,120,4.37,4.26,0.11,0.52,5
AlinCSP3,126,4.61,4.65,-0.04,0.64,3
AlinCSP3,127,4.29,4.26,0.03,0.92,5
AlinCSP3,131,4.32,4.33,-0.0,1.0,5
AlinCSP3,144,4.91,5.05,-0.14,0.37,1
AlinCSP3,163,4.87,4.26,0.61,1.0,2
AlinCSP3,173,4.95,4.84,0.11,0.36,1
AlinCSP3,194,4.34,4.26,0.08,1.0,5
AlinCSP3,211,4.31,4.45,-0.14,0.67,5
AlinCSP3,216,4.34,4.4,-0.06,0.54,5
AlinCSP3,231,4.52,4.61,-0.09,0.64,3
AlinCSP3,238,4.4,4.4,-0.0,1.0,5
AlinCSP3,269,4.36,4.26,0.1,0.95,5
AlinCSP3,282,4.31,4.43,-0.12,0.78,5
AlinCSP3,295,4.45,4.26,0.19,1.0,5
AlinCSP3,312,4.65,4.26,0.39,0.79,3
AlinCSP3,314,4.4,4.59,-0.19,0.57,5
AlinCSP3,370,4.26,4.36,-0.1,0.37,2
AlinCSP3,417,4.36,4.26,0.1,0.78,5
AlinCSP4,3,5.73,4.89,0.84,0.83,4
AlinCSP4,4,5.17,5.04,0.12,0.38,1
AlinCSP4,5,4.48,4.88,-0.39,0.42,1
AlinCSP4,7,5.56,5.89,-0.33,0.53,4
AlinCSP4,8,5.16,4.48,0.67,0.46,4
AlinCSP4,9,5.89,5.84,0.05,0.37,1
AlinCSP4,10,5.16,5.08,0.08,1.0,5
AlinCSP4,15,5.14,5.17,-0.03,0.94,5
AlinCSP4,16,5.14,5.1,0.03,0.92,5
AlinCSP4,24,4.48,4.48,0.0,0.38,1
AlinCSP4,28,5.15,5.13,0.02,1.0,5
AlinCSP4,30,5.32,5.92,-0.61,0.83,4
AlinCSP4,35,5.14,5.15,-0.01,1.0,5
AlinCSP4,36,4.98,4.76,0.23,0.94,5
AlinCSP4,43,5.14,5.21,-0.07,0.61,5
AlinCSP4,48,5.37,4.87,0.5,0.83,5
AlinCSP4,63,5.31,4.89,0.42,0.48,5
AlinCSP4,64,4.88,4.79,0.08,0.82,5
AlinCSP4,71,5.12,5.81,-0.7,0.83,5
AlinCSP4,72,5.15,5.16,-0.01,0.81,5
AlinCSP4,91,5.31,5.22,0.09,0.83,5
AlinCSP4,92,4.92,4.81,0.11,0.41,4
AlinCSP4,93,5.04,5.17,-0.12,0.38,1
AlinCSP4,99,5.48,5.95,-0.47,0.57,4
AlinCSP4,103,5.2,5.43,-0.22,0.95,5
AlinCSP4,120,5.12,5.15,-0.04,0.52,5
AlinCSP4,127,5.08,5.13,-0.05,0.92,4
AlinCSP4,144,5.84,5.89,-0.05,0.37,1
AlinCSP4,163,4.48,4.48,0.0,0.38,1
AlinCSP4,173,5.16,4.97,0.19,0.36,1
AlinCSP4,194,5.12,5.34,-0.22,0.62,5
AlinCSP4,238,5.02,4.79,0.22,0.94,5
AlinCSP4,269,5.29,5.13,0.15,0.95,5
AlinCSP4,282,5.34,5.21,0.14,0.35,1
AlinCSP5,3,4.58,4.84,-0.26,0.83,4
AlinCSP5,4,4.93,4.67,0.26,0.38,1
AlinCSP5,5,4.48,4.87,-0.39,0.42,1
AlinCSP5,7,4.68,4.76,-0.08,0.53,4
AlinCSP5,8,4.82,4.48,0.34,0.46,4
AlinCSP5,9,4.48,4.48,0.0,0.37,1
AlinCSP5,10,4.66,4.48,0.17,1.0,5
AlinCSP5,15,4.56,4.94,-0.38,0.94,5
AlinCSP5,16,4.62,4.76,-0.14,0.92,5
AlinCSP5,24,4.48,4.72,-0.24,0.38,1
AlinCSP5,28,4.66,4.48,0.17,1.0,5
AlinCSP5,30,4.8,4.48,0.32,0.83,4
AlinCSP5,35,4.66,4.48,0.17,1.0,5
AlinCSP5,36,4.77,4.88,-0.11,0.94,5
AlinCSP5,43,4.84,4.74,0.09,0.61,5
AlinCSP5,48,4.66,4.92,-0.26,0.83,5
AlinCSP5,63,4.8,4.48,0.32,0.48,5
AlinCSP5,64,4.82,4.88,-0.06,0.82,5
AlinCSP5,71,4.77,4.48,0.29,0.83,5
AlinCSP5,72,4.6,4.9,-0.3,0.81,5
AlinCSP5,91,4.72,4.69,0.02,0.83,5
AlinCSP5,92,4.85,4.97,-0.12,0.41,4
AlinCSP5,93,4.67,4.93,-0.26,0.38,1
AlinCSP5,99,4.62,4.91,-0.29,0.57,4
AlinCSP5,103,4.69,4.76,-0.07,0.95,5
AlinCSP5,120,4.7,5.06,-0.35,0.52,5
AlinCSP5,127,4.72,4.69,0.03,0.92,4
AlinCSP5,144,4.48,4.48,0.0,0.37,1
AlinCSP5,163,4.72,4.48,0.24,0.38,1
AlinCSP5,173,4.9,4.82,0.08,0.36,1
AlinCSP5,194,4.6,4.48,0.12,0.62,5
AlinCSP5,238,4.78,4.78,0.0,0.94,5
AlinCSP5,269,4.7,4.69,0.0,0.95,5
AlinCSP5,282,4.48,4.48,0.0,0.35,1
AlinCSP6,3,4.72,4.48,0.24,0.83,4
AlinCSP6,4,4.48,4.48,0.0,0.38,1
AlinCSP6,5,4.48,4.48,0.0,0.42,1
AlinCSP6,7,4.7,4.48,0.22,0.53,4
AlinCSP6,8,4.48,4.48,0.0,0.46,4
AlinCSP6,9,4.48,4.48,0.0,0.37,1
AlinCSP6,10,4.61,4.91,-0.3,1.0,5
AlinCSP6,15,4.71,4.48,0.23,0.94,5
AlinCSP6,16,4.53,4.74,-0.21,0.92,5
AlinCSP6,24,4.68,4.79,-0.11,0.38,1
AlinCSP6,28,4.68,4.66,0.02,1.0,5
AlinCSP6,30,4.56,4.84,-0.28,0.83,4
AlinCSP6,35,4.65,4.78,-0.13,1.0,5
AlinCSP6,36,4.59,4.48,0.11,0.94,5
AlinCSP6,43,4.54,4.48,0.06,0.61,5
AlinCSP6,48,4.57,4.48,0.09,0.83,5
AlinCSP6,63,4.68,4.48,0.2,0.48,5
AlinCSP6,64,4.48,4.77,-0.29,0.82,5
AlinCSP6,71,4.53,4.65,-0.11,0.83,5
AlinCSP6,72,4.69,4.48,0.21,0.81,5
AlinCSP6,91,4.53,4.64,-0.11,0.83,5
AlinCSP6,92,4.55,4.48,0.07,0.41,4
AlinCSP6,93,4.48,4.48,0.0,0.38,1
AlinCSP6,99,4.6,4.82,-0.22,0.57,4
AlinCSP6,103,4.54,4.48,0.06,0.95,5
AlinCSP6,120,4.54,4.48,0.05,0.52,5
AlinCSP6,127,4.64,4.48,0.15,0.92,4
AlinCSP6,144,4.48,4.48,0.0,0.37,1
AlinCSP6,163,4.79,4.68,0.11,0.38,1
AlinCSP6,173,4.48,4.48,0.0,0.36,1
AlinCSP6,194,4.71,4.48,0.23,0.62,5
AlinCSP6,238,4.58,4.48,0.1,0.94,5
AlinCSP6,269,4.53,4.48,0.05,0.95,5
AlinCSP6,282,4.48,4.48,0.0,0.35,1
AlinOBP1,3,4.61,5.19,-0.58,0.83,5
AlinOBP1,4,4.26,4.87,-0.61,0.43,2
AlinOBP1,5,4.67,4.77,-0.1,0.57,2
AlinOBP1,6,4.34,4.62,-0.28,0.36,1
AlinOBP1,7,4.49,4.26,0.23,0.79,5
AlinOBP1,8,4.4,4.72,-0.32,0.48,5
AlinOBP1,9,4.26,5.55,-1.29,0.37,1
AlinOBP1,10,4.64,5.11,-0.48,1.0,5
AlinOBP1,11,4.52,4.26,0.26,0.79,3
AlinOBP1,12,4.54,4.38,0.16,0.38,1
AlinOBP1,13,4.84,4.74,0.1,0.46,3
AlinOBP1,14,4.37,4.26,0.11,0.95,5
AlinOBP1,15,4.81,4.34,0.47,0.94,5
AlinOBP1,16,4.36,4.84,-0.48,1.0,5
AlinOBP1,17,4.61,5.24,-0.63,1.0,5
AlinOBP1,18,4.81,4.26,0.55,1.0,5
AlinOBP1,20,4.26,4.67,-0.42,0.38,1
AlinOBP1,23,4.36,4.26,0.1,0.95,5
AlinOBP1,27,4.29,4.26,0.03,1.0,5
AlinOBP1,28,4.81,4.26,0.55,1.0,5
AlinOBP1,29,4.59,4.26,0.33,0.48,1
AlinOBP1,30,4.62,4.95,-0.33,0.83,5
AlinOBP1,35,4.63,5.16,-0.53,1.0,5
AlinOBP1,36,4.29,4.26,0.03,0.94,5
AlinOBP1,39,4.49,4.26,0.23,0.58,2
AlinOBP1,40,4.29,4.26,0.03,1.0,5
AlinOBP1,41,4.44,4.47,-0.03,1.0,5
AlinOBP1,43,4.54,5.64,-1.1,0.65,5
AlinOBP1,44,4.34,5.17,-0.83,0.43,2
AlinOBP1,46,4.48,4.26,0.22,1.0,5
AlinOBP1,48,4.67,4.36,0.32,0.83,5
AlinOBP1,55,4.4,4.38,0.03,1.0,5
AlinOBP1,56,4.35,4.26,0.09,0.85,5
AlinOBP1,58,4.46,4.36,0.1,1.0,5
AlinOBP1,59,4.39,4.43,-0.04,1.0,5
AlinOBP1,63,4.55,4.26,0.29,0.52,5
AlinOBP1,64,4.26,4.59,-0.33,0.82,5
AlinOBP1,65,4.48,4.26,0.22,1.0,5
AlinOBP1,70,4.6,4.26,0.34,1.0,5
AlinOBP1,71,4.42,4.47,-0.05,0.83,5
AlinOBP1,72,4.63,4.34,0.29,0.81,5
AlinOBP1,75,4.26,4.59,-0.34,0.39,1
AlinOBP1,76,4.43,4.26,0.17,1.0,5
AlinOBP1,80,4.67,4.26,0.42,0.38,1
AlinOBP1,82,4.81,4.26,0.55,1.0,5
AlinOBP1,84,4.26,4.26,0.0,0.38,1
AlinOBP1,85,4.51,4.26,0.25,0.54,5
AlinOBP1,91,4.35,4.79,-0.45,0.83,5
AlinOBP1,92,4.77,4.87,-0.1,0.41,4
AlinOBP1,93,4.54,4.26,0.28,0.41,2
AlinOBP1,96,4.44,4.46,-0.02,1.0,5
AlinOBP1,103,4.43,4.26,0.17,0.95,5
AlinOBP1,107,4.43,4.26,0.17,1.0,5
AlinOBP1,112,4.97,4.51,0.46,0.48,3
AlinOBP1,120,4.78,5.39,-0.6,0.52,5
AlinOBP1,126,4.42,4.54,-0.12,0.64,4
AlinOBP1,127,4.44,4.26,0.18,0.92,5
AlinOBP1,130,4.36,4.26,0.1,0.88,5
AlinOBP1,131,4.38,4.47,-0.09,1.0,5
AlinOBP1,144,5.55,4.26,1.29,0.37,1
AlinOBP1,149,4.44,4.41,0.02,1.0,5
AlinOBP1,151,4.36,4.59,-0.23,1.0,5
AlinOBP1,152,4.44,4.4,0.04,1.0,5
AlinOBP1,153,4.36,4.26,0.1,1.0,5
AlinOBP1,166,4.47,4.26,0.21,0.43,3
AlinOBP1,169,4.57,4.26,0.31,0.47,2
AlinOBP1,170,4.36,4.26,0.1,1.0,5
AlinOBP1,171,4.44,4.58,-0.15,1.0,5
AlinOBP1,190,4.29,4.26,0.03,1.0,5
AlinOBP1,192,4.44,4.26,0.18,1.0,5
AlinOBP1,194,4.36,4.26,0.1,1.0,5
AlinOBP1,211,4.31,4.44,-0.13,0.75,5
AlinOBP1,212,4.26,4.47,-0.21,0.58,1
AlinOBP1,216,4.31,4.4,-0.08,0.54,5
AlinOBP1,231,4.61,4.55,0.06,0.64,5
AlinOBP1,233,4.81,4.4,0.41,1.0,5
AlinOBP1,234,4.81,4.26,0.55,1.0,5
AlinOBP1,238,4.29,4.26,0.03,1.0,5
AlinOBP1,241,4.26,4.55,-0.29,0.47,2
AlinOBP1,245,4.44,4.26,0.18,0.43,3
AlinOBP1,266,4.6,4.26,0.34,1.0,5
AlinOBP1,273,4.26,4.41,-0.15,1.0,5
AlinOBP1,282,4.38,4.39,-0.01,0.78,5
AlinOBP1,289,4.55,4.26,0.29,0.45,1
AlinOBP1,290,4.36,4.26,0.1,1.0,5
AlinOBP1,291,4.36,4.26,0.1,1.0,5
AlinOBP1,295,4.29,4.26,0.03,1.0,5
AlinOBP1,311,4.26,4.59,-0.33,0.48,1
AlinOBP1,336,4.44,4.26,0.18,1.0,5
AlinOBP1,370,4.26,4.26,0.0,0.38,4
AlinOBP1,407,4.29,4.26,0.03,1.0,5
AlinOBP1,417,4.32,4.26,0.06,1.0,5
AlinOBP1,418,4.32,4.26,0.06,1.0,5
AlinOBP1,475,4.53,4.64,-0.11,0.57,5
AlinOBP1,526,4.41,4.26,0.15,0.41,4
AlinOBP1,536,4.36,4.44,-0.09,0.95,5
AlinOBP1,537,4.45,4.26,0.19,0.7,5
AlinOBP1,557,4.81,4.35,0.46,1.0,5
AlinOBP1,566,4.29,4.43,-0.14,1.0,5
AlinOBP1,567,4.29,4.26,0.03,1.0,5
AlinOBP1,568,4.29,4.26,0.03,1.0,5
AlinOBP2,8,4.72,4.67,0.06,0.45,1
AlinOBP2,70,4.72,5.04,-0.31,0.46,1
AlinOBP2,103,4.86,4.72,0.13,0.46,2
AlinOBP3,43,3.93,3.84,0.08,0.61,3
AlinOBP3,48,4.07,3.64,0.43,0.83,3
AlinOBP3,91,3.75,4.23,-0.48,0.83,3
AlinOBP3,120,3.89,3.96,-0.08,0.52,3
AlinOBP4,6,4.9,4.66,0.24,0.36,2
AlinOBP4,8,4.66,4.66,0.0,0.45,2
AlinOBP4,15,4.79,4.96,-0.17,0.94,2
AlinOBP4,35,4.88,4.79,0.1,0.94,3
AlinOBP4,48,4.83,4.82,0.01,0.83,4
AlinOBP4,71,4.79,4.97,-0.18,0.83,4
AlinOBP4,72,4.86,4.79,0.07,0.81,3
AlinOBP4,91,4.83,4.86,-0.03,0.83,4
AlinOBP4,103,4.85,4.66,0.19,0.62,5
AlinOBP4,120,4.83,4.66,0.17,0.47,4
AlinOBP4,152,4.72,4.84,-0.12,0.38,2
AlinOBP4,363,4.66,5.01,-0.35,0.36,1
AlinOBP5,3,4.6,4.36,0.25,0.44,4
AlinOBP5,14,4.48,4.59,-0.11,0.95,4
AlinOBP5,23,4.6,4.36,0.24,0.95,4
AlinOBP5,43,4.47,4.36,0.11,0.65,5
AlinOBP5,48,4.41,4.36,0.06,0.83,5
AlinOBP5,71,4.47,4.36,0.11,0.83,5
AlinOBP5,85,4.57,4.36,0.21,0.54,4
AlinOBP5,91,4.42,4.36,0.07,0.83,5
AlinOBP5,120,4.42,4.36,0.06,0.52,5
AlinOBP5,142,4.43,5.15,-0.73,0.5,4
AlinOBP5,267,4.36,4.78,-0.43,0.72,5
AlinOBP6,3,4.6,4.48,0.11,0.83,4
AlinOBP6,4,4.48,4.48,0.0,0.38,1
AlinOBP6,5,4.48,4.48,0.0,0.42,1
AlinOBP6,7,4.58,4.48,0.1,0.53,4
AlinOBP6,8,4.48,4.48,0.0,0.46,4
AlinOBP6,9,4.48,4.48,0.0,0.37,1
AlinOBP6,10,4.48,4.67,-0.19,1.0,5
AlinOBP6,15,4.53,4.48,0.05,0.94,5
AlinOBP6,16,4.5,4.48,0.02,0.92,5
AlinOBP6,24,4.48,4.78,-0.3,0.38,2
AlinOBP6,28,4.53,4.48,0.05,1.0,5
AlinOBP6,30,4.55,4.48,0.07,0.83,4
AlinOBP6,35,4.53,4.48,0.05,1.0,5
AlinOBP6,36,4.48,4.48,0.0,0.94,5
AlinOBP6,43,4.48,4.48,-0.0,0.61,5
AlinOBP6,48,4.48,4.48,0.0,0.83,5
AlinOBP6,63,4.48,5.11,-0.63,0.48,5
AlinOBP6,64,4.48,4.48,0.0,0.82,5
AlinOBP6,71,4.48,4.48,0.0,0.83,5
AlinOBP6,72,4.52,4.48,0.04,0.81,5
AlinOBP6,80,4.52,4.48,0.04,1.0,2
AlinOBP6,91,4.48,4.48,0.0,0.83,5
AlinOBP6,92,4.48,4.48,0.0,0.41,4
AlinOBP6,93,4.48,4.48,0.0,0.38,1
AlinOBP6,99,4.63,4.48,0.15,0.57,4
AlinOBP6,103,4.48,4.48,0.0,0.95,5
AlinOBP6,120,4.48,4.48,-0.0,0.52,5
AlinOBP6,127,4.48,4.48,0.0,0.92,4
AlinOBP6,144,4.48,4.48,0.0,0.37,1
AlinOBP6,148,4.97,5.06,-0.09,0.46,1
AlinOBP6,163,4.52,4.48,0.04,1.0,2
AlinOBP6,173,4.48,4.48,0.0,0.36,1
AlinOBP6,194,4.51,4.48,0.03,0.62,5
AlinOBP6,238,4.48,4.48,0.0,0.94,5
AlinOBP6,269,4.48,4.48,0.0,0.95,5
AlinOBP6,282,4.48,4.48,0.0,0.35,1
AlinOBP6,333,5.06,4.97,0.09,0.46,1
AlinOBP10,4,4.26,4.26,0.0,0.38,1
AlinOBP10,5,4.26,4.26,0.0,0.42,1
AlinOBP10,6,4.26,4.86,-0.6,0.36,1
AlinOBP10,8,4.35,4.26,0.09,0.42,2
AlinOBP10,15,4.26,4.26,0.0,0.81,1
AlinOBP10,24,4.75,4.26,0.49,0.38,1
AlinOBP10,43,4.43,4.26,0.17,0.61,5
AlinOBP10,48,4.42,4.26,0.16,0.83,5
AlinOBP10,71,4.4,4.26,0.14,0.83,4
AlinOBP10,72,4.36,4.26,0.1,0.81,2
AlinOBP10,80,4.26,4.75,-0.49,0.38,1
AlinOBP10,91,4.28,4.53,-0.24,0.83,4
AlinOBP10,92,4.26,4.76,-0.5,0.41,2
AlinOBP10,93,4.26,4.26,0.0,0.38,1
AlinOBP10,120,4.31,4.48,-0.16,0.52,5
AlinOBP11,3,4.54,4.48,0.06,0.83,4
AlinOBP11,4,4.48,4.48,0.0,0.38,1
AlinOBP11,5,4.48,4.48,0.0,0.42,1
AlinOBP11,8,4.48,4.48,0.0,0.46,4
AlinOBP11,9,4.48,4.48,0.0,0.37,1
AlinOBP11,10,4.48,4.48,0.0,1.0,5
AlinOBP11,15,4.48,4.48,0.0,0.94,5
AlinOBP11,16,4.48,4.48,0.0,0.92,5
AlinOBP11,24,4.48,4.48,0.0,0.38,1
AlinOBP11,28,4.48,4.48,0.0,1.0,5
AlinOBP11,30,4.57,4.48,0.09,0.83,4
AlinOBP11,35,4.48,4.48,0.0,1.0,5
AlinOBP11,36,4.48,4.48,0.0,0.94,5
AlinOBP11,43,4.48,4.48,-0.0,0.61,5
AlinOBP11,48,4.48,4.48,0.0,0.83,5
AlinOBP11,63,4.54,4.48,0.06,0.48,5
AlinOBP11,64,4.48,4.48,0.0,0.82,5
AlinOBP11,71,4.48,4.48,0.0,0.83,5
AlinOBP11,72,4.48,4.48,0.0,0.81,5
AlinOBP11,91,4.48,4.48,0.0,0.83,5
AlinOBP11,92,4.48,4.48,0.0,0.41,4
AlinOBP11,93,4.48,4.48,0.0,0.38,1
AlinOBP11,99,4.53,4.72,-0.18,0.57,4
AlinOBP11,103,4.48,4.48,0.0,0.95,5
AlinOBP11,120,4.48,4.48,-0.0,0.52,5
AlinOBP11,127,4.48,4.48,0.0,0.92,4
AlinOBP11,142,4.55,4.68,-0.13,0.53,4
AlinOBP11,144,4.48,4.48,0.0,0.37,1
AlinOBP11,148,5.11,5.58,-0.47,0.46,1
AlinOBP11,163,4.48,4.48,0.0,0.38,1
AlinOBP11,173,4.48,4.48,0.0,0.36,1
AlinOBP11,194,4.48,4.48,-0.0,0.62,5
AlinOBP11,238,4.48,4.48,0.0,0.94,5
AlinOBP11,269,4.48,4.48,0.0,0.95,5
AlinOBP11,282,4.48,4.48,0.0,0.35,1
AlinOBP11,333,5.58,5.11,0.47,0.46,1
AlinOBP13,3,4.77,4.79,-0.02,0.83,4
AlinOBP13,4,4.26,4.26,0.0,0.38,1
AlinOBP13,5,4.41,4.26,0.15,0.42,1
AlinOBP13,7,4.77,4.84,-0.07,0.53,4
AlinOBP13,8,4.28,4.41,-0.13,0.46,4
AlinOBP13,9,4.86,4.86,-0.0,0.37,1
AlinOBP13,10,4.26,4.26,0.0,1.0,5
AlinOBP13,15,4.26,4.26,0.0,0.94,5
AlinOBP13,16,4.26,4.26,0.0,0.92,5
AlinOBP13,24,4.8,4.66,0.14,0.38,1
AlinOBP13,28,4.26,4.26,0.0,1.0,5
AlinOBP13,30,4.76,4.89,-0.14,0.83,4
AlinOBP13,35,4.26,4.26,0.0,1.0,5
AlinOBP13,36,4.26,4.26,0.0,0.94,5
AlinOBP13,43,4.29,4.26,0.03,0.61,5
AlinOBP13,48,4.26,4.26,0.0,0.83,5
AlinOBP13,63,4.66,4.26,0.4,0.48,5
AlinOBP13,64,4.26,4.26,0.0,0.82,5
AlinOBP13,71,4.26,4.26,0.0,0.83,5
AlinOBP13,72,4.26,4.26,0.0,0.81,5
AlinOBP13,91,4.26,4.26,0.0,0.83,5
AlinOBP13,92,4.26,4.26,0.0,0.41,4
AlinOBP13,93,4.26,4.26,0.0,0.38,1
AlinOBP13,99,4.71,4.89,-0.17,0.57,4
AlinOBP13,103,4.26,4.26,0.0,0.95,5
AlinOBP13,120,4.28,4.4,-0.12,0.52,5
AlinOBP13,127,4.26,4.26,0.0,0.92,4
AlinOBP13,144,4.86,4.86,0.0,0.37,1
AlinOBP13,163,4.66,4.8,-0.14,0.38,1
AlinOBP13,173,4.26,4.26,0.0,0.36,1
AlinOBP13,194,4.26,4.26,0.0,0.62,5
AlinOBP13,238,4.26,4.26,0.0,0.94,5
AlinOBP13,269,4.28,4.26,0.02,0.95,5
AlinOBP13,282,4.26,4.26,0.0,0.35,1
AlinOBP14,7,4.95,4.95,0.0,0.5,1
AlinOBP14,99,4.95,4.95,0.0,0.5,1
AlinOBP14 N term mut,7,4.86,4.67,0.19,0.5,1
AlinOBP14 N term mut,99,4.67,4.86,-0.19,0.5,1
AlucOBP7,43,4.42,4.51,-0.09,0.61,2
AlucOBP7,48,4.44,4.41,0.04,0.68,3
AlucOBP7,64,4.42,4.26,0.17,0.4,2
AlucOBP7,71,4.41,4.45,-0.04,0.68,3
AlucOBP33,36,4.79,4.71,0.08,0.94,2
AlucOBP33,63,4.75,4.71,0.04,0.38,2
AlucOBP33,148,4.98,5.13,-0.15,0.46,1
AlucOBP33,238,4.71,4.8,-0.09,0.94,2
AlucOBP33,333,5.13,4.98,0.15,0.46,1
AmalCSP5,3,4.46,4.36,0.11,0.48,5
AmalCSP5,4,4.62,4.36,0.26,0.47,1
AmalCSP5,5,4.6,4.36,0.25,0.42,3
AmalCSP5,7,4.44,4.36,0.09,0.79,5
AmalCSP5,8,4.38,4.78,-0.39,0.67,5
AmalCSP5,10,4.5,4.36,0.15,1.0,5
AmalCSP5,11,4.36,4.5,-0.15,0.79,2
AmalCSP5,14,4.39,4.36,0.04,0.5,5
AmalCSP5,15,4.45,4.36,0.09,0.94,5
AmalCSP5,16,4.6,4.52,0.08,1.0,5
AmalCSP5,17,4.5,4.36,0.15,1.0,5
AmalCSP5,18,4.41,4.82,-0.41,1.0,5
AmalCSP5,20,4.36,4.36,0.0,0.38,1
AmalCSP5,28,4.5,4.36,0.15,1.0,5
AmalCSP5,35,4.5,4.36,0.15,1.0,5
AmalCSP5,41,4.52,4.9,-0.39,1.0,5
AmalCSP5,45,4.36,4.36,0.0,0.39,1
AmalCSP5,46,4.52,4.89,-0.37,1.0,5
AmalCSP5,54,4.58,5.14,-0.57,0.5,5
AmalCSP5,57,4.61,4.36,0.26,1.0,5
AmalCSP5,58,4.64,4.36,0.29,1.0,5
AmalCSP5,59,4.43,4.36,0.07,1.0,5
AmalCSP5,61,4.36,4.52,-0.16,0.61,4
AmalCSP5,71,4.43,5.16,-0.73,0.87,5
AmalCSP5,76,4.43,4.36,0.07,1.0,5
AmalCSP5,80,4.36,4.36,0.0,0.39,2
AmalCSP5,82,4.45,4.63,-0.18,1.0,5
AmalCSP5,96,4.64,4.36,0.29,1.0,5
AmalCSP5,102,4.69,4.47,0.21,0.87,5
AmalCSP5,107,4.43,4.36,0.07,1.0,5
AmalCSP5,108,4.65,4.36,0.29,0.65,5
AmalCSP5,139,4.53,4.77,-0.24,0.38,2
AmalCSP5,151,4.43,4.36,0.07,1.0,5
AmalCSP5,228,4.55,4.55,-0.0,1.0,5
AmalCSP5,269,4.6,4.36,0.24,0.95,5
AmalCSP5,292,4.36,4.62,-0.26,0.47,1
AmalCSP5,318,4.36,4.57,-0.21,0.48,1
AmalCSP5,360,4.42,4.36,0.07,0.61,4
AmalCSP5,375,4.45,4.68,-0.23,0.46,5
AmalCSP5,410,5.01,4.92,0.09,0.37,1
AmalCSP5,412,4.92,5.01,-0.09,0.37,1
AmalCSP5,440,4.54,4.36,0.18,0.67,3
AmalCSP5,466,4.36,4.36,0.0,0.36,2
AmalOBP3,4,4.11,4.11,0.0,0.47,1
AmalOBP3,5,4.2,4.11,0.08,0.42,2
AmalOBP3,7,4.67,5.27,-0.6,0.79,4
AmalOBP3,8,4.5,4.11,0.38,0.67,5
AmalOBP3,10,4.38,4.11,0.27,1.0,5
AmalOBP3,11,5.27,4.49,0.78,0.79,1
AmalOBP3,14,4.75,5.3,-0.55,0.5,3
AmalOBP3,15,4.37,4.11,0.26,0.94,5
AmalOBP3,17,4.38,4.11,0.27,1.0,5
AmalOBP3,18,4.11,5.41,-1.29,1.0,5
AmalOBP3,28,4.38,4.11,0.27,1.0,5
AmalOBP3,35,4.38,4.11,0.27,1.0,5
AmalOBP3,46,4.65,5.29,-0.64,1.0,5
AmalOBP3,57,4.48,4.21,0.27,1.0,5
AmalOBP3,58,4.6,5.45,-0.85,1.0,5
AmalOBP3,59,4.37,4.11,0.25,1.0,5
AmalOBP3,76,4.37,4.11,0.25,1.0,5
AmalOBP3,96,4.91,4.46,0.46,1.0,5
AmalOBP3,102,4.59,4.33,0.26,0.63,4
AmalOBP3,107,4.37,4.11,0.25,1.0,5
AmalOBP3,108,4.24,4.93,-0.69,0.65,5
AmalOBP3,139,4.93,5.1,-0.17,0.37,1
AmalOBP3,151,4.37,4.11,0.25,1.0,5
AmalOBP3,176,5.04,4.49,0.56,0.5,3
AmalOBP3,228,4.17,4.98,-0.8,1.0,5
AmalOBP3,269,4.54,4.11,0.43,0.95,5
AmalOBP3,292,4.11,4.11,0.0,0.47,1
AmalOBP3,360,5.04,4.5,0.55,0.5,3
AmalOBP3,440,4.44,4.29,0.16,0.67,3
AmalOBP8,4,4.36,4.36,0.0,0.47,1
AmalOBP8,5,4.36,4.36,0.0,0.42,2
AmalOBP8,7,4.77,5.47,-0.7,0.79,4
AmalOBP8,8,4.66,4.36,0.31,0.67,5
AmalOBP8,10,4.73,4.54,0.19,1.0,5
AmalOBP8,11,5.47,4.36,1.11,0.79,1
AmalOBP8,14,4.94,5.89,-0.95,0.5,3
AmalOBP8,15,4.75,4.36,0.4,0.94,5
AmalOBP8,17,4.61,5.1,-0.49,1.0,5
AmalOBP8,18,4.55,5.41,-0.87,1.0,5
AmalOBP8,28,4.76,4.36,0.41,1.0,5
AmalOBP8,35,4.76,4.36,0.41,1.0,5
AmalOBP8,46,5.0,5.51,-0.51,1.0,5
AmalOBP8,57,4.71,4.55,0.16,1.0,5
AmalOBP8,58,4.91,5.79,-0.88,1.0,5
AmalOBP8,59,4.62,4.36,0.26,1.0,5
AmalOBP8,76,4.62,4.36,0.26,1.0,5
AmalOBP8,96,5.18,4.93,0.25,1.0,5
AmalOBP8,102,4.8,4.73,0.07,0.63,4
AmalOBP8,107,4.62,4.36,0.26,1.0,5
AmalOBP8,108,4.48,5.06,-0.58,0.65,5
AmalOBP8,139,5.06,4.89,0.17,0.37,1
AmalOBP8,151,4.62,4.36,0.26,1.0,5
AmalOBP8,176,5.5,4.36,1.14,0.5,3
AmalOBP8,228,4.47,5.15,-0.68,1.0,5
AmalOBP8,269,4.8,4.36,0.45,0.95,5
AmalOBP8,292,4.36,4.36,0.0,0.47,1
AmalOBP8,360,5.31,4.98,0.32,0.5,3
AmalOBP8,440,4.64,4.36,0.29,0.67,3
AmelOBP14,14,5.83,6.15,-0.32,0.95,3
AmelOBP14,23,6.24,5.52,0.72,0.95,3
AmelOBP14,36,5.85,6.36,-0.51,0.57,2
AmelOBP14,61,6.02,6.24,-0.22,0.52,3
AmelOBP14,176,5.93,6.55,-0.62,0.52,3
AmelOBP14,344,6.07,5.8,0.28,0.52,2
AmelOBP14,513,6.1,5.88,0.23,0.57,2
AplaOBP1,3,5.31,5.09,0.22,0.5,4
AplaOBP1,7,5.29,5.29,-0.01,0.47,3
AplaOBP1,13,5.36,5.13,0.23,0.65,2
AplaOBP1,22,5.17,5.47,-0.3,0.65,4
AplaOBP1,55,5.24,5.16,0.07,0.36,1
AplaOBP1,85,5.27,5.25,0.03,0.44,4
AplaOBP1,91,5.16,5.24,-0.07,0.36,1
AplaOBP1,199,5.25,5.2,0.04,0.38,1
AquaOBP4,146,4.76,4.62,0.15,0.89,3
AquaOBP4,270,4.74,4.57,0.17,0.53,2
AquaOBP4,305,4.75,4.46,0.29,0.41,2
AquaOBP4,545,4.59,4.9,-0.31,0.89,3
BdorOBP2,48,4.13,4.04,0.09,0.59,1
BdorOBP2,74,4.13,3.97,0.16,0.56,1
BdorOBP2,527,4.01,4.13,-0.12,0.59,2
BgerOBP26,350,3.62,3.55,0.06,0.63,1
BgerOBP26,351,3.55,3.62,-0.06,0.63,1
BgerOBP40,350,3.62,3.37,0.24,0.63,1
BgerOBP40,351,3.37,3.62,-0.24,0.63,1
BhorOBP2,5,4.37,4.32,0.05,0.43,1
BhorOBP2,6,4.32,4.41,-0.09,0.41,2
BhorOBP2,24,4.49,4.26,0.23,0.41,2
BhorOBP2,34,4.33,4.37,-0.04,0.43,3
BhorOBP2,80,4.26,4.37,-0.11,0.38,1
BhorOBP2,117,4.26,5.09,-0.83,0.44,1
BhorOBP2,121,4.66,4.26,0.4,0.44,3
BhorOBP2,168,4.26,4.26,0.0,0.39,1
BhorOBP2,182,4.26,4.26,0.0,0.39,1
BhorOBP2,308,4.26,4.59,-0.33,0.41,1
BhorOBPm2,3,5.77,4.89,0.89,0.5,2
BhorOBPm2,5,4.5,4.12,0.38,0.56,2
BhorOBPm2,6,4.42,4.58,-0.15,0.41,2
BhorOBPm2,7,5.56,5.34,0.21,0.47,2
BhorOBPm2,10,4.84,4.7,0.14,1.0,5
BhorOBPm2,15,4.79,4.72,0.07,0.94,5
BhorOBPm2,17,4.77,5.01,-0.24,1.0,5
BhorOBPm2,18,4.75,5.08,-0.32,1.0,5
BhorOBPm2,22,5.1,6.07,-0.96,0.5,2
BhorOBPm2,24,3.66,4.17,-0.51,0.41,1
BhorOBPm2,25,4.39,4.27,0.12,0.46,3
BhorOBPm2,27,4.63,5.55,-0.92,1.0,5
BhorOBPm2,34,4.36,4.57,-0.21,0.56,4
BhorOBPm2,35,4.84,4.73,0.1,1.0,5
BhorOBPm2,38,3.67,3.91,-0.24,0.45,1
BhorOBPm2,49,3.79,3.42,0.36,0.38,1
BhorOBPm2,51,3.58,4.41,-0.83,0.52,2
BhorOBPm2,55,4.7,4.14,0.57,1.0,5
BhorOBPm2,59,4.56,4.83,-0.26,1.0,5
BhorOBPm2,73,3.91,3.67,0.24,0.45,1
BhorOBPm2,76,4.54,4.98,-0.44,1.0,5
BhorOBPm2,95,4.33,3.52,0.81,0.5,5
BhorOBPm2,97,4.61,4.62,-0.02,1.0,5
BhorOBPm2,105,4.8,3.67,1.13,1.0,5
BhorOBPm2,107,4.45,5.42,-0.97,1.0,5
BhorOBPm2,117,4.23,3.41,0.81,0.44,1
BhorOBPm2,121,4.13,4.23,-0.1,0.44,3
BhorOBPm2,130,4.45,3.36,1.08,0.88,5
BhorOBPm2,150,4.45,4.34,0.11,1.0,5
BhorOBPm2,151,4.45,5.34,-0.89,1.0,5
BhorOBPm2,162,4.37,4.39,-0.02,1.0,2
BhorOBPm2,168,3.64,4.13,-0.5,0.39,1
BhorOBPm2,181,4.35,4.46,-0.11,0.56,2
BhorOBPm2,182,4.31,3.64,0.67,0.52,2
BhorOBPm2,190,5.12,4.62,0.5,1.0,5
BhorOBPm2,202,3.79,4.67,-0.88,0.35,1
BhorOBPm2,206,4.01,3.79,0.22,0.38,2
BhorOBPm2,247,4.45,3.28,1.17,1.0,5
BhorOBPm2,309,4.17,3.66,0.51,0.41,1
BhorOBPm2,335,4.27,4.37,-0.11,0.36,1
BhorOBPm2,377,4.37,4.39,-0.02,1.0,2
BhorOBPm2,425,4.45,4.66,-0.21,1.0,5
BhorOBPm2 C-ter113,3,4.0,4.21,-0.21,0.5,2
BhorOBPm2 C-ter113,5,3.84,3.34,0.5,0.56,2
BhorOBPm2 C-ter113,6,3.3,2.96,0.35,0.41,2
BhorOBPm2 C-ter113,7,4.28,3.51,0.77,0.47,2
BhorOBPm2 C-ter113,10,3.6,3.97,-0.38,1.0,5
BhorOBPm2 C-ter113,15,3.82,2.96,0.86,0.94,5
BhorOBPm2 C-ter113,17,3.59,4.01,-0.42,1.0,5
BhorOBPm2 C-ter113,18,3.6,3.97,-0.37,1.0,5
BhorOBPm2 C-ter113,22,3.88,4.34,-0.45,0.5,2
BhorOBPm2 C-ter113,24,3.49,2.96,0.53,0.41,1
BhorOBPm2 C-ter113,25,3.02,2.96,0.06,0.46,3
BhorOBPm2 C-ter113,27,3.64,4.33,-0.68,1.0,5
BhorOBPm2 C-ter113,34,3.43,3.57,-0.14,0.56,4
BhorOBPm2 C-ter113,35,3.73,3.42,0.31,1.0,5
BhorOBPm2 C-ter113,38,4.21,2.96,1.25,0.45,1
BhorOBPm2 C-ter113,49,2.96,2.96,0.0,0.38,1
BhorOBPm2 C-ter113,51,3.42,2.96,0.46,0.52,2
BhorOBPm2 C-ter113,55,3.46,3.41,0.05,1.0,5
BhorOBPm2 C-ter113,59,3.47,3.37,0.1,1.0,5
BhorOBPm2 C-ter113,73,2.96,4.21,-1.25,0.45,1
BhorOBPm2 C-ter113,76,3.5,3.25,0.25,1.0,5
BhorOBPm2 C-ter113,95,3.28,3.03,0.24,0.5,5
BhorOBPm2 C-ter113,97,3.46,3.42,0.04,1.0,5
BhorOBPm2 C-ter113,105,3.42,3.65,-0.23,1.0,5
BhorOBPm2 C-ter113,107,3.42,3.63,-0.21,1.0,5
BhorOBPm2 C-ter113,117,2.96,2.96,0.0,0.44,1
BhorOBPm2 C-ter113,121,3.18,2.96,0.22,0.44,3
BhorOBPm2 C-ter113,130,3.42,3.51,-0.09,0.88,5
BhorOBPm2 C-ter113,150,3.42,3.79,-0.38,1.0,5
BhorOBPm2 C-ter113,151,3.42,3.02,0.4,1.0,5
BhorOBPm2 C-ter113,162,2.96,2.96,0.0,1.0,2
BhorOBPm2 C-ter113,168,3.78,2.96,0.82,0.39,1
BhorOBPm2 C-ter113,181,3.45,4.0,-0.55,0.56,2
BhorOBPm2 C-ter113,182,2.96,3.78,-0.82,0.52,2
BhorOBPm2 C-ter113,190,3.87,3.89,-0.02,1.0,5
BhorOBPm2 C-ter113,202,2.96,4.45,-1.49,0.35,1
BhorOBPm2 C-ter113,206,3.66,2.96,0.7,0.38,2
BhorOBPm2 C-ter113,247,3.42,3.57,-0.15,1.0,5
BhorOBPm2 C-ter113,309,2.96,3.49,-0.53,0.41,1
BhorOBPm2 C-ter113,335,2.96,3.21,-0.26,0.36,1
BhorOBPm2 C-ter113,377,2.96,2.96,0.0,1.0,2
BhorOBPm2 C-ter113,425,3.42,2.96,0.46,1.0,5
BhorOBPm2 Y50F,3,4.9,4.69,0.21,0.5,2
BhorOBPm2 Y50F,5,4.06,4.46,-0.4,0.56,2
BhorOBPm2 Y50F,6,3.78,4.36,-0.58,0.41,2
BhorOBPm2 Y50F,7,4.92,4.63,0.28,0.47,2
BhorOBPm2 Y50F,10,4.36,4.56,-0.2,1.0,5
BhorOBPm2 Y50F,15,4.41,3.95,0.45,0.94,5
BhorOBPm2 Y50F,17,4.35,4.57,-0.21,1.0,5
BhorOBPm2 Y50F,18,4.37,4.51,-0.15,1.0,5
BhorOBPm2 Y50F,22,4.67,5.09,-0.42,0.5,2
BhorOBPm2 Y50F,24,4.17,3.77,0.4,0.41,1
BhorOBPm2 Y50F,25,4.43,3.8,0.62,0.46,3
BhorOBPm2 Y50F,27,4.74,5.27,-0.53,1.0,5
BhorOBPm2 Y50F,34,4.34,3.52,0.82,0.56,4
BhorOBPm2 Y50F,35,4.4,4.36,0.04,1.0,5
BhorOBPm2 Y50F,38,4.12,3.71,0.41,0.45,1
BhorOBPm2 Y50F,49,4.52,4.33,0.19,0.38,1
BhorOBPm2 Y50F,51,3.75,3.68,0.07,0.52,2
BhorOBPm2 Y50F,55,4.35,4.28,0.06,1.0,5
BhorOBPm2 Y50F,59,4.37,4.19,0.18,1.0,5
BhorOBPm2 Y50F,73,3.71,4.12,-0.41,0.45,1
BhorOBPm2 Y50F,76,4.28,4.65,-0.37,1.0,5
BhorOBPm2 Y50F,95,3.91,3.96,-0.05,0.5,5
BhorOBPm2 Y50F,97,4.3,4.54,-0.24,1.0,5
BhorOBPm2 Y50F,105,4.42,3.91,0.52,1.0,5
BhorOBPm2 Y50F,107,4.31,4.46,-0.14,1.0,5
BhorOBPm2 Y50F,117,4.12,4.37,-0.25,0.44,1
BhorOBPm2 Y50F,121,4.06,4.12,-0.06,0.44,3
BhorOBPm2 Y50F,130,4.31,2.96,1.36,0.88,5
BhorOBPm2 Y50F,150,4.31,4.55,-0.24,1.0,5
BhorOBPm2 Y50F,151,4.31,4.66,-0.35,1.0,5
BhorOBPm2 Y50F,162,4.41,4.54,-0.13,1.0,2
BhorOBPm2 Y50F,168,3.57,3.75,-0.18,0.39,1
BhorOBPm2 Y50F,181,3.99,4.38,-0.39,0.56,2
BhorOBPm2 Y50F,182,3.7,3.57,0.14,0.52,2
BhorOBPm2 Y50F,190,4.87,5.02,-0.15,1.0,5
BhorOBPm2 Y50F,202,4.52,4.49,0.03,0.35,1
BhorOBPm2 Y50F,206,4.4,4.52,-0.12,0.38,2
BhorOBPm2 Y50F,247,4.31,4.09,0.23,1.0,5
BhorOBPm2 Y50F,309,3.77,4.17,-0.4,0.41,1
BhorOBPm2 Y50F,335,3.8,4.07,-0.26,0.36,1
BhorOBPm2 Y50F,377,4.41,4.54,-0.13,1.0,2
BhorOBPm2 Y50F,425,4.31,3.09,1.23,1.0,5
BminOBP9,3,5.53,5.56,-0.03,0.41,2
BminOBP9,11,5.56,5.44,0.12,0.4,1
BminOBP9,13,5.56,5.61,-0.05,0.41,1
BminOBP9 E94V,3,5.79,5.81,-0.03,0.41,2
BminOBP9 E94V,11,5.81,5.79,0.02,0.4,1
BminOBP9 E94V,13,5.81,5.78,0.03,0.41,1
BminOBP9 E94V,29,5.79,5.87,-0.08,0.45,1
BminOBP9 E94V,73,5.87,5.79,0.08,0.45,1
BminOBP9 H29Y,3,5.66,5.72,-0.06,0.41,2
BminOBP9 H29Y,11,5.72,5.73,-0.01,0.4,1
BminOBP9 H29Y,13,5.72,5.59,0.13,0.41,1
BminOBP9 P99A,3,5.78,5.78,0.01,0.41,2
BminOBP9 P99A,11,5.78,5.83,-0.05,0.4,1
BminOBP9 P99A,13,5.78,5.74,0.04,0.41,1
BminOBP9 P99A,29,5.71,5.73,-0.02,0.45,1
BminOBP9 P99A,73,5.73,5.71,0.02,0.45,1
BmorCSP2,14,5.41,5.8,-0.39,0.52,1
BmorCSP2,17,6.21,5.72,0.49,1.0,5
BmorCSP2,18,6.1,6.0,0.1,1.0,5
BmorCSP2,41,6.02,6.15,-0.14,1.0,5
BmorCSP2,46,5.96,6.4,-0.44,1.0,5
BmorCSP2,53,6.11,5.44,0.66,0.54,5
BmorCSP2,54,6.04,6.05,-0.01,1.0,5
BmorCSP2,58,5.98,6.3,-0.32,1.0,5
BmorCSP2,78,5.87,6.15,-0.29,0.36,3
BmorCSP2,85,5.8,5.41,0.39,0.52,1
BmorCSP2,96,6.11,5.74,0.37,1.0,5
BmorCSP2,114,6.01,6.15,-0.15,0.55,5
BmorCSP2,115,6.02,6.1,-0.08,1.0,5
BmorCSP2,122,6.22,6.7,-0.48,0.73,1
BmorCSP2,165,6.08,5.72,0.36,0.53,5
BmorCSP2,178,6.7,6.22,0.48,0.73,1
BmorCSP2,205,6.05,6.0,0.05,0.86,5
BmorCSP2,234,5.94,6.4,-0.46,1.0,5
BmorCSP2,267,5.93,6.4,-0.47,1.0,5
BmorCSP2,268,5.99,6.1,-0.11,0.64,5
BmorCSP2,285,6.12,5.72,0.4,1.0,5
BmorCSP2,323,6.01,6.15,-0.14,1.0,5
BmorCSP2,397,6.16,5.74,0.41,1.0,5
BmorCSP2,543,5.99,6.15,-0.16,0.45,5
BmorCSP2,556,6.04,6.22,-0.18,0.44,3
BmorCSP4,4,5.65,5.49,0.15,0.43,1
BmorCSP4,404,5.49,5.65,-0.15,0.43,1
BodoOBP1,27,4.48,4.48,0.0,1.0,1
BodoOBP1,172,4.48,4.48,0.0,0.5,1
BodoOBP1,190,4.48,4.48,0.0,1.0,1
BodoOBP1,195,4.48,4.48,0.0,0.5,1
BodoOBP2,27,4.48,4.48,0.0,1.0,1
BodoOBP2,172,4.48,4.48,0.0,0.5,1
BodoOBP2,190,4.48,4.48,0.0,1.0,1
BodoOBP2,195,4.48,4.48,0.0,0.5,1
BtabCSP1,3,4.02,3.96,0.06,0.83,5
BtabCSP1,4,4.12,3.96,0.16,0.43,1
BtabCSP1,5,3.96,3.96,-0.0,0.42,1
BtabCSP1,6,4.34,3.96,0.38,1.0,1
BtabCSP1,7,4.02,3.96,0.06,0.79,5
BtabCSP1,8,3.96,3.96,0.0,0.46,4
BtabCSP1,10,3.96,3.96,-0.0,1.0,5
BtabCSP1,11,3.96,3.96,0.0,0.79,3
BtabCSP1,13,3.96,3.96,0.0,0.41,2
BtabCSP1,15,3.96,3.96,0.0,0.94,5
BtabCSP1,16,3.96,4.33,-0.37,1.0,5
BtabCSP1,18,3.96,3.96,-0.0,1.0,5
BtabCSP1,20,3.96,3.96,0.0,0.38,1
BtabCSP1,21,4.05,4.32,-0.27,1.0,3
BtabCSP1,23,3.96,4.4,-0.44,0.95,5
BtabCSP1,28,3.96,3.96,-0.0,1.0,5
BtabCSP1,30,4.03,3.96,0.07,0.83,5
BtabCSP1,35,3.96,3.96,-0.0,1.0,5
BtabCSP1,36,4.04,4.26,-0.22,0.94,5
BtabCSP1,38,4.21,4.09,0.12,1.0,3
BtabCSP1,40,4.17,3.96,0.22,0.94,5
BtabCSP1,53,4.23,4.45,-0.22,1.0,5
BtabCSP1,57,4.04,3.96,0.09,0.95,5
BtabCSP1,60,4.11,5.24,-1.12,0.65,5
BtabCSP1,63,4.11,3.96,0.15,0.5,5
BtabCSP1,65,4.11,3.96,0.15,1.0,5
BtabCSP1,73,4.2,3.96,0.24,0.45,2
BtabCSP1,78,4.21,4.9,-0.69,0.35,2
BtabCSP1,80,3.96,3.96,0.0,0.38,1
BtabCSP1,99,4.17,3.96,0.21,0.95,5
BtabCSP1,107,3.99,3.96,0.03,1.0,5
BtabCSP1,120,3.96,3.96,0.0,0.35,1
BtabCSP1,130,3.99,3.96,0.03,0.88,5
BtabCSP1,170,3.99,3.96,0.03,1.0,5
BtabCSP1,173,3.96,4.34,-0.38,1.0,1
BtabCSP1,194,3.99,3.96,0.03,1.0,5
BtabCSP1,269,4.04,3.96,0.08,0.95,5
BtabCSP1,290,3.99,3.96,0.03,1.0,5
BtabCSP1,311,4.2,3.96,0.24,0.48,2
BtabCSP1,389,4.44,3.96,0.48,1.0,5
BtabCSP1,434,3.96,4.12,-0.16,0.43,1
BtabCSP2,3,3.96,3.96,0.0,0.83,5
BtabCSP2,4,3.96,3.96,0.0,0.43,1
BtabCSP2,5,3.96,3.96,-0.0,0.42,1
BtabCSP2,6,3.96,3.96,0.0,1.0,1
BtabCSP2,7,3.96,3.96,0.0,0.79,5
BtabCSP2,8,3.96,3.96,0.0,0.46,4
BtabCSP2,10,3.96,3.96,-0.0,1.0,5
BtabCSP2,11,3.96,3.96,0.0,0.79,3
BtabCSP2,13,3.96,3.96,0.0,0.41,2
BtabCSP2,15,3.96,3.96,0.0,0.94,5
BtabCSP2,16,3.96,3.96,0.0,1.0,5
BtabCSP2,18,3.96,3.96,-0.0,1.0,5
BtabCSP2,20,3.96,3.96,0.0,0.38,1
BtabCSP2,21,3.96,3.96,0.0,1.0,3
BtabCSP2,23,3.96,3.96,0.0,0.95,5
BtabCSP2,28,3.96,3.96,-0.0,1.0,5
BtabCSP2,30,3.96,3.96,-0.0,0.83,5
BtabCSP2,35,3.96,3.96,-0.0,1.0,5
BtabCSP2,36,3.96,3.96,0.0,0.94,5
BtabCSP2,38,3.96,3.96,0.0,1.0,3
BtabCSP2,40,3.96,3.96,0.0,0.94,5
BtabCSP2,53,3.96,3.96,0.0,1.0,5
BtabCSP2,57,3.96,3.96,0.0,0.95,5
BtabCSP2,60,3.96,3.96,0.0,0.65,5
BtabCSP2,63,3.96,3.96,0.0,0.5,5
BtabCSP2,65,3.96,3.96,0.0,1.0,5
BtabCSP2,73,3.96,3.96,0.0,0.45,2
BtabCSP2,78,3.96,4.99,-1.03,0.35,2
BtabCSP2,80,3.96,3.96,0.0,0.38,1
BtabCSP2,99,3.96,3.96,0.0,0.95,5
BtabCSP2,107,3.96,3.96,0.0,1.0,5
BtabCSP2,120,3.96,3.96,0.0,0.35,1
BtabCSP2,130,3.96,3.96,0.0,0.88,5
BtabCSP2,170,3.96,3.96,0.0,1.0,5
BtabCSP2,173,3.96,3.96,0.0,1.0,1
BtabCSP2,194,3.96,3.96,0.0,1.0,5
BtabCSP2,269,3.96,3.96,0.0,0.95,5
BtabCSP2,290,3.96,3.96,0.0,1.0,5
BtabCSP2,311,3.96,3.96,0.0,0.48,2
BtabCSP2,389,3.96,3.96,0.0,1.0,5
BtabCSP2,434,3.96,3.96,0.0,0.43,1
BtabCSP3,3,3.96,3.96,0.0,0.83,5
BtabCSP3,4,3.96,3.96,0.0,0.43,1
BtabCSP3,5,3.96,3.96,-0.0,0.42,1
BtabCSP3,6,3.96,3.96,0.0,1.0,1
BtabCSP3,7,3.96,3.96,0.0,0.79,5
BtabCSP3,8,3.96,3.96,0.0,0.46,4
BtabCSP3,10,3.96,3.96,-0.0,1.0,5
BtabCSP3,11,3.96,3.96,0.0,0.79,3
BtabCSP3,13,3.96,3.96,0.0,0.41,2
BtabCSP3,15,3.96,3.96,0.0,0.94,5
BtabCSP3,16,3.96,3.96,0.0,1.0,5
BtabCSP3,18,3.96,3.96,-0.0,1.0,5
BtabCSP3,20,3.96,3.96,0.0,0.38,1
BtabCSP3,21,3.96,3.96,0.0,1.0,3
BtabCSP3,23,3.96,3.96,0.0,0.95,5
BtabCSP3,28,3.96,3.96,-0.0,1.0,5
BtabCSP3,30,3.96,3.96,-0.0,0.83,5
BtabCSP3,35,3.96,3.96,-0.0,1.0,5
BtabCSP3,36,3.96,3.96,0.0,0.94,5
BtabCSP3,38,3.96,3.96,0.0,1.0,3
BtabCSP3,40,3.96,3.96,0.0,0.94,5
BtabCSP3,53,4.03,3.96,0.07,1.0,5
BtabCSP3,57,3.96,3.96,0.0,0.95,5
BtabCSP3,60,3.96,4.36,-0.4,0.65,5
BtabCSP3,63,3.96,3.96,0.0,0.5,5
BtabCSP3,65,3.96,3.96,0.0,1.0,5
BtabCSP3,73,3.96,3.96,0.0,0.45,2
BtabCSP3,78,3.96,5.24,-1.28,0.35,2
BtabCSP3,80,3.96,3.96,0.0,0.38,1
BtabCSP3,99,3.96,3.96,0.0,0.95,5
BtabCSP3,107,3.96,3.96,0.0,1.0,5
BtabCSP3,120,3.96,3.96,0.0,0.35,1
BtabCSP3,130,3.96,3.96,0.0,0.88,5
BtabCSP3,170,3.96,3.96,0.0,1.0,5
BtabCSP3,173,3.96,3.96,0.0,1.0,1
BtabCSP3,194,3.96,3.96,0.0,1.0,5
BtabCSP3,269,3.96,3.96,0.0,0.95,5
BtabCSP3,290,3.96,3.96,0.0,1.0,5
BtabCSP3,311,3.96,3.96,0.0,0.48,2
BtabCSP3,389,4.03,3.96,0.07,1.0,5
BtabCSP3,434,3.96,3.96,0.0,0.43,1
CbuqPBP1,4,4.44,4.55,-0.1,0.47,1
CbuqPBP1,75,4.49,4.48,0.01,0.39,1
CbuqPBP1,169,4.46,4.49,-0.03,0.39,2
CbuqPBP1,292,4.55,4.44,0.1,0.47,1
CbuqPBP1,293,4.49,4.44,0.05,0.36,1
CcapOBP83a-2,3,5.73,5.79,-0.06,0.83,5
CcapOBP83a-2,11,5.93,5.26,0.67,0.4,2
CcapOBP83a-2,22,5.6,5.47,0.12,0.65,5
CcapOBP83a-2,30,5.62,6.1,-0.49,0.83,5
CcapOBP83a-2,61,5.8,5.59,0.2,0.44,3
CcapOBP83a-2,185,5.56,5.2,0.36,1.0,4
CcapOBP83a-2,266,5.45,5.55,-0.1,0.48,2
CcapOBP83a-2,443,5.42,5.51,-0.09,0.64,2
CcapOBP83a-2,447,5.52,5.36,0.17,0.64,2
CcapOBP83a-2,490,5.39,5.49,-0.1,1.0,4
CcapOBP83a-2,514,5.19,5.26,-0.07,0.58,1
CcapOBP83a-2,564,5.26,5.19,0.07,0.58,1
CcilCSP2,42,3.93,4.26,-0.33,0.38,1
CcilCSP2,584,4.26,3.93,0.33,0.38,1
CforOBP1,16,5.95,5.31,0.64,0.38,2
CforOBP1,35,5.52,5.86,-0.34,0.38,3
CforOBP1,36,5.1,6.05,-0.95,0.82,2
CforOBP1,64,6.05,5.06,0.99,0.82,1
CforOBP1,252,4.89,5.95,-1.05,0.47,1
CforOBP1,303,5.86,5.81,0.05,0.35,1
CforOBP1,330,5.86,5.48,0.38,0.38,1
CforOBP1,495,5.95,4.89,1.05,0.47,1
CforOBP2,2,6.11,5.96,0.15,0.58,1
CforOBP2,36,5.21,4.67,0.55,0.82,2
CforOBP2,56,4.97,5.07,-0.1,0.43,2
CforOBP2,64,4.75,5.25,-0.5,0.82,2
CforOBP2,252,5.96,6.11,-0.15,0.58,1
CforOBP3,16,5.07,5.09,-0.02,0.38,1
CforOBP3,36,5.09,5.07,0.02,0.38,1
CinfGOBP1,59,4.91,4.93,-0.02,1.0,5
CinfGOBP1,76,4.94,4.76,0.18,1.0,5
CinfGOBP1,97,4.9,4.98,-0.08,1.0,5
CinfGOBP1,105,4.91,4.92,-0.01,1.0,5
CinfGOBP1,150,4.89,5.02,-0.12,1.0,5
CinfGOBP1,153,4.92,4.88,0.04,1.0,5
CinfGOBP1,170,4.92,4.76,0.16,1.0,5
CinfGOBP1,243,4.92,4.92,-0.0,1.0,5
CinfGOBP2,59,4.92,5.01,-0.09,1.0,5
CinfGOBP2,76,4.95,4.83,0.12,1.0,5
CinfGOBP2,97,4.92,4.97,-0.05,1.0,5
CinfGOBP2,105,4.94,4.89,0.06,1.0,5
CinfGOBP2,150,4.93,4.96,-0.03,1.0,5
CinfGOBP2,153,4.93,4.94,-0.01,1.0,5
CinfGOBP2,170,4.93,4.76,0.17,1.0,5
CinfGOBP2,243,4.93,4.94,-0.01,1.0,5
CinfPBP1,32,5.54,5.81,-0.27,0.6,1
CinfPBP1,41,5.81,5.54,0.27,0.6,1
CinfPBP2,32,5.51,5.65,-0.14,0.6,1
CinfPBP2,41,5.65,5.51,0.14,0.6,1
CinfPBP3,32,5.45,5.6,-0.14,0.6,1
CinfPBP3,41,5.6,5.45,0.14,0.6,1
CmedCSP1,3,5.43,5.08,0.34,0.83,3
CmedCSP1,7,5.3,5.49,-0.19,0.79,3
CmedCSP1,11,5.41,5.3,0.11,0.79,3
CmedCSP1,15,5.13,4.66,0.48,0.7,5
CmedCSP1,19,4.89,5.36,-0.46,0.7,2
CmedCSP1,21,4.92,4.66,0.26,0.45,1
CmedCSP1,25,4.66,5.15,-0.49,0.46,1
CmedCSP1,33,5.36,5.36,0.0,0.5,1
CmedCSP1,36,4.92,4.87,0.05,0.41,5
CmedCSP1,55,4.88,4.87,0.01,1.0,5
CmedCSP1,59,4.92,4.66,0.27,1.0,5
CmedCSP1,65,4.92,4.66,0.27,0.62,5
CmedCSP1,76,4.83,5.1,-0.27,1.0,5
CmedCSP1,88,4.9,4.92,-0.01,0.41,1
CmedCSP1,97,4.79,5.33,-0.53,1.0,5
CmedCSP1,101,4.92,4.9,0.01,0.41,1
CmedCSP1,105,4.92,4.66,0.27,1.0,5
CmedCSP1,143,4.66,4.92,-0.26,0.45,1
CmedCSP1,150,4.92,4.66,0.27,1.0,5
CmedCSP1,153,4.92,4.66,0.27,1.0,5
CmedCSP1,162,5.15,4.66,0.49,0.46,1
CmedCSP1,243,4.92,4.66,0.27,1.0,5
CmedCSP1,319,5.21,5.44,-0.23,0.83,3
CmedCSP2,3,5.11,5.37,-0.26,0.83,3
CmedCSP2,7,4.91,5.25,-0.34,0.79,3
CmedCSP2,11,5.26,4.66,0.6,0.79,3
CmedCSP2,15,4.98,5.02,-0.04,0.7,5
CmedCSP2,19,5.13,5.36,-0.22,0.7,2
CmedCSP2,21,5.6,4.76,0.83,0.45,1
CmedCSP2,25,5.04,5.04,0.0,0.46,1
CmedCSP2,33,5.36,5.36,0.0,0.5,1
CmedCSP2,36,4.81,4.95,-0.14,0.41,5
CmedCSP2,55,4.92,4.66,0.26,1.0,5
CmedCSP2,59,4.92,4.66,0.26,1.0,5
CmedCSP2,65,4.81,5.04,-0.22,0.62,5
CmedCSP2,76,4.92,4.66,0.26,1.0,5
CmedCSP2,88,4.95,4.93,0.03,0.41,1
CmedCSP2,97,4.85,4.99,-0.14,1.0,5
CmedCSP2,101,4.93,4.95,-0.03,0.41,1
CmedCSP2,105,4.83,5.1,-0.27,1.0,5
CmedCSP2,143,4.76,5.6,-0.83,0.45,1
CmedCSP2,150,4.81,5.2,-0.39,1.0,5
CmedCSP2,153,4.81,4.88,-0.06,1.0,5
CmedCSP2,162,5.04,5.04,-0.0,0.46,1
CmedCSP2,243,4.81,4.66,0.16,1.0,5
CmedCSP2,319,5.26,5.18,0.08,0.83,3
CmedCSP3,3,5.18,4.66,0.53,0.83,3
CmedCSP3,5,5.36,4.66,0.7,0.42,1
CmedCSP3,7,4.86,4.66,0.2,0.79,3
CmedCSP3,11,4.76,4.66,0.11,0.79,3
CmedCSP3,15,5.04,4.66,0.38,0.7,5
CmedCSP3,19,5.04,5.64,-0.6,0.7,3
CmedCSP3,21,4.66,4.66,0.0,0.45,1
CmedCSP3,25,5.36,4.66,0.7,0.46,1
CmedCSP3,36,4.66,4.66,0.0,0.41,5
CmedCSP3,55,4.72,4.66,0.06,1.0,5
CmedCSP3,59,4.72,4.66,0.06,1.0,5
CmedCSP3,65,4.66,4.66,0.0,0.62,5
CmedCSP3,76,4.72,4.66,0.06,1.0,5
CmedCSP3,88,4.66,4.66,0.0,0.41,1
CmedCSP3,97,4.72,4.66,0.06,1.0,5
CmedCSP3,101,4.66,4.66,0.0,0.41,1
CmedCSP3,105,4.72,4.66,0.06,1.0,5
CmedCSP3,143,4.66,4.66,0.0,0.45,1
CmedCSP3,150,4.66,4.98,-0.32,1.0,5
CmedCSP3,153,4.66,4.66,0.0,1.0,5
CmedCSP3,162,4.66,5.36,-0.7,0.46,1
CmedCSP3,243,4.66,4.66,0.0,1.0,5
CmedCSP3,319,4.66,5.43,-0.78,0.83,3
CmedCSP3,444,5.5,5.36,0.14,0.5,2
CmedCSP3,472,5.06,5.36,-0.29,0.6,5
CmedOBP2,3,5.14,4.93,0.21,0.41,2
CmedOBP2,5,4.9,5.05,-0.15,1.0,1
CmedOBP2,7,5.34,4.84,0.51,0.79,2
CmedOBP2,11,4.85,5.46,-0.6,0.79,2
CmedOBP2,15,4.41,4.79,-0.39,0.94,5
CmedOBP2,18,4.68,4.26,0.42,0.94,5
CmedOBP2,21,5.05,4.26,0.79,0.45,1
CmedOBP2,25,4.78,4.62,0.16,0.46,1
CmedOBP2,36,4.67,5.07,-0.4,0.41,5
CmedOBP2,55,4.81,4.26,0.55,1.0,5
CmedOBP2,59,4.73,4.68,0.05,1.0,5
CmedOBP2,65,4.67,4.69,-0.01,0.62,5
CmedOBP2,73,4.26,5.05,-0.79,0.45,1
CmedOBP2,76,4.81,4.26,0.55,1.0,5
CmedOBP2,97,4.64,5.11,-0.47,1.0,5
CmedOBP2,105,4.66,5.05,-0.39,1.0,5
CmedOBP2,150,4.67,4.97,-0.3,1.0,5
CmedOBP2,153,4.67,4.88,-0.21,1.0,5
CmedOBP2,162,4.62,4.78,-0.16,0.46,1
CmedOBP2,243,4.67,5.07,-0.4,1.0,5
CmedOBP2,373,5.05,4.9,0.15,1.0,1
CmedOBP3,3,4.29,4.26,0.04,0.41,2
CmedOBP3,5,4.26,4.26,0.0,1.0,1
CmedOBP3,7,4.26,4.33,-0.07,0.79,2
CmedOBP3,11,4.31,4.26,0.05,0.79,2
CmedOBP3,15,4.26,4.26,0.0,0.94,5
CmedOBP3,18,4.26,4.26,0.0,0.94,5
CmedOBP3,21,4.26,4.26,0.0,0.45,1
CmedOBP3,25,4.26,4.26,0.0,0.46,1
CmedOBP3,36,4.26,4.5,-0.24,0.41,5
CmedOBP3,55,4.26,4.26,0.0,1.0,5
CmedOBP3,59,4.26,4.26,0.0,1.0,5
CmedOBP3,65,4.26,4.26,0.0,0.62,5
CmedOBP3,73,4.26,4.26,0.0,0.45,1
CmedOBP3,76,4.26,4.26,0.0,1.0,5
CmedOBP3,97,4.26,4.26,0.0,1.0,5
CmedOBP3,105,4.26,4.26,0.0,1.0,5
CmedOBP3,150,4.26,4.26,0.0,1.0,5
CmedOBP3,153,4.26,4.26,0.0,1.0,5
CmedOBP3,162,4.26,4.26,0.0,0.46,1
CmedOBP3,243,4.26,4.61,-0.35,1.0,5
CmedOBP3,373,4.26,4.26,0.0,1.0,1
CmedOBP14,3,5.09,4.84,0.24,0.41,2
CmedOBP14,5,4.83,4.94,-0.11,1.0,1
CmedOBP14,7,5.01,5.12,-0.11,0.79,2
CmedOBP14,11,5.06,5.05,0.01,0.79,2
CmedOBP14,15,4.86,4.73,0.13,0.44,5
CmedOBP14,25,4.63,4.52,0.11,0.46,1
CmedOBP14,36,4.86,5.24,-0.38,0.41,5
CmedOBP14,59,5.06,4.59,0.47,1.0,5
CmedOBP14,65,4.86,4.59,0.27,0.62,5
CmedOBP14,97,4.98,4.99,-0.02,1.0,5
CmedOBP14,105,4.98,4.99,-0.02,1.0,5
CmedOBP14,150,4.99,4.9,0.09,1.0,5
CmedOBP14,153,5.01,4.83,0.18,1.0,5
CmedOBP14,162,4.52,4.63,-0.11,0.46,1
CmedOBP14,243,4.86,5.56,-0.7,1.0,5
CmedOBP14,373,4.94,4.83,0.11,1.0,1
CmedPBP4,3,4.98,4.68,0.3,0.5,3
CmedPBP4,7,4.6,4.89,-0.29,0.79,3
CmedPBP4,15,5.28,4.57,0.71,0.94,5
CmedPBP4,18,5.09,5.02,0.07,0.94,5
CmedPBP4,19,5.32,6.64,-1.32,0.75,5
CmedPBP4,21,4.64,4.93,-0.29,1.0,2
CmedPBP4,22,4.78,5.5,-0.72,0.5,2
CmedPBP4,25,5.59,5.17,0.42,0.46,1
CmedPBP4,27,4.42,4.26,0.16,0.47,5
CmedPBP4,33,6.1,5.69,0.41,1.0,4
CmedPBP4,34,6.04,4.5,1.54,0.42,1
CmedPBP4,38,4.81,4.72,0.09,1.0,2
CmedPBP4,55,4.33,4.69,-0.36,1.0,5
CmedPBP4,59,4.42,4.26,0.16,1.0,5
CmedPBP4,65,4.42,4.26,0.16,0.62,5
CmedPBP4,76,4.35,4.62,-0.28,1.0,5
CmedPBP4,97,4.42,4.26,0.16,1.0,5
CmedPBP4,105,4.42,4.26,0.16,1.0,5
CmedPBP4,143,4.82,4.26,0.56,0.45,2
CmedPBP4,150,4.42,4.26,0.16,1.0,5
CmedPBP4,153,4.42,4.53,-0.11,1.0,5
CmedPBP4,162,5.17,5.59,-0.42,0.46,1
CmedPBP4,312,4.85,4.26,0.59,0.79,2
CmedPBP4,444,5.84,6.12,-0.29,1.0,4
CmedPBP4,472,5.48,6.04,-0.56,0.6,5
CninOBP1,2,4.66,4.66,0.0,0.58,1
CninOBP1,4,4.66,4.66,0.0,0.43,1
CninOBP1,5,4.66,4.66,0.0,1.0,5
CninOBP1,6,4.66,4.66,0.0,0.41,2
CninOBP1,7,4.86,4.66,0.2,1.0,5
CninOBP1,8,4.66,4.66,0.0,0.62,5
CninOBP1,11,4.71,4.66,0.06,1.0,4
CninOBP1,13,5.73,4.66,1.08,0.35,1
CninOBP1,14,4.82,5.66,-0.84,0.95,5
CninOBP1,15,4.66,4.66,0.0,0.94,5
CninOBP1,16,4.66,4.66,0.0,0.62,5
CninOBP1,18,4.66,4.66,-0.0,1.0,5
CninOBP1,20,4.66,4.66,0.0,0.38,1
CninOBP1,23,5.25,4.66,0.59,0.95,5
CninOBP1,27,4.71,4.81,-0.1,1.0,5
CninOBP1,30,4.88,5.73,-0.85,0.57,5
CninOBP1,36,4.75,4.66,0.09,0.94,5
CninOBP1,39,4.66,4.66,0.0,0.46,3
CninOBP1,40,4.71,4.81,-0.1,1.0,5
CninOBP1,43,4.66,4.66,0.0,0.6,5
CninOBP1,45,4.66,4.66,0.0,0.39,1
CninOBP1,50,4.66,4.66,0.0,0.43,5
CninOBP1,56,4.66,4.66,0.0,0.85,5
CninOBP1,57,4.66,4.66,0.0,1.0,5
CninOBP1,61,5.01,4.66,0.35,0.59,5
CninOBP1,63,4.92,4.66,0.27,0.81,5
CninOBP1,64,4.74,4.66,0.08,0.82,5
CninOBP1,68,4.66,4.66,0.0,0.39,2
CninOBP1,74,4.66,4.66,0.0,0.48,5
CninOBP1,75,4.66,4.66,0.0,0.39,1
CninOBP1,76,4.66,4.66,0.0,1.0,5
CninOBP1,82,4.66,4.66,-0.0,1.0,5
CninOBP1,86,5.01,4.66,0.36,0.81,5
CninOBP1,91,4.66,4.66,0.0,0.62,5
CninOBP1,92,4.66,4.66,0.0,0.41,3
CninOBP1,95,4.88,4.66,0.23,0.48,5
CninOBP1,103,4.66,4.66,0.0,1.0,5
CninOBP1,106,4.66,4.66,0.0,0.58,5
CninOBP1,107,4.66,4.66,0.0,1.0,5
CninOBP1,108,4.66,4.66,-0.0,0.77,5
CninOBP1,110,4.66,4.66,0.0,0.36,2
CninOBP1,120,4.66,4.66,0.0,0.64,5
CninOBP1,121,4.66,4.66,0.0,0.64,5
CninOBP1,129,4.66,4.66,0.0,0.58,5
CninOBP1,142,4.86,4.66,0.2,1.0,5
CninOBP1,145,4.66,4.66,0.0,1.0,5
CninOBP1,150,4.66,4.66,0.0,1.0,5
CninOBP1,151,4.66,4.66,0.0,1.0,5
CninOBP1,153,4.66,4.66,0.0,1.0,5
CninOBP1,154,4.66,4.66,0.0,0.36,1
CninOBP1,160,4.66,4.66,0.0,0.43,5
CninOBP1,169,4.66,4.66,-0.0,0.39,2
CninOBP1,180,4.66,4.66,0.0,1.0,5
CninOBP1,188,4.66,4.66,0.0,0.46,5
CninOBP1,194,4.66,4.66,0.0,1.0,5
CninOBP1,214,4.66,4.66,-0.0,0.77,5
CninOBP1,228,4.66,4.66,0.0,1.0,5
CninOBP1,245,4.66,4.66,0.0,0.47,5
CninOBP1,252,4.66,4.66,0.0,0.58,1
CninOBP1,262,4.66,4.66,0.0,0.64,5
CninOBP1,269,4.66,4.66,0.0,0.95,5
CninOBP1,283,4.66,5.55,-0.9,0.48,5
CninOBP1,286,4.66,4.66,0.0,0.38,1
CninOBP1,312,4.71,4.66,0.06,1.0,4
CninOBP1,321,4.66,4.66,0.0,0.64,5
CninOBP1,330,4.66,4.66,0.0,0.4,4
CninOBP1,399,4.66,4.66,0.0,0.6,2
CninOBP2,2,4.66,4.66,0.0,0.58,1
CninOBP2,4,4.66,4.66,0.0,0.43,1
CninOBP2,5,4.66,4.66,0.0,1.0,5
CninOBP2,6,4.66,4.66,0.0,0.41,2
CninOBP2,7,4.66,4.66,-0.0,1.0,5
CninOBP2,8,4.66,4.66,0.0,0.62,5
CninOBP2,11,4.66,4.66,-0.0,1.0,4
CninOBP2,13,4.66,4.66,0.0,0.35,1
CninOBP2,14,4.66,4.66,-0.0,0.95,5
CninOBP2,15,4.66,4.66,0.0,0.94,5
CninOBP2,16,4.66,4.66,0.0,0.62,5
CninOBP2,18,4.66,4.66,-0.0,1.0,5
CninOBP2,20,4.66,4.66,0.0,0.38,1
CninOBP2,23,4.66,4.66,-0.0,0.95,5
CninOBP2,27,4.66,4.66,0.0,1.0,5
CninOBP2,30,4.66,4.66,0.0,0.57,5
CninOBP2,36,4.66,4.66,0.0,0.94,5
CninOBP2,39,4.76,4.66,0.1,0.46,3
CninOBP2,40,4.66,4.66,0.0,1.0,5
CninOBP2,43,4.66,4.66,0.0,0.6,5
CninOBP2,45,4.66,4.66,0.0,0.39,1
CninOBP2,50,4.66,4.66,0.0,0.43,5
CninOBP2,56,4.66,4.66,0.0,0.85,5
CninOBP2,57,4.66,4.66,0.0,1.0,5
CninOBP2,61,4.66,4.66,0.0,0.59,5
CninOBP2,63,4.66,4.66,0.0,0.81,5
CninOBP2,64,4.66,4.66,0.0,0.82,5
CninOBP2,68,4.66,4.66,0.0,0.39,2
CninOBP2,74,4.66,4.66,0.0,0.48,5
CninOBP2,75,4.66,4.66,0.0,0.39,1
CninOBP2,76,4.66,4.66,0.0,1.0,5
CninOBP2,82,4.66,4.66,-0.0,1.0,5
CninOBP2,86,4.66,4.66,0.0,0.81,5
CninOBP2,91,4.66,4.66,0.0,0.62,5
CninOBP2,92,4.66,4.66,0.0,0.41,3
CninOBP2,95,4.66,4.66,0.0,0.48,5
CninOBP2,103,4.66,4.66,0.0,1.0,5
CninOBP2,106,4.66,4.66,0.0,0.58,5
CninOBP2,107,4.66,4.66,0.0,1.0,5
CninOBP2,108,4.66,4.66,-0.0,0.77,5
CninOBP2,110,4.66,4.66,0.0,0.36,2
CninOBP2,120,4.66,4.66,0.0,0.64,5
CninOBP2,121,4.66,4.66,0.0,0.64,5
CninOBP2,129,4.66,4.66,0.0,0.58,5
CninOBP2,142,4.66,4.66,-0.0,1.0,5
CninOBP2,145,4.66,4.66,0.0,1.0,5
CninOBP2,150,4.66,4.66,0.0,1.0,5
CninOBP2,151,4.66,4.66,0.0,1.0,5
CninOBP2,153,4.66,4.66,0.0,1.0,5
CninOBP2,154,4.66,4.66,0.0,0.36,1
CninOBP2,160,4.66,4.66,0.0,0.43,5
CninOBP2,169,4.66,4.66,-0.0,0.39,2
CninOBP2,180,4.66,4.66,0.0,1.0,5
CninOBP2,188,4.66,4.9,-0.25,0.46,5
CninOBP2,194,4.66,4.66,0.0,1.0,5
CninOBP2,214,4.66,4.66,-0.0,0.77,5
CninOBP2,228,4.66,4.66,0.0,1.0,5
CninOBP2,245,4.7,4.66,0.04,0.47,5
CninOBP2,252,4.66,4.66,0.0,0.58,1
CninOBP2,262,4.69,4.66,0.04,0.64,5
CninOBP2,269,4.66,4.66,0.0,0.95,5
CninOBP2,283,4.66,4.66,-0.0,0.48,5
CninOBP2,286,4.66,4.66,0.0,0.38,1
CninOBP2,312,4.66,4.66,-0.0,1.0,4
CninOBP2,321,4.7,4.66,0.04,0.64,5
CninOBP2,330,4.66,4.66,0.0,0.4,4
CninOBP2,399,4.73,4.66,0.07,0.6,2
CninOBP6,2,4.66,4.66,0.0,0.58,1
CninOBP6,4,4.66,4.66,0.0,0.43,1
CninOBP6,5,4.66,4.66,0.0,1.0,5
CninOBP6,6,4.66,4.66,0.0,0.41,2
CninOBP6,7,4.66,4.66,-0.0,1.0,5
CninOBP6,8,4.66,4.66,0.0,0.62,5
CninOBP6,11,4.66,4.66,-0.0,1.0,4
CninOBP6,13,4.66,4.66,0.0,0.35,1
CninOBP6,14,4.66,4.66,-0.0,0.95,5
CninOBP6,15,4.66,4.66,0.0,0.94,5
CninOBP6,16,4.66,4.66,0.0,0.62,5
CninOBP6,18,4.66,4.66,-0.0,1.0,5
CninOBP6,20,4.66,4.66,0.0,0.38,1
CninOBP6,23,4.66,4.66,-0.0,0.95,5
CninOBP6,27,4.66,4.66,0.0,1.0,5
CninOBP6,30,4.66,4.66,0.0,0.57,5
CninOBP6,36,4.66,4.66,0.0,0.94,5
CninOBP6,39,4.78,4.66,0.12,0.46,3
CninOBP6,40,4.66,4.66,0.0,1.0,5
CninOBP6,43,4.66,4.66,0.0,0.6,5
CninOBP6,45,4.66,4.66,0.0,0.39,1
CninOBP6,50,4.66,4.66,0.0,0.43,5
CninOBP6,56,4.66,4.66,0.0,0.85,5
CninOBP6,57,4.66,4.66,0.0,1.0,5
CninOBP6,61,4.66,4.66,0.0,0.59,5
CninOBP6,63,4.66,4.66,0.0,0.81,5
CninOBP6,64,4.66,4.66,0.0,0.82,5
CninOBP6,68,4.66,4.66,0.0,0.39,2
CninOBP6,74,4.66,4.66,0.0,0.48,5
CninOBP6,75,4.66,4.66,0.0,0.39,1
CninOBP6,76,4.66,4.66,0.0,1.0,5
CninOBP6,82,4.66,4.66,-0.0,1.0,5
CninOBP6,86,4.66,4.66,0.0,0.81,5
CninOBP6,91,4.66,4.66,0.0,0.62,5
CninOBP6,92,4.66,4.66,0.0,0.41,3
CninOBP6,95,4.66,4.66,0.0,0.48,5
CninOBP6,103,4.66,4.66,0.0,1.0,5
CninOBP6,106,4.66,4.66,0.0,0.58,5
CninOBP6,107,4.66,4.66,0.0,1.0,5
CninOBP6,108,4.66,4.66,-0.0,0.77,5
CninOBP6,110,4.66,4.66,0.0,0.36,2
CninOBP6,120,4.66,4.66,0.0,0.64,5
CninOBP6,121,4.66,4.66,0.0,0.64,5
CninOBP6,129,4.66,4.66,0.0,0.58,5
CninOBP6,142,4.66,4.66,-0.0,1.0,5
CninOBP6,145,4.66,4.66,0.0,1.0,5
CninOBP6,150,4.66,4.66,0.0,1.0,5
CninOBP6,151,4.66,4.66,0.0,1.0,5
CninOBP6,153,4.66,4.66,0.0,1.0,5
CninOBP6,154,4.66,4.66,0.0,0.36,1
CninOBP6,160,4.66,4.66,0.0,0.43,5
CninOBP6,169,4.66,4.66,-0.0,0.39,2
CninOBP6,180,4.66,4.66,0.0,1.0,5
CninOBP6,188,4.66,4.96,-0.3,0.46,5
CninOBP6,194,4.66,4.66,0.0,1.0,5
CninOBP6,214,4.66,4.66,-0.0,0.77,5
CninOBP6,228,4.66,4.66,0.0,1.0,5
CninOBP6,245,4.71,4.66,0.05,0.47,5
CninOBP6,252,4.66,4.66,0.0,0.58,1
CninOBP6,262,4.7,4.66,0.04,0.64,5
CninOBP6,269,4.66,4.66,0.0,0.95,5
CninOBP6,283,4.66,4.66,-0.0,0.48,5
CninOBP6,286,4.66,4.66,0.0,0.38,1
CninOBP6,312,4.66,4.66,-0.0,1.0,4
CninOBP6,321,4.71,4.66,0.05,0.64,5
CninOBP6,330,4.66,4.66,0.0,0.4,4
CninOBP6,399,4.74,4.66,0.08,0.6,2
CninOBP9,2,4.66,4.66,0.0,0.58,1
CninOBP9,4,4.66,4.66,0.0,0.43,1
CninOBP9,5,4.66,4.66,0.0,1.0,5
CninOBP9,6,4.66,4.66,0.0,0.41,2
CninOBP9,7,4.66,4.66,-0.0,1.0,5
CninOBP9,8,4.66,4.66,0.0,0.62,5
CninOBP9,11,4.66,4.66,-0.0,1.0,4
CninOBP9,13,4.66,4.66,0.0,0.35,1
CninOBP9,14,4.66,4.66,-0.0,0.95,5
CninOBP9,15,4.66,4.66,0.0,0.94,5
CninOBP9,16,4.66,4.66,0.0,0.62,5
CninOBP9,18,4.66,4.66,-0.0,1.0,5
CninOBP9,20,4.66,4.66,0.0,0.38,1
CninOBP9,23,4.66,4.66,-0.0,0.95,5
CninOBP9,27,4.66,4.66,0.0,1.0,5
CninOBP9,30,4.66,4.66,0.0,0.57,5
CninOBP9,36,4.66,4.66,0.0,0.94,5
CninOBP9,39,4.93,4.66,0.28,0.46,3
CninOBP9,40,4.66,4.66,0.0,1.0,5
CninOBP9,43,4.66,4.66,0.0,0.6,5
CninOBP9,45,4.66,4.66,0.0,0.39,1
CninOBP9,50,4.66,4.66,0.0,0.43,5
CninOBP9,56,4.66,4.66,0.0,0.85,5
CninOBP9,57,4.66,4.66,0.0,1.0,5
CninOBP9,61,4.66,4.66,0.0,0.59,5
CninOBP9,63,4.66,4.66,0.0,0.81,5
CninOBP9,64,4.66,4.66,0.0,0.82,5
CninOBP9,68,4.66,4.66,0.0,0.39,2
CninOBP9,74,4.66,4.66,0.0,0.48,5
CninOBP9,75,4.66,4.66,0.0,0.39,1
CninOBP9,76,4.66,4.66,0.0,1.0,5
CninOBP9,82,4.66,4.66,-0.0,1.0,5
CninOBP9,86,4.66,4.66,0.0,0.81,5
CninOBP9,91,4.66,4.66,0.0,0.62,5
CninOBP9,92,4.66,4.66,0.0,0.41,3
CninOBP9,95,4.66,4.66,0.0,0.48,5
CninOBP9,103,4.66,4.66,0.0,1.0,5
CninOBP9,106,4.66,4.66,0.0,0.58,5
CninOBP9,107,4.66,4.66,0.0,1.0,5
CninOBP9,108,4.66,4.66,-0.0,0.77,5
CninOBP9,110,4.66,4.66,0.0,0.36,2
CninOBP9,120,4.66,4.66,0.0,0.64,5
CninOBP9,121,4.66,4.66,0.0,0.64,5
CninOBP9,129,4.66,4.66,0.0,0.58,5
CninOBP9,142,4.66,4.66,-0.0,1.0,5
CninOBP9,145,4.66,4.66,0.0,1.0,5
CninOBP9,150,4.66,4.66,0.0,1.0,5
CninOBP9,151,4.66,4.66,0.0,1.0,5
CninOBP9,153,4.66,4.66,0.0,1.0,5
CninOBP9,154,4.66,4.66,0.0,0.36,1
CninOBP9,160,4.66,4.66,0.0,0.43,5
CninOBP9,169,4.66,4.66,-0.0,0.39,2
CninOBP9,180,4.66,4.66,0.0,1.0,5
CninOBP9,188,4.66,5.34,-0.68,0.46,5
CninOBP9,194,4.66,4.66,0.0,1.0,5
CninOBP9,214,4.66,4.66,-0.0,0.77,5
CninOBP9,228,4.66,4.66,0.0,1.0,5
CninOBP9,245,4.77,4.66,0.11,0.47,5
CninOBP9,252,4.66,4.66,0.0,0.58,1
CninOBP9,262,4.76,4.66,0.1,0.64,5
CninOBP9,269,4.66,4.66,0.0,0.95,5
CninOBP9,283,4.66,4.66,-0.0,0.48,5
CninOBP9,286,4.66,4.66,0.0,0.38,1
CninOBP9,312,4.66,4.66,-0.0,1.0,4
CninOBP9,321,4.77,4.66,0.11,0.64,5
CninOBP9,330,4.66,4.66,0.0,0.4,4
CninOBP9,399,4.84,4.66,0.19,0.6,2
CninOBP10,2,4.66,5.15,-0.5,0.58,1
CninOBP10,4,4.89,4.66,0.24,0.43,1
CninOBP10,5,4.81,4.66,0.16,1.0,5
CninOBP10,6,4.66,4.66,0.0,0.41,2
CninOBP10,7,5.06,5.22,-0.16,1.0,5
CninOBP10,8,5.28,4.66,0.63,0.62,5
CninOBP10,11,4.98,4.66,0.32,1.0,4
CninOBP10,13,4.66,4.66,0.0,0.35,1
CninOBP10,14,4.8,6.48,-1.68,0.95,5
CninOBP10,15,4.89,4.66,0.23,0.94,5
CninOBP10,16,4.66,4.66,0.0,0.62,5
CninOBP10,18,4.81,4.88,-0.07,1.0,5
CninOBP10,20,4.66,4.66,0.0,0.38,1
CninOBP10,23,5.52,4.66,0.87,0.95,5
CninOBP10,27,5.13,5.28,-0.16,1.0,5
CninOBP10,30,5.38,4.66,0.72,0.57,5
CninOBP10,36,5.26,4.66,0.61,0.94,5
CninOBP10,39,4.66,4.66,0.0,0.46,3
CninOBP10,40,4.89,5.98,-1.09,1.0,5
CninOBP10,43,5.1,4.66,0.44,0.6,5
CninOBP10,45,4.66,4.66,0.0,0.39,1
CninOBP10,50,4.66,4.89,-0.24,0.43,5
CninOBP10,56,4.71,4.66,0.05,0.85,5
CninOBP10,57,4.71,4.66,0.06,1.0,5
CninOBP10,61,5.11,4.66,0.46,0.59,5
CninOBP10,63,5.1,4.66,0.44,0.81,5
CninOBP10,64,5.18,4.66,0.52,0.82,5
CninOBP10,68,4.66,4.66,0.0,0.39,2
CninOBP10,74,4.71,4.66,0.05,0.48,5
CninOBP10,75,4.66,4.66,0.0,0.39,1
CninOBP10,76,4.66,4.66,0.0,1.0,5
CninOBP10,82,4.74,5.06,-0.32,1.0,5
CninOBP10,86,5.02,5.06,-0.05,0.81,5
CninOBP10,91,4.71,4.99,-0.28,0.62,5
CninOBP10,92,4.66,4.66,0.0,0.41,3
CninOBP10,95,4.66,4.66,0.0,0.48,5
CninOBP10,103,4.66,4.91,-0.26,1.0,5
CninOBP10,106,4.7,4.66,0.04,0.58,5
CninOBP10,107,4.66,4.66,0.0,1.0,5
CninOBP10,108,5.43,5.29,0.14,0.77,5
CninOBP10,110,4.66,4.66,0.0,0.36,2
CninOBP10,120,5.22,4.85,0.36,0.64,5
CninOBP10,121,4.72,4.66,0.07,0.64,5
CninOBP10,129,4.69,4.66,0.04,0.58,5
CninOBP10,142,5.03,5.32,-0.29,1.0,5
CninOBP10,145,4.71,4.66,0.06,1.0,5
CninOBP10,150,4.66,4.66,0.0,1.0,5
CninOBP10,151,4.66,4.66,0.0,1.0,5
CninOBP10,153,4.66,4.66,0.0,1.0,5
CninOBP10,154,4.66,4.66,0.0,0.36,1
CninOBP10,160,4.69,4.66,0.04,0.43,5
CninOBP10,169,4.66,4.66,-0.0,0.39,2
CninOBP10,180,4.81,4.66,0.16,1.0,5
CninOBP10,188,4.66,4.66,0.0,0.46,5
CninOBP10,194,4.66,4.66,0.0,1.0,5
CninOBP10,214,4.95,6.44,-1.5,0.77,5
CninOBP10,228,4.71,4.66,0.06,1.0,5
CninOBP10,245,4.71,4.66,0.05,0.47,5
CninOBP10,252,5.15,4.66,0.5,0.58,1
CninOBP10,262,4.66,4.66,0.0,0.64,5
CninOBP10,269,4.71,4.66,0.05,0.95,5
CninOBP10,283,4.66,4.66,-0.0,0.48,5
CninOBP10,286,4.66,4.66,0.0,0.38,1
CninOBP10,312,4.98,4.66,0.32,1.0,4
CninOBP10,321,4.66,4.66,0.0,0.64,5
CninOBP10,330,4.8,4.66,0.15,0.4,4
CninOBP10,399,4.66,4.66,0.0,0.6,2
CpalOBP1,2,4.66,4.66,0.0,0.58,1
CpalOBP1,4,4.66,4.66,0.0,0.43,1
CpalOBP1,5,4.66,4.66,0.0,1.0,5
CpalOBP1,6,4.66,4.66,0.0,0.41,2
CpalOBP1,7,4.66,4.66,-0.0,1.0,5
CpalOBP1,8,4.66,4.66,0.0,0.62,5
CpalOBP1,9,4.66,4.66,0.0,1.0,1
CpalOBP1,11,4.66,4.66,-0.0,1.0,4
CpalOBP1,13,4.66,4.66,0.0,0.35,1
CpalOBP1,14,4.66,4.66,-0.0,0.95,5
CpalOBP1,15,4.66,4.66,0.0,0.94,5
CpalOBP1,17,4.66,4.66,0.0,1.0,5
CpalOBP1,18,4.66,4.66,0.0,1.0,5
CpalOBP1,21,4.66,4.66,0.0,1.0,2
CpalOBP1,23,4.66,4.66,-0.0,0.95,5
CpalOBP1,27,4.66,4.66,0.0,1.0,5
CpalOBP1,29,4.66,4.66,0.0,1.0,2
CpalOBP1,30,4.66,4.66,0.0,0.57,5
CpalOBP1,35,4.66,4.66,0.0,1.0,5
CpalOBP1,36,4.66,4.66,0.0,0.94,5
CpalOBP1,39,4.66,4.66,0.0,0.46,3
CpalOBP1,40,4.66,4.66,0.0,1.0,5
CpalOBP1,43,4.66,4.66,0.0,0.6,5
CpalOBP1,45,4.66,4.66,0.0,0.39,1
CpalOBP1,49,4.66,4.66,0.0,1.0,1
CpalOBP1,50,4.66,4.66,0.0,0.43,4
CpalOBP1,56,4.66,4.66,0.0,0.85,5
CpalOBP1,57,4.66,4.66,0.0,1.0,5
CpalOBP1,61,4.66,4.66,0.0,0.59,5
CpalOBP1,63,4.66,4.66,0.0,0.81,5
CpalOBP1,64,4.66,4.66,0.0,0.82,5
CpalOBP1,68,4.66,4.66,0.0,0.39,2
CpalOBP1,74,4.66,4.66,0.0,0.48,5
CpalOBP1,75,4.66,4.66,0.0,0.39,1
CpalOBP1,76,4.66,4.66,0.0,1.0,5
CpalOBP1,82,4.66,4.66,0.0,1.0,5
CpalOBP1,86,4.66,4.66,0.0,0.81,5
CpalOBP1,91,4.66,4.66,0.0,0.62,5
CpalOBP1,92,4.66,4.66,0.0,0.41,3
CpalOBP1,95,4.66,4.66,0.0,0.48,5
CpalOBP1,103,4.66,4.66,0.0,1.0,5
CpalOBP1,107,4.66,4.66,0.0,1.0,5
CpalOBP1,108,4.66,4.66,-0.0,0.77,5
CpalOBP1,110,4.66,4.66,0.0,0.36,3
CpalOBP1,113,4.66,4.66,0.0,0.38,1
CpalOBP1,120,4.66,4.66,0.0,0.64,5
CpalOBP1,121,4.66,4.66,0.0,0.64,5
CpalOBP1,129,4.66,4.66,0.0,0.43,4
CpalOBP1,145,4.66,4.66,0.0,1.0,5
CpalOBP1,150,4.66,4.66,0.0,1.0,5
CpalOBP1,151,4.66,4.66,0.0,1.0,5
CpalOBP1,153,4.66,4.66,0.0,1.0,5
CpalOBP1,154,4.66,4.66,0.0,0.36,1
CpalOBP1,160,4.66,4.66,0.0,0.43,5
CpalOBP1,169,4.66,4.66,-0.0,0.39,2
CpalOBP1,180,4.66,4.66,0.0,1.0,5
CpalOBP1,188,4.66,4.66,0.0,0.46,5
CpalOBP1,194,4.66,4.66,0.0,1.0,5
CpalOBP1,214,4.66,4.66,-0.0,0.77,5
CpalOBP1,220,4.66,4.66,0.0,0.47,2
CpalOBP1,223,4.66,4.66,-0.0,1.0,5
CpalOBP1,228,4.66,4.66,0.0,1.0,5
CpalOBP1,245,4.66,4.66,0.0,0.43,5
CpalOBP1,252,4.66,4.66,0.0,0.58,1
CpalOBP1,262,4.66,4.66,0.0,0.64,5
CpalOBP1,283,4.66,4.66,0.0,0.48,5
CpalOBP1,286,4.66,4.66,0.0,0.38,1
CpalOBP1,312,4.66,4.66,-0.0,1.0,4
CpalOBP1,321,4.66,4.66,0.0,0.64,5
CpalOBP1,330,4.66,4.66,0.0,0.4,5
CpalOBP1,373,4.66,4.66,0.0,1.0,5
CpalOBP1,399,4.66,4.66,0.0,0.6,2
CpalOBP1,484,4.66,4.66,0.0,1.0,1
CpalOBP1,536,4.66,4.66,0.0,0.95,5
CpalOBP1,562,4.66,4.66,0.0,1.0,1
CpalOBP2,2,4.66,4.97,-0.31,0.58,1
CpalOBP2,4,4.66,4.66,0.0,0.43,1
CpalOBP2,5,4.66,4.66,0.0,1.0,5
CpalOBP2,6,4.66,4.66,0.0,0.41,2
CpalOBP2,7,4.76,5.08,-0.32,1.0,5
CpalOBP2,8,4.72,4.66,0.06,0.62,5
CpalOBP2,9,4.66,4.66,0.0,1.0,1
CpalOBP2,11,4.79,4.66,0.13,1.0,4
CpalOBP2,13,5.05,4.66,0.39,0.35,1
CpalOBP2,14,4.83,5.38,-0.56,0.95,5
CpalOBP2,15,4.79,4.66,0.13,0.94,5
CpalOBP2,17,4.74,4.85,-0.11,1.0,5
CpalOBP2,18,4.79,4.66,0.13,1.0,5
CpalOBP2,21,4.66,4.66,0.0,1.0,2
CpalOBP2,23,5.08,4.66,0.42,0.95,5
CpalOBP2,27,5.09,4.66,0.43,1.0,5
CpalOBP2,29,4.66,4.66,0.0,1.0,2
CpalOBP2,30,4.96,5.05,-0.09,0.57,5
CpalOBP2,35,4.7,5.01,-0.31,1.0,5
CpalOBP2,36,5.05,4.66,0.39,0.94,5
CpalOBP2,39,4.66,4.66,0.0,0.46,3
CpalOBP2,40,4.66,5.92,-1.27,1.0,5
CpalOBP2,43,4.66,4.66,0.0,0.6,5
CpalOBP2,45,4.66,4.66,0.0,0.39,1
CpalOBP2,49,4.66,4.66,0.0,1.0,1
CpalOBP2,50,4.66,4.66,0.0,0.43,4
CpalOBP2,56,4.66,4.66,0.0,0.85,5
CpalOBP2,57,4.66,4.66,0.0,1.0,5
CpalOBP2,61,4.94,4.66,0.28,0.59,5
CpalOBP2,63,4.94,4.66,0.28,0.81,5
CpalOBP2,64,5.0,4.66,0.34,0.82,5
CpalOBP2,68,4.66,4.66,0.0,0.39,2
CpalOBP2,74,4.66,4.66,0.0,0.48,5
CpalOBP2,75,4.66,4.66,0.0,0.39,1
CpalOBP2,76,4.66,4.66,0.0,1.0,5
CpalOBP2,82,4.79,4.66,0.13,1.0,5
CpalOBP2,86,4.86,4.96,-0.1,0.81,5
CpalOBP2,91,4.66,4.66,0.0,0.62,5
CpalOBP2,92,4.66,4.66,0.0,0.41,3
CpalOBP2,95,5.11,4.66,0.45,0.48,5
CpalOBP2,103,4.66,4.66,0.0,1.0,5
CpalOBP2,107,4.66,4.66,0.0,1.0,5
CpalOBP2,108,4.66,4.92,-0.27,0.77,5
CpalOBP2,110,4.66,4.66,0.0,0.36,3
CpalOBP2,113,4.66,4.66,0.0,0.38,1
CpalOBP2,120,4.7,4.66,0.04,0.64,5
CpalOBP2,121,4.66,4.66,0.0,0.64,5
CpalOBP2,129,4.66,4.66,0.0,0.43,4
CpalOBP2,145,4.66,4.66,0.0,1.0,5
CpalOBP2,150,4.66,4.66,0.0,1.0,5
CpalOBP2,151,4.66,4.66,0.0,1.0,5
CpalOBP2,153,4.66,4.66,0.0,1.0,5
CpalOBP2,154,4.66,4.66,0.0,0.36,1
CpalOBP2,160,4.66,4.66,0.0,0.43,5
CpalOBP2,169,4.66,4.66,-0.0,0.39,2
CpalOBP2,180,4.66,4.66,0.0,1.0,5
CpalOBP2,188,4.66,4.66,0.0,0.46,5
CpalOBP2,194,4.66,4.66,0.0,1.0,5
CpalOBP2,214,4.74,4.66,0.09,0.77,5
CpalOBP2,220,4.66,4.66,0.0,0.47,2
CpalOBP2,223,4.92,4.66,0.26,1.0,5
CpalOBP2,228,4.66,4.66,0.0,1.0,5
CpalOBP2,245,4.66,4.66,0.0,0.43,5
CpalOBP2,252,4.97,4.66,0.31,0.58,1
CpalOBP2,262,4.66,4.66,0.0,0.64,5
CpalOBP2,283,4.66,6.43,-1.77,0.48,5
CpalOBP2,286,4.66,4.66,0.0,0.38,1
CpalOBP2,312,4.79,4.66,0.13,1.0,4
CpalOBP2,321,4.66,4.66,0.0,0.64,5
CpalOBP2,330,4.76,4.66,0.1,0.4,5
CpalOBP2,373,4.66,4.66,0.0,1.0,5
CpalOBP2,399,4.66,4.66,0.0,0.6,2
CpalOBP2,484,4.66,4.66,0.0,1.0,1
CpalOBP2,536,4.66,4.66,0.0,0.95,5
CpalOBP2,562,4.66,4.66,0.0,1.0,1
CpalOBP3,2,4.66,4.66,0.0,0.58,1
CpalOBP3,4,4.66,4.66,0.0,0.43,1
CpalOBP3,5,4.66,4.66,0.0,1.0,5
CpalOBP3,6,4.66,4.66,0.0,0.41,2
CpalOBP3,7,4.75,4.66,0.09,1.0,5
CpalOBP3,8,4.84,4.66,0.18,0.62,5
CpalOBP3,9,4.66,4.66,0.0,1.0,1
CpalOBP3,11,4.66,4.66,-0.0,1.0,4
CpalOBP3,13,4.66,4.66,0.0,0.35,1
CpalOBP3,14,4.66,5.66,-1.0,0.95,5
CpalOBP3,15,4.68,4.66,0.02,0.94,5
CpalOBP3,17,4.68,4.66,0.02,1.0,5
CpalOBP3,18,4.68,4.66,0.02,1.0,5
CpalOBP3,20,4.66,4.66,0.0,0.38,1
CpalOBP3,21,4.66,4.66,0.0,1.0,2
CpalOBP3,23,5.1,4.66,0.44,0.95,5
CpalOBP3,27,4.98,5.7,-0.72,1.0,5
CpalOBP3,29,4.66,4.66,0.0,1.0,2
CpalOBP3,30,4.88,4.66,0.22,0.57,5
CpalOBP3,35,4.68,4.66,0.02,1.0,5
CpalOBP3,36,5.28,4.66,0.62,0.94,5
CpalOBP3,39,4.66,4.66,0.0,0.46,3
CpalOBP3,40,5.01,5.61,-0.6,1.0,5
CpalOBP3,43,4.66,4.66,0.0,0.6,5
CpalOBP3,45,4.66,4.66,0.0,0.39,1
CpalOBP3,49,4.66,4.66,0.0,1.0,1
CpalOBP3,50,4.66,4.66,0.0,0.43,4
CpalOBP3,56,4.66,4.66,0.0,0.85,5
CpalOBP3,57,4.66,4.66,0.0,1.0,5
CpalOBP3,61,4.85,4.66,0.19,0.59,5
CpalOBP3,63,4.81,4.66,0.15,0.81,5
CpalOBP3,64,5.19,4.66,0.54,0.82,5
CpalOBP3,68,4.66,4.66,0.0,0.39,2
CpalOBP3,74,4.66,4.66,0.0,0.48,5
CpalOBP3,75,4.66,4.66,0.0,0.39,1
CpalOBP3,76,5.17,5.06,0.11,1.0,5
CpalOBP3,82,4.68,4.66,0.02,1.0,5
CpalOBP3,86,4.86,4.66,0.2,0.81,5
CpalOBP3,91,4.66,4.66,0.0,0.62,5
CpalOBP3,92,4.66,4.66,0.0,0.41,3
CpalOBP3,95,5.53,4.66,0.87,0.48,5
CpalOBP3,103,4.66,4.66,0.0,1.0,5
CpalOBP3,107,5.13,5.29,-0.16,1.0,5
CpalOBP3,108,4.66,5.48,-0.82,0.77,5
CpalOBP3,110,4.66,4.66,0.0,0.36,3
CpalOBP3,120,4.77,4.66,0.12,0.64,5
CpalOBP3,121,4.66,4.66,0.0,0.64,5
CpalOBP3,129,4.66,4.66,0.0,0.43,4
CpalOBP3,145,4.66,4.66,0.0,1.0,5
CpalOBP3,150,5.26,4.66,0.6,1.0,5
CpalOBP3,151,5.04,5.71,-0.67,1.0,5
CpalOBP3,153,5.26,4.66,0.6,1.0,5
CpalOBP3,154,4.66,4.66,0.0,0.36,1
CpalOBP3,160,4.66,4.66,0.0,0.43,5
CpalOBP3,169,4.66,4.66,-0.0,0.39,2
CpalOBP3,180,4.66,4.66,0.0,1.0,5
CpalOBP3,188,4.66,4.66,0.0,0.46,5
CpalOBP3,194,5.08,5.55,-0.48,1.0,5
CpalOBP3,214,4.92,4.66,0.26,0.77,5
CpalOBP3,220,4.66,4.66,0.0,0.47,2
CpalOBP3,223,4.75,4.66,0.09,1.0,5
CpalOBP3,228,4.66,4.66,0.0,1.0,5
CpalOBP3,245,4.66,4.66,0.0,0.43,5
CpalOBP3,252,4.66,4.66,0.0,0.58,1
CpalOBP3,262,4.66,4.66,0.0,0.64,5
CpalOBP3,283,5.06,6.55,-1.49,0.48,5
CpalOBP3,286,4.66,4.66,0.0,0.38,1
CpalOBP3,312,4.66,4.66,-0.0,1.0,4
CpalOBP3,321,4.66,4.66,0.0,0.64,5
CpalOBP3,330,4.66,4.66,0.0,0.4,5
CpalOBP3,373,4.66,4.66,0.0,1.0,5
CpalOBP3,399,4.66,4.66,0.0,0.6,2
CpalOBP3,484,4.66,4.66,0.0,1.0,1
CpalOBP3,536,4.66,4.66,0.0,0.95,5
CpalOBP3,562,4.66,4.66,0.0,1.0,1
CpalOBP4,4,4.66,4.66,0.0,0.43,1
CpalOBP4,7,5.18,5.4,-0.22,0.53,3
CpalOBP4,14,5.15,5.2,-0.05,0.64,3
CpalOBP4,17,4.85,4.66,0.19,1.0,3
CpalOBP4,18,4.71,4.95,-0.24,1.0,3
CpalOBP4,27,4.92,5.52,-0.61,0.38,4
CpalOBP4,30,5.08,5.59,-0.51,0.57,3
CpalOBP4,35,4.85,4.66,0.19,1.0,3
CpalOBP4,50,4.66,4.66,0.0,0.43,2
CpalOBP4,80,4.66,4.66,0.0,0.38,1
CpalOBP4,86,5.37,4.66,0.72,0.64,3
CpalOBP4,108,5.52,5.43,0.09,0.36,1
CpalOBP4,113,4.66,4.66,0.0,0.38,1
CpalOBP4,129,4.66,4.66,0.0,0.39,1
CpalOBP6,2,4.66,4.94,-0.28,0.58,1
CpalOBP6,4,4.66,4.66,0.0,0.43,1
CpalOBP6,5,4.66,4.66,0.0,1.0,5
CpalOBP6,6,4.66,4.66,0.0,0.41,2
CpalOBP6,7,5.1,6.2,-1.1,1.0,5
CpalOBP6,8,4.66,4.66,0.0,0.62,5
CpalOBP6,9,4.66,4.66,0.0,1.0,1
CpalOBP6,11,5.29,4.66,0.64,1.0,4
CpalOBP6,13,4.66,4.66,0.0,0.35,1
CpalOBP6,14,4.93,6.0,-1.07,0.95,5
CpalOBP6,15,4.97,4.66,0.31,0.94,5
CpalOBP6,17,4.86,5.12,-0.26,1.0,5
CpalOBP6,18,4.9,4.98,-0.08,1.0,5
CpalOBP6,20,4.66,4.77,-0.11,0.38,1
CpalOBP6,21,4.82,4.66,0.16,1.0,2
CpalOBP6,23,5.33,4.66,0.68,0.95,5
CpalOBP6,27,5.14,4.66,0.48,1.0,5
CpalOBP6,29,4.66,4.86,-0.2,1.0,2
CpalOBP6,30,5.48,4.66,0.82,0.57,5
CpalOBP6,35,4.97,4.66,0.32,1.0,5
CpalOBP6,36,5.06,4.66,0.4,0.94,5
CpalOBP6,39,4.66,4.66,0.0,0.46,3
CpalOBP6,40,4.7,5.95,-1.25,1.0,5
CpalOBP6,43,4.66,4.66,0.0,0.6,5
CpalOBP6,45,4.66,4.66,0.0,0.39,1
CpalOBP6,49,4.66,4.66,0.0,1.0,1
CpalOBP6,50,4.66,4.66,0.0,0.43,4
CpalOBP6,56,4.83,4.66,0.17,0.85,5
CpalOBP6,57,4.85,4.66,0.19,1.0,5
CpalOBP6,61,5.0,4.93,0.07,0.59,5
CpalOBP6,63,5.04,4.66,0.38,0.81,5
CpalOBP6,64,5.01,4.66,0.35,0.82,5
CpalOBP6,68,4.71,4.66,0.06,0.39,2
CpalOBP6,74,4.76,4.66,0.1,0.48,5
CpalOBP6,75,4.66,4.66,0.0,0.39,1
CpalOBP6,76,4.9,4.66,0.24,1.0,5
CpalOBP6,82,4.85,5.18,-0.33,1.0,5
CpalOBP6,86,4.97,4.98,-0.02,0.81,5
CpalOBP6,91,4.84,4.66,0.18,0.62,5
CpalOBP6,92,4.66,4.66,0.0,0.41,3
CpalOBP6,95,4.88,4.66,0.23,0.48,5
CpalOBP6,103,4.73,5.18,-0.44,1.0,5
CpalOBP6,107,4.9,4.66,0.24,1.0,5
CpalOBP6,108,4.66,4.66,-0.0,0.77,5
CpalOBP6,110,4.66,4.66,0.0,0.36,3
CpalOBP6,120,4.66,4.66,0.0,0.64,5
CpalOBP6,121,4.7,4.66,0.04,0.64,5
CpalOBP6,129,4.66,4.66,0.0,0.43,4
CpalOBP6,145,4.85,4.66,0.19,1.0,5
CpalOBP6,150,4.9,4.66,0.24,1.0,5
CpalOBP6,151,4.66,5.87,-1.22,1.0,5
CpalOBP6,153,4.9,4.66,0.24,1.0,5
CpalOBP6,154,4.66,4.66,0.0,0.36,1
CpalOBP6,160,4.66,4.66,0.0,0.43,5
CpalOBP6,169,4.66,4.66,-0.0,0.39,2
CpalOBP6,180,4.66,4.66,0.0,1.0,5
CpalOBP6,188,4.66,4.66,0.0,0.46,5
CpalOBP6,194,4.9,4.66,0.24,1.0,5
CpalOBP6,214,4.66,4.66,-0.0,0.77,5
CpalOBP6,220,4.76,4.66,0.1,0.47,2
CpalOBP6,223,5.34,5.54,-0.21,1.0,5
CpalOBP6,228,4.77,5.01,-0.24,1.0,5
CpalOBP6,245,4.66,4.66,0.0,0.43,5
CpalOBP6,252,4.94,4.66,0.28,0.58,1
CpalOBP6,262,4.66,4.66,0.0,0.64,5
CpalOBP6,283,4.89,4.66,0.24,0.48,5
CpalOBP6,286,4.66,4.66,0.0,0.38,1
CpalOBP6,312,5.29,4.66,0.64,1.0,4
CpalOBP6,321,4.66,4.66,0.0,0.64,5
CpalOBP6,330,4.81,4.66,0.15,0.4,5
CpalOBP6,373,4.66,4.66,0.0,1.0,5
CpalOBP6,399,4.66,4.66,0.0,0.6,2
CpalOBP6,484,4.66,4.66,0.0,1.0,1
CpalOBP6,536,4.84,4.66,0.18,0.95,5
CpalOBP6,562,4.66,4.66,0.0,1.0,1
CpalOBP10,2,4.66,5.28,-0.63,0.58,1
CpalOBP10,4,5.1,4.66,0.44,0.43,1
CpalOBP10,5,4.68,4.66,0.02,1.0,5
CpalOBP10,6,4.66,4.66,0.0,0.41,2
CpalOBP10,7,5.41,4.66,0.75,1.0,5
CpalOBP10,8,5.0,4.66,0.34,0.62,5
CpalOBP10,9,5.73,5.85,-0.12,1.0,1
CpalOBP10,11,5.05,4.66,0.4,1.0,4
CpalOBP10,13,5.9,4.66,1.25,0.35,1
CpalOBP10,14,5.0,6.51,-1.5,0.95,5
CpalOBP10,15,5.06,4.66,0.41,0.94,5
CpalOBP10,17,4.94,5.22,-0.28,1.0,5
CpalOBP10,18,4.97,5.1,-0.14,1.0,5
CpalOBP10,20,4.66,4.66,0.0,0.38,1
CpalOBP10,21,4.66,4.66,0.0,1.0,2
CpalOBP10,23,5.79,4.66,1.13,0.95,5
CpalOBP10,27,5.21,5.91,-0.7,1.0,5
CpalOBP10,29,4.66,4.66,0.0,1.0,2
CpalOBP10,30,5.44,5.9,-0.47,0.57,5
CpalOBP10,35,5.07,4.66,0.42,1.0,5
CpalOBP10,36,5.52,4.66,0.86,0.94,5
CpalOBP10,39,4.66,4.66,0.0,0.46,3
CpalOBP10,40,5.12,6.17,-1.05,1.0,5
CpalOBP10,43,4.93,4.66,0.27,0.6,5
CpalOBP10,45,4.66,4.66,0.0,0.39,1
CpalOBP10,49,4.66,4.66,0.0,1.0,1
CpalOBP10,50,4.66,5.1,-0.44,0.43,4
CpalOBP10,56,4.84,4.66,0.18,0.85,5
CpalOBP10,57,4.86,4.66,0.21,1.0,5
CpalOBP10,61,5.36,4.96,0.41,0.59,5
CpalOBP10,63,5.38,4.66,0.73,0.81,5
CpalOBP10,64,5.4,4.66,0.74,0.82,5
CpalOBP10,68,4.66,4.66,0.0,0.39,2
CpalOBP10,74,4.76,4.66,0.1,0.48,5
CpalOBP10,75,4.66,4.66,0.0,0.39,1
CpalOBP10,76,4.66,4.66,0.0,1.0,5
CpalOBP10,82,4.9,5.37,-0.47,1.0,5
CpalOBP10,86,5.26,5.29,-0.04,0.81,5
CpalOBP10,91,4.85,5.13,-0.28,0.62,5
CpalOBP10,92,4.66,4.66,0.0,0.41,3
CpalOBP10,95,5.05,4.66,0.39,0.48,5
CpalOBP10,103,4.75,5.2,-0.45,1.0,5
CpalOBP10,107,4.66,4.66,0.0,1.0,5
CpalOBP10,108,4.93,5.8,-0.87,0.77,5
CpalOBP10,110,4.66,4.66,0.0,0.36,3
CpalOBP10,120,4.95,5.19,-0.24,0.64,5
CpalOBP10,121,4.88,4.66,0.23,0.64,5
CpalOBP10,129,4.76,4.66,0.1,0.43,4
CpalOBP10,145,4.86,4.66,0.21,1.0,5
CpalOBP10,150,4.66,4.66,0.0,1.0,5
CpalOBP10,151,4.66,4.66,0.0,1.0,5
CpalOBP10,153,4.66,4.66,0.0,1.0,5
CpalOBP10,154,4.66,4.66,0.0,0.36,1
CpalOBP10,160,4.66,4.66,0.0,0.43,5
CpalOBP10,169,4.66,4.66,-0.0,0.39,2
CpalOBP10,180,4.68,4.66,0.02,1.0,5
CpalOBP10,188,4.66,4.66,0.0,0.46,5
CpalOBP10,194,4.66,4.66,0.0,1.0,5
CpalOBP10,214,5.19,4.96,0.23,0.77,5
CpalOBP10,220,4.66,4.66,0.0,0.47,2
CpalOBP10,223,4.95,5.92,-0.97,1.0,5
CpalOBP10,228,4.78,5.06,-0.28,1.0,5
CpalOBP10,245,4.76,4.66,0.1,0.43,5
CpalOBP10,252,5.28,4.66,0.63,0.58,1
CpalOBP10,262,4.66,4.66,0.0,0.64,5
CpalOBP10,283,4.66,6.19,-1.54,0.48,5
CpalOBP10,286,4.66,4.66,0.0,0.38,1
CpalOBP10,312,5.05,4.66,0.4,1.0,4
CpalOBP10,321,4.71,4.66,0.05,0.64,5
CpalOBP10,330,4.85,4.66,0.19,0.4,5
CpalOBP10,373,4.68,4.66,0.02,1.0,5
CpalOBP10,399,4.66,4.66,0.0,0.6,2
CpalOBP10,484,5.85,5.73,0.12,1.0,1
CpalOBP10,536,4.85,4.66,0.2,0.95,5
CpalOBP10,562,4.66,4.66,0.0,1.0,1
CpalOBP15,2,4.66,5.11,-0.45,0.58,1
CpalOBP15,4,4.66,4.66,0.0,0.43,1
CpalOBP15,5,4.66,4.66,0.0,1.0,5
CpalOBP15,6,4.66,4.66,0.0,0.41,2
CpalOBP15,7,4.78,4.66,0.12,1.0,5
CpalOBP15,8,4.66,4.66,0.0,0.62,5
CpalOBP15,9,4.66,4.66,0.0,1.0,1
CpalOBP15,11,4.75,4.66,0.09,1.0,4
CpalOBP15,13,4.66,4.66,0.0,0.35,1
CpalOBP15,14,4.66,4.66,-0.0,0.95,5
CpalOBP15,15,4.72,4.66,0.06,0.94,5
CpalOBP15,17,4.72,4.66,0.06,1.0,5
CpalOBP15,18,4.66,4.92,-0.27,1.0,5
CpalOBP15,21,4.66,4.66,0.0,1.0,2
CpalOBP15,23,4.66,4.66,-0.0,0.95,5
CpalOBP15,27,4.66,5.11,-0.45,1.0,5
CpalOBP15,29,4.66,4.66,0.0,1.0,2
CpalOBP15,30,4.72,4.66,0.06,0.57,5
CpalOBP15,35,4.72,4.66,0.06,1.0,5
CpalOBP15,36,4.8,4.66,0.14,0.94,5
CpalOBP15,39,4.66,4.66,0.0,0.46,3
CpalOBP15,40,4.81,4.66,0.15,1.0,5
CpalOBP15,43,4.66,4.66,0.0,0.6,5
CpalOBP15,45,4.66,4.66,0.0,0.39,1
CpalOBP15,49,4.66,4.66,0.0,1.0,1
CpalOBP15,50,4.66,4.66,0.0,0.43,4
CpalOBP15,56,4.66,4.66,0.0,0.85,5
CpalOBP15,57,4.66,4.66,0.0,1.0,5
CpalOBP15,61,4.66,4.66,0.0,0.59,5
CpalOBP15,63,4.66,4.66,0.0,0.81,5
CpalOBP15,64,4.78,4.66,0.12,0.82,5
CpalOBP15,68,4.66,4.66,0.0,0.39,2
CpalOBP15,74,4.66,4.66,0.0,0.48,5
CpalOBP15,75,4.66,4.66,0.0,0.39,1
CpalOBP15,76,4.66,4.66,0.0,1.0,5
CpalOBP15,82,4.72,4.66,0.06,1.0,5
CpalOBP15,86,4.66,4.66,0.0,0.81,5
CpalOBP15,91,4.66,4.66,0.0,0.62,5
CpalOBP15,92,4.66,4.66,0.0,0.41,3
CpalOBP15,95,4.66,4.66,0.0,0.48,5
CpalOBP15,103,4.66,4.66,0.0,1.0,5
CpalOBP15,107,4.66,4.66,0.0,1.0,5
CpalOBP15,108,4.66,4.66,-0.0,0.77,5
CpalOBP15,110,4.66,4.66,0.0,0.36,3
CpalOBP15,113,4.66,4.66,0.0,0.38,1
CpalOBP15,120,4.66,4.66,0.0,0.64,5
CpalOBP15,121,4.66,4.66,0.0,0.64,5
CpalOBP15,129,4.66,4.66,0.0,0.43,4
CpalOBP15,145,4.66,4.66,0.0,1.0,5
CpalOBP15,150,4.66,4.66,0.0,1.0,5
CpalOBP15,151,4.66,4.66,0.0,1.0,5
CpalOBP15,153,4.66,4.66,0.0,1.0,5
CpalOBP15,154,4.66,4.66,0.0,0.36,1
CpalOBP15,160,4.66,4.66,0.0,0.43,5
CpalOBP15,169,4.66,4.66,-0.0,0.39,2
CpalOBP15,180,4.66,4.66,0.0,1.0,5
CpalOBP15,188,4.66,4.66,0.0,0.46,5
CpalOBP15,194,4.66,4.66,0.0,1.0,5
CpalOBP15,214,4.66,4.66,-0.0,0.77,5
CpalOBP15,220,4.66,4.66,0.0,0.47,2
CpalOBP15,223,4.66,5.0,-0.34,1.0,5
CpalOBP15,228,4.66,4.66,0.0,1.0,5
CpalOBP15,245,4.66,4.66,0.0,0.43,5
CpalOBP15,252,5.11,4.66,0.45,0.58,1
CpalOBP15,262,4.66,4.66,0.0,0.64,5
CpalOBP15,283,4.66,4.66,0.0,0.48,5
CpalOBP15,286,4.66,4.66,0.0,0.38,1
CpalOBP15,312,4.75,4.66,0.09,1.0,4
CpalOBP15,321,4.66,4.66,0.0,0.64,5
CpalOBP15,330,4.71,4.66,0.05,0.4,5
CpalOBP15,373,4.66,4.66,0.0,1.0,5
CpalOBP15,399,4.66,4.66,0.0,0.6,2
CpalOBP15,484,4.66,4.66,0.0,1.0,1
CpalOBP15,536,4.66,4.66,0.0,0.95,5
CpalOBP15,562,4.66,4.66,0.0,1.0,1
CpinGOBP1,3,4.96,4.96,-0.0,0.43,2
CpinGOBP1,10,5.21,4.96,0.26,1.0,5
CpinGOBP1,11,4.96,4.96,0.0,0.4,1
CpinGOBP1,14,4.96,4.96,0.0,0.43,1
CpinGOBP1,15,5.21,4.96,0.25,0.94,5
CpinGOBP1,20,4.96,4.96,0.0,0.38,1
CpinGOBP1,28,5.21,4.96,0.26,1.0,5
CpinGOBP1,45,4.96,4.96,0.0,0.39,1
CpinGOBP1,58,5.1,5.28,-0.18,0.38,3
CpinGOBP1,80,4.96,4.96,-0.0,0.39,2
CpinGOBP1,83,5.12,5.37,-0.26,1.0,5
CpinGOBP1,124,5.15,5.51,-0.36,1.0,5
CpinGOBP1,141,5.18,5.37,-0.19,1.0,5
CpinGOBP2,3,4.96,4.96,-0.0,0.43,2
CpinGOBP2,10,5.03,4.96,0.07,1.0,5
CpinGOBP2,11,4.96,4.96,0.0,0.4,1
CpinGOBP2,14,4.96,4.96,0.0,0.43,1
CpinGOBP2,15,5.03,4.96,0.07,0.94,5
CpinGOBP2,20,4.96,4.96,0.0,0.38,1
CpinGOBP2,28,5.03,4.96,0.07,1.0,5
CpinGOBP2,45,4.96,4.96,0.0,0.39,1
CpinGOBP2,58,4.96,4.96,0.0,0.38,3
CpinGOBP2,80,4.96,4.96,-0.0,0.39,2
CpinGOBP2,83,5.03,4.96,0.07,1.0,5
CpinGOBP2,124,4.99,5.27,-0.28,1.0,5
CpinGOBP2,141,5.04,5.08,-0.04,1.0,5
CpinPBP1,3,4.96,4.96,-0.0,0.43,2
CpinPBP1,10,5.17,4.96,0.21,1.0,5
CpinPBP1,11,4.96,4.96,0.0,0.4,1
CpinPBP1,14,4.96,4.96,0.0,0.43,1
CpinPBP1,15,5.17,4.96,0.21,0.94,5
CpinPBP1,20,4.96,4.96,0.0,0.38,1
CpinPBP1,28,5.17,4.96,0.21,1.0,5
CpinPBP1,45,4.96,4.96,0.0,0.39,1
CpinPBP1,58,4.96,4.96,0.0,0.38,3
CpinPBP1,80,4.96,4.96,-0.0,0.39,2
CpinPBP1,83,5.17,4.96,0.21,1.0,5
CpinPBP1,124,5.07,5.84,-0.78,1.0,5
CpinPBP1,141,5.19,5.36,-0.17,1.0,5
CpinPBP2,3,5.39,5.46,-0.07,0.43,2
CpinPBP2,10,5.83,4.96,0.87,1.0,5
CpinPBP2,11,5.46,5.88,-0.42,0.4,1
CpinPBP2,14,5.46,4.96,0.5,0.43,1
CpinPBP2,15,5.66,5.67,-0.01,0.94,5
CpinPBP2,20,4.96,4.96,0.0,0.38,1
CpinPBP2,28,5.69,5.55,0.14,1.0,5
CpinPBP2,45,4.96,4.96,0.0,0.39,1
CpinPBP2,58,5.43,5.7,-0.28,0.38,3
CpinPBP2,80,4.96,4.96,-0.0,0.39,2
CpinPBP2,83,5.64,5.77,-0.13,1.0,5
CpinPBP2,124,5.56,6.55,-0.99,1.0,5
CpinPBP2,141,5.77,5.78,-0.01,1.0,5
CpinPBP3,3,4.96,4.96,-0.0,0.43,2
CpinPBP3,10,5.16,4.96,0.2,1.0,5
CpinPBP3,11,4.96,4.96,0.0,0.4,1
CpinPBP3,14,4.96,4.96,0.0,0.43,1
CpinPBP3,15,5.15,4.96,0.19,0.94,5
CpinPBP3,20,4.96,4.96,0.0,0.38,1
CpinPBP3,28,5.16,4.96,0.2,1.0,5
CpinPBP3,45,4.96,4.96,0.0,0.39,1
CpinPBP3,58,4.96,4.96,0.0,0.38,3
CpinPBP3,80,4.96,4.96,-0.0,0.39,2
CpinPBP3,83,5.16,4.96,0.2,1.0,5
CpinPBP3,124,5.12,5.57,-0.46,1.0,5
CpinPBP3,141,5.12,5.55,-0.43,1.0,5
CpinPBP4,3,4.96,4.96,-0.0,0.43,2
CpinPBP4,10,4.94,4.96,-0.02,1.0,5
CpinPBP4,11,4.96,4.96,0.0,0.4,1
CpinPBP4,14,4.96,4.96,0.0,0.43,1
CpinPBP4,15,4.94,4.96,-0.02,0.94,5
CpinPBP4,20,4.96,4.96,0.0,0.38,1
CpinPBP4,28,4.94,4.96,-0.02,1.0,5
CpinPBP4,45,4.96,4.96,0.0,0.39,1
CpinPBP4,58,4.96,4.96,0.0,0.38,3
CpinPBP4,80,4.96,4.96,-0.0,0.39,2
CpinPBP4,83,4.94,4.96,-0.02,1.0,5
CpinPBP4,124,4.96,4.86,0.1,1.0,5
CpinPBP4,141,4.93,4.96,-0.03,1.0,5
CpomPBP2,46,5.16,5.38,-0.23,0.42,1
CpomPBP2,476,5.38,5.16,0.23,0.42,1
CpunGOP1,10,5.56,5.24,0.32,1.0,5
CpunGOP1,15,5.5,5.51,-0.0,0.94,5
CpunGOP1,16,5.28,4.59,0.69,1.0,5
CpunGOP1,20,5.37,5.33,0.05,0.38,1
CpunGOP1,28,5.56,5.24,0.32,1.0,5
CpunGOP1,58,4.8,5.69,-0.89,1.0,5
CpunGOP1,80,5.33,5.37,-0.05,0.38,1
CpunGOP1,82,5.58,5.14,0.44,1.0,5
CpunGOP1,83,5.34,6.26,-0.92,1.0,5
CpunGOP1,124,5.59,5.68,-0.09,1.0,5
CpunGOP1,127,5.14,4.85,0.29,0.92,2
CpunGOP1,141,5.53,5.92,-0.39,1.0,5
CpunGOP2,10,4.81,4.42,0.39,1.0,5
CpunGOP2,15,4.77,4.55,0.22,0.94,5
CpunGOP2,16,4.42,4.36,0.06,1.0,5
CpunGOP2,20,4.86,4.55,0.3,0.38,1
CpunGOP2,28,4.76,4.64,0.13,1.0,5
CpunGOP2,58,4.29,4.65,-0.36,1.0,5
CpunGOP2,80,4.55,4.86,-0.3,0.38,1
CpunGOP2,82,4.81,4.4,0.41,1.0,5
CpunGOP2,83,4.58,5.45,-0.86,1.0,5
CpunGOP2,124,4.81,5.05,-0.24,1.0,5
CpunGOP2,127,4.5,4.12,0.38,0.92,2
CpunGOP2,141,4.81,5.06,-0.25,1.0,5
CpunPBP2,6,5.02,4.7,0.33,0.67,2
CpunPBP2,10,5.52,5.07,0.44,1.0,5
CpunPBP2,11,5.79,4.89,0.89,0.35,1
CpunPBP2,17,5.51,5.12,0.39,1.0,5
CpunPBP2,20,4.91,4.79,0.12,0.38,1
CpunPBP2,22,5.79,5.57,0.22,0.58,1
CpunPBP2,28,5.53,4.98,0.55,1.0,5
CpunPBP2,30,5.39,5.79,-0.4,0.58,2
CpunPBP2,58,5.12,5.64,-0.52,0.43,5
CpunPBP2,69,5.26,5.08,0.18,0.43,5
CpunPBP2,80,4.79,4.91,-0.12,0.38,1
CpunPBP2,82,5.45,5.36,0.09,1.0,5
CpunPBP2,83,5.32,5.97,-0.65,1.0,5
CpunPBP2,123,5.46,4.89,0.57,0.95,5
CpunPBP2,124,5.46,6.4,-0.94,1.0,5
CpunPBP2,141,5.46,6.38,-0.91,1.0,5
CpunPBP2,218,5.32,5.15,0.17,0.95,5
CpunPBP5,6,5.05,5.03,0.03,0.67,2
CpunPBP5,10,5.25,4.97,0.27,1.0,5
CpunPBP5,11,5.37,4.86,0.51,0.35,1
CpunPBP5,17,5.26,4.9,0.36,1.0,5
CpunPBP5,20,5.03,4.94,0.09,0.38,1
CpunPBP5,22,5.37,5.41,-0.04,0.58,1
CpunPBP5,28,5.28,4.8,0.49,1.0,5
CpunPBP5,30,5.26,5.37,-0.11,0.58,2
CpunPBP5,58,5.02,5.54,-0.52,0.43,5
CpunPBP5,69,5.1,5.23,-0.13,0.43,5
CpunPBP5,80,4.94,5.03,-0.09,0.38,1
CpunPBP5,82,5.21,5.15,0.05,1.0,5
CpunPBP5,83,5.15,5.44,-0.29,1.0,5
CpunPBP5,123,5.44,5.11,0.33,0.95,5
CpunPBP5,124,5.34,6.22,-0.88,1.0,5
CpunPBP5,141,5.29,6.44,-1.16,1.0,5
CpunPBP5,218,5.44,5.0,0.43,0.95,5
CquiOBP5,51,5.05,5.09,-0.04,0.43,1
CquiOBP5,574,5.09,5.05,0.04,0.43,1
CsasGOBP1,3,5.34,4.93,0.41,0.83,4
CsasGOBP1,10,4.68,4.48,0.2,1.0,4
CsasGOBP1,15,4.66,4.48,0.18,0.94,4
CsasGOBP1,17,4.68,4.48,0.2,1.0,4
CsasGOBP1,23,5.13,4.48,0.65,0.54,4
CsasGOBP1,30,4.75,6.02,-1.27,0.83,4
CsasGOBP1,56,4.9,4.48,0.42,0.81,5
CsasGOBP1,57,4.82,4.83,-0.01,0.81,5
CsasGOBP1,63,4.93,4.97,-0.03,0.5,4
CsasGOBP1,71,4.76,5.4,-0.64,0.91,5
CsasGOBP1,102,4.86,4.82,0.04,0.95,5
CsasGOBP1,221,5.25,5.84,-0.58,1.0,5
CsasGOBP1,255,5.44,5.53,-0.09,1.0,5
CsasGOBP1,259,5.18,4.48,0.7,0.58,4
CsasGOBP1,265,4.8,5.18,-0.39,1.0,5
CsasGOBP1,322,4.98,4.48,0.5,1.0,5
CsasGOBP1,394,4.96,4.48,0.48,0.83,5
CsasGOBP1,526,4.64,4.48,0.16,0.41,2
CsasGOBP2,3,5.12,4.95,0.17,0.83,4
CsasGOBP2,10,4.5,4.48,0.02,1.0,4
CsasGOBP2,15,4.5,4.48,0.02,0.94,4
CsasGOBP2,17,4.5,4.48,0.02,1.0,4
CsasGOBP2,23,5.1,4.48,0.62,0.54,4
CsasGOBP2,30,4.94,5.36,-0.42,0.83,4
CsasGOBP2,56,5.06,4.48,0.58,0.81,5
CsasGOBP2,57,5.14,4.48,0.65,0.81,5
CsasGOBP2,63,5.01,4.48,0.52,0.5,4
CsasGOBP2,71,5.3,5.65,-0.35,0.91,5
CsasGOBP2,102,5.59,4.48,1.11,0.95,5
CsasGOBP2,221,4.69,4.72,-0.04,1.0,5
CsasGOBP2,255,4.83,4.48,0.35,1.0,5
CsasGOBP2,259,4.89,5.53,-0.65,0.58,4
CsasGOBP2,265,5.35,5.53,-0.18,1.0,5
CsasGOBP2,322,5.2,6.07,-0.87,1.0,5
CsasGOBP2,394,5.37,5.46,-0.09,0.83,5
CsasGOBP2,526,4.48,4.48,0.0,0.41,2
CsasPBP1,3,5.45,5.17,0.28,0.83,4
CsasPBP1,10,4.86,4.77,0.09,1.0,4
CsasPBP1,15,4.96,4.48,0.48,0.94,4
CsasPBP1,17,4.76,5.0,-0.24,1.0,4
CsasPBP1,23,5.35,4.48,0.87,0.54,4
CsasPBP1,30,5.06,5.99,-0.93,0.83,4
CsasPBP1,56,4.98,4.48,0.5,0.81,5
CsasPBP1,57,5.02,4.48,0.54,0.81,5
CsasPBP1,63,5.22,4.48,0.74,0.5,4
CsasPBP1,71,5.15,5.48,-0.33,0.91,5
CsasPBP1,102,5.29,4.91,0.38,0.95,5
CsasPBP1,221,5.26,5.43,-0.17,1.0,5
CsasPBP1,255,5.29,5.37,-0.08,1.0,5
CsasPBP1,259,5.15,5.61,-0.46,0.58,4
CsasPBP1,265,5.23,5.18,0.05,1.0,5
CsasPBP1,322,5.13,5.56,-0.43,1.0,5
CsasPBP1,394,5.22,5.23,-0.01,0.83,5
CsasPBP1,526,4.48,4.48,0.0,0.41,2
CsasPBP2,3,5.04,4.75,0.29,0.83,4
CsasPBP2,10,4.66,4.48,0.18,1.0,4
CsasPBP2,15,4.65,4.48,0.17,0.94,4
CsasPBP2,17,4.55,4.73,-0.18,1.0,4
CsasPBP2,23,5.09,4.48,0.61,0.54,4
CsasPBP2,30,4.94,5.05,-0.11,0.83,4
CsasPBP2,56,4.59,4.48,0.11,0.81,5
CsasPBP2,57,4.59,4.48,0.11,0.81,5
CsasPBP2,63,4.97,4.48,0.49,0.5,4
CsasPBP2,71,4.65,4.48,0.17,0.91,5
CsasPBP2,102,4.66,4.48,0.18,0.95,5
CsasPBP2,221,4.69,5.05,-0.36,1.0,5
CsasPBP2,255,4.86,4.76,0.1,1.0,5
CsasPBP2,259,4.74,5.96,-1.22,0.58,4
CsasPBP2,265,4.61,4.67,-0.06,1.0,5
CsasPBP2,322,4.53,4.98,-0.45,1.0,5
CsasPBP2,394,4.64,4.48,0.16,0.83,5
CsasPBP2,526,4.48,4.48,0.0,0.41,2
CsasPBP3,3,4.6,4.48,0.12,0.83,4
CsasPBP3,10,4.99,5.32,-0.32,1.0,4
CsasPBP3,15,5.05,5.2,-0.15,0.94,4
CsasPBP3,17,5.36,4.48,0.88,1.0,4
CsasPBP3,23,4.66,4.48,0.18,0.54,4
CsasPBP3,30,4.63,4.48,0.15,0.83,4
CsasPBP3,56,4.48,4.48,0.0,0.81,5
CsasPBP3,57,4.48,4.48,0.0,0.81,5
CsasPBP3,63,4.61,4.48,0.13,0.5,4
CsasPBP3,71,4.48,4.48,0.0,0.91,5
CsasPBP3,102,4.48,4.48,0.0,0.95,5
CsasPBP3,221,5.4,5.9,-0.5,1.0,5
CsasPBP3,255,5.42,5.87,-0.45,1.0,5
CsasPBP3,259,4.48,5.15,-0.67,0.58,4
CsasPBP3,265,4.48,4.48,0.0,1.0,5
CsasPBP3,322,4.48,4.48,0.0,1.0,5
CsasPBP3,394,4.48,4.48,0.0,0.83,5
CsasPBP3,526,4.48,4.48,0.0,0.41,2
CsinGOBP1,10,4.48,4.48,0.0,0.57,1
CsinGOBP1,23,4.88,4.6,0.28,0.55,1
CsinGOBP1,129,4.69,4.48,0.21,0.38,2
CsinGOBP1,168,4.48,4.48,0.0,0.44,1
CsinGOBP1,366,4.48,4.48,0.0,0.57,1
CsinGOBP1,371,4.6,4.88,-0.28,0.55,1
CsinGOBP1,409,4.55,4.76,-0.21,0.38,2
CsinGOBP1,598,4.48,4.48,0.0,0.44,1
CsinGOBP1,609,4.62,4.62,-0.0,0.38,2
CsinGOBP2,10,5.08,4.48,0.6,0.57,1
CsinGOBP2,23,4.81,4.48,0.33,0.55,1
CsinGOBP2,129,4.48,4.48,0.0,0.38,2
CsinGOBP2,168,5.02,4.6,0.42,0.44,1
CsinGOBP2,366,4.48,5.08,-0.6,0.57,1
CsinGOBP2,371,4.48,4.81,-0.33,0.55,1
CsinGOBP2,409,4.48,4.48,0.0,0.38,2
CsinGOBP2,598,4.6,5.02,-0.42,0.44,1
CsinGOBP2,609,4.48,4.48,0.0,0.38,2
CsupCSP1,3,4.66,4.48,0.18,0.5,5
CsupCSP1,5,4.48,4.48,0.0,1.0,3
CsupCSP1,6,4.81,4.48,0.33,1.0,3
CsupCSP1,7,4.66,4.94,-0.28,0.79,4
CsupCSP1,8,4.48,4.48,0.0,0.52,3
CsupCSP1,10,4.81,4.48,0.33,1.0,5
CsupCSP1,11,4.84,4.79,0.05,0.79,2
CsupCSP1,12,4.75,4.48,0.27,0.37,1
CsupCSP1,13,4.59,4.48,0.11,0.65,2
CsupCSP1,14,4.7,4.48,0.22,0.5,3
CsupCSP1,16,4.73,4.48,0.25,0.43,5
CsupCSP1,18,4.63,5.04,-0.41,1.0,5
CsupCSP1,19,4.68,4.79,-0.11,1.0,5
CsupCSP1,22,4.57,4.63,-0.06,0.65,4
CsupCSP1,27,4.78,5.11,-0.33,1.0,5
CsupCSP1,34,4.56,4.48,0.08,0.43,5
CsupCSP1,36,4.88,4.81,0.07,0.94,5
CsupCSP1,37,4.67,4.87,-0.2,0.9,5
CsupCSP1,39,4.61,4.84,-0.23,0.46,2
CsupCSP1,40,4.8,5.04,-0.24,1.0,5
CsupCSP1,53,4.65,4.48,0.17,1.0,5
CsupCSP1,60,4.56,4.48,0.08,0.88,5
CsupCSP1,69,4.65,4.48,0.17,1.0,5
CsupCSP1,95,4.48,4.79,-0.31,0.38,1
CsupCSP1,111,4.78,4.48,0.29,1.0,5
CsupCSP1,118,4.56,4.48,0.08,0.88,5
CsupCSP1,121,4.56,4.48,0.08,0.52,4
CsupCSP1,180,4.48,4.48,0.0,1.0,3
CsupCSP1,188,4.84,4.48,0.36,0.46,1
CsupCSP1,364,4.48,4.91,-0.43,1.0,3
CsupCSP1,464,4.48,4.48,0.0,0.36,1
CsupCSP1,560,4.7,4.75,-0.05,0.46,2
CsupCSP2,3,4.67,4.48,0.19,0.5,5
CsupCSP2,5,4.48,4.75,-0.27,1.0,3
CsupCSP2,6,4.53,4.48,0.05,1.0,3
CsupCSP2,7,4.58,4.85,-0.27,0.79,4
CsupCSP2,8,4.56,4.48,0.08,0.52,3
CsupCSP2,10,4.86,4.48,0.38,1.0,5
CsupCSP2,11,4.78,4.48,0.3,0.79,2
CsupCSP2,12,4.48,4.72,-0.24,0.37,1
CsupCSP2,13,4.63,4.48,0.15,0.65,2
CsupCSP2,14,4.69,4.81,-0.12,0.5,3
CsupCSP2,16,4.57,4.48,0.09,0.43,5
CsupCSP2,18,4.77,4.78,-0.01,1.0,5
CsupCSP2,19,4.76,5.05,-0.29,1.0,5
CsupCSP2,22,4.63,4.69,-0.06,0.65,4
CsupCSP2,27,4.55,4.68,-0.12,1.0,5
CsupCSP2,34,4.55,4.48,0.07,0.43,5
CsupCSP2,36,4.62,4.48,0.14,0.94,5
CsupCSP2,37,4.75,5.02,-0.27,0.9,5
CsupCSP2,39,4.48,4.87,-0.39,0.46,2
CsupCSP2,40,4.55,4.69,-0.14,1.0,5
CsupCSP2,53,4.58,4.48,0.1,1.0,5
CsupCSP2,60,4.6,4.75,-0.15,0.88,5
CsupCSP2,69,4.58,4.48,0.1,1.0,5
CsupCSP2,95,4.48,5.03,-0.55,0.38,1
CsupCSP2,111,4.85,4.77,0.08,1.0,5
CsupCSP2,118,4.7,4.48,0.21,0.88,5
CsupCSP2,121,4.49,4.48,0.01,0.52,4
CsupCSP2,180,4.68,4.48,0.2,1.0,3
CsupCSP2,188,4.87,4.48,0.39,0.46,1
CsupCSP2,364,4.48,4.54,-0.06,1.0,3
CsupCSP2,464,4.48,4.8,-0.32,0.36,1
CsupCSP2,560,4.81,4.48,0.33,0.46,2
CsupCSP3,3,4.56,4.59,-0.03,0.5,5
CsupCSP3,5,4.48,4.48,0.0,1.0,3
CsupCSP3,6,4.48,4.48,-0.0,1.0,3
CsupCSP3,7,4.61,4.48,0.13,0.79,4
CsupCSP3,8,4.48,4.48,0.0,0.52,3
CsupCSP3,10,4.78,4.48,0.3,1.0,5
CsupCSP3,11,4.5,4.61,-0.1,0.79,2
CsupCSP3,12,4.48,4.7,-0.22,0.37,1
CsupCSP3,13,4.51,4.48,0.03,0.65,2
CsupCSP3,14,4.51,4.76,-0.25,0.5,3
CsupCSP3,16,4.48,4.48,0.0,0.43,5
CsupCSP3,18,4.78,4.48,0.3,1.0,5
CsupCSP3,19,4.68,5.21,-0.53,1.0,5
CsupCSP3,22,4.56,4.48,0.08,0.65,4
CsupCSP3,27,4.48,4.48,0.0,1.0,5
CsupCSP3,34,4.48,4.48,0.0,0.43,5
CsupCSP3,36,4.48,4.48,0.0,0.94,5
CsupCSP3,37,4.7,5.05,-0.36,0.9,5
CsupCSP3,39,4.48,4.48,0.0,0.46,2
CsupCSP3,40,4.48,4.48,0.0,1.0,5
CsupCSP3,53,4.48,4.48,0.0,1.0,5
CsupCSP3,60,4.62,4.48,0.14,0.88,5
CsupCSP3,69,4.48,4.48,0.0,1.0,5
CsupCSP3,95,4.48,4.48,0.0,0.38,1
CsupCSP3,111,4.85,4.65,0.21,1.0,5
CsupCSP3,118,4.63,4.48,0.15,0.88,5
CsupCSP3,121,4.48,4.48,-0.0,0.52,4
CsupCSP3,180,4.48,4.48,0.0,1.0,3
CsupCSP3,188,4.48,4.48,0.0,0.46,1
CsupCSP3,364,4.48,4.48,-0.0,1.0,3
CsupCSP3,464,4.48,4.48,0.0,0.36,1
CsupCSP3,560,4.57,4.48,0.09,0.46,2
CsupGOBP1,3,4.85,4.66,0.19,0.5,5
CsupGOBP1,5,4.66,4.66,0.0,1.0,3
CsupGOBP1,6,4.66,4.66,0.0,1.0,3
CsupGOBP1,8,4.66,4.66,0.0,0.52,3
CsupGOBP1,10,5.6,4.66,0.94,1.0,5
CsupGOBP1,11,4.66,4.66,0.0,0.79,2
CsupGOBP1,12,4.66,4.66,0.0,0.37,1
CsupGOBP1,13,4.66,4.66,0.0,0.65,2
CsupGOBP1,14,4.66,5.62,-0.96,0.5,3
CsupGOBP1,16,4.66,4.66,0.0,0.43,5
CsupGOBP1,18,5.6,4.66,0.94,1.0,5
CsupGOBP1,19,5.45,6.48,-1.03,1.0,5
CsupGOBP1,22,4.87,4.66,0.21,0.65,4
CsupGOBP1,27,4.72,4.66,0.06,1.0,5
CsupGOBP1,34,4.66,4.66,0.0,0.43,5
CsupGOBP1,36,4.71,4.66,0.05,0.94,5
CsupGOBP1,37,5.44,6.11,-0.67,0.9,5
CsupGOBP1,39,4.66,4.66,0.0,0.46,2
CsupGOBP1,40,4.72,4.66,0.06,1.0,5
CsupGOBP1,60,5.46,4.66,0.8,0.88,5
CsupGOBP1,69,4.84,4.66,0.18,0.74,5
CsupGOBP1,95,4.66,4.66,0.0,0.38,1
CsupGOBP1,111,5.65,5.82,-0.17,1.0,5
CsupGOBP1,118,5.22,5.33,-0.11,0.88,5
CsupGOBP1,121,4.66,4.66,0.0,0.52,4
CsupGOBP1,142,4.85,4.66,0.19,0.79,4
CsupGOBP1,180,4.66,4.66,0.0,1.0,3
CsupGOBP1,188,4.66,4.66,0.0,0.46,1
CsupGOBP1,364,4.66,4.66,0.0,1.0,3
CsupGOBP1,464,4.66,4.66,0.0,0.36,1
CsupGOBP1,560,4.66,4.66,0.0,0.46,2
CsupGOBP2,3,4.93,5.2,-0.28,0.5,5
CsupGOBP2,5,4.66,4.66,0.0,1.0,3
CsupGOBP2,6,4.66,4.66,0.0,1.0,3
CsupGOBP2,8,4.66,4.66,0.0,0.52,3
CsupGOBP2,10,5.67,4.66,1.01,1.0,5
CsupGOBP2,11,5.02,4.66,0.36,0.79,2
CsupGOBP2,12,4.66,4.66,0.0,0.37,1
CsupGOBP2,13,4.81,4.66,0.15,0.65,2
CsupGOBP2,14,4.92,5.72,-0.8,0.5,3
CsupGOBP2,16,4.66,4.66,0.0,0.43,5
CsupGOBP2,18,5.67,4.66,1.01,1.0,5
CsupGOBP2,19,5.59,6.3,-0.71,1.0,5
CsupGOBP2,22,5.07,4.66,0.41,0.65,4
CsupGOBP2,27,4.69,4.66,0.03,1.0,5
CsupGOBP2,34,4.66,4.66,0.0,0.43,5
CsupGOBP2,36,4.68,4.66,0.03,0.94,5
CsupGOBP2,37,5.43,6.44,-1.02,0.9,5
CsupGOBP2,39,4.66,4.66,0.0,0.46,2
CsupGOBP2,40,4.69,4.66,0.03,1.0,5
CsupGOBP2,60,5.24,5.06,0.18,0.88,5
CsupGOBP2,69,4.74,4.66,0.08,0.74,5
CsupGOBP2,95,4.66,4.66,0.0,0.38,1
CsupGOBP2,111,5.63,6.19,-0.57,1.0,5
CsupGOBP2,118,5.43,4.66,0.78,0.88,5
CsupGOBP2,121,4.66,4.66,0.0,0.52,4
CsupGOBP2,142,4.94,4.97,-0.03,0.79,4
CsupGOBP2,180,4.66,4.66,0.0,1.0,3
CsupGOBP2,188,4.66,4.66,0.0,0.46,1
CsupGOBP2,364,4.66,4.66,0.0,1.0,3
CsupGOBP2,464,4.66,4.66,0.0,0.36,1
CsupGOBP2,560,4.66,4.66,0.0,0.46,2
CsupOBP3,3,4.69,4.66,0.03,0.5,5
CsupOBP3,6,4.66,4.66,0.0,1.0,2
CsupOBP3,7,4.66,4.83,-0.17,0.79,4
CsupOBP3,8,4.66,4.66,0.0,0.52,1
CsupOBP3,10,4.75,4.66,0.1,1.0,5
CsupOBP3,11,4.79,4.66,0.13,0.79,2
CsupOBP3,12,4.66,4.66,0.0,0.37,1
CsupOBP3,13,4.66,4.66,0.0,0.65,2
CsupOBP3,14,4.72,4.66,0.06,0.5,3
CsupOBP3,16,4.69,4.66,0.03,0.43,5
CsupOBP3,18,4.67,4.79,-0.12,1.0,5
CsupOBP3,27,4.66,4.81,-0.15,1.0,5
CsupOBP3,36,4.71,4.66,0.05,0.94,5
CsupOBP3,39,4.66,4.66,0.0,0.46,2
CsupOBP3,40,4.71,4.66,0.05,1.0,5
CsupOBP3,53,4.68,4.66,0.02,1.0,5
CsupOBP3,60,4.67,4.66,0.01,0.88,5
CsupOBP3,69,4.68,4.66,0.02,1.0,5
CsupOBP3,95,4.66,4.66,0.0,0.82,3
CsupOBP3,118,4.67,4.66,0.02,0.88,5
CsupOBP3,121,4.66,4.66,0.0,0.52,3
CsupOBP3,154,4.66,4.66,-0.0,0.38,2
CsupOBP3,188,4.66,4.66,0.0,0.46,1
CsupOBP3,259,4.69,4.66,0.03,0.65,4
CsupOBP3,282,4.66,4.66,0.0,0.82,2
CsupOBP3,364,4.66,4.66,0.0,1.0,2
CsupOBP3,560,4.66,4.66,0.0,0.46,2
CsupOBP8,3,4.62,4.43,0.19,0.44,4
CsupOBP8,7,4.61,4.88,-0.27,0.5,3
CsupOBP8,13,4.43,4.26,0.17,0.41,1
CsupOBP8,14,4.54,4.85,-0.31,0.95,3
CsupOBP8,15,4.32,4.26,0.06,0.94,5
CsupOBP8,18,4.26,4.44,-0.18,0.94,5
CsupOBP8,19,4.29,4.26,0.03,1.0,5
CsupOBP8,21,4.26,4.26,0.0,1.0,1
CsupOBP8,23,4.79,4.47,0.33,0.95,3
CsupOBP8,27,4.38,4.42,-0.04,1.0,5
CsupOBP8,29,4.26,4.26,0.0,1.0,1
CsupOBP8,37,4.3,4.26,0.04,0.9,5
CsupOBP8,40,4.44,4.26,0.18,1.0,5
CsupOBP8,53,4.26,4.26,0.0,1.0,5
CsupOBP8,57,4.37,4.4,-0.03,1.0,5
CsupOBP8,60,4.26,4.26,0.0,0.88,5
CsupOBP8,64,4.31,4.82,-0.51,0.78,5
CsupOBP8,69,4.26,4.26,0.0,1.0,5
CsupOBP8,111,4.29,4.26,0.03,1.0,5
CsupOBP8,118,4.26,4.26,0.0,0.88,5
CsupOBP8,145,4.36,4.43,-0.07,1.0,5
CsupOBP8,187,4.26,4.26,0.0,1.0,5
CsupOBP8,320,4.26,4.26,0.0,1.0,5
CsupOBP11,3,4.48,4.48,0.0,0.5,5
CsupOBP11,6,4.48,4.48,0.0,1.0,2
CsupOBP11,7,4.48,4.48,0.0,0.79,4
CsupOBP11,8,4.48,4.48,0.0,0.52,1
CsupOBP11,10,4.6,4.48,0.12,1.0,5
CsupOBP11,11,4.48,4.48,0.0,0.79,2
CsupOBP11,12,4.48,4.48,0.0,0.37,1
CsupOBP11,13,4.48,4.48,0.0,0.65,2
CsupOBP11,14,4.48,4.48,0.0,0.5,3
CsupOBP11,16,4.58,4.48,0.1,0.43,5
CsupOBP11,18,4.49,4.66,-0.16,1.0,5
CsupOBP11,27,4.53,4.64,-0.11,1.0,5
CsupOBP11,36,4.58,4.48,0.09,0.94,5
CsupOBP11,39,4.48,4.48,0.0,0.46,2
CsupOBP11,40,4.58,4.48,0.1,1.0,5
CsupOBP11,53,4.63,4.48,0.14,1.0,5
CsupOBP11,60,4.57,4.48,0.09,0.88,5
CsupOBP11,69,4.5,4.82,-0.31,1.0,5
CsupOBP11,95,4.48,4.48,0.0,0.82,3
CsupOBP11,118,4.57,4.48,0.09,0.88,5
CsupOBP11,121,4.48,4.48,-0.0,0.52,3
CsupOBP11,154,4.48,4.48,0.0,0.38,2
CsupOBP11,188,4.48,4.48,0.0,0.46,1
CsupOBP11,259,4.48,4.48,-0.0,0.65,4
CsupOBP11,282,4.48,4.48,0.0,0.82,2
CsupOBP11,364,4.48,4.48,0.0,1.0,2
CsupOBP11,560,4.48,4.48,0.0,0.46,2
CsupOBP15,3,4.48,4.48,0.0,0.5,5
CsupOBP15,6,4.48,4.48,0.0,1.0,2
CsupOBP15,7,4.48,4.48,0.0,0.79,4
CsupOBP15,8,4.48,4.48,0.0,0.52,1
CsupOBP15,10,4.48,4.48,0.0,1.0,5
CsupOBP15,11,4.48,4.48,0.0,0.79,2
CsupOBP15,12,4.48,4.48,0.0,0.37,1
CsupOBP15,13,4.48,4.48,0.0,0.65,2
CsupOBP15,14,4.48,4.48,0.0,0.5,3
CsupOBP15,16,4.48,4.48,0.0,0.43,5
CsupOBP15,18,4.48,4.48,0.0,1.0,5
CsupOBP15,27,4.48,4.48,0.0,1.0,5
CsupOBP15,36,4.48,4.48,0.0,0.94,5
CsupOBP15,39,4.48,4.48,0.0,0.46,2
CsupOBP15,40,4.48,4.48,0.0,1.0,5
CsupOBP15,53,4.48,4.48,0.0,1.0,5
CsupOBP15,60,4.48,4.48,0.0,0.88,5
CsupOBP15,69,4.48,4.48,0.0,1.0,5
CsupOBP15,95,4.48,4.48,0.0,0.82,3
CsupOBP15,118,4.48,4.48,0.0,0.88,5
CsupOBP15,121,4.48,4.48,-0.0,0.52,3
CsupOBP15,154,4.48,4.48,0.0,0.38,2
CsupOBP15,188,4.48,4.48,0.0,0.46,1
CsupOBP15,259,4.48,4.48,-0.0,0.65,4
CsupOBP15,282,4.48,4.48,0.0,0.82,2
CsupOBP15,364,4.48,4.48,0.0,1.0,2
CsupOBP15,560,4.48,4.48,0.0,0.46,2
CsupOBP17,3,4.54,4.48,0.06,0.5,5
CsupOBP17,6,4.48,4.48,0.0,1.0,2
CsupOBP17,7,4.57,4.54,0.03,0.79,4
CsupOBP17,8,4.48,4.48,0.0,0.52,1
CsupOBP17,10,4.48,4.48,0.0,1.0,5
CsupOBP17,11,4.53,4.6,-0.07,0.79,2
CsupOBP17,12,4.48,4.48,0.0,0.37,1
CsupOBP17,13,4.48,4.48,0.0,0.65,2
CsupOBP17,14,4.5,4.64,-0.13,0.5,3
CsupOBP17,16,4.48,4.48,0.0,0.43,5
CsupOBP17,18,4.48,4.48,0.0,1.0,5
CsupOBP17,27,4.48,4.48,0.0,1.0,5
CsupOBP17,36,4.48,4.48,0.0,0.94,5
CsupOBP17,39,4.48,4.48,0.0,0.46,2
CsupOBP17,40,4.48,4.48,0.0,1.0,5
CsupOBP17,53,4.48,4.48,0.0,1.0,5
CsupOBP17,60,4.48,4.48,0.0,0.88,5
CsupOBP17,69,4.48,4.48,0.0,1.0,5
CsupOBP17,95,4.48,4.48,0.0,0.82,3
CsupOBP17,118,4.48,4.48,0.0,0.88,5
CsupOBP17,121,4.48,4.48,-0.0,0.52,3
CsupOBP17,154,4.48,4.48,0.0,0.38,2
CsupOBP17,188,4.48,4.48,0.0,0.46,1
CsupOBP17,259,4.53,4.48,0.05,0.65,4
CsupOBP17,282,4.48,4.48,0.0,0.82,2
CsupOBP17,364,4.48,4.48,0.0,1.0,2
CsupOBP17,560,4.48,4.48,0.0,0.46,2
CsupOBP19,3,4.53,4.48,0.05,0.5,5
CsupOBP19,6,4.48,4.48,0.0,1.0,2
CsupOBP19,7,4.48,4.74,-0.26,0.79,4
CsupOBP19,8,4.48,4.48,0.0,0.52,1
CsupOBP19,10,4.69,4.48,0.21,1.0,5
CsupOBP19,11,4.69,4.48,0.21,0.79,2
CsupOBP19,12,4.48,4.48,0.0,0.37,1
CsupOBP19,13,4.48,4.48,0.0,0.65,2
CsupOBP19,14,4.58,4.48,0.1,0.5,3
CsupOBP19,16,4.66,4.48,0.18,0.43,5
CsupOBP19,18,4.52,4.77,-0.25,1.0,5
CsupOBP19,27,4.64,4.88,-0.24,1.0,5
CsupOBP19,36,4.77,4.48,0.29,0.94,5
CsupOBP19,39,4.48,4.48,0.0,0.46,2
CsupOBP19,40,4.62,4.94,-0.32,1.0,5
CsupOBP19,53,4.6,4.48,0.12,1.0,5
CsupOBP19,60,4.56,4.48,0.08,0.88,5
CsupOBP19,69,4.6,4.48,0.12,1.0,5
CsupOBP19,95,4.48,4.67,-0.19,0.82,3
CsupOBP19,118,4.57,4.48,0.08,0.88,5
CsupOBP19,121,4.48,4.48,-0.0,0.52,3
CsupOBP19,154,4.57,4.48,0.09,0.38,2
CsupOBP19,188,4.48,4.48,0.0,0.46,1
CsupOBP19,259,4.53,4.48,0.05,0.65,4
CsupOBP19,282,4.64,4.48,0.15,0.82,2
CsupOBP19,364,4.48,4.48,0.0,1.0,2
CsupOBP19,560,4.48,4.48,0.0,0.46,2
CsupOBP31,3,4.56,4.48,0.08,0.5,5
CsupOBP31,6,4.48,4.48,0.0,1.0,2
CsupOBP31,7,4.64,4.61,0.02,0.79,4
CsupOBP31,8,4.48,4.48,0.0,0.52,1
CsupOBP31,10,4.48,4.48,0.0,1.0,5
CsupOBP31,11,4.59,4.8,-0.21,0.79,2
CsupOBP31,12,4.48,4.48,0.0,0.37,1
CsupOBP31,13,4.48,4.48,0.0,0.65,2
CsupOBP31,14,4.53,4.48,0.05,0.5,3
CsupOBP31,16,4.48,4.48,0.0,0.43,5
CsupOBP31,18,4.48,4.48,0.0,1.0,5
CsupOBP31,27,4.48,4.48,0.0,1.0,5
CsupOBP31,36,4.48,4.48,0.0,0.94,5
CsupOBP31,39,4.48,4.48,0.0,0.46,2
CsupOBP31,40,4.48,4.48,0.0,1.0,5
CsupOBP31,53,4.48,4.48,0.0,1.0,5
CsupOBP31,60,4.48,4.48,0.0,0.88,5
CsupOBP31,69,4.48,4.48,0.0,1.0,5
CsupOBP31,95,4.48,4.86,-0.38,0.82,3
CsupOBP31,118,4.48,4.48,0.0,0.88,5
CsupOBP31,121,4.48,4.48,-0.0,0.52,3
CsupOBP31,154,4.66,4.48,0.18,0.38,2
CsupOBP31,188,4.48,4.48,0.0,0.46,1
CsupOBP31,259,4.51,4.48,0.03,0.65,4
CsupOBP31,282,4.79,4.48,0.31,0.82,2
CsupOBP31,364,4.48,4.48,0.0,1.0,2
CsupOBP31,560,4.48,4.48,0.0,0.46,2
CvesOBP3,22,5.05,5.57,-0.53,0.43,1
CvesOBP3,61,5.57,5.05,0.53,0.43,1
DarmCSP2,21,5.47,5.39,0.08,1.0,1
DarmCSP2,24,5.59,5.63,-0.04,1.0,5
DarmCSP2,38,5.39,5.47,-0.08,1.0,1
DarmCSP2,68,5.49,5.42,0.07,1.0,4
DarmCSP2,113,5.49,5.79,-0.29,1.0,5
DarmCSP2,163,5.49,5.42,0.08,1.0,4
DarmCSP2,308,5.66,4.72,0.94,0.41,3
DarmCSP2,470,5.39,5.55,-0.16,0.41,3
DarmCSP2,494,5.42,5.58,-0.16,0.39,2
DcitOBP1,3,3.96,3.96,0.0,0.48,2
DcitOBP1,9,4.39,4.19,0.21,0.37,1
DcitOBP1,11,3.96,3.96,0.0,0.4,1
DcitOBP1,24,3.96,4.09,-0.13,1.0,1
DcitOBP1,112,3.96,3.96,0.0,0.48,1
DcitOBP1,113,4.09,3.96,0.13,1.0,1
DcitOBP1,144,4.19,4.39,-0.21,0.37,1
DcitOBP3,3,5.34,5.15,0.19,0.41,2
DcitOBP3,10,5.12,5.37,-0.25,0.38,2
DcitOBP3,11,5.15,5.45,-0.31,0.4,1
DcitOBP3,16,5.27,5.04,0.23,0.43,2
DcitOBP3,24,5.29,5.3,-0.0,1.0,1
DcitOBP3,53,5.18,5.19,-0.01,0.43,2
DcitOBP3,113,5.3,5.29,0.0,1.0,1
DcitOBP3,172,5.29,5.38,-0.08,0.5,1
DcitOBP3,185,5.15,5.23,-0.08,0.41,1
DcitOBP3,195,5.38,5.29,0.08,0.5,1
DcitOBP6,3,5.05,4.85,0.2,0.41,2
DcitOBP6,10,4.75,4.87,-0.12,0.38,2
DcitOBP6,11,4.85,5.22,-0.36,0.4,1
DcitOBP6,16,4.84,4.67,0.17,0.43,2
DcitOBP6,24,5.28,5.25,0.03,1.0,1
DcitOBP6,53,4.76,4.82,-0.06,0.43,2
DcitOBP6,113,5.25,5.28,-0.03,1.0,1
DcitOBP6,172,4.36,4.48,-0.13,0.5,1
DcitOBP6,185,4.85,4.89,-0.04,0.41,1
DcitOBP6,195,4.48,4.36,0.13,0.5,1
DcitOBP8,3,4.59,4.37,0.22,0.41,1
DcitOBP8,10,4.65,4.78,-0.13,0.38,2
DcitOBP8,16,4.78,4.52,0.26,0.43,2
DcitOBP8,53,4.64,4.78,-0.15,0.43,2
DcitOBP8,172,4.62,4.85,-0.23,0.5,1
DcitOBP8,185,4.37,4.59,-0.22,0.41,1
DcitOBP8,195,4.85,4.62,0.23,0.5,1
DcitOBP9,3,5.28,4.64,0.64,0.41,1
DcitOBP9,10,4.36,4.43,-0.08,0.38,2
DcitOBP9,16,4.39,4.36,0.03,0.43,2
DcitOBP9,53,4.39,4.36,0.03,0.43,2
DcitOBP9,172,4.36,5.0,-0.65,0.5,1
DcitOBP9,185,4.64,5.28,-0.64,0.41,1
DcitOBP9,195,5.0,4.36,0.65,0.5,1
DcitCSP1,3,5.05,4.76,0.29,0.41,1
DcitCSP1,10,4.78,4.55,0.23,0.38,2
DcitCSP1,16,4.74,4.67,0.07,0.43,2
DcitCSP1,53,4.62,4.89,-0.27,0.43,2
DcitCSP1,172,4.59,4.88,-0.29,0.5,1
DcitCSP1,185,4.76,5.05,-0.29,0.41,1
DcitCSP1,195,4.88,4.59,0.29,0.5,1
DcitCSP8,3,4.36,4.36,0.0,0.41,1
DcitCSP8,10,4.36,4.36,0.0,0.38,2
DcitCSP8,16,4.36,4.36,0.0,0.43,2
DcitCSP8,53,4.36,4.36,0.0,0.43,2
DcitCSP8,172,4.36,4.36,0.0,0.5,1
DcitCSP8,185,4.36,4.36,0.0,0.41,1
DcitCSP8,195,4.36,4.36,0.0,0.5,1
DcitCSP10,3,4.36,4.36,0.0,0.41,1
DcitCSP10,10,4.36,4.36,0.0,0.38,2
DcitCSP10,16,4.36,4.36,0.0,0.43,2
DcitCSP10,53,4.36,4.36,0.0,0.43,2
DcitCSP10,172,4.36,4.36,0.0,0.5,1
DcitCSP10,185,4.36,4.36,0.0,0.41,1
DcitCSP10,195,4.36,4.36,0.0,0.5,1
DcitCSP12,3,4.93,5.05,-0.12,0.41,1
DcitCSP12,10,4.78,4.89,-0.11,0.38,2
DcitCSP12,16,4.95,4.57,0.38,0.43,2
DcitCSP12,53,4.71,5.0,-0.29,0.43,2
DcitCSP12,172,4.8,4.85,-0.05,0.5,1
DcitCSP12,185,5.05,4.93,0.12,0.41,1
DcitCSP12,195,4.85,4.8,0.05,0.5,1
DhelOBP21,9,4.32,3.84,0.48,0.48,1
DhelOBP21,24,4.69,4.73,-0.04,0.38,1
DhelOBP21,45,4.69,4.69,0.0,0.39,1
DhelOBP21,49,4.7,4.69,0.01,0.38,1
DhelOBP21,68,4.71,4.69,0.02,0.39,2
DhelOBP21,184,3.84,4.32,-0.48,0.48,1
DhelOBP21,186,2.96,4.22,-1.26,0.46,1
DhelOBP21,202,4.7,3.43,1.26,0.35,1
DhelOBP21,272,4.1,4.7,-0.59,0.38,2
DhelOBP21,379,4.22,2.96,1.26,0.46,1
DhelOBP21 I84N,9,4.29,2.96,1.33,0.48,1
DhelOBP21 I84N,24,4.42,4.77,-0.35,0.38,1
DhelOBP21 I84N,45,4.42,3.65,0.77,0.39,1
DhelOBP21 I84N,49,3.95,4.48,-0.52,0.38,1
DhelOBP21 I84N,68,4.19,4.42,-0.23,0.39,2
DhelOBP21 I84N,184,2.96,4.29,-1.33,0.48,1
DhelOBP21 I84N,186,2.96,3.31,-0.35,0.46,1
DhelOBP21 I84N,202,3.95,2.96,1.0,0.35,1
DhelOBP21 I84N,272,3.77,3.95,-0.19,0.38,2
DhelOBP21 I84N,379,3.31,2.96,0.35,0.46,1
DhelOBP21 S67A,9,4.58,3.85,0.72,0.48,1
DhelOBP21 S67A,24,4.46,4.54,-0.07,0.38,1
DhelOBP21 S67A,45,4.46,3.67,0.8,0.39,1
DhelOBP21 S67A,49,4.59,4.3,0.29,0.38,1
DhelOBP21 S67A,68,4.09,4.46,-0.38,0.39,2
DhelOBP21 S67A,184,3.85,4.58,-0.72,0.48,1
DhelOBP21 S67A,186,3.32,3.21,0.11,0.46,1
DhelOBP21 S67A,202,4.59,2.96,1.63,0.35,1
DhelOBP21 S67A,272,3.67,4.59,-0.92,0.38,2
DhelOBP21 S67A,379,3.21,3.32,-0.11,0.46,1
DhelOBP21 T119N,9,4.42,2.96,1.46,0.48,1
DhelOBP21 T119N,24,4.59,4.45,0.14,0.38,1
DhelOBP21 T119N,45,4.59,3.96,0.63,0.39,1
DhelOBP21 T119N,49,4.46,4.39,0.07,0.38,1
DhelOBP21 T119N,68,4.2,4.59,-0.39,0.39,2
DhelOBP21 T119N,184,2.96,4.42,-1.46,0.48,1
DhelOBP21 T119N,186,2.96,3.79,-0.83,0.46,1
DhelOBP21 T119N,202,4.46,2.96,1.5,0.35,1
DhelOBP21 T119N,272,3.72,4.46,-0.74,0.38,2
DhelOBP21 T119N,379,3.79,2.96,0.83,0.46,1
DhouPBP2,301,5.36,5.18,0.17,0.52,3
DhouPBP2,315,5.27,5.4,-0.14,1.0,3
DhouPBP2,316,5.37,5.23,0.14,1.0,3
DhouPBP2,365,5.28,5.45,-0.16,0.54,3
DkikPBP1,301,5.08,5.03,0.06,1.0,4
DkikPBP1,302,5.04,5.14,-0.1,0.77,4
DkikPBP1,315,5.14,5.21,-0.06,1.0,4
DkikPBP1,316,5.14,5.22,-0.08,1.0,4
DkikPBP1,354,5.1,4.98,0.12,1.0,4
DkikPBP2,301,5.36,5.28,0.08,1.0,5
DkikPBP2,302,5.23,5.65,-0.42,0.77,4
DkikPBP2,315,5.47,5.59,-0.11,1.0,5
DkikPBP2,316,5.45,5.63,-0.17,1.0,5
DkikPBP2,354,5.46,5.03,0.43,1.0,5
DkikPBP2,365,5.41,5.46,-0.05,0.54,4
DmelOBP19b,497,3.32,3.24,0.07,0.48,5
DmelOBP19b,501,3.28,3.38,-0.09,0.57,5
DmelOBP19b,502,3.32,3.31,0.01,0.65,5
DmelOBP19b,503,3.34,3.35,-0.01,0.65,5
DmelOBP19b,504,3.35,3.41,-0.06,0.42,4
DmelOBP19b,505,3.33,3.15,0.18,0.48,5
DmelOBP19b,506,3.34,3.37,-0.03,0.55,5
DmelOBP28a,2,5.82,5.89,-0.06,0.69,1
DmelOBP28a,66,5.82,5.68,0.15,0.57,1
DmelOBP28a,453,5.68,5.82,-0.15,0.57,1
DmelOBP28a,455,5.89,5.82,0.06,0.69,1
DmelOBP76a,1,7.05,6.96,0.09,0.53,1
DmelOBP76a,356,6.96,7.05,-0.09,0.53,1
EhipPBP1,156,5.81,5.2,0.61,0.93,4
EhipPBP1,175,5.42,5.93,-0.51,0.93,4
EhipPBP1,433,5.59,5.8,-0.21,0.79,4
EhipPBP1,452,5.66,5.5,0.16,0.58,4
EhipPBP1,477,5.67,5.63,0.04,0.79,4
EoblGOBP2,6,4.68,4.49,0.19,0.64,1
EoblGOBP2,12,5.36,4.36,1.0,0.38,1
EoblGOBP2,16,4.26,4.26,0.0,0.92,2
EoblGOBP2,69,4.26,4.26,0.0,0.43,2
EoblGOBP2,127,4.26,4.26,0.0,0.92,2
EoblGOBP2,146,4.36,5.36,-1.0,0.38,1
EoblGOBP2,307,4.49,4.68,-0.19,0.64,1
EoblOBP6,7,4.96,4.96,-0.01,0.47,1
EoblOBP6,22,4.96,4.96,0.01,0.47,1
EoblPBP1,5,5.75,5.53,0.22,0.42,2
EoblPBP1,8,5.96,5.61,0.36,0.56,5
EoblPBP1,19,6.04,5.76,0.28,0.5,4
EoblPBP1,33,6.02,6.01,0.0,1.0,5
EoblPBP1,62,5.97,6.13,-0.16,1.0,5
EoblPBP1,108,5.91,5.86,0.05,0.56,5
EoblPBP1,138,5.98,6.11,-0.13,1.0,5
EoblPBP1,384,5.85,5.92,-0.07,0.5,5
EoblPBP1,480,6.19,6.24,-0.06,1.0,1
EoblPBP1,481,6.24,6.19,0.06,1.0,1
EoblPBP2,6,4.56,4.13,0.43,0.64,1
EoblPBP2,17,4.26,4.55,-0.29,0.57,2
EoblPBP2,50,3.64,4.52,-0.88,0.43,1
EoblPBP2,106,4.52,3.64,0.88,0.43,1
EoblPBP2,307,4.18,4.56,-0.38,0.64,3
EoblPBP2,384,4.56,3.76,0.79,0.48,2
FoccCSP,3,4.52,3.93,0.58,0.44,2
FoccCSP,4,4.98,4.32,0.66,0.43,1
FoccCSP,10,4.06,4.14,-0.08,0.44,1
FoccCSP,11,3.93,4.1,-0.17,0.4,1
FoccCSP,12,4.32,4.49,-0.17,0.39,1
FoccCSP,23,4.03,4.85,-0.82,0.44,2
FoccCSP,106,4.16,3.96,0.2,0.47,2
FoccCSP,130,4.14,4.06,0.08,0.44,1
FoccCSP,157,4.16,4.15,0.0,0.57,1
FoccCSP,245,3.99,4.23,-0.24,0.47,2
FoccCSP,321,4.1,4.04,0.05,0.38,2
FoccCSP,370,4.37,4.16,0.21,0.57,2
FoccCSP,404,4.32,4.98,-0.66,0.43,1
FoccCSP,546,4.32,4.32,0.0,0.36,1
FoccCSP,547,4.41,4.32,0.09,0.39,2
GdauOBP20,6,4.33,4.42,-0.09,0.41,1
GdauOBP20,160,4.42,4.33,0.09,0.41,1
GdauOBP20,172,4.5,4.51,-0.01,0.5,1
GdauOBP20,195,4.51,4.5,0.01,0.5,1
GdauOBP20,457,4.38,4.29,0.08,0.57,1
GdauOBP20,458,4.29,4.38,-0.08,0.57,1
GmelGOBP2,8,3.38,4.12,-0.74,0.56,1
GmelGOBP2,10,4.41,4.06,0.35,1.0,3
GmelGOBP2,82,4.23,4.29,-0.06,1.0,3
GmelGOBP2,152,4.72,4.78,-0.06,1.0,3
GmelGOBP2,193,4.64,4.88,-0.24,1.0,3
GmelGOBP2,353,4.12,3.38,0.74,0.56,1
GmolCSP8,5,4.58,5.07,-0.49,0.42,2
GmolCSP8,8,4.65,4.58,0.08,0.55,5
GmolCSP8,10,4.58,4.58,0.0,1.0,5
GmolCSP8,15,4.58,4.58,0.0,0.94,5
GmolCSP8,16,4.99,5.68,-0.69,1.0,5
GmolCSP8,17,4.58,4.58,0.0,1.0,5
GmolCSP8,28,4.58,4.58,0.0,1.0,5
GmolCSP8,35,4.58,4.58,0.0,1.0,5
GmolCSP8,43,4.58,4.58,0.0,0.68,4
GmolCSP8,46,5.15,4.89,0.26,1.0,5
GmolCSP8,48,4.58,4.58,0.0,0.78,5
GmolCSP8,57,4.58,4.58,0.0,0.64,5
GmolCSP8,58,5.21,4.58,0.63,1.0,5
GmolCSP8,59,4.67,4.58,0.09,1.0,5
GmolCSP8,65,5.08,5.21,-0.13,1.0,5
GmolCSP8,70,4.58,4.58,0.0,0.95,5
GmolCSP8,74,4.58,4.58,-0.0,0.44,5
GmolCSP8,76,4.67,4.58,0.09,1.0,5
GmolCSP8,96,5.09,5.18,-0.09,1.0,5
GmolCSP8,100,5.11,4.58,0.53,0.52,5
GmolCSP8,102,4.58,4.58,0.0,0.78,5
GmolCSP8,127,5.11,5.09,0.02,0.92,5
GmolCSP8,131,4.67,4.58,0.09,1.0,5
GmolCSP8,137,4.58,4.58,0.0,1.0,5
GmolCSP8,150,4.67,4.58,0.09,1.0,5
GmolCSP8,170,4.67,4.58,0.09,1.0,5
GmolCSP8,198,4.58,4.58,0.0,1.0,5
GmolCSP8,244,5.09,5.18,-0.09,0.77,5
GmolCSP8,264,4.58,4.58,0.0,0.95,5
GmolCSP8,526,4.58,4.58,0.0,0.44,3
GmolCSP8 L30A,16,4.61,4.9,-0.3,1.0,4
GmolCSP8 L30A,65,4.7,4.58,0.13,1.0,4
GmolCSP8 L30A,96,4.7,4.58,0.13,1.0,4
GmolCSP8 L30A,127,4.7,4.58,0.12,0.92,4
GmolCSP8 L30A,244,4.66,4.77,-0.11,0.77,4
GmolCSP8 L80A,16,5.2,5.74,-0.55,1.0,4
GmolCSP8 L80A,65,5.35,5.22,0.13,1.0,4
GmolCSP8 L80A,96,5.36,5.2,0.16,1.0,4
GmolCSP8 L80A,127,5.35,5.18,0.17,0.92,4
GmolCSP8 L80A,244,5.33,5.17,0.16,0.77,4
GmolCSP8 T27A,16,4.81,4.58,0.23,1.0,4
GmolCSP8 T27A,65,4.67,5.05,-0.37,1.0,4
GmolCSP8 T27A,96,4.72,4.9,-0.18,1.0,4
GmolCSP8 T27A,127,4.79,4.58,0.21,0.92,4
GmolCSP8 T27A,244,4.77,4.58,0.19,0.77,4
GmolCSP8 V40A,16,5.04,5.57,-0.53,1.0,4
GmolCSP8 V40A,65,5.21,5.01,0.19,1.0,4
GmolCSP8 V40A,96,5.17,5.15,0.01,1.0,4
GmolCSP8 V40A,127,5.22,4.91,0.31,0.92,4
GmolCSP8 V40A,244,5.15,5.09,0.06,0.77,4
GmolGOBP1,5,5.07,4.77,0.3,0.42,2
GmolGOBP1,8,4.71,4.65,0.06,0.55,5
GmolGOBP1,10,4.64,4.26,0.38,1.0,5
GmolGOBP1,15,4.58,4.51,0.07,0.94,5
GmolGOBP1,16,5.09,4.71,0.39,0.62,5
GmolGOBP1,17,4.51,4.8,-0.28,1.0,5
GmolGOBP1,28,4.59,4.47,0.13,1.0,5
GmolGOBP1,35,4.54,4.67,-0.12,1.0,5
GmolGOBP1,43,4.51,4.48,0.03,0.68,4
GmolGOBP1,48,4.55,4.48,0.07,0.78,5
GmolGOBP1,56,4.68,4.44,0.24,0.81,5
GmolGOBP1,57,4.64,4.56,0.07,0.81,5
GmolGOBP1,70,4.53,4.46,0.07,0.95,5
GmolGOBP1,74,4.63,4.57,0.06,0.48,4
GmolGOBP1,76,4.96,5.07,-0.11,1.0,5
GmolGOBP1,100,4.85,5.5,-0.66,0.52,3
GmolGOBP1,102,4.47,4.75,-0.28,0.78,5
GmolGOBP1,131,4.89,5.28,-0.4,1.0,5
GmolGOBP1,170,5.0,4.94,0.06,1.0,5
GmolGOBP1,198,4.72,5.05,-0.34,0.64,5
GmolGOBP1,264,4.54,4.46,0.08,0.95,5
GmolGOBP2,10,4.39,4.12,0.26,1.0,3
GmolGOBP2,17,4.27,4.37,-0.1,1.0,3
GmolGOBP2,35,4.36,4.18,0.18,1.0,3
GmolGOBP2,46,4.42,5.91,-1.5,0.52,5
GmolGOBP2,57,4.72,4.09,0.63,0.64,4
GmolGOBP2,70,4.54,4.14,0.4,0.68,3
GmolGOBP2,100,5.4,4.89,0.51,0.52,2
GmolGOBP2,102,4.12,4.37,-0.25,0.68,2
GmolGOBP2,137,4.39,4.84,-0.45,0.64,2
GmolOBP3,5,4.02,4.17,-0.14,0.42,2
GmolOBP3,8,4.09,4.06,0.02,0.55,3
GmolOBP3,10,3.98,3.81,0.17,1.0,4
GmolOBP3,15,3.9,3.92,-0.02,0.94,2
GmolOBP3,16,4.03,4.14,-0.11,1.0,5
GmolOBP3,28,3.9,4.0,-0.1,1.0,4
GmolOBP3,57,4.09,4.02,0.07,0.64,4
GmolOBP3,65,4.07,4.09,-0.02,1.0,5
GmolOBP3,100,4.12,3.98,0.13,0.52,4
GmolOBP3,198,4.03,4.08,-0.06,0.64,3
GmolOBP4,10,4.62,4.54,0.08,1.0,3
GmolOBP4,15,4.52,4.78,-0.26,0.94,2
GmolOBP4,17,4.64,4.5,0.14,1.0,3
GmolOBP4,41,4.86,4.5,0.36,0.52,3
GmolOBP4,100,4.5,5.21,-0.71,0.52,1
GmolOBP7,5,4.64,4.91,-0.27,0.42,2
GmolOBP7,7,4.82,4.41,0.41,0.79,1
GmolOBP7,8,4.61,4.86,-0.25,0.55,4
GmolOBP7,10,4.88,4.7,0.17,1.0,5
GmolOBP7,11,4.41,4.82,-0.41,0.79,1
GmolOBP7,15,4.87,4.72,0.15,0.94,5
GmolOBP7,16,4.58,4.76,-0.18,1.0,5
GmolOBP7,17,4.84,4.9,-0.06,1.0,5
GmolOBP7,18,4.74,5.37,-0.63,1.0,5
GmolOBP7,28,4.82,4.96,-0.14,1.0,5
GmolOBP7,41,4.66,4.41,0.25,1.0,5
GmolOBP7,46,4.5,5.13,-0.63,1.0,5
GmolOBP7,48,4.68,4.95,-0.27,0.78,5
GmolOBP7,56,4.67,4.9,-0.23,0.58,5
GmolOBP7,58,4.66,4.41,0.25,1.0,5
GmolOBP7,96,4.66,4.41,0.25,1.0,5
GmolOBP7,100,4.63,4.41,0.21,0.52,5
GmolOBP7,102,4.71,4.77,-0.06,0.78,4
GmolOBP7,137,4.65,4.41,0.23,1.0,5
GmolOBP7,139,4.41,5.6,-1.18,0.38,2
GmolOBP7,198,4.65,4.41,0.23,1.0,5
GmolOBP7,234,4.93,4.41,0.52,1.0,5
GmolOBP7,268,4.56,4.41,0.15,1.0,5
GmolOBP7,396,4.56,4.41,0.15,1.0,5
GmolOBP8,8,4.99,4.7,0.29,0.55,5
GmolOBP8,10,4.83,4.72,0.11,1.0,5
GmolOBP8,15,4.84,4.69,0.15,0.94,4
GmolOBP8,16,5.22,4.67,0.55,1.0,5
GmolOBP8,17,4.76,5.01,-0.25,1.0,5
GmolOBP8,28,4.79,4.89,-0.1,1.0,5
GmolOBP8,35,4.82,4.74,0.09,1.0,5
GmolOBP8,43,4.79,4.77,0.02,0.68,4
GmolOBP8,46,4.81,5.36,-0.55,1.0,5
GmolOBP8,48,4.83,4.78,0.06,0.78,5
GmolOBP8,56,4.95,4.74,0.21,0.81,5
GmolOBP8,57,5.01,4.75,0.25,0.81,5
GmolOBP8,70,4.78,4.81,-0.03,0.95,5
GmolOBP8,74,4.9,4.7,0.2,0.48,4
GmolOBP8,100,5.13,5.25,-0.13,0.52,4
GmolOBP8,102,4.76,5.0,-0.24,0.78,5
GmolOBP8,180,4.97,4.72,0.25,0.42,2
GmolOBP8,198,4.82,5.66,-0.84,0.64,5
GmolOBP8,264,4.83,4.69,0.14,0.95,5
GmolOBP10,16,5.04,5.28,-0.24,1.0,5
GmolOBP10,17,4.81,4.75,0.06,1.0,5
GmolOBP10,18,4.79,4.81,-0.02,1.0,5
GmolOBP10,41,5.16,4.9,0.25,1.0,5
GmolOBP10,46,5.04,5.29,-0.25,1.0,5
GmolOBP10,48,4.86,4.69,0.17,0.78,2
GmolOBP10,56,4.77,4.87,-0.1,0.58,2
GmolOBP10,96,5.13,5.0,0.12,1.0,5
GmolOBP10,102,4.75,4.86,-0.11,0.78,2
GmolOBP10,234,4.85,4.66,0.19,1.0,5
GmolOBP11,8,4.64,4.62,0.02,0.55,5
GmolOBP11,10,4.69,4.66,0.03,1.0,5
GmolOBP11,15,4.7,4.58,0.12,0.94,5
GmolOBP11,16,4.93,4.35,0.58,1.0,5
GmolOBP11,17,4.63,4.9,-0.27,1.0,5
GmolOBP11,28,4.68,4.69,-0.0,1.0,5
GmolOBP11,35,4.71,4.57,0.14,1.0,5
GmolOBP11,43,4.65,4.51,0.14,0.68,4
GmolOBP11,46,4.65,4.88,-0.23,1.0,5
GmolOBP11,48,4.67,4.58,0.09,0.78,5
GmolOBP11,56,4.7,4.52,0.18,0.81,5
GmolOBP11,57,4.69,4.6,0.09,0.81,5
GmolOBP11,70,4.63,4.68,-0.05,0.95,5
GmolOBP11,74,4.63,4.62,0.01,0.48,4
GmolOBP11,100,4.65,5.52,-0.86,0.52,4
GmolOBP11,102,4.59,4.89,-0.29,0.78,5
GmolOBP11,131,4.68,4.72,-0.04,0.62,5
GmolOBP11,180,5.06,4.41,0.65,0.42,2
GmolOBP11,198,4.75,4.91,-0.16,0.64,5
GmolOBP11,264,4.67,4.57,0.1,0.95,5
GmolOBP12,5,5.45,4.73,0.72,0.42,2
GmolOBP12,7,4.41,4.41,0.0,0.79,2
GmolOBP12,8,4.47,5.33,-0.86,0.55,4
GmolOBP12,10,4.52,4.41,0.1,1.0,5
GmolOBP12,11,4.41,4.41,0.0,0.79,1
GmolOBP12,15,4.44,4.85,-0.41,0.94,5
GmolOBP12,16,4.49,5.33,-0.84,1.0,5
GmolOBP12,17,4.49,4.54,-0.04,1.0,5
GmolOBP12,18,4.52,4.41,0.1,1.0,5
GmolOBP12,28,4.52,4.41,0.1,1.0,5
GmolOBP12,41,4.7,4.41,0.29,1.0,5
GmolOBP12,46,4.7,4.41,0.29,1.0,5
GmolOBP12,48,4.41,4.41,0.0,0.78,5
GmolOBP12,56,4.55,4.41,0.14,0.58,5
GmolOBP12,58,4.7,4.41,0.29,1.0,5
GmolOBP12,96,4.7,4.41,0.29,1.0,5
GmolOBP12,100,4.6,5.56,-0.97,0.52,5
GmolOBP12,102,4.41,4.41,0.0,0.78,4
GmolOBP12,137,4.75,4.41,0.33,1.0,5
GmolOBP12,139,4.41,5.16,-0.75,0.38,2
GmolOBP12,176,4.41,4.41,0.0,0.39,1
GmolOBP12,198,4.75,4.41,0.33,1.0,5
GmolOBP12,234,4.52,4.41,0.1,1.0,5
GmolOBP12,268,4.49,4.41,0.07,1.0,5
GmolOBP12,396,4.49,4.41,0.07,1.0,5
GmolOBP15,8,4.55,4.36,0.2,0.55,5
GmolOBP15,15,4.62,5.26,-0.63,0.94,3
GmolOBP15,16,4.68,4.45,0.23,0.52,5
GmolOBP15,17,4.89,4.34,0.55,1.0,4
GmolOBP15,28,4.73,4.83,-0.1,1.0,4
GmolOBP15,35,4.77,4.7,0.08,1.0,4
GmolOBP15,43,4.45,4.33,0.12,0.68,3
GmolOBP15,48,4.39,4.48,-0.09,0.61,5
GmolOBP15,56,4.51,4.36,0.15,0.81,5
GmolOBP15,57,4.5,4.45,0.05,0.81,5
GmolOBP15,70,4.4,4.46,-0.06,0.95,5
GmolOBP15,74,4.47,4.4,0.07,0.48,4
GmolOBP15,100,4.62,4.88,-0.26,0.52,3
GmolOBP15,137,4.48,4.82,-0.34,0.64,5
GmolOBP15,180,4.62,4.61,0.01,0.42,2
GmolOBP15,264,4.43,4.4,0.02,0.95,5
GmolOBP16,5,4.85,4.61,0.24,0.42,2
GmolOBP16,7,4.41,4.59,-0.18,0.79,2
GmolOBP16,8,4.52,4.59,-0.07,0.55,4
GmolOBP16,10,4.61,4.41,0.2,1.0,5
GmolOBP16,11,4.59,4.41,0.18,0.79,1
GmolOBP16,15,4.52,4.91,-0.4,0.94,5
GmolOBP16,16,4.51,4.76,-0.25,1.0,5
GmolOBP16,17,4.5,4.94,-0.43,1.0,5
GmolOBP16,18,4.61,4.41,0.2,1.0,5
GmolOBP16,28,4.61,4.41,0.2,1.0,5
GmolOBP16,41,4.54,4.62,-0.08,1.0,5
GmolOBP16,46,4.59,4.41,0.17,1.0,5
GmolOBP16,48,4.64,4.62,0.01,0.78,5
GmolOBP16,56,4.54,4.71,-0.17,0.58,5
GmolOBP16,58,4.59,4.41,0.17,1.0,5
GmolOBP16,96,4.59,4.41,0.17,1.0,5
GmolOBP16,100,4.52,5.11,-0.59,0.52,5
GmolOBP16,102,4.64,4.65,-0.02,0.78,4
GmolOBP16,137,4.62,4.41,0.21,1.0,5
GmolOBP16,139,4.41,5.06,-0.64,0.38,2
GmolOBP16,176,4.59,4.41,0.18,0.39,1
GmolOBP16,198,4.62,4.41,0.21,1.0,5
GmolOBP16,234,4.61,4.41,0.2,1.0,5
GmolOBP16,268,4.52,4.82,-0.3,1.0,5
GmolOBP16,396,4.75,4.41,0.33,1.0,5
GmolPBP1,46,5.75,5.65,0.1,0.52,2
GmolPBP1,100,5.69,5.76,-0.07,0.54,2
GmolPBP1,463,5.73,5.73,0.0,0.54,2
GmolPBP2,5,5.47,5.02,0.44,0.42,2
GmolPBP2,8,5.75,5.24,0.51,0.55,3
GmolPBP2,10,5.25,5.12,0.13,1.0,5
GmolPBP2,15,5.27,5.1,0.17,0.94,2
GmolPBP2,16,5.32,4.98,0.34,1.0,5
GmolPBP2,28,5.12,5.42,-0.3,1.0,5
GmolPBP2,46,5.1,5.55,-0.45,1.0,5
GmolPBP2,65,5.31,5.0,0.31,1.0,5
GmolPBP2,100,5.47,5.7,-0.23,0.52,5
GmolPBP2,137,5.78,5.96,-0.19,1.0,3
GmolPBP2,198,5.78,5.96,-0.18,1.0,3
GmolPBP3,5,4.72,4.75,-0.03,0.42,2
GmolPBP3,8,4.7,4.69,0.01,0.55,3
GmolPBP3,16,4.74,4.63,0.11,1.0,4
GmolPBP3,28,4.7,4.73,-0.03,0.38,3
GmolPBP3,46,4.66,4.82,-0.15,1.0,4
GmolPBP3,65,4.73,4.66,0.06,1.0,4
GmolPBP3,100,4.69,4.75,-0.06,0.52,5
GmolPBP3,137,4.67,4.71,-0.04,1.0,3
GmolPBP3,198,4.72,4.64,0.07,1.0,3
HarmCSP5,93,5.26,5.1,0.15,0.41,1
HarmCSP5,127,4.21,3.95,0.27,0.38,2
HarmCSP5,166,5.1,5.26,-0.15,0.41,1
HarmCSP5,284,4.07,4.22,-0.16,0.38,2
HarmCSP5,407,4.08,4.2,-0.12,0.38,2
HarmCSP6,19,5.9,6.04,-0.13,0.9,3
HarmCSP6,32,5.92,6.01,-0.09,0.9,3
HarmCSP6,37,6.0,5.86,0.14,0.9,3
HarmCSP6,79,5.98,5.9,0.08,0.9,3
HarmOBP5,4,4.77,4.06,0.71,0.43,2
HarmOBP5,7,4.46,4.8,-0.34,0.79,4
HarmOBP5,10,4.3,4.72,-0.42,1.0,5
HarmOBP5,11,4.84,4.0,0.83,0.79,2
HarmOBP5,13,4.99,4.85,0.13,0.35,1
HarmOBP5,14,4.88,4.83,0.06,0.57,3
HarmOBP5,17,4.43,4.05,0.39,1.0,5
HarmOBP5,18,4.45,3.96,0.49,1.0,5
HarmOBP5,19,4.27,4.72,-0.45,0.75,5
HarmOBP5,21,4.82,4.83,-0.01,0.48,1
HarmOBP5,28,4.31,4.68,-0.37,1.0,5
HarmOBP5,30,4.72,4.99,-0.26,0.57,5
HarmOBP5,35,4.45,3.96,0.49,1.0,5
HarmOBP5,39,4.29,4.54,-0.24,0.58,3
HarmOBP5,43,4.66,4.89,-0.23,0.65,5
HarmOBP5,44,4.69,4.12,0.57,0.36,1
HarmOBP5,48,4.43,4.6,-0.16,0.72,5
HarmOBP5,55,4.43,4.85,-0.43,1.0,5
HarmOBP5,56,4.5,4.59,-0.08,0.85,5
HarmOBP5,59,4.59,4.05,0.53,1.0,5
HarmOBP5,63,4.83,4.82,0.01,0.48,5
HarmOBP5,65,4.37,4.74,-0.38,1.0,5
HarmOBP5,70,4.61,4.9,-0.29,1.0,5
HarmOBP5,76,4.6,3.96,0.65,1.0,5
HarmOBP5,82,4.27,4.85,-0.58,1.0,5
HarmOBP5,93,4.46,4.73,-0.26,0.41,2
HarmOBP5,107,4.46,4.66,-0.19,1.0,5
HarmOBP5,108,4.56,4.64,-0.08,0.61,5
HarmOBP5,120,4.75,4.64,0.11,0.52,5
HarmOBP5,126,4.71,4.86,-0.16,0.64,2
HarmOBP5,127,4.5,4.69,-0.19,0.92,5
HarmOBP5,131,4.43,4.85,-0.42,1.0,5
HarmOBP5,149,4.49,4.14,0.35,1.0,5
HarmOBP5,152,4.35,4.8,-0.45,1.0,5
HarmOBP5,166,4.3,4.8,-0.5,0.44,4
HarmOBP5,169,3.96,4.12,-0.16,0.38,1
HarmOBP5,170,4.47,4.61,-0.14,1.0,5
HarmOBP5,171,4.35,4.8,-0.45,1.0,5
HarmOBP5,190,4.53,4.69,-0.16,1.0,5
HarmOBP5,192,4.51,4.04,0.47,1.0,5
HarmOBP5,194,4.47,3.96,0.52,1.0,5
HarmOBP5,207,4.65,4.38,0.27,0.5,2
HarmOBP5,210,4.8,4.0,0.8,0.36,1
HarmOBP5,211,4.47,4.77,-0.29,0.67,5
HarmOBP5,212,4.54,4.01,0.53,0.58,1
HarmOBP5,231,4.85,4.76,0.09,0.64,4
HarmOBP5,238,4.5,4.8,-0.3,1.0,5
HarmOBP5,266,4.68,4.73,-0.04,1.0,5
HarmOBP5,269,4.43,4.74,-0.31,0.85,5
HarmOBP5,273,4.74,3.96,0.78,1.0,5
HarmOBP5,284,4.47,4.01,0.47,0.47,5
HarmOBP5,286,4.12,3.96,0.16,0.38,1
HarmOBP5,290,4.47,4.76,-0.28,1.0,5
HarmOBP5,291,4.47,4.85,-0.38,1.0,5
HarmOBP5,311,4.83,4.82,0.01,0.48,1
HarmOBP5,336,4.5,4.05,0.46,1.0,5
HarmOBP5,407,4.53,4.68,-0.15,1.0,5
HarmOBP5,526,4.66,4.89,-0.23,0.41,2
HarmOBP5,534,4.71,4.1,0.61,0.72,5
HarmOBP5,537,4.54,4.06,0.47,0.7,5
HarmOBP5,538,4.41,4.65,-0.24,0.72,5
HarmOBP7,4,4.81,5.09,-0.28,0.43,3
HarmOBP7,18,5.31,5.11,0.2,1.0,5
HarmOBP7,27,5.03,5.14,-0.11,1.0,5
HarmOBP7,41,4.94,4.82,0.12,1.0,5
HarmOBP7,46,4.99,4.56,0.43,1.0,5
HarmOBP7,58,4.84,5.29,-0.45,1.0,5
HarmOBP7,78,5.14,5.38,-0.24,0.4,1
HarmOBP7,82,5.31,5.09,0.22,1.0,5
HarmOBP7,96,4.94,4.82,0.12,1.0,5
HarmOBP7,109,4.91,5.14,-0.23,0.57,4
HarmOBP7,114,5.28,5.57,-0.28,0.37,1
HarmOBP7,134,4.88,5.02,-0.14,0.47,2
HarmOBP7,147,5.28,5.47,-0.18,0.43,1
HarmOBP7,149,4.81,5.46,-0.64,1.0,5
HarmOBP7,192,4.99,4.56,0.43,1.0,5
HarmOBP7,233,5.23,5.43,-0.2,1.0,5
HarmOBP7,234,5.18,5.62,-0.43,1.0,5
HarmOBP7,251,5.02,4.95,0.06,0.47,1
HarmOBP7,260,5.02,4.78,0.24,0.43,1
HarmOBP7,267,5.01,5.48,-0.48,1.0,5
HarmOBP7,268,5.02,5.46,-0.44,1.0,5
HarmOBP7,273,5.16,4.87,0.29,1.0,5
HarmOBP7,285,4.99,4.56,0.43,1.0,5
HarmOBP7,323,5.27,4.87,0.4,1.0,5
HarmOBP7,324,5.15,5.41,-0.26,0.48,5
HarmOBP7,328,5.4,5.28,0.11,0.43,4
HarmOBP7,396,5.25,4.9,0.35,1.0,5
HarmOBP7,434,4.94,4.56,0.38,0.59,3
HarmOBP7,449,4.88,4.74,0.14,0.59,3
HarmOBP7,554,5.1,4.82,0.28,0.52,1
HarmOBP7,558,5.3,5.16,0.13,1.0,5
HarmOBP7,570,4.93,5.1,-0.17,0.52,2
HarmOBP10,54,5.41,5.24,0.18,1.0,4
HarmOBP10,78,5.24,5.57,-0.33,0.4,3
HarmOBP10,109,5.42,5.01,0.41,0.47,3
HarmOBP10,114,5.37,5.33,0.04,0.52,2
HarmOBP10,115,5.25,5.51,-0.26,1.0,4
HarmOBP17,5,4.26,4.26,0.0,0.42,3
HarmOBP17,8,4.28,4.26,0.02,0.62,5
HarmOBP17,43,4.3,4.26,0.04,0.52,3
HarmOBP17,56,4.3,4.26,0.04,0.81,5
HarmOBP17,61,4.26,4.26,0.0,0.39,1
HarmOBP17,64,4.28,4.26,0.02,0.43,4
HarmOBP17,74,4.28,4.32,-0.04,0.48,5
HarmOBP17,92,4.26,4.26,0.0,0.41,2
HarmOBP17,103,4.31,4.26,0.05,1.0,5
HarmOBP17,110,4.26,4.26,0.0,0.36,1
HarmOBP17,120,4.26,4.35,-0.09,0.58,3
HarmOBP17,129,4.26,4.26,0.0,0.43,2
HarmOBP17,145,4.26,4.35,-0.09,1.0,5
HarmOBP17,214,4.29,4.26,0.03,0.62,4
HarmOBP17,223,4.26,4.26,0.0,0.39,1
HarmOBP17,262,4.27,4.26,0.01,0.64,5
HarmOBP17,321,4.26,4.26,0.0,0.64,2
HarmOBP18,5,4.38,4.31,0.07,0.42,3
HarmOBP18,8,4.34,4.34,-0.01,0.62,5
HarmOBP18,43,4.29,4.41,-0.11,0.52,3
HarmOBP18,56,4.36,4.36,0.0,0.81,5
HarmOBP18,61,4.66,4.3,0.36,0.39,1
HarmOBP18,64,4.35,4.45,-0.09,0.43,4
HarmOBP18,74,4.38,4.26,0.12,0.48,5
HarmOBP18,92,4.43,4.32,0.11,0.41,2
HarmOBP18,103,4.31,4.47,-0.16,1.0,5
HarmOBP18,110,4.31,4.51,-0.2,0.36,1
HarmOBP18,120,4.35,4.26,0.09,0.58,3
HarmOBP18,129,4.52,4.46,0.06,0.43,2
HarmOBP18,145,4.4,4.26,0.15,1.0,5
HarmOBP18,214,4.33,4.31,0.02,0.62,4
HarmOBP18,223,4.3,4.66,-0.36,0.39,1
HarmOBP18,262,4.44,4.52,-0.08,0.64,5
HarmOBP18,321,4.51,4.52,-0.01,0.64,2
HarmPBP1,19,5.95,5.99,-0.05,0.9,5
HarmPBP1,32,5.93,6.05,-0.12,0.9,5
HarmPBP1,33,5.85,5.64,0.21,0.93,5
HarmPBP1,37,5.92,6.05,-0.12,0.9,5
HarmPBP1,77,5.84,5.67,0.17,0.93,5
HarmPBP1,79,5.94,6.01,-0.07,0.9,5
HarmPBP2,19,6.06,5.98,0.08,0.9,5
HarmPBP2,32,6.02,6.19,-0.17,0.9,5
HarmPBP2,33,5.88,5.73,0.14,0.93,5
HarmPBP2,37,5.97,6.19,-0.22,0.9,5
HarmPBP2,77,5.94,5.62,0.32,0.93,5
HarmPBP2,79,6.03,6.16,-0.13,0.9,5
HarmPBP3,19,5.63,5.28,0.34,0.9,5
HarmPBP3,32,5.64,5.8,-0.15,0.9,5
HarmPBP3,33,5.67,5.84,-0.17,0.93,5
HarmPBP3,37,5.58,5.4,0.18,0.9,5
HarmPBP3,77,5.7,5.8,-0.1,0.93,5
HarmPBP3,79,5.65,5.77,-0.12,0.9,5
HassPBP1,10,5.55,5.28,0.27,1.0,5
HassPBP1,17,5.56,5.22,0.34,1.0,5
HassPBP1,18,5.44,5.82,-0.38,1.0,5
HassPBP1,19,5.53,6.15,-0.62,0.9,5
HassPBP1,32,5.85,6.17,-0.31,0.9,5
HassPBP1,33,5.98,5.82,0.16,0.93,5
HassPBP1,35,5.58,5.12,0.46,1.0,5
HassPBP1,37,5.54,6.01,-0.47,0.9,5
HassPBP1,41,5.79,5.69,0.1,1.0,5
HassPBP1,46,5.77,5.8,-0.03,1.0,5
HassPBP1,58,5.72,6.05,-0.32,1.0,5
HassPBP1,77,5.98,5.82,0.15,0.93,5
HassPBP1,79,5.83,6.17,-0.34,0.9,5
HassPBP1,82,5.49,5.58,-0.09,1.0,5
HassPBP1,83,5.41,6.01,-0.6,1.0,5
HassPBP1,96,5.9,5.17,0.73,1.0,5
HassPBP1,149,5.71,6.12,-0.42,1.0,5
HassPBP1,192,5.77,5.83,-0.07,1.0,5
HassPBP1,233,5.41,5.84,-0.44,1.0,5
HassPBP1,234,5.41,6.12,-0.72,1.0,5
HassPBP1,285,5.77,5.12,0.64,1.0,5
HassPBP2,10,5.32,4.98,0.34,1.0,5
HassPBP2,17,5.28,5.23,0.05,1.0,5
HassPBP2,18,5.22,5.53,-0.31,1.0,5
HassPBP2,19,5.38,5.82,-0.45,0.9,5
HassPBP2,32,5.81,6.25,-0.44,0.9,5
HassPBP2,33,5.36,4.66,0.71,0.93,5
HassPBP2,35,5.32,4.98,0.34,1.0,5
HassPBP2,37,5.32,5.92,-0.6,0.9,5
HassPBP2,41,5.86,5.13,0.73,1.0,5
HassPBP2,46,5.66,6.13,-0.47,1.0,5
HassPBP2,58,5.69,5.95,-0.26,1.0,5
HassPBP2,77,5.36,4.66,0.7,0.93,5
HassPBP2,79,5.82,6.12,-0.3,0.9,5
HassPBP2,82,5.25,5.35,-0.1,1.0,5
HassPBP2,83,5.22,5.53,-0.31,1.0,5
HassPBP2,96,5.82,5.32,0.5,1.0,5
HassPBP2,149,5.68,6.03,-0.35,1.0,5
HassPBP2,192,5.71,5.85,-0.14,1.0,5
HassPBP2,233,5.22,6.23,-1.01,1.0,5
HassPBP2,234,5.22,5.73,-0.52,1.0,5
HassPBP2,285,5.71,4.83,0.88,1.0,5
HassPBP3,10,4.66,4.66,0.0,1.0,5
HassPBP3,17,4.66,4.66,0.0,1.0,5
HassPBP3,18,4.66,4.66,0.0,1.0,5
HassPBP3,19,4.92,5.39,-0.46,0.9,5
HassPBP3,32,5.19,5.74,-0.56,0.9,5
HassPBP3,33,5.9,6.09,-0.19,0.93,5
HassPBP3,35,4.66,4.66,0.0,1.0,5
HassPBP3,37,4.82,5.66,-0.84,0.9,5
HassPBP3,41,4.94,4.66,0.28,1.0,5
HassPBP3,46,4.83,5.22,-0.4,1.0,5
HassPBP3,58,4.94,4.66,0.28,1.0,5
HassPBP3,77,5.85,6.19,-0.34,0.93,5
HassPBP3,79,5.15,5.72,-0.57,0.9,5
HassPBP3,82,4.66,4.66,0.0,1.0,5
HassPBP3,83,4.66,4.66,0.0,1.0,5
HassPBP3,96,4.87,5.02,-0.15,1.0,5
HassPBP3,149,4.84,5.14,-0.3,1.0,5
HassPBP3,192,4.94,4.66,0.28,1.0,5
HassPBP3,233,4.66,4.66,0.0,1.0,5
HassPBP3,234,4.66,4.66,0.0,1.0,5
HassPBP3,285,4.94,4.66,0.28,1.0,5
HcunPBP1,5,5.21,4.66,0.55,0.56,3
HcunPBP1,6,4.66,4.66,0.0,0.41,1
HcunPBP1,7,4.66,5.14,-0.48,0.36,1
HcunPBP1,10,5.77,5.27,0.5,0.4,2
HcunPBP1,34,4.88,4.66,0.22,0.56,3
HcunPBP1,60,5.77,6.05,-0.28,0.79,3
HcunPBP1,63,5.14,4.66,0.48,0.36,1
HcunPBP1,69,5.93,5.44,0.49,0.65,3
HcunPBP1,181,4.66,5.14,-0.48,0.56,2
HcunPBP1,299,5.72,6.12,-0.4,0.79,3
HcunPBP1,376,5.36,5.36,0.0,0.72,1
HcunPBP1,482,5.36,5.36,0.0,0.72,1
HcunPBP2,5,5.28,5.21,0.07,0.56,3
HcunPBP2,6,5.45,4.66,0.8,0.41,1
HcunPBP2,7,5.33,5.28,0.05,0.36,1
HcunPBP2,10,5.94,4.66,1.29,0.4,2
HcunPBP2,34,4.81,5.45,-0.64,0.56,3
HcunPBP2,60,5.91,6.26,-0.35,0.79,3
HcunPBP2,63,5.28,5.33,-0.05,0.36,1
HcunPBP2,69,6.04,5.59,0.45,0.65,3
HcunPBP2,181,5.33,4.66,0.67,0.56,2
HcunPBP2,299,5.96,6.46,-0.5,0.79,3
HcunPBP2,376,5.36,6.57,-1.21,0.72,1
HcunPBP2,482,6.57,5.36,1.21,0.72,1
HcunPBP3,5,5.17,4.66,0.51,0.56,3
HcunPBP3,6,5.32,4.66,0.66,0.41,1
HcunPBP3,7,4.66,5.17,-0.51,0.36,1
HcunPBP3,10,5.82,5.32,0.5,0.4,2
HcunPBP3,34,4.66,5.32,-0.66,0.56,3
HcunPBP3,60,5.8,6.13,-0.33,0.79,3
HcunPBP3,63,5.17,4.66,0.51,0.36,1
HcunPBP3,69,6.0,5.46,0.53,0.65,3
HcunPBP3,181,4.99,4.66,0.33,0.56,2
HcunPBP3,299,5.78,6.15,-0.38,0.79,3
HcunPBP3,376,6.12,5.76,0.36,0.72,1
HcunPBP3,482,5.76,6.12,-0.36,0.72,1
HeleOBP1,4,4.62,4.31,0.31,0.43,2
HeleOBP1,10,4.31,4.26,0.05,1.0,2
HeleOBP1,17,4.27,4.31,-0.04,1.0,2
HeleOBP1,50,4.32,4.79,-0.46,0.43,3
HeleOBP1,129,4.48,4.37,0.1,0.4,3
HeleOBP1,375,4.29,4.32,-0.04,0.46,2
HeleOBP1,409,4.58,4.29,0.29,0.38,2
HeleOBP1,478,4.31,4.4,-0.09,0.38,1
HeleOBP1,525,4.37,4.35,0.03,0.4,1
HoblCSP1,3,4.15,4.6,-0.44,0.48,3
HoblCSP1,4,4.69,4.63,0.06,0.52,1
HoblCSP1,12,4.65,4.32,0.33,0.74,1
HoblCSP1,16,4.39,4.24,0.15,1.0,2
HoblCSP1,20,3.96,3.96,0.0,0.38,1
HoblCSP1,23,4.24,4.53,-0.29,0.5,2
HoblCSP1,29,4.33,3.96,0.37,0.45,1
HoblCSP1,45,3.96,4.42,-0.46,0.39,1
HoblCSP1,47,4.63,4.69,-0.06,0.52,1
HoblCSP1,63,4.56,3.96,0.6,0.5,2
HoblCSP1,80,4.2,3.96,0.24,0.39,2
HoblCSP1,143,3.96,4.33,-0.37,0.45,1
HoblCSP1,171,4.2,4.45,-0.24,1.0,2
HoblCSP1,189,4.32,4.65,-0.33,0.74,1
HoblCSP1,312,4.6,3.96,0.64,0.4,1
HoblCSP1,396,4.34,3.96,0.38,0.38,2
HoblCSP2,3,4.26,4.53,-0.27,0.48,3
HoblCSP2,4,4.76,4.71,0.05,0.52,1
HoblCSP2,12,3.96,3.96,0.0,0.74,1
HoblCSP2,16,4.34,4.22,0.12,1.0,2
HoblCSP2,20,3.96,3.96,0.0,0.38,1
HoblCSP2,23,4.37,4.52,-0.15,0.5,2
HoblCSP2,29,4.4,3.96,0.45,0.45,1
HoblCSP2,45,3.96,3.96,0.0,0.39,1
HoblCSP2,47,4.71,4.76,-0.05,0.52,1
HoblCSP2,63,4.52,4.24,0.28,0.5,2
HoblCSP2,80,3.96,3.96,0.0,0.39,2
HoblCSP2,143,3.96,4.4,-0.45,0.45,1
HoblCSP2,171,4.19,4.39,-0.2,1.0,2
HoblCSP2,189,3.96,3.96,0.0,0.74,1
HoblCSP2,312,4.53,3.96,0.57,0.4,1
HoblCSP2,396,4.3,3.96,0.35,0.38,2
HoblOBP1,2,4.87,5.2,-0.32,0.55,1
HoblOBP1,3,4.3,4.87,-0.57,0.48,3
HoblOBP1,4,4.91,4.39,0.52,0.52,1
HoblOBP1,5,3.96,4.48,-0.52,0.43,3
HoblOBP1,6,3.96,4.65,-0.69,0.41,3
HoblOBP1,8,4.48,3.96,0.52,0.42,1
HoblOBP1,12,4.5,4.55,-0.04,0.74,1
HoblOBP1,15,4.07,4.33,-0.27,0.81,2
HoblOBP1,16,4.28,3.96,0.32,1.0,4
HoblOBP1,23,4.36,4.65,-0.28,0.5,2
HoblOBP1,34,4.11,3.96,0.16,1.0,3
HoblOBP1,47,4.39,4.91,-0.52,0.52,1
HoblOBP1,54,4.75,5.18,-0.43,0.86,2
HoblOBP1,63,4.76,3.96,0.8,0.5,2
HoblOBP1,65,4.28,3.96,0.32,1.0,4
HoblOBP1,72,4.39,3.96,0.43,0.81,3
HoblOBP1,116,4.28,4.28,0.0,0.52,1
HoblOBP1,129,4.28,4.28,0.0,0.52,1
HoblOBP1,130,4.21,4.39,-0.18,0.54,5
HoblOBP1,152,4.1,4.55,-0.44,1.0,4
HoblOBP1,160,4.11,3.96,0.16,1.0,3
HoblOBP1,171,4.18,4.31,-0.13,1.0,4
HoblOBP1,178,5.2,4.87,0.32,0.55,1
HoblOBP1,189,4.58,4.5,0.08,0.74,2
HoblOBP1,205,4.98,4.75,0.24,0.86,2
HoblOBP1,312,4.87,4.36,0.51,0.4,1
HoblOBP1,401,4.9,4.75,0.16,0.79,3
HoblOBP2,3,4.04,4.62,-0.58,0.48,3
HoblOBP2,4,4.32,4.49,-0.18,0.52,1
HoblOBP2,5,4.09,4.4,-0.31,0.43,3
HoblOBP2,6,4.15,4.32,-0.17,0.41,3
HoblOBP2,8,4.4,4.14,0.26,0.42,1
HoblOBP2,10,4.18,3.96,0.22,1.0,5
HoblOBP2,12,4.32,4.79,-0.48,0.74,1
HoblOBP2,16,3.97,4.19,-0.22,1.0,5
HoblOBP2,23,4.36,3.96,0.41,0.5,2
HoblOBP2,28,4.09,4.14,-0.05,1.0,5
HoblOBP2,34,4.06,4.16,-0.1,1.0,3
HoblOBP2,47,4.49,4.32,0.18,0.52,1
HoblOBP2,54,4.56,5.1,-0.54,0.86,2
HoblOBP2,63,4.28,4.16,0.11,0.5,2
HoblOBP2,65,4.06,3.96,0.1,1.0,5
HoblOBP2,72,4.06,4.38,-0.31,0.76,4
HoblOBP2,116,4.35,4.19,0.16,0.52,1
HoblOBP2,129,4.19,4.35,-0.16,0.52,1
HoblOBP2,130,4.04,3.96,0.08,0.54,5
HoblOBP2,152,4.06,3.96,0.1,1.0,5
HoblOBP2,160,4.21,3.96,0.26,1.0,3
HoblOBP2,189,4.69,4.32,0.37,0.74,2
HoblOBP2,205,4.7,4.8,-0.1,0.86,2
HoblOBP2,312,4.62,3.96,0.66,0.4,1
HoblOBP2,401,4.88,4.22,0.65,0.79,3
HoblOBP3,5,4.26,4.26,0.0,0.43,2
HoblOBP3,6,4.35,4.26,0.09,0.41,3
HoblOBP3,15,4.33,4.26,0.07,0.94,5
HoblOBP3,16,4.26,4.26,-0.0,1.0,5
HoblOBP3,17,4.32,4.26,0.06,1.0,5
HoblOBP3,28,4.32,4.26,0.06,1.0,5
HoblOBP3,34,4.26,4.26,0.0,1.0,3
HoblOBP3,55,4.26,4.26,0.0,1.0,5
HoblOBP3,65,4.26,4.26,-0.0,1.0,5
HoblOBP3,72,4.26,4.57,-0.31,0.81,5
HoblOBP3,131,4.26,4.26,0.0,1.0,5
HoblOBP3,152,4.26,4.26,-0.0,1.0,5
HoblOBP3,160,4.26,4.26,0.0,1.0,3
HoblOBP3,290,4.26,4.26,0.0,1.0,5
HoblOBP3,291,4.26,4.26,0.0,1.0,5
HoblOBP4,5,4.87,4.9,-0.03,0.43,2
HoblOBP4,6,4.89,5.09,-0.21,0.41,3
HoblOBP4,15,4.45,4.96,-0.51,0.94,5
HoblOBP4,16,4.79,5.06,-0.27,1.0,5
HoblOBP4,17,4.64,4.26,0.38,1.0,5
HoblOBP4,28,4.64,4.26,0.38,1.0,5
HoblOBP4,34,4.99,4.75,0.24,1.0,3
HoblOBP4,55,4.57,4.74,-0.16,1.0,5
HoblOBP4,65,4.86,4.81,0.05,1.0,5
HoblOBP4,72,4.51,4.93,-0.42,0.81,5
HoblOBP4,131,4.7,4.26,0.44,1.0,5
HoblOBP4,152,4.83,4.93,-0.1,1.0,5
HoblOBP4,160,4.81,4.99,-0.17,1.0,3
HoblOBP4,290,4.52,4.93,-0.41,1.0,5
HoblOBP4,291,4.7,4.26,0.44,1.0,5
HoblOBP5,277,4.44,4.25,0.19,0.45,1
HoblOBP5,278,4.25,4.44,-0.19,0.45,1
HoblOBP8,277,4.32,4.89,-0.57,0.45,1
HoblOBP8,278,4.89,4.32,0.57,0.45,1
HoblOBP9,277,4.55,3.93,0.63,0.45,1
HoblOBP9,278,3.93,4.55,-0.63,0.45,1
HoblOBP24,277,4.93,5.17,-0.24,0.45,1
HoblOBP24,278,5.17,4.93,0.24,0.45,1
HparOBP20,5,4.57,4.6,-0.03,1.0,3
HparOBP20,6,4.47,4.26,0.21,0.41,3
HparOBP20,8,4.61,4.73,-0.12,0.52,3
HparOBP20,10,4.39,4.26,0.13,1.0,5
HparOBP20,12,4.26,4.62,-0.36,0.52,1
HparOBP20,13,4.26,4.26,0.0,0.65,1
HparOBP20,14,4.26,4.26,0.0,0.5,1
HparOBP20,15,4.39,4.26,0.13,0.94,5
HparOBP20,16,4.56,4.26,0.3,1.0,5
HparOBP20,18,4.39,4.26,0.13,1.0,5
HparOBP20,22,4.26,4.26,0.0,0.65,2
HparOBP20,34,4.53,4.26,0.27,0.43,4
HparOBP20,72,4.31,4.58,-0.28,0.81,5
HparOBP20,81,4.62,4.26,0.36,0.52,1
HparOBP20,121,4.48,4.63,-0.15,0.52,3
HparOBP20,151,4.58,4.39,0.19,1.0,5
HparOBP20,170,4.37,4.86,-0.48,1.0,5
HparOBP20,171,4.39,4.6,-0.2,1.0,5
HparOBP20,180,4.57,4.6,-0.03,1.0,3
HparOBP20,388,4.53,4.4,0.13,0.41,4
HparOBP49,5,4.28,4.26,0.02,1.0,3
HparOBP49,6,4.26,4.26,0.0,0.41,3
HparOBP49,8,4.26,4.4,-0.14,0.52,3
HparOBP49,10,4.26,4.26,-0.0,1.0,5
HparOBP49,12,4.26,4.26,0.0,0.52,1
HparOBP49,13,4.26,4.26,0.0,0.65,1
HparOBP49,14,4.26,4.26,0.0,0.5,1
HparOBP49,15,4.26,4.26,0.0,0.94,5
HparOBP49,16,4.26,4.26,0.0,1.0,5
HparOBP49,18,4.26,4.26,-0.0,1.0,5
HparOBP49,22,4.26,4.26,0.0,0.65,2
HparOBP49,34,4.26,4.26,0.0,0.43,4
HparOBP49,72,4.26,4.26,0.0,0.81,5
HparOBP49,81,4.26,4.26,0.0,0.52,1
HparOBP49,121,4.33,4.26,0.07,0.52,3
HparOBP49,151,4.26,4.26,0.0,1.0,5
HparOBP49,170,4.26,4.26,0.0,1.0,5
HparOBP49,171,4.26,4.26,0.0,1.0,5
HparOBP49,180,4.28,4.26,0.02,1.0,3
HparOBP49,388,4.26,4.37,-0.12,0.41,4
LbotPBP1,8,5.2,4.37,0.82,0.71,5
LbotPBP1,41,5.34,4.79,0.54,1.0,3
LbotPBP1,62,5.18,5.14,0.03,0.93,5
LbotPBP1,77,5.21,5.01,0.2,0.93,5
LbotPBP1,285,4.9,5.36,-0.45,1.0,3
LbotPBP1,324,5.2,5.21,-0.02,0.77,5
LbotPBP1,353,5.22,5.2,0.02,0.8,5
LbotPBP1,436,5.18,5.47,-0.29,0.61,5
LbotPBP1,437,5.1,5.11,-0.01,1.0,5
LbotPBP1,438,5.0,5.42,-0.42,1.0,5
LbotPBP1,469,5.17,5.31,-0.14,0.53,5
LdisPBP1,413,5.73,5.52,0.2,1.0,1
LdisPBP1,421,5.52,5.73,-0.2,1.0,1
LdisPBP2,413,5.73,5.61,0.12,1.0,1
LdisPBP2,421,5.61,5.73,-0.12,1.0,1
LmigOBP1,10,4.9,4.66,0.24,1.0,5
LmigOBP1,15,4.66,4.66,0.0,0.94,5
LmigOBP1,17,4.9,4.66,0.24,1.0,5
LmigOBP1,18,4.9,4.66,0.24,1.0,5
LmigOBP1,27,5.72,5.68,0.04,1.0,5
LmigOBP1,35,4.9,4.66,0.24,1.0,5
LmigOBP1,36,5.62,4.66,0.96,0.94,5
LmigOBP1,39,4.66,4.66,0.0,0.36,1
LmigOBP1,40,5.61,6.24,-0.62,1.0,5
LmigOBP1,41,5.47,5.77,-0.29,1.0,5
LmigOBP1,46,5.6,5.14,0.46,1.0,5
LmigOBP1,58,5.45,5.89,-0.43,1.0,5
LmigOBP1,69,5.34,4.66,0.69,1.0,5
LmigOBP1,78,4.9,4.66,0.24,0.35,2
LmigOBP1,82,4.9,4.66,0.24,1.0,5
LmigOBP1,146,4.66,5.47,-0.81,0.58,2
LmigOBP1,149,5.54,5.46,0.08,1.0,5
LmigOBP1,152,5.7,4.66,1.04,1.0,5
LmigOBP1,154,4.66,4.66,0.0,0.38,1
LmigOBP1,189,5.03,4.66,0.37,0.48,3
LmigOBP1,190,5.93,4.66,1.27,1.0,5
LmigOBP1,192,5.38,6.23,-0.85,1.0,5
LmigOBP1,193,5.38,5.03,0.36,1.0,5
LmigOBP1,233,4.66,5.86,-1.2,1.0,5
LmigOBP1,266,5.74,5.93,-0.19,1.0,5
LmigOBP1,267,5.74,5.95,-0.22,1.0,5
LmigOBP1,268,5.32,5.77,-0.45,1.0,5
LmigOBP1,273,5.79,5.35,0.44,1.0,5
LmigOBP1,282,4.66,4.66,0.0,0.38,1
LmigOBP1,323,5.85,5.41,0.44,1.0,5
LmigOBP1,336,5.38,5.84,-0.46,1.0,5
LmigOBP1,396,5.74,4.66,1.09,1.0,5
LmigOBP1,446,5.74,4.66,1.09,0.4,5
LmigOBP1,450,5.32,5.26,0.06,0.48,5
LmigOBP1,479,5.38,4.97,0.41,0.38,5
LmigOBP1,515,5.16,5.13,0.02,1.0,5
LmigOBP1,530,5.81,5.61,0.2,1.0,5
LmigOBP1,531,5.77,5.8,-0.04,1.0,5
LmigOBP1,532,5.74,5.94,-0.19,1.0,5
LmigOBP1,544,5.22,4.66,0.56,0.58,2
LmigOBP1,565,5.17,4.66,0.51,0.63,5
LmigOBP1,567,5.63,6.17,-0.54,1.0,5
LmigOBP1,568,5.62,6.21,-0.59,1.0,5
LmigOBP1 S59A,41,5.46,5.75,-0.29,1.0,4
LmigOBP1 S59A,46,5.63,5.07,0.57,1.0,4
LmigOBP1 S59A,58,5.45,5.79,-0.34,1.0,4
LmigOBP1 S59A,149,5.53,5.47,0.06,1.0,4
LmigOBP1 S59A,192,5.52,5.52,-0.0,1.0,4
LmigOBP1 N74A,41,4.66,4.66,0.0,1.0,4
LmigOBP1 N74A,46,4.66,4.66,0.0,1.0,4
LmigOBP1 N74A,58,4.66,4.66,0.0,1.0,4
LmigOBP1 N74A,149,4.66,4.66,0.0,1.0,4
LmigOBP1 N74A,192,4.66,4.66,0.0,1.0,4
LmigOBP1 V87A,41,5.42,5.14,0.28,1.0,4
LmigOBP1 V87A,46,5.55,4.66,0.89,1.0,4
LmigOBP1 V87A,58,5.26,5.81,-0.56,1.0,4
LmigOBP1 V87A,149,5.33,5.52,-0.19,1.0,4
LmigOBP1 V87A,192,5.28,5.71,-0.42,1.0,4
LmigOBP4,10,4.66,4.66,0.0,1.0,5
LmigOBP4,15,4.66,4.66,0.0,0.94,5
LmigOBP4,17,4.66,4.66,0.0,1.0,5
LmigOBP4,18,4.66,4.66,0.0,1.0,5
LmigOBP4,27,4.86,4.94,-0.08,1.0,5
LmigOBP4,35,4.66,4.66,0.0,1.0,5
LmigOBP4,36,4.92,5.24,-0.33,0.94,5
LmigOBP4,40,4.86,4.93,-0.07,1.0,5
LmigOBP4,41,4.71,4.86,-0.15,1.0,5
LmigOBP4,43,4.71,4.66,0.05,0.65,5
LmigOBP4,46,4.75,4.66,0.09,1.0,5
LmigOBP4,58,4.75,4.66,0.09,1.0,5
LmigOBP4,61,4.97,4.66,0.31,0.52,2
LmigOBP4,63,4.91,5.0,-0.09,0.5,5
LmigOBP4,69,4.85,4.66,0.2,1.0,5
LmigOBP4,70,4.66,4.92,-0.26,1.0,5
LmigOBP4,78,4.66,4.66,0.0,0.35,2
LmigOBP4,82,4.66,4.66,0.0,1.0,5
LmigOBP4,84,4.66,4.66,0.0,0.58,1
LmigOBP4,106,4.66,4.66,0.0,0.39,1
LmigOBP4,146,5.55,5.35,0.2,0.58,3
LmigOBP4,149,4.75,4.66,0.09,1.0,5
LmigOBP4,154,4.66,4.66,0.0,0.38,1
LmigOBP4,179,4.82,4.94,-0.12,0.52,2
LmigOBP4,189,5.49,5.3,0.19,0.48,2
LmigOBP4,190,4.83,5.08,-0.25,1.0,5
LmigOBP4,192,4.7,4.92,-0.22,1.0,5
LmigOBP4,193,4.75,4.66,0.09,1.0,5
LmigOBP4,233,4.66,4.66,0.0,1.0,5
LmigOBP4,240,4.66,4.66,0.0,0.58,1
LmigOBP4,266,4.71,4.66,0.05,1.0,5
LmigOBP4,267,4.71,4.66,0.05,1.0,5
LmigOBP4,268,4.7,4.66,0.04,1.0,5
LmigOBP4,273,4.85,4.97,-0.12,1.0,5
LmigOBP4,282,4.66,4.66,0.0,0.38,1
LmigOBP4,285,4.75,4.66,0.09,1.0,5
LmigOBP4,293,4.66,4.66,0.0,0.39,1
LmigOBP4,323,4.71,4.66,0.05,1.0,5
LmigOBP4,336,4.75,4.89,-0.14,1.0,5
LmigOBP4,396,4.7,4.66,0.04,1.0,5
LmigOBP4,445,4.92,5.57,-0.65,0.41,5
LmigOBP4,446,4.71,5.05,-0.34,0.46,5
LmigOBP4,450,4.92,4.66,0.26,0.48,5
LmigOBP4,479,4.75,4.66,0.09,0.38,5
LmigOBP4,515,4.85,4.66,0.2,1.0,5
LmigOBP4,531,4.71,4.66,0.05,1.0,5
LmigOBP4,532,4.71,4.66,0.05,1.0,5
LmigOBP4,544,5.33,5.71,-0.37,0.58,2
LmigOBP4,565,4.98,4.97,0.01,0.63,5
LmigOBP4,567,4.92,4.66,0.26,1.0,5
LmigOBP4,568,4.92,4.66,0.26,1.0,5
LstiGOBP1,4,4.97,4.73,0.24,0.52,1
LstiGOBP1,16,5.11,4.87,0.24,1.0,1
LstiGOBP1,47,4.73,4.97,-0.24,0.52,1
LstiGOBP1,65,4.87,5.11,-0.24,1.0,1
LstiGOBP1 T15A,4,4.69,4.66,0.03,0.52,1
LstiGOBP1 T15A,16,4.36,4.36,0.0,1.0,1
LstiGOBP1 T15A,47,4.66,4.69,-0.03,0.52,1
LstiGOBP1 T15A,65,4.36,4.36,0.0,1.0,1
LstiGOBP1 T15A/W43A,4,4.36,4.36,0.0,0.52,1
LstiGOBP1 T15A/W43A,16,4.36,4.36,0.0,1.0,1
LstiGOBP1 T15A/W43A,47,4.36,4.36,0.0,0.52,1
LstiGOBP1 T15A/W43A,65,4.36,4.36,0.0,1.0,1
LstiGOBP1 W43A,4,4.79,4.72,0.07,0.52,1
LstiGOBP1 W43A,16,4.36,4.36,0.0,1.0,1
LstiGOBP1 W43A,47,4.72,4.79,-0.07,0.52,1
LstiGOBP1 W43A,65,4.36,4.36,0.0,1.0,1
LstiGOBP1 V14A,4,4.71,4.74,-0.04,0.52,1
LstiGOBP1 V14A,16,4.78,4.7,0.09,1.0,1
LstiGOBP1 V14A,47,4.74,4.71,0.04,0.52,1
LstiGOBP1 V14A,65,4.7,4.78,-0.09,1.0,1
LstiGOBP2,3,4.81,4.83,-0.02,0.48,4
LstiGOBP2,4,4.97,4.95,0.02,0.52,2
LstiGOBP2,5,4.85,4.95,-0.1,0.43,3
LstiGOBP2,6,4.9,5.21,-0.3,0.41,3
LstiGOBP2,8,4.92,4.77,0.15,0.71,3
LstiGOBP2,10,4.97,4.64,0.33,1.0,5
LstiGOBP2,12,4.93,4.26,0.67,0.74,1
LstiGOBP2,15,4.84,5.14,-0.29,0.94,4
LstiGOBP2,16,5.08,5.19,-0.11,1.0,4
LstiGOBP2,23,4.8,4.89,-0.09,0.5,3
LstiGOBP2,28,4.91,4.85,0.06,1.0,5
LstiGOBP2,35,4.91,4.85,0.06,1.0,5
LstiGOBP2,47,4.94,5.0,-0.06,0.52,2
LstiGOBP2,50,4.97,4.93,0.04,0.43,2
LstiGOBP2,63,4.84,4.78,0.06,0.5,3
LstiGOBP2,65,5.06,5.21,-0.14,1.0,4
LstiGOBP2,72,4.9,5.09,-0.19,0.81,5
LstiGOBP2,119,4.8,4.97,-0.17,0.71,3
LstiGOBP2,121,4.91,4.78,0.13,0.52,4
LstiGOBP2,160,4.98,4.85,0.12,0.43,3
LstiGOBP2,189,4.26,4.93,-0.67,0.74,1
LstiGOBP2,312,4.83,4.78,0.05,0.4,1
LstiGOBP2,466,4.83,4.78,0.05,0.4,3
LstiPBP1,8,5.3,4.05,1.25,0.37,1
LstiPBP1,28,4.24,4.66,-0.42,0.38,1
LstiPBP1,65,5.04,4.24,0.8,0.45,2
LstiPBP1,467,4.16,5.3,-1.14,0.45,2
LstrOBP2,2,4.26,4.72,-0.46,0.58,1
LstrOBP2,3,4.26,4.26,0.0,0.48,5
LstrOBP2,4,4.26,4.26,0.0,0.43,1
LstrOBP2,5,4.26,4.26,0.0,0.43,4
LstrOBP2,6,4.26,4.26,0.0,0.41,2
LstrOBP2,7,4.26,4.26,0.0,0.79,5
LstrOBP2,8,4.26,4.26,0.0,0.62,5
LstrOBP2,11,4.26,4.26,0.0,0.79,2
LstrOBP2,13,4.26,4.26,0.0,0.41,1
LstrOBP2,15,4.26,4.26,0.0,0.94,5
LstrOBP2,16,4.26,4.26,0.0,0.62,5
LstrOBP2,17,4.26,4.26,0.0,1.0,5
LstrOBP2,18,4.26,4.26,0.0,1.0,5
LstrOBP2,21,4.26,4.26,0.0,0.47,1
LstrOBP2,23,4.26,4.26,0.0,0.95,5
LstrOBP2,24,4.26,4.26,0.0,0.38,1
LstrOBP2,27,4.26,4.26,0.0,1.0,5
LstrOBP2,35,4.26,4.26,0.0,1.0,5
LstrOBP2,36,4.26,4.26,0.0,0.94,5
LstrOBP2,39,4.34,4.26,0.08,0.46,5
LstrOBP2,40,4.26,4.26,0.0,1.0,5
LstrOBP2,43,4.26,4.26,0.0,0.6,5
LstrOBP2,45,4.26,4.26,0.0,0.39,1
LstrOBP2,50,4.26,4.26,0.0,0.43,4
LstrOBP2,54,4.26,4.58,-0.32,0.86,5
LstrOBP2,56,4.26,4.26,0.0,0.85,5
LstrOBP2,57,4.26,4.26,0.0,1.0,5
LstrOBP2,60,4.26,4.26,0.0,0.43,5
LstrOBP2,61,4.26,4.26,0.0,0.59,5
LstrOBP2,63,4.26,4.26,0.0,0.81,5
LstrOBP2,64,4.26,4.26,0.0,0.82,5
LstrOBP2,68,4.26,4.26,0.0,0.39,2
LstrOBP2,74,4.26,4.26,0.0,0.48,5
LstrOBP2,75,4.26,4.26,0.0,0.39,1
LstrOBP2,76,4.26,4.26,0.0,1.0,5
LstrOBP2,86,4.26,4.26,0.0,0.81,5
LstrOBP2,91,4.26,4.26,0.0,0.62,5
LstrOBP2,92,4.26,4.26,0.0,0.41,3
LstrOBP2,97,4.26,4.26,0.0,1.0,5
LstrOBP2,99,4.26,4.26,0.0,0.95,5
LstrOBP2,103,4.26,4.26,0.0,1.0,5
LstrOBP2,107,4.26,4.26,0.0,1.0,5
LstrOBP2,108,4.26,4.26,0.0,0.77,5
LstrOBP2,110,4.26,4.26,0.0,0.36,1
LstrOBP2,120,4.26,4.26,0.0,0.64,5
LstrOBP2,121,4.26,4.26,-0.0,0.64,5
LstrOBP2,129,4.26,4.26,0.0,0.43,4
LstrOBP2,140,4.26,4.68,-0.42,0.38,1
LstrOBP2,145,4.26,4.26,0.0,1.0,5
LstrOBP2,150,4.26,4.26,0.0,1.0,5
LstrOBP2,151,4.26,4.26,0.0,1.0,5
LstrOBP2,153,4.26,4.26,0.0,1.0,5
LstrOBP2,165,4.31,4.71,-0.4,0.61,5
LstrOBP2,169,4.26,4.26,-0.0,0.39,2
LstrOBP2,188,4.44,4.26,0.18,0.66,5
LstrOBP2,194,4.26,4.26,0.0,1.0,5
LstrOBP2,205,4.46,4.26,0.2,0.86,5
LstrOBP2,214,4.26,4.26,0.0,0.77,5
LstrOBP2,245,4.34,4.26,0.08,0.43,5
LstrOBP2,252,4.71,4.26,0.45,0.58,2
LstrOBP2,254,4.26,4.26,0.0,0.47,1
LstrOBP2,262,4.33,4.26,0.07,0.64,5
LstrOBP2,283,4.26,4.26,0.0,0.48,5
LstrOBP2,286,4.26,4.26,0.0,0.38,1
LstrOBP2,321,4.39,4.26,0.13,0.64,5
LstrOBP2,399,4.26,4.26,0.0,0.6,2
LstrOBP2,471,4.26,4.26,0.0,0.43,4
LstrOBP2,529,4.26,4.26,-0.0,0.43,5
LstrOBP2,536,4.26,4.26,-0.0,0.95,5
MaltCSP5,24,4.65,4.62,0.03,0.38,1
MaltCSP5,68,4.62,4.65,-0.03,0.38,1
MaltOBP1,21,4.26,4.89,-0.63,1.0,2
MaltOBP1,29,4.58,4.26,0.32,1.0,2
MaltOBP1,38,4.58,4.26,0.32,1.0,2
MaltOBP1,45,4.63,4.26,0.37,0.39,1
MaltOBP1,80,4.49,4.63,-0.15,0.39,2
MaltOBP1,113,4.52,4.73,-0.21,0.41,2
MaltOBP1,308,4.73,4.43,0.3,0.41,1
MaltOBP3,20,5.47,4.7,0.77,1.0,2
MaltOBP3,21,5.24,4.26,0.98,1.0,2
MaltOBP3,24,4.78,5.48,-0.7,1.0,2
MaltOBP3,29,4.34,6.05,-1.71,1.0,2
MaltOBP3,31,4.54,4.51,0.03,1.0,1
MaltOBP3,38,5.16,4.42,0.73,1.0,2
MaltOBP3,68,5.09,5.37,-0.28,0.38,2
MaltOBP3,381,4.51,4.54,-0.03,1.0,1
MaltOBP5,20,4.76,4.71,0.05,1.0,2
MaltOBP5,21,4.82,4.82,-0.01,1.0,2
MaltOBP5,24,4.72,4.75,-0.03,1.0,2
MaltOBP5,29,4.68,5.11,-0.43,1.0,2
MaltOBP5,31,4.51,4.26,0.25,1.0,1
MaltOBP5,38,4.97,4.53,0.44,1.0,2
MaltOBP5,68,4.73,4.8,-0.07,0.38,2
MaltOBP5,381,4.26,4.51,-0.25,1.0,1
MaltOBP9,9,4.82,4.79,0.03,0.48,1
MaltOBP9,21,4.53,4.77,-0.23,1.0,1
MaltOBP9,24,4.68,4.68,0.0,0.38,1
MaltOBP9,38,4.77,4.53,0.23,1.0,1
MaltOBP9,45,4.68,4.65,0.03,0.39,1
MaltOBP9,49,4.56,4.59,-0.03,0.38,1
MaltOBP9,68,4.66,4.68,-0.02,0.39,2
MaltOBP9,161,4.82,4.36,0.45,0.36,1
MaltOBP9,184,4.63,4.82,-0.18,0.48,2
MaltOBP9,206,4.59,4.56,0.03,0.38,1
MaltOBP10,9,4.79,4.79,-0.0,0.48,1
MaltOBP10,21,4.74,4.62,0.11,1.0,1
MaltOBP10,24,4.59,4.88,-0.29,0.38,1
MaltOBP10,38,4.62,4.74,-0.11,1.0,1
MaltOBP10,45,4.59,4.69,-0.1,0.39,1
MaltOBP10,49,4.64,4.58,0.06,0.38,1
MaltOBP10,68,4.78,4.59,0.19,0.39,2
MaltOBP10,161,4.79,4.71,0.08,0.36,1
MaltOBP10,184,4.76,4.79,-0.03,0.48,2
MaltOBP10,206,4.58,4.64,-0.06,0.38,1
MaltOBP13,9,4.19,5.13,-0.94,0.48,1
MaltOBP13,21,4.91,4.65,0.26,1.0,1
MaltOBP13,24,4.48,4.5,-0.02,0.38,1
MaltOBP13,38,4.65,4.91,-0.26,1.0,1
MaltOBP13,45,4.48,4.48,-0.0,0.39,1
MaltOBP13,49,4.57,4.76,-0.19,0.38,1
MaltOBP13,68,4.49,4.48,0.01,0.39,2
MaltOBP13,161,4.19,4.63,-0.44,0.36,1
MaltOBP13,184,4.95,4.19,0.76,0.48,2
MaltOBP13,186,4.83,5.03,-0.21,0.46,1
MaltOBP13,206,4.76,4.57,0.19,0.38,1
MaltOBP13,379,5.03,4.83,0.21,0.46,1
McinOBP1,6,5.18,4.99,0.2,0.67,2
McinOBP1,8,4.68,5.4,-0.71,0.42,1
McinOBP1,10,4.53,4.77,-0.24,1.0,5
McinOBP1,11,4.61,4.79,-0.18,0.35,1
McinOBP1,15,4.48,4.78,-0.3,0.94,5
McinOBP1,17,4.65,4.26,0.39,1.0,5
McinOBP1,20,4.97,4.81,0.16,0.38,1
McinOBP1,22,4.61,5.05,-0.44,0.58,1
McinOBP1,28,4.59,4.51,0.08,1.0,5
McinOBP1,30,4.98,4.61,0.37,0.58,2
McinOBP1,68,4.81,4.97,-0.16,0.38,1
McinOBP1,82,4.65,4.26,0.39,1.0,5
McinOBP1,123,4.74,5.53,-0.79,0.95,5
McinOBP1,180,5.4,4.68,0.71,0.42,1
McinOBP1,218,5.06,4.87,0.2,0.95,5
McinOBP4,3,4.81,4.75,0.06,0.5,2
McinOBP4,6,4.91,4.89,0.02,0.67,2
McinOBP4,8,5.16,4.81,0.34,0.42,1
McinOBP4,10,4.78,4.9,-0.12,1.0,4
McinOBP4,11,4.75,5.02,-0.27,0.4,1
McinOBP4,15,4.9,4.57,0.33,0.94,4
McinOBP4,20,4.83,4.58,0.26,0.38,1
McinOBP4,22,4.75,4.67,0.08,0.5,1
McinOBP4,28,4.79,4.89,-0.1,1.0,4
McinOBP4,68,4.58,4.83,-0.26,0.38,1
McinOBP4,123,4.87,4.89,-0.03,0.95,5
McinOBP4,180,4.81,5.16,-0.34,0.42,1
McinOBP4,218,4.85,4.92,-0.07,0.95,5
MmedCSP3,19,4.74,4.76,-0.02,0.58,3
MmedCSP3,32,4.75,4.76,-0.01,0.58,3
MmedCSP3,69,4.74,4.65,0.09,0.74,1
MmedCSP3,119,4.75,4.73,0.03,0.4,3
MmedCSP3,349,4.71,4.74,-0.03,0.74,4
MmedNPC2a,4,4.86,4.61,0.25,0.43,2
MmedNPC2a,93,4.74,4.85,-0.11,0.41,2
MmedNPC2a,166,4.72,4.86,-0.14,0.43,2
MmedOBP2,93,5.39,5.47,-0.08,0.52,1
MmedOBP2,571,5.47,5.39,0.08,0.52,1
MmedOBP4,3,4.88,4.83,0.05,0.44,2
MmedOBP4,7,4.69,5.23,-0.53,0.47,2
MmedOBP4,23,5.04,4.59,0.45,0.47,2
MmedOBP4,55,4.56,4.75,-0.19,0.47,2
MmedOBP4,64,4.75,4.6,0.15,0.35,1
MmedOBP4,284,4.75,4.54,0.21,0.47,1
MmedOBP6,35,4.22,4.18,0.04,0.5,2
MmedOBP6,144,4.79,4.64,0.16,0.6,1
MmedOBP6,194,4.38,4.16,0.23,0.67,3
MmedOBP6,211,4.16,4.34,-0.18,0.67,2
MmedOBP6,284,4.16,4.7,-0.54,0.47,1
MmedOBP6,483,4.64,4.79,-0.16,0.6,1
MmedOBP7,7,3.96,3.96,0.0,0.47,1
MmedOBP7,23,3.96,3.96,0.0,0.47,1
MmedOBP8,3,4.84,4.26,0.58,0.5,4
MmedOBP8,6,4.26,4.26,0.0,0.36,1
MmedOBP8,7,4.96,4.53,0.44,0.5,3
MmedOBP8,10,4.33,4.56,-0.23,1.0,5
MmedOBP8,13,4.85,4.26,0.59,0.65,2
MmedOBP8,14,4.66,5.34,-0.69,0.5,3
MmedOBP8,17,4.4,4.26,0.14,1.0,5
MmedOBP8,22,4.55,5.08,-0.53,0.65,4
MmedOBP8,28,4.4,4.26,0.14,1.0,5
MmedOBP8,35,4.4,4.26,0.14,1.0,5
MmedOBP8,36,4.39,4.26,0.13,0.94,5
MmedOBP8,43,4.58,4.26,0.32,0.52,3
MmedOBP8,44,4.26,4.26,0.0,0.36,1
MmedOBP8,55,4.43,4.26,0.17,1.0,5
MmedOBP8,56,4.44,4.26,0.18,0.81,5
MmedOBP8,64,4.37,4.26,0.11,0.82,5
MmedOBP8,65,4.37,4.26,0.11,1.0,5
MmedOBP8,72,4.39,4.26,0.13,0.76,5
MmedOBP8,82,4.33,4.6,-0.27,1.0,5
MmedOBP8,92,4.26,4.26,0.0,0.41,3
MmedOBP8,103,4.46,4.26,0.2,0.81,5
MmedOBP8,107,4.43,4.26,0.17,1.0,5
MmedOBP8,117,4.26,5.21,-0.95,0.52,3
MmedOBP8,120,4.26,4.26,0.0,0.52,1
MmedOBP8,127,4.36,4.26,0.1,0.92,5
MmedOBP8,131,4.26,5.13,-0.87,1.0,5
MmedOBP8,152,4.37,4.26,0.11,1.0,5
MmedOBP8,170,4.43,4.26,0.17,1.0,5
MmedOBP8,194,4.43,4.26,0.17,1.0,5
MmedOBP8,211,4.43,4.26,0.17,0.67,5
MmedOBP8,238,4.4,4.26,0.14,1.0,5
MmedOBP8,284,4.36,4.26,0.1,1.0,5
MmedOBP8,290,4.43,4.26,0.17,1.0,5
MmedOBP8,291,4.43,5.31,-0.88,1.0,5
MmedOBP8,295,4.26,4.66,-0.4,1.0,5
MmedOBP8,417,4.36,4.26,0.1,1.0,5
MmedOBP9,3,5.58,4.26,1.32,0.5,5
MmedOBP9,6,4.26,4.26,0.0,0.36,1
MmedOBP9,7,5.54,5.1,0.44,0.5,4
MmedOBP9,10,4.31,4.55,-0.24,1.0,5
MmedOBP9,13,5.33,5.17,0.16,0.65,2
MmedOBP9,14,5.57,5.88,-0.31,1.0,4
MmedOBP9,17,4.37,4.26,0.11,1.0,5
MmedOBP9,22,5.25,5.74,-0.5,0.65,5
MmedOBP9,28,4.32,4.49,-0.17,1.0,5
MmedOBP9,35,4.37,4.26,0.11,1.0,5
MmedOBP9,36,4.37,4.69,-0.32,0.94,5
MmedOBP9,43,4.63,5.1,-0.47,0.52,3
MmedOBP9,44,5.0,4.7,0.29,0.36,1
MmedOBP9,55,4.35,4.75,-0.4,1.0,5
MmedOBP9,56,4.52,4.26,0.26,0.81,5
MmedOBP9,64,4.49,4.26,0.23,0.82,5
MmedOBP9,65,4.59,4.26,0.33,1.0,5
MmedOBP9,72,4.36,4.26,0.1,0.76,5
MmedOBP9,82,4.37,4.26,0.11,1.0,5
MmedOBP9,92,4.71,4.26,0.45,0.41,3
MmedOBP9,99,5.57,5.88,-0.31,1.0,4
MmedOBP9,103,4.53,4.26,0.27,0.81,5
MmedOBP9,107,4.36,4.7,-0.35,1.0,5
MmedOBP9,117,4.52,5.35,-0.83,0.52,3
MmedOBP9,120,5.1,4.26,0.84,0.52,1
MmedOBP9,127,4.36,5.0,-0.63,0.92,5
MmedOBP9,131,4.45,4.26,0.19,1.0,5
MmedOBP9,152,4.59,4.26,0.33,1.0,5
MmedOBP9,170,4.45,4.26,0.19,1.0,5
MmedOBP9,194,4.45,4.26,0.19,1.0,5
MmedOBP9,211,4.45,4.26,0.19,0.67,5
MmedOBP9,238,4.55,4.26,0.29,1.0,5
MmedOBP9,284,4.83,4.26,0.57,1.0,5
MmedOBP9,290,4.45,4.26,0.19,1.0,5
MmedOBP9,291,4.45,5.42,-0.97,1.0,5
MmedOBP9,295,4.43,4.62,-0.2,1.0,5
MmedOBP9,417,4.37,5.13,-0.76,1.0,5
MmedOBP10,3,4.77,4.26,0.51,0.5,4
MmedOBP10,6,4.26,4.26,0.0,0.36,1
MmedOBP10,7,4.73,4.96,-0.23,0.5,3
MmedOBP10,10,4.26,4.61,-0.35,1.0,5
MmedOBP10,13,4.72,4.26,0.46,0.65,2
MmedOBP10,14,4.75,4.88,-0.13,0.5,3
MmedOBP10,17,4.34,4.26,0.08,1.0,5
MmedOBP10,22,4.53,4.9,-0.37,0.65,4
MmedOBP10,28,4.34,4.26,0.08,1.0,5
MmedOBP10,35,4.34,4.26,0.08,1.0,5
MmedOBP10,36,4.26,4.26,0.0,0.94,5
MmedOBP10,43,4.51,4.26,0.25,0.52,3
MmedOBP10,44,4.26,4.26,0.0,0.36,1
MmedOBP10,55,4.26,4.26,0.0,1.0,5
MmedOBP10,56,4.4,4.26,0.14,0.81,5
MmedOBP10,64,4.26,4.26,0.0,0.82,5
MmedOBP10,65,4.46,4.26,0.2,1.0,5
MmedOBP10,72,4.33,4.26,0.07,0.76,5
MmedOBP10,82,4.34,4.26,0.08,1.0,5
MmedOBP10,92,4.26,4.26,0.0,0.41,3
MmedOBP10,103,4.37,4.26,0.11,0.81,5
MmedOBP10,107,4.26,4.26,0.0,1.0,5
MmedOBP10,117,4.26,4.98,-0.72,0.52,3
MmedOBP10,120,4.26,4.26,0.0,0.52,1
MmedOBP10,127,4.45,4.26,0.19,0.92,5
MmedOBP10,131,4.26,4.26,0.0,1.0,5
MmedOBP10,152,4.26,4.85,-0.59,1.0,5
MmedOBP10,170,4.26,4.26,0.0,1.0,5
MmedOBP10,194,4.26,4.26,0.0,1.0,5
MmedOBP10,211,4.26,4.26,0.0,0.67,5
MmedOBP10,238,4.26,4.26,0.0,1.0,5
MmedOBP10,284,4.26,4.26,0.0,1.0,5
MmedOBP10,290,4.26,4.26,0.0,1.0,5
MmedOBP10,291,4.26,5.12,-0.86,1.0,5
MmedOBP10,295,4.26,4.26,0.0,1.0,5
MmedOBP10,417,4.26,4.26,0.0,1.0,5
MperOBP2,5,4.26,4.26,0.0,0.42,1
MperOBP2,7,4.26,4.26,-0.0,0.79,3
MperOBP2,8,4.26,4.26,0.0,0.42,1
MperOBP2,11,4.26,4.26,0.0,0.79,2
MperOBP2,23,4.26,4.26,0.0,0.54,3
MperOBP2,30,4.26,4.26,0.0,0.54,3
MperOBP2,113,4.26,4.26,0.0,0.38,1
MperOBP2,163,4.26,4.26,0.0,0.38,1
MperOBP2,197,4.26,4.26,0.0,0.42,1
MperOBP2,222,4.26,4.26,0.0,0.38,1
MperOBP2,256,4.26,4.26,0.0,0.42,1
MperOBP3,5,5.01,5.09,-0.07,0.42,1
MperOBP3,7,5.19,5.17,0.02,0.79,3
MperOBP3,8,5.09,5.01,0.07,0.42,1
MperOBP3,11,5.24,5.04,0.2,0.79,2
MperOBP3,23,5.34,5.09,0.25,0.54,3
MperOBP3,30,5.11,5.6,-0.49,0.54,3
MperOBP3,113,5.01,5.15,-0.15,0.38,1
MperOBP3,163,5.15,5.01,0.15,0.38,1
MperOBP3,197,5.06,5.06,0.0,0.42,1
MperOBP3,222,5.09,5.08,0.01,0.38,1
MperOBP3,256,5.06,5.06,0.0,0.42,1
MperOBP4,5,4.26,4.51,-0.25,0.42,1
MperOBP4,7,4.44,4.65,-0.21,0.79,3
MperOBP4,8,4.51,4.26,0.25,0.42,1
MperOBP4,11,4.67,4.26,0.41,0.79,2
MperOBP4,23,4.71,4.55,0.16,0.54,3
MperOBP4,30,4.54,4.76,-0.22,0.54,3
MperOBP4,113,4.83,4.46,0.37,0.38,1
MperOBP4,163,4.46,4.83,-0.37,0.38,1
MperOBP4,197,4.84,4.69,0.15,0.42,1
MperOBP4,222,4.55,4.69,-0.15,0.38,1
MperOBP4,256,4.69,4.84,-0.15,0.42,1
MperOBP5,5,4.26,4.26,0.0,0.42,1
MperOBP5,7,4.26,4.26,-0.0,0.79,3
MperOBP5,8,4.26,4.26,0.0,0.42,1
MperOBP5,11,4.26,4.26,0.0,0.79,2
MperOBP5,23,4.26,4.26,0.0,0.54,3
MperOBP5,30,4.26,4.26,0.0,0.54,3
MperOBP5,113,4.26,4.26,0.0,0.38,1
MperOBP5,163,4.26,4.26,0.0,0.38,1
MperOBP5,197,4.26,4.26,0.0,0.42,1
MperOBP5,222,4.26,4.26,0.0,0.38,1
MperOBP5,256,4.26,4.26,0.0,0.42,1
MperOBP6,5,4.46,4.4,0.06,0.42,1
MperOBP6,7,4.26,4.37,-0.11,0.79,3
MperOBP6,8,4.4,4.46,-0.06,0.42,1
MperOBP6,11,4.35,4.26,0.09,0.79,2
MperOBP6,23,4.3,4.26,0.04,0.54,3
MperOBP6,30,4.3,4.26,0.04,0.54,3
MperOBP6,113,4.26,4.26,0.0,0.38,1
MperOBP6,163,4.26,4.26,0.0,0.38,1
MperOBP6,197,4.26,4.26,0.0,0.42,1
MperOBP6,222,4.26,4.26,0.0,0.38,1
MperOBP6,256,4.26,4.26,0.0,0.42,1
MperOBP7,5,4.68,4.57,0.11,0.42,1
MperOBP7,7,4.96,5.17,-0.21,0.79,3
MperOBP7,8,4.57,4.68,-0.11,0.42,1
MperOBP7,11,5.31,4.54,0.77,0.79,2
MperOBP7,23,5.45,4.89,0.56,0.54,3
MperOBP7,30,4.94,5.96,-1.02,0.54,3
MperOBP7,113,4.53,4.82,-0.29,0.38,1
MperOBP7,163,4.82,4.53,0.29,0.38,1
MperOBP7,197,4.57,4.86,-0.29,0.42,1
MperOBP7,222,4.89,4.87,0.02,0.38,1
MperOBP7,256,4.86,4.57,0.29,0.42,1
MperOBP8,5,4.26,4.26,0.0,0.42,1
MperOBP8,7,4.26,4.26,-0.0,0.79,3
MperOBP8,8,4.26,4.26,0.0,0.42,1
MperOBP8,11,4.26,4.26,0.0,0.79,2
MperOBP8,23,4.26,4.26,0.0,0.54,3
MperOBP8,30,4.26,4.26,0.0,0.54,3
MperOBP8,113,4.26,4.26,0.0,0.38,1
MperOBP8,163,4.26,4.26,0.0,0.38,1
MperOBP8,197,4.26,4.26,0.0,0.42,1
MperOBP8,222,4.26,4.26,0.0,0.38,1
MperOBP8,256,4.26,4.26,0.0,0.42,1
MperOBP9,5,4.71,4.89,-0.17,0.42,1
MperOBP9,7,4.91,4.88,0.03,0.79,3
MperOBP9,8,4.89,4.71,0.17,0.42,1
MperOBP9,11,4.97,4.74,0.23,0.79,2
MperOBP9,23,5.05,4.75,0.3,0.54,3
MperOBP9,30,4.8,5.41,-0.61,0.54,3
MperOBP9,113,4.67,4.65,0.02,0.38,1
MperOBP9,163,4.65,4.67,-0.02,0.38,1
MperOBP9,197,4.79,4.91,-0.12,0.42,1
MperOBP9,222,4.75,4.59,0.16,0.38,1
MperOBP9,256,4.91,4.79,0.12,0.42,1
MsepCSP5,5,4.88,4.05,0.83,0.43,2
MsepCSP5,6,4.87,5.04,-0.17,0.41,1
MsepCSP5,7,4.61,5.14,-0.53,0.79,2
MsepCSP5,8,4.6,4.89,-0.29,0.44,2
MsepCSP5,11,5.14,4.59,0.55,0.79,1
MsepCSP5,15,5.09,5.07,0.02,0.94,5
MsepCSP5,18,4.96,5.16,-0.2,0.94,5
MsepCSP5,21,4.97,4.82,0.15,1.0,2
MsepCSP5,22,5.14,4.67,0.47,0.47,1
MsepCSP5,27,4.97,5.26,-0.28,1.0,5
MsepCSP5,34,4.52,4.87,-0.35,0.43,2
MsepCSP5,38,4.7,5.15,-0.45,1.0,2
MsepCSP5,51,4.6,5.19,-0.59,0.5,1
MsepCSP5,55,4.57,5.03,-0.46,1.0,5
MsepCSP5,59,4.65,4.64,0.01,1.0,5
MsepCSP5,73,4.99,4.11,0.88,0.45,2
MsepCSP5,76,4.56,5.09,-0.53,1.0,5
MsepCSP5,95,5.05,4.6,0.45,0.5,5
MsepCSP5,97,4.63,4.72,-0.09,1.0,5
MsepCSP5,105,4.63,4.71,-0.08,1.0,5
MsepCSP5,107,4.84,3.68,1.15,1.0,5
MsepCSP5,117,4.89,5.12,-0.22,0.44,1
MsepCSP5,130,4.84,5.23,-0.39,0.88,5
MsepCSP5,190,5.08,5.07,0.01,1.0,5
MvitGOBP1,4,4.83,4.78,0.05,0.43,2
MvitGOBP1,39,4.69,4.67,0.02,0.71,3
MvitGOBP1,48,4.57,4.9,-0.33,0.83,1
MvitGOBP1,90,4.78,4.81,-0.03,0.39,1
MvitGOBP1,166,4.73,4.85,-0.11,0.58,5
MvitGOBP1,207,4.73,4.77,-0.04,0.65,5
MvitGOBP1,210,4.76,4.54,0.22,0.53,2
MvitGOBP1,225,4.7,4.74,-0.04,0.52,4
MvitGOBP1,227,4.9,4.57,0.33,0.83,1
MvitGOBP1,235,4.73,4.64,0.09,0.71,5
MvitGOBP1,236,4.75,4.82,-0.07,0.64,4
MvitGOBP1,242,4.75,4.72,0.03,0.58,4
MvitGOBP1,271,4.69,4.74,-0.05,0.43,2
MvitGOBP2,4,4.55,4.26,0.29,0.43,2
MvitGOBP2,39,4.55,4.58,-0.03,0.71,3
MvitGOBP2,48,5.07,4.53,0.54,0.83,1
MvitGOBP2,90,4.26,4.64,-0.38,0.39,1
MvitGOBP2,166,4.52,4.48,0.04,0.58,5
MvitGOBP2,207,4.54,4.53,0.01,0.65,5
MvitGOBP2,210,4.54,4.65,-0.11,0.53,2
MvitGOBP2,225,4.46,4.77,-0.31,0.52,4
MvitGOBP2,227,4.53,5.07,-0.54,0.83,1
MvitGOBP2,235,4.56,4.48,0.08,0.71,5
MvitGOBP2,236,4.52,4.58,-0.06,0.64,4
MvitGOBP2,242,4.56,4.57,-0.01,0.58,4
MvitGOBP2,271,4.63,4.26,0.37,0.43,2
MvitPBP1,4,4.61,4.63,-0.02,0.43,2
MvitPBP1,39,4.7,4.62,0.08,0.71,3
MvitPBP1,48,4.39,4.62,-0.23,0.83,1
MvitPBP1,90,4.63,4.59,0.04,0.39,1
MvitPBP1,166,4.6,4.62,-0.02,0.58,5
MvitPBP1,207,4.66,4.6,0.06,0.65,5
MvitPBP1,210,4.61,4.53,0.08,0.53,2
MvitPBP1,225,4.62,4.64,-0.01,0.52,4
MvitPBP1,227,4.62,4.39,0.23,0.83,1
MvitPBP1,235,4.6,4.76,-0.17,0.71,5
MvitPBP1,236,4.63,4.63,-0.01,0.64,4
MvitPBP1,242,4.6,4.6,-0.0,0.58,4
MvitPBP1,271,4.7,4.44,0.26,0.43,2
MvitPBP2,4,4.53,4.59,-0.06,0.43,2
MvitPBP2,39,4.54,4.51,0.03,0.71,3
MvitPBP2,48,4.58,4.54,0.04,0.83,1
MvitPBP2,90,4.59,4.57,0.02,0.39,1
MvitPBP2,166,4.57,4.5,0.07,0.58,5
MvitPBP2,207,4.53,4.57,-0.04,0.65,5
MvitPBP2,210,4.56,4.5,0.06,0.53,2
MvitPBP2,225,4.55,4.56,-0.02,0.52,4
MvitPBP2,227,4.54,4.58,-0.04,0.83,1
MvitPBP2,235,4.55,4.51,0.04,0.71,5
MvitPBP2,236,4.56,4.56,0.0,0.64,4
MvitPBP2,242,4.53,4.59,-0.06,0.58,4
MvitPBP2,271,4.54,4.61,-0.07,0.43,2
MvitPBP3,4,4.62,4.64,-0.02,0.43,2
MvitPBP3,39,4.54,4.52,0.02,0.71,3
MvitPBP3,48,5.12,4.62,0.5,0.83,1
MvitPBP3,90,4.64,4.67,-0.03,0.39,1
MvitPBP3,166,4.67,4.57,0.1,0.58,5
MvitPBP3,207,4.59,4.62,-0.03,0.65,5
MvitPBP3,210,4.66,4.64,0.02,0.53,2
MvitPBP3,225,4.52,4.69,-0.17,0.52,4
MvitPBP3,227,4.62,5.12,-0.5,0.83,1
MvitPBP3,235,4.6,4.45,0.15,0.71,5
MvitPBP3,236,4.61,4.7,-0.09,0.64,4
MvitPBP3,242,4.63,4.7,-0.07,0.58,4
MvitPBP3,271,4.58,4.55,0.02,0.43,2
NlugCSP10,3,4.58,5.28,-0.69,0.5,5
NlugCSP10,5,4.95,4.66,0.29,0.56,3
NlugCSP10,6,5.04,4.91,0.13,0.41,1
NlugCSP10,7,4.67,4.83,-0.16,0.79,4
NlugCSP10,8,4.68,5.36,-0.69,0.44,2
NlugCSP10,10,4.63,4.57,0.05,1.0,5
NlugCSP10,11,4.92,4.63,0.3,0.79,2
NlugCSP10,13,4.65,4.55,0.1,0.65,2
NlugCSP10,15,4.67,4.48,0.18,0.94,5
NlugCSP10,17,4.6,4.69,-0.1,1.0,5
NlugCSP10,18,4.62,4.58,0.04,1.0,5
NlugCSP10,21,4.7,4.77,-0.07,1.0,2
NlugCSP10,22,4.77,4.41,0.37,0.65,4
NlugCSP10,24,5.34,4.97,0.36,0.38,1
NlugCSP10,27,4.96,5.2,-0.24,1.0,5
NlugCSP10,34,4.72,5.04,-0.31,0.56,3
NlugCSP10,35,4.59,4.74,-0.15,1.0,5
NlugCSP10,38,4.71,4.76,-0.05,1.0,2
NlugCSP10,45,5.34,4.88,0.45,0.39,1
NlugCSP10,51,4.74,4.77,-0.03,0.52,2
NlugCSP10,59,4.7,4.58,0.12,1.0,5
NlugCSP10,68,4.93,5.34,-0.41,0.39,2
NlugCSP10,73,4.76,4.41,0.35,0.45,2
NlugCSP10,86,4.79,4.59,0.2,0.48,3
NlugCSP10,95,4.94,4.86,0.08,0.5,5
NlugCSP10,97,4.55,5.36,-0.81,1.0,5
NlugCSP10,105,4.61,5.07,-0.46,1.0,5
NlugCSP10,107,4.77,4.26,0.51,1.0,5
NlugCSP10,117,5.36,4.7,0.67,0.44,1
NlugCSP10,130,4.71,5.0,-0.3,0.88,5
NlugCSP10,151,4.77,4.26,0.51,1.0,5
NlugCSP10,168,4.63,5.23,-0.6,0.39,1
NlugCSP10,181,4.85,4.66,0.19,0.56,2
NlugCSP10,182,4.93,4.63,0.3,0.52,2
NlugCSP10,190,5.02,5.08,-0.06,1.0,5
NlugCSP10,247,4.71,4.58,0.13,1.0,5
NlugCSP3,5,4.97,4.8,0.17,0.43,2
NlugCSP3,6,5.15,4.62,0.53,0.41,1
NlugCSP3,7,4.8,4.91,-0.12,0.79,2
NlugCSP3,8,4.8,4.78,0.02,0.42,1
NlugCSP3,11,4.91,4.66,0.26,0.79,1
NlugCSP3,15,4.74,4.94,-0.2,0.94,4
NlugCSP3,18,4.86,4.75,0.12,0.94,5
NlugCSP3,21,4.64,4.51,0.13,1.0,2
NlugCSP3,22,4.91,5.18,-0.27,0.47,1
NlugCSP3,27,4.73,5.17,-0.45,0.47,4
NlugCSP3,34,4.71,5.15,-0.44,0.43,2
NlugCSP3,38,4.53,4.65,-0.12,1.0,2
NlugCSP3,51,4.59,4.85,-0.26,0.5,1
NlugCSP3,59,4.92,4.34,0.57,1.0,5
NlugCSP3,73,4.58,4.61,-0.03,0.45,2
NlugCSP3,95,4.76,4.59,0.18,0.5,4
NlugCSP3,97,4.82,4.6,0.22,1.0,5
NlugCSP3,105,4.59,5.22,-0.63,1.0,5
NlugCSP8,5,4.67,4.64,0.03,0.43,1
NlugCSP8,6,4.67,4.63,0.03,0.41,1
NlugCSP8,7,4.61,5.0,-0.39,0.79,2
NlugCSP8,11,5.0,4.71,0.29,0.79,1
NlugCSP8,15,4.89,4.84,0.05,0.94,4
NlugCSP8,18,4.85,4.91,-0.06,0.94,5
NlugCSP8,21,4.69,4.88,-0.19,1.0,2
NlugCSP8,22,5.0,4.35,0.65,0.47,1
NlugCSP8,27,4.86,4.9,-0.04,0.47,4
NlugCSP8,34,4.64,4.67,-0.03,0.43,2
NlugCSP8,38,4.85,4.69,0.16,1.0,2
NlugCSP8,51,4.86,4.71,0.15,0.5,1
NlugCSP8,59,4.88,4.8,0.08,1.0,5
NlugCSP8,73,4.79,4.7,0.09,0.45,2
NlugCSP8,95,4.8,4.86,-0.06,0.5,4
NlugCSP8,97,4.84,4.91,-0.07,1.0,5
NlugCSP8,105,4.86,4.84,0.02,1.0,5
NlugOBP1,3,4.51,4.79,-0.28,0.44,4
NlugOBP1,6,4.26,4.26,0.0,1.0,2
NlugOBP1,7,4.52,4.62,-0.1,0.79,4
NlugOBP1,8,4.33,4.26,0.07,0.52,5
NlugOBP1,11,4.65,4.46,0.19,0.79,2
NlugOBP1,12,4.26,4.26,0.0,0.52,1
NlugOBP1,14,4.4,4.71,-0.31,0.95,3
NlugOBP1,18,4.26,4.78,-0.52,0.5,5
NlugOBP1,23,4.71,4.26,0.45,0.95,3
NlugOBP1,27,4.62,4.69,-0.07,1.0,5
NlugOBP1,39,4.26,4.53,-0.27,0.52,2
NlugOBP1,40,4.66,4.6,0.07,1.0,5
NlugOBP1,53,4.57,4.99,-0.42,1.0,5
NlugOBP1,57,4.39,4.42,-0.03,0.95,5
NlugOBP1,69,4.72,4.66,0.07,1.0,5
NlugOBP1,74,4.31,4.52,-0.2,0.46,3
NlugOBP1,76,4.29,4.26,0.03,1.0,5
NlugOBP1,81,4.34,4.26,0.09,0.58,3
NlugOBP1,95,4.26,4.26,0.0,0.41,5
NlugOBP1,97,4.29,4.26,0.03,1.0,5
NlugOBP1,107,4.29,4.26,0.03,1.0,5
NlugOBP1,121,4.29,4.26,0.03,0.52,5
NlugOBP1,150,4.29,4.26,0.03,1.0,5
NlugOBP1,153,4.29,4.26,0.03,1.0,5
NlugOBP1,173,4.26,4.26,0.0,1.0,2
NlugOBP1,180,4.26,4.26,0.0,0.42,1
NlugOBP1,188,4.37,4.26,0.11,0.58,2
NlugOBP1,269,4.46,4.26,0.2,0.95,5
NlugOBP2,3,4.44,4.54,-0.1,0.44,4
NlugOBP2,6,4.3,4.54,-0.24,1.0,2
NlugOBP2,7,4.39,4.54,-0.15,0.79,4
NlugOBP2,8,4.35,4.49,-0.14,0.52,5
NlugOBP2,11,4.54,4.26,0.28,0.79,2
NlugOBP2,12,4.26,4.49,-0.23,0.52,1
NlugOBP2,14,4.35,4.7,-0.35,0.95,3
NlugOBP2,18,4.26,4.26,0.0,0.5,5
NlugOBP2,23,4.65,4.26,0.39,0.95,3
NlugOBP2,27,4.49,4.43,0.06,1.0,5
NlugOBP2,39,4.26,4.56,-0.3,0.52,2
NlugOBP2,40,4.34,4.77,-0.43,1.0,5
NlugOBP2,53,4.38,4.26,0.12,1.0,5
NlugOBP2,57,4.37,4.26,0.12,0.95,5
NlugOBP2,69,4.38,4.26,0.12,1.0,5
NlugOBP2,74,4.33,4.26,0.07,0.46,3
NlugOBP2,76,4.26,4.26,0.0,1.0,5
NlugOBP2,81,4.42,4.26,0.16,0.58,3
NlugOBP2,95,4.26,4.26,0.0,0.41,5
NlugOBP2,97,4.26,4.26,0.0,1.0,5
NlugOBP2,107,4.26,4.26,0.0,1.0,5
NlugOBP2,121,4.37,4.6,-0.23,0.52,5
NlugOBP2,150,4.26,4.26,0.0,1.0,5
NlugOBP2,153,4.26,4.26,0.0,1.0,5
NlugOBP2,173,4.55,4.26,0.29,1.0,2
NlugOBP2,180,4.49,4.26,0.23,0.42,1
NlugOBP2,188,4.38,4.26,0.12,0.58,2
NlugOBP2,269,4.37,4.26,0.11,0.95,5
NlugOBP3,3,4.75,5.14,-0.39,0.44,4
NlugOBP3,6,4.62,4.52,0.1,1.0,2
NlugOBP3,7,4.65,4.75,-0.1,0.79,4
NlugOBP3,8,4.51,4.57,-0.06,0.52,5
NlugOBP3,11,4.83,4.26,0.57,0.79,2
NlugOBP3,12,4.26,4.49,-0.24,0.52,1
NlugOBP3,14,4.73,5.31,-0.58,0.95,3
NlugOBP3,18,4.26,4.72,-0.46,0.5,5
NlugOBP3,23,5.19,4.63,0.56,0.95,3
NlugOBP3,27,4.92,5.07,-0.14,1.0,5
NlugOBP3,39,4.39,4.64,-0.25,0.52,2
NlugOBP3,40,4.95,5.02,-0.07,1.0,5
NlugOBP3,53,4.93,5.0,-0.07,1.0,5
NlugOBP3,57,4.5,4.66,-0.16,0.95,5
NlugOBP3,69,4.87,5.14,-0.27,1.0,5
NlugOBP3,74,4.49,4.26,0.23,0.46,3
NlugOBP3,76,4.29,4.26,0.03,1.0,5
NlugOBP3,81,4.56,4.26,0.3,0.58,3
NlugOBP3,95,4.26,4.26,0.0,0.41,5
NlugOBP3,97,4.29,4.26,0.03,1.0,5
NlugOBP3,107,4.29,4.26,0.03,1.0,5
NlugOBP3,121,4.52,4.65,-0.13,0.52,5
NlugOBP3,150,4.29,4.26,0.03,1.0,5
NlugOBP3,153,4.29,4.26,0.03,1.0,5
NlugOBP3,173,4.54,4.62,-0.08,1.0,2
NlugOBP3,180,4.57,4.68,-0.11,0.42,1
NlugOBP3,188,4.41,4.55,-0.15,0.58,2
NlugOBP3,269,4.68,4.26,0.42,0.95,5
NlugOBP8,2,4.26,4.79,-0.53,0.58,1
NlugOBP8,3,4.26,4.26,0.0,0.48,5
NlugOBP8,4,4.26,4.26,0.0,0.43,1
NlugOBP8,5,4.26,4.26,0.0,0.43,4
NlugOBP8,6,4.26,4.26,0.0,0.41,2
NlugOBP8,7,4.26,4.26,0.0,0.79,5
NlugOBP8,8,4.26,4.26,0.0,0.62,5
NlugOBP8,11,4.26,4.26,0.0,0.79,2
NlugOBP8,13,4.26,4.26,0.0,0.41,1
NlugOBP8,15,4.26,4.26,0.0,0.94,5
NlugOBP8,16,4.26,4.26,0.0,0.62,5
NlugOBP8,17,4.26,4.26,0.0,1.0,5
NlugOBP8,18,4.26,4.26,0.0,1.0,5
NlugOBP8,21,4.26,4.26,0.0,0.47,1
NlugOBP8,23,4.26,4.26,0.0,0.95,5
NlugOBP8,24,4.26,4.26,0.0,0.38,1
NlugOBP8,27,4.26,4.26,0.0,1.0,5
NlugOBP8,35,4.26,4.26,0.0,1.0,5
NlugOBP8,36,4.26,4.26,0.0,0.94,5
NlugOBP8,39,4.31,4.26,0.05,0.46,5
NlugOBP8,40,4.26,4.26,0.0,1.0,5
NlugOBP8,43,4.26,4.26,0.0,0.6,5
NlugOBP8,45,4.26,4.26,0.0,0.39,1
NlugOBP8,50,4.26,4.26,0.0,0.43,4
NlugOBP8,54,4.26,4.57,-0.31,0.86,5
NlugOBP8,56,4.26,4.26,0.0,0.85,5
NlugOBP8,57,4.26,4.26,0.0,1.0,5
NlugOBP8,60,4.26,4.26,0.0,0.43,5
NlugOBP8,61,4.26,4.26,0.0,0.59,5
NlugOBP8,63,4.26,4.26,0.0,0.81,5
NlugOBP8,64,4.26,4.26,0.0,0.82,5
NlugOBP8,68,4.26,4.26,0.0,0.39,2
NlugOBP8,74,4.26,4.26,0.0,0.48,5
NlugOBP8,75,4.26,4.26,0.0,0.39,1
NlugOBP8,76,4.26,4.26,0.0,1.0,5
NlugOBP8,86,4.26,4.26,0.0,0.81,5
NlugOBP8,91,4.26,4.26,0.0,0.62,5
NlugOBP8,92,4.26,4.26,0.0,0.41,3
NlugOBP8,97,4.26,4.26,0.0,1.0,5
NlugOBP8,99,4.26,4.26,0.0,0.95,5
NlugOBP8,103,4.26,4.26,0.0,1.0,5
NlugOBP8,107,4.26,4.26,0.0,1.0,5
NlugOBP8,108,4.26,4.26,0.0,0.77,5
NlugOBP8,110,4.26,4.26,0.0,0.36,1
NlugOBP8,120,4.26,4.26,0.0,0.64,5
NlugOBP8,121,4.26,4.26,-0.0,0.64,5
NlugOBP8,129,4.26,4.26,0.0,0.43,4
NlugOBP8,140,4.26,4.47,-0.21,0.38,1
NlugOBP8,145,4.26,4.26,0.0,1.0,5
NlugOBP8,150,4.26,4.26,0.0,1.0,5
NlugOBP8,151,4.26,4.26,0.0,1.0,5
NlugOBP8,153,4.26,4.26,0.0,1.0,5
NlugOBP8,165,4.31,4.53,-0.22,0.61,5
NlugOBP8,169,4.26,4.26,-0.0,0.39,2
NlugOBP8,188,4.4,4.26,0.14,0.66,5
NlugOBP8,194,4.26,4.26,0.0,1.0,5
NlugOBP8,205,4.43,4.26,0.17,0.86,5
NlugOBP8,214,4.26,4.26,0.0,0.77,5
NlugOBP8,245,4.31,4.26,0.05,0.43,5
NlugOBP8,252,4.69,4.26,0.43,0.58,2
NlugOBP8,254,4.26,4.26,0.0,0.47,1
NlugOBP8,262,4.3,4.26,0.04,0.64,5
NlugOBP8,283,4.26,4.26,0.0,0.48,5
NlugOBP8,286,4.26,4.26,0.0,0.38,1
NlugOBP8,321,4.34,4.26,0.08,0.64,5
NlugOBP8,399,4.26,4.26,0.0,0.6,2
NlugOBP8,471,4.26,4.26,0.0,0.43,4
NlugOBP8,529,4.26,4.26,-0.0,0.43,5
NlugOBP8,536,4.26,4.26,-0.0,0.95,5
OachPBP1,5,5.86,4.45,1.41,0.42,5
OachPBP1,7,5.43,5.12,0.31,0.79,3
OachPBP1,8,6.29,4.45,1.84,0.56,5
OachPBP1,11,5.12,4.96,0.16,0.79,1
OachPBP1,22,5.67,5.89,-0.22,0.5,2
OachPBP1,32,6.17,6.35,-0.18,1.0,5
OachPBP1,33,6.38,6.28,0.09,1.0,5
OachPBP1,37,6.23,6.27,-0.03,0.9,5
OachPBP1,62,6.3,6.59,-0.28,1.0,5
OachPBP1,77,6.36,6.38,-0.02,1.0,5
OachPBP1,79,6.14,6.55,-0.41,0.9,5
OachPBP1,87,6.31,5.88,0.43,1.0,5
OachPBP1,99,5.51,6.16,-0.65,0.5,2
OachPBP1,111,6.23,6.22,0.01,0.9,5
OachPBP1,135,6.4,6.36,0.05,0.67,5
OachPBP1,156,6.37,6.3,0.07,1.0,5
OachPBP1,175,6.33,6.47,-0.14,1.0,5
OachPBP1,183,6.24,6.11,0.13,1.0,5
OachPBP1,250,6.4,5.92,0.48,0.69,5
OachPBP2,5,5.54,4.78,0.76,0.42,5
OachPBP2,7,5.11,4.45,0.66,0.79,4
OachPBP2,8,4.85,4.85,-0.01,0.62,4
OachPBP2,11,4.45,4.95,-0.49,0.79,1
OachPBP2,13,5.26,4.45,0.81,0.65,1
OachPBP2,15,6.65,4.45,2.19,0.42,2
OachPBP2,16,6.33,4.45,1.87,0.68,3
OachPBP2,22,4.78,5.26,-0.48,0.65,4
OachPBP2,23,5.59,4.45,1.14,0.95,3
OachPBP2,33,5.24,5.65,-0.41,0.7,5
OachPBP2,45,4.45,4.7,-0.24,0.39,1
OachPBP2,57,5.26,4.45,0.8,0.7,3
OachPBP2,79,5.52,6.77,-1.25,0.9,5
OachPBP2,80,4.7,4.45,0.24,0.39,1
OachPBP2,99,4.6,5.97,-1.37,0.95,3
OachPBP2,110,4.78,4.83,-0.04,0.36,1
OachPBP2,183,5.75,6.48,-0.73,0.9,5
OachPBP2,214,5.01,4.45,0.55,0.62,3
OasiCSP4,10,4.29,4.26,0.03,1.0,4
OasiCSP4,15,4.26,4.4,-0.14,0.94,4
OasiCSP4,17,4.29,4.26,0.03,1.0,4
OasiCSP4,28,4.29,4.26,0.03,1.0,4
OasiCSP4,35,4.29,4.26,0.03,1.0,4
OasiCSP4,297,4.4,4.39,0.01,0.42,1
OasiCSP4,342,4.39,4.4,-0.01,0.42,1
OasiCSP11,10,4.35,4.67,-0.33,1.0,4
OasiCSP11,15,4.36,4.65,-0.29,0.94,4
OasiCSP11,17,4.45,4.26,0.2,1.0,4
OasiCSP11,28,4.45,4.26,0.2,1.0,4
OasiCSP11,35,4.45,4.26,0.2,1.0,4
OasiCSP11,297,4.54,4.52,0.02,0.42,1
OasiCSP11,342,4.52,4.54,-0.02,0.42,1
OasiCSP12,10,4.38,4.43,-0.05,1.0,4
OasiCSP12,15,4.3,4.79,-0.48,0.94,4
OasiCSP12,17,4.42,4.26,0.16,1.0,4
OasiCSP12,28,4.42,4.26,0.16,1.0,4
OasiCSP12,35,4.42,4.26,0.16,1.0,4
OasiCSP12,297,4.26,4.57,-0.31,0.42,1
OasiCSP12,342,4.57,4.26,0.31,0.42,1
OcorOBP1,47,5.0,4.92,0.08,0.36,1
OcorOBP1,61,5.6,5.46,0.15,0.59,2
OcorOBP1,85,5.55,5.6,-0.05,0.56,3
OcorOBP1,86,5.53,5.6,-0.08,0.59,2
OcorOBP1,109,5.0,5.1,-0.1,0.71,1
OcorOBP1,125,5.4,5.52,-0.12,0.46,1
OcorOBP1,157,5.6,5.6,0.0,0.38,1
OcorOBP1,357,5.06,5.0,0.06,0.71,2
OcorOBP1,460,5.52,5.4,0.12,0.46,1
OcorOBP3,47,5.12,5.15,-0.02,0.36,1
OcorOBP3,61,5.12,5.04,0.09,0.59,2
OcorOBP3,85,5.11,5.0,0.11,0.56,3
OcorOBP3,86,5.02,5.21,-0.19,0.59,2
OcorOBP3,109,5.12,5.24,-0.11,0.71,1
OcorOBP3,157,5.0,5.04,-0.04,0.38,1
OcorOBP3,357,5.22,5.12,0.09,0.71,2
OcorOBP5,61,5.16,5.07,0.1,0.59,2
OcorOBP5,85,5.14,5.09,0.05,0.56,3
OcorOBP5,86,5.08,5.21,-0.14,0.59,2
OcorOBP5,157,5.09,5.1,-0.02,0.38,1
OfurPBP1,119,5.34,5.34,0.0,1.0,3
OfurPBP1,136,5.34,5.34,0.0,1.0,3
OfurPBP1,213,5.32,5.37,-0.05,1.0,3
OfurPBP1,249,5.35,5.3,0.05,1.0,3
OfurPBP2,119,5.4,5.56,-0.16,1.0,4
OfurPBP2,136,5.4,5.56,-0.16,1.0,4
OfurPBP2,213,5.47,5.38,0.09,1.0,3
OfurPBP2,249,5.47,5.39,0.08,1.0,3
OfurPBP2,468,5.56,4.86,0.7,0.5,2
OfurPBP3,119,5.63,5.71,-0.08,1.0,3
OfurPBP3,136,5.63,5.71,-0.08,1.0,3
OfurPBP3,213,5.62,5.54,0.08,1.0,3
OfurPBP3,249,5.62,5.55,0.08,1.0,3
OfurPBP4,119,5.46,5.67,-0.21,1.0,2
OfurPBP4,136,5.46,5.67,-0.21,1.0,2
OfurPBP4,213,5.67,5.04,0.63,0.7,2
OfurPBP5,119,5.56,5.94,-0.38,1.0,3
OfurPBP5,136,5.56,5.94,-0.38,1.0,3
OfurPBP5,213,5.55,5.18,0.37,1.0,3
OfurPBP5,249,5.56,5.17,0.39,1.0,3
PameCSP7,2,5.34,5.8,-0.46,0.58,1
PameCSP7,6,5.1,4.99,0.11,0.41,1
PameCSP7,8,5.66,4.57,1.08,0.45,1
PameCSP7,11,5.09,5.58,-0.5,0.79,1
PameCSP7,18,4.9,5.43,-0.53,0.5,3
PameCSP7,22,5.13,5.32,-0.19,0.48,3
PameCSP7,36,5.52,4.96,0.56,0.94,5
PameCSP7,40,4.99,5.93,-0.95,0.94,5
PameCSP7,43,5.04,5.22,-0.18,0.41,1
PameCSP7,63,5.35,4.82,0.54,0.81,5
PameCSP7,86,4.98,5.39,-0.41,0.81,3
PameCSP7,92,5.11,5.04,0.07,0.41,2
PameCSP7,142,5.41,5.09,0.33,0.79,4
PameCSP7,145,4.99,5.66,-0.67,0.48,4
PameCSP7,153,5.52,4.19,1.33,0.5,4
PameCSP7,160,4.99,5.1,-0.11,0.41,1
PameCSP7,169,4.72,4.82,-0.11,0.38,1
PameCSP7,252,5.8,5.34,0.46,0.58,1
PameCSP7,286,4.82,4.72,0.11,0.38,1
PameCSP7,330,5.43,5.12,0.31,0.38,1
PameOBP1,7,4.78,4.36,0.42,1.0,5
PameOBP1,14,4.65,6.04,-1.39,0.64,5
PameOBP1,22,4.73,5.98,-1.25,0.5,5
PameOBP1,27,4.47,5.73,-1.27,0.47,2
PameOBP1,61,5.02,4.36,0.66,0.59,5
PameOBP1,76,5.73,4.36,1.38,0.47,1
PameOBP1,86,5.09,4.36,0.73,0.64,5
PameOBP1,108,5.73,4.65,1.09,0.36,1
PameOBP1,223,4.78,4.36,0.42,1.0,5
PameOBP2,7,5.25,4.57,0.67,1.0,5
PameOBP2,14,5.09,6.28,-1.19,0.64,5
PameOBP2,22,5.13,6.28,-1.15,0.5,5
PameOBP2,27,5.4,5.91,-0.51,0.47,2
PameOBP2,61,5.48,4.49,1.0,0.59,5
PameOBP2,76,5.91,6.02,-0.11,0.47,1
PameOBP2,86,5.36,5.16,0.2,0.64,5
PameOBP2,108,5.91,4.36,1.55,0.36,1
PameOBP2,223,5.07,4.9,0.17,1.0,5
PameOBP24,2,4.45,5.37,-0.92,0.58,1
PameOBP24,3,4.95,4.75,0.2,0.5,5
PameOBP24,4,5.06,5.56,-0.51,0.43,1
PameOBP24,5,4.73,4.14,0.59,0.43,4
PameOBP24,6,4.56,4.26,0.3,0.41,1
PameOBP24,8,4.89,4.68,0.21,0.62,5
PameOBP24,13,4.9,5.7,-0.8,0.65,2
PameOBP24,14,4.58,5.63,-1.05,0.95,5
PameOBP24,18,4.68,5.3,-0.62,0.5,4
PameOBP24,22,5.1,4.95,0.14,0.65,5
PameOBP24,23,5.18,4.37,0.81,0.95,5
PameOBP24,39,5.43,4.51,0.92,0.46,2
PameOBP24,40,4.69,4.95,-0.25,0.48,5
PameOBP24,43,4.83,5.07,-0.24,0.6,5
PameOBP24,50,5.56,5.06,0.51,0.43,1
PameOBP24,56,4.71,4.94,-0.24,0.85,5
PameOBP24,61,4.96,4.38,0.58,0.52,5
PameOBP24,63,4.8,5.16,-0.36,0.5,5
PameOBP24,74,4.73,5.17,-0.44,0.48,5
PameOBP24,75,4.86,5.19,-0.32,0.39,1
PameOBP24,91,4.8,5.15,-0.35,0.62,5
PameOBP24,92,5.07,4.31,0.75,0.41,1
PameOBP24,95,4.66,4.69,-0.03,0.41,2
PameOBP24,103,4.8,4.62,0.18,1.0,5
PameOBP24,107,4.8,4.62,0.18,1.0,5
PameOBP24,108,4.97,4.71,0.26,0.77,5
PameOBP24,110,4.14,4.59,-0.45,0.36,1
PameOBP24,142,4.87,4.59,0.28,0.5,5
PameOBP24,145,4.85,4.43,0.42,1.0,5
PameOBP24,153,4.76,4.7,0.07,1.0,5
PameOBP24,160,4.2,4.56,-0.36,0.43,2
PameOBP24,165,5.26,5.24,0.01,0.61,2
PameOBP24,169,5.0,4.86,0.13,0.39,2
PameOBP24,188,4.91,5.57,-0.66,0.61,3
PameOBP24,214,4.78,5.13,-0.36,0.77,5
PameOBP24,252,5.37,4.45,0.92,0.58,1
PameOBP24,269,4.7,4.91,-0.2,0.95,5
PameOBP24,286,5.01,4.79,0.21,0.58,2
PameOBP24,330,5.11,4.48,0.63,0.4,2
PameOBP24,399,5.2,4.63,0.58,0.6,2
PameOBP24,596,4.79,5.06,-0.27,0.58,1
PxylGOBP1,3,4.86,4.34,0.52,0.5,3
PxylGOBP1,5,5.07,4.68,0.39,0.43,3
PxylGOBP1,8,4.9,4.81,0.09,0.55,2
PxylGOBP1,11,4.34,4.36,-0.02,0.4,1
PxylGOBP1,13,4.82,5.12,-0.3,0.65,2
PxylGOBP1,19,5.18,5.24,-0.06,0.58,2
PxylGOBP1,22,4.83,5.01,-0.17,0.65,2
PxylGOBP1,32,5.06,5.29,-0.23,0.58,4
PxylGOBP1,33,5.09,5.04,0.06,0.55,3
PxylGOBP1,34,4.98,5.12,-0.15,0.43,2
PxylGOBP2,3,5.27,4.14,1.13,0.5,5
PxylGOBP2,5,5.36,5.19,0.17,0.43,4
PxylGOBP2,8,5.53,5.24,0.28,0.58,3
PxylGOBP2,11,4.14,5.34,-1.2,0.4,1
PxylGOBP2,12,5.03,5.1,-0.07,0.39,1
PxylGOBP2,13,5.49,5.18,0.3,0.65,2
PxylGOBP2,16,5.36,5.23,0.13,0.62,2
PxylGOBP2,19,5.59,5.54,0.05,0.58,2
PxylGOBP2,22,4.88,6.01,-1.13,0.65,5
PxylGOBP2,23,4.97,5.26,-0.29,0.52,4
PxylGOBP2,32,5.36,5.57,-0.2,0.6,5
PxylGOBP2,33,5.44,5.62,-0.19,0.55,3
PxylGOBP2,34,5.37,5.09,0.28,0.43,2
PxylGOBP2,59,5.23,5.17,0.06,0.62,1
PxylGOBP2,61,5.01,5.0,0.01,0.52,4
PxylGOBP2,63,5.03,4.47,0.56,0.5,4
PxylGOBP2,270,5.1,5.03,0.07,0.39,1
PxylGOBP2,352,5.23,5.63,-0.4,0.58,2
PxylOBP3,2,5.43,4.61,0.83,0.55,1
PxylOBP3,54,4.69,4.85,-0.16,1.0,4
PxylOBP3,114,4.62,4.94,-0.32,0.55,4
PxylOBP3,115,4.62,5.0,-0.38,1.0,4
PxylOBP3,147,4.78,5.3,-0.52,0.53,1
PxylOBP3,165,4.77,4.08,0.69,0.53,4
PxylOBP3,178,4.61,5.43,-0.83,0.55,1
PxylOBP3,205,4.81,4.38,0.43,0.86,4
PxylOBP3,329,5.3,4.78,0.52,0.53,1
PxylOBP9,2,4.92,4.68,0.23,0.55,1
PxylOBP9,54,4.99,4.72,0.27,1.0,3
PxylOBP9,114,4.83,5.02,-0.19,0.52,3
PxylOBP9,115,4.77,5.07,-0.3,1.0,3
PxylOBP9,147,4.76,5.19,-0.42,0.53,1
PxylOBP9,165,4.93,4.67,0.26,0.5,3
PxylOBP9,178,4.68,4.92,-0.23,0.55,1
PxylOBP9,329,5.19,4.76,0.42,0.53,1
PxylOBP19,54,5.24,4.66,0.59,1.0,3
PxylOBP19,114,4.99,4.75,0.23,0.52,3
PxylOBP19,115,4.68,5.51,-0.83,1.0,3
PxylOBP19,147,4.75,5.74,-0.99,0.53,1
PxylOBP19,165,4.99,4.71,0.28,0.5,3
PxylOBP19,329,5.74,4.75,0.99,0.53,1
PxylOBP24,5,4.43,4.46,-0.03,0.43,2
PxylOBP24,12,4.47,4.44,0.03,0.39,1
PxylOBP24,15,4.53,4.73,-0.2,0.94,2
PxylOBP24,23,4.68,4.12,0.56,0.52,2
PxylOBP24,28,4.67,4.54,0.14,0.94,2
PxylOBP24,34,4.46,4.5,-0.03,0.43,1
PxylOBP24,59,4.62,4.49,0.13,0.5,2
PxylOBP24,61,4.12,4.85,-0.73,0.52,1
PxylOBP24,222,4.12,4.36,-0.23,0.38,1
PxylOBP24,270,4.44,4.47,-0.03,0.39,1
PxylOBP24,352,4.46,4.34,0.12,0.35,1
PxylPBP3,19,6.68,6.19,0.48,0.5,1
PxylPBP3,33,6.19,6.68,-0.48,0.5,1
PxylPBP3 F13A,19,3.55,3.55,0.0,0.5,1
PxylPBP3 F13A,33,3.55,3.55,0.0,0.5,1
PxylPBP3 F34A,19,4.72,5.27,-0.55,0.5,1
PxylPBP3 F34A,33,5.27,4.72,0.55,0.5,1
PxylPBP3 Y37A,19,4.47,4.67,-0.2,0.5,1
PxylPBP3 Y37A,33,4.67,4.47,0.2,0.5,1
PxylPBP3 W38A,19,4.32,4.87,-0.55,0.5,1
PxylPBP3 W38A,33,4.87,4.32,0.55,0.5,1
PxylPBP3 R111A,19,3.55,4.56,-1.01,0.5,1
PxylPBP3 R111A,33,4.56,3.55,1.01,0.5,1
PxylPBP3 F119A,19,3.74,3.55,0.19,0.5,1
PxylPBP3 F119A,33,3.55,3.74,-0.19,0.5,1
SaveOBP2,4,5.06,5.02,0.04,0.52,1
SaveOBP2,5,4.95,5.01,-0.05,0.43,4
SaveOBP2,6,4.96,5.03,-0.07,0.41,4
SaveOBP2,8,4.96,4.97,-0.0,0.52,2
SaveOBP2,16,4.82,4.89,-0.07,0.62,5
SaveOBP2,28,4.91,4.92,-0.02,1.0,5
SaveOBP2,34,4.97,4.95,0.02,1.0,4
SaveOBP2,35,4.9,4.94,-0.04,1.0,5
SaveOBP2,47,5.02,5.06,-0.04,0.52,1
SaveOBP2,55,4.88,4.65,0.24,1.0,5
SaveOBP2,72,4.9,4.98,-0.08,0.76,5
SaveOBP2,110,5.01,4.94,0.07,0.36,1
SaveOBP2,121,4.97,4.94,0.04,0.52,4
SaveOBP2,130,4.8,4.9,-0.1,0.88,5
SaveOBP2,160,4.96,4.96,0.01,1.0,4
SaveOBP2,290,4.81,4.84,-0.03,1.0,5
SaveOBP3,4,5.03,4.98,0.05,0.52,1
SaveOBP3,5,4.91,4.88,0.03,0.43,4
SaveOBP3,6,4.92,4.85,0.06,0.41,4
SaveOBP3,8,4.88,4.88,0.0,0.52,2
SaveOBP3,16,4.87,4.86,0.01,0.62,5
SaveOBP3,28,4.92,4.95,-0.03,1.0,5
SaveOBP3,34,4.9,4.89,0.02,1.0,4
SaveOBP3,35,4.92,4.94,-0.01,1.0,5
SaveOBP3,47,4.98,5.03,-0.05,0.52,1
SaveOBP3,55,4.93,4.69,0.24,1.0,5
SaveOBP3,72,4.92,4.98,-0.06,0.76,5
SaveOBP3,110,4.88,4.96,-0.08,0.36,1
SaveOBP3,121,4.89,4.88,0.01,0.52,4
SaveOBP3,130,4.83,4.97,-0.13,0.88,5
SaveOBP3,160,4.88,4.92,-0.04,1.0,4
SaveOBP3,290,4.84,4.91,-0.07,1.0,5
SaveOBP7,3,5.89,4.69,1.2,0.83,1
SaveOBP7,4,4.96,4.79,0.17,0.52,1
SaveOBP7,5,4.81,4.86,-0.04,0.43,4
SaveOBP7,6,4.81,4.85,-0.05,0.41,3
SaveOBP7,8,4.86,4.77,0.09,0.52,2
SaveOBP7,30,4.69,5.89,-1.2,0.83,1
SaveOBP7,34,4.8,4.8,-0.01,1.0,4
SaveOBP7,47,4.79,4.96,-0.17,0.52,1
SaveOBP7,110,4.86,4.95,-0.09,0.36,1
SaveOBP7,121,4.79,4.86,-0.07,0.52,4
SaveOBP7,160,4.82,4.77,0.06,1.0,4
SaveOBP9,3,4.9,4.97,-0.07,0.5,2
SaveOBP9,5,4.74,4.93,-0.19,0.43,2
SaveOBP9,6,4.89,4.43,0.46,0.41,1
SaveOBP9,8,4.93,4.58,0.35,0.42,1
SaveOBP9,10,5.1,4.45,0.64,1.0,5
SaveOBP9,11,4.97,4.67,0.3,0.4,1
SaveOBP9,15,4.9,5.14,-0.24,0.94,5
SaveOBP9,17,4.92,5.05,-0.14,1.0,5
SaveOBP9,22,4.97,5.04,-0.08,0.5,1
SaveOBP9,24,4.48,4.47,0.01,0.38,1
SaveOBP9,34,4.69,4.89,-0.2,0.43,2
SaveOBP9,35,4.9,5.11,-0.21,1.0,5
SaveOBP9,38,4.63,4.54,0.09,0.45,1
SaveOBP9,59,5.0,5.01,-0.02,1.0,5
SaveOBP9,73,4.54,4.63,-0.09,0.45,1
SaveOBP9,76,4.95,5.15,-0.2,1.0,5
SaveOBP9,163,4.47,4.48,-0.01,0.38,1
SaveOBP9,170,5.02,4.94,0.08,1.0,5
SexiGOBP1,4,4.36,4.66,-0.3,0.43,1
SexiGOBP1,5,5.28,4.36,0.92,0.42,4
SexiGOBP1,7,4.66,4.66,0.0,0.79,3
SexiGOBP1,8,5.36,4.66,0.7,0.71,5
SexiGOBP1,11,4.66,4.66,0.0,0.79,1
SexiGOBP1,14,4.66,4.66,0.0,0.95,2
SexiGOBP1,16,5.21,4.66,0.55,0.6,5
SexiGOBP1,23,4.66,4.66,0.0,0.95,2
SexiGOBP1,32,5.31,5.68,-0.37,1.0,5
SexiGOBP1,33,5.38,5.36,0.03,1.0,5
SexiGOBP1,37,5.31,5.48,-0.17,0.9,5
SexiGOBP1,40,4.66,4.91,-0.25,0.62,5
SexiGOBP1,50,4.66,4.36,0.3,0.43,2
SexiGOBP1,53,4.73,4.66,0.07,1.0,5
SexiGOBP1,60,4.66,5.33,-0.68,0.88,5
SexiGOBP1,62,5.38,5.36,0.03,1.0,5
SexiGOBP1,69,4.73,4.66,0.07,1.0,5
SexiGOBP1,77,5.39,5.36,0.03,1.0,5
SexiGOBP1,83,5.36,5.36,-0.0,0.84,5
SexiGOBP1,87,5.4,5.46,-0.06,1.0,5
SexiGOBP1,111,5.46,5.36,0.11,0.9,5
SexiGOBP1,118,4.84,4.66,0.18,0.88,5
SexiGOBP1,129,4.36,4.66,-0.3,0.39,1
SexiGOBP1,135,5.36,5.36,0.0,0.67,5
SexiGOBP1,136,5.36,5.36,0.0,0.8,5
SexiGOBP1,156,5.38,5.36,0.03,1.0,5
SexiGOBP1,175,5.36,5.5,-0.14,1.0,5
SexiGOBP1,187,4.73,4.66,0.07,1.0,5
SexiGOBP1,250,5.36,5.36,0.0,0.8,5
SexiGOBP1,310,5.39,5.36,0.03,0.58,5
SexiGOBP1,320,4.73,4.66,0.07,1.0,5
SexiGOBP2,7,4.55,5.04,-0.5,0.79,3
SexiGOBP2,11,5.04,3.96,1.09,0.79,1
SexiGOBP2,14,4.74,5.91,-1.17,0.95,2
SexiGOBP2,23,5.74,4.66,1.08,0.95,2
SexiGOBP2,32,6.13,6.51,-0.38,1.0,5
SexiGOBP2,33,6.29,5.36,0.93,1.0,5
SexiGOBP2,37,5.67,6.08,-0.41,0.9,5
SexiGOBP2,40,4.99,5.14,-0.15,0.62,5
SexiGOBP2,53,5.05,5.11,-0.06,1.0,5
SexiGOBP2,60,5.17,5.88,-0.71,0.88,5
SexiGOBP2,62,5.96,6.77,-0.81,1.0,5
SexiGOBP2,69,5.16,4.66,0.5,1.0,5
SexiGOBP2,77,6.16,5.91,0.25,1.0,5
SexiGOBP2,83,5.85,5.36,0.49,0.84,5
SexiGOBP2,87,6.17,6.41,-0.23,1.0,5
SexiGOBP2,111,5.94,5.36,0.58,0.9,5
SexiGOBP2,118,5.13,5.84,-0.71,0.88,5
SexiGOBP2,135,6.08,6.77,-0.69,0.67,5
SexiGOBP2,136,6.12,6.19,-0.07,0.8,5
SexiGOBP2,156,6.1,6.17,-0.08,1.0,5
SexiGOBP2,175,6.07,6.3,-0.23,1.0,5
SexiGOBP2,187,5.06,5.03,0.03,1.0,5
SexiGOBP2,250,6.09,6.38,-0.29,0.8,5
SexiGOBP2,310,6.37,6.7,-0.32,0.58,5
SexiGOBP2,320,5.16,4.66,0.5,1.0,5
SexiOPB2,18,5.45,5.3,0.15,0.38,2
SexiOPB2,40,5.37,5.24,0.13,0.62,5
SexiOPB2,53,5.26,5.67,-0.41,0.62,5
SexiOPB2,103,5.33,5.07,0.26,1.0,4
SexiOPB2,324,5.18,5.31,-0.13,1.0,4
SexiOPB2,418,5.38,5.44,-0.06,0.37,3
SexiOPB2,529,5.26,5.24,0.02,0.42,4
SexiOBP7,14,4.75,5.06,-0.31,0.57,1
SexiOBP7,30,5.06,4.75,0.31,0.57,1
SexiOBP13,7,4.62,4.56,0.06,0.5,1
SexiOBP13,14,4.56,4.62,-0.06,0.5,1
SexiOBP13,135,4.79,5.42,-0.63,0.55,1
SexiOBP13,310,5.42,4.79,0.63,0.55,1
SexiPBP1,4,4.87,4.66,0.21,0.43,1
SexiPBP1,5,5.8,4.36,1.44,0.42,4
SexiPBP1,7,4.62,4.98,-0.35,0.79,3
SexiPBP1,8,6.02,4.94,1.08,0.71,5
SexiPBP1,11,4.98,4.36,0.62,0.79,1
SexiPBP1,14,4.7,5.28,-0.59,0.95,2
SexiPBP1,16,5.96,4.59,1.38,0.6,5
SexiPBP1,23,5.22,4.62,0.6,0.95,2
SexiPBP1,32,6.0,6.17,-0.18,1.0,5
SexiPBP1,33,6.23,5.98,0.25,1.0,5
SexiPBP1,37,6.11,6.28,-0.17,0.9,5
SexiPBP1,50,4.77,4.87,-0.11,0.43,2
SexiPBP1,53,5.74,5.35,0.39,1.0,5
SexiPBP1,60,5.82,5.96,-0.14,0.88,5
SexiPBP1,62,6.15,6.33,-0.18,1.0,5
SexiPBP1,69,5.64,5.76,-0.12,1.0,5
SexiPBP1,77,6.15,6.33,-0.18,1.0,5
SexiPBP1,83,6.19,5.94,0.24,0.84,5
SexiPBP1,87,5.92,6.34,-0.41,1.0,5
SexiPBP1,111,6.16,6.03,0.13,0.9,5
SexiPBP1,118,5.64,6.47,-0.83,0.88,5
SexiPBP1,129,4.87,4.89,-0.02,0.39,1
SexiPBP1,135,6.16,6.09,0.07,0.67,5
SexiPBP1,136,6.2,5.74,0.46,0.8,5
SexiPBP1,156,6.13,6.44,-0.32,1.0,5
SexiPBP1,175,6.19,6.14,0.06,1.0,5
SexiPBP1,187,5.67,5.64,0.03,1.0,5
SexiPBP1,250,6.14,5.94,0.2,0.8,5
SexiPBP1,310,6.19,6.22,-0.03,0.58,5
SexiPBP1,320,5.74,5.33,0.41,1.0,5
SexiPBP2,4,4.36,4.66,-0.3,0.43,1
SexiPBP2,5,5.39,4.36,1.04,0.42,4
SexiPBP2,7,4.45,4.36,0.09,0.79,3
SexiPBP2,8,5.38,4.66,0.72,0.71,5
SexiPBP2,11,4.36,4.52,-0.16,0.79,1
SexiPBP2,14,4.36,4.36,0.0,0.95,2
SexiPBP2,16,5.55,4.36,1.19,0.6,5
SexiPBP2,23,4.36,4.36,0.0,0.95,2
SexiPBP2,32,5.48,5.66,-0.19,1.0,5
SexiPBP2,33,5.36,5.36,0.0,1.0,5
SexiPBP2,37,5.51,5.67,-0.15,0.9,5
SexiPBP2,50,4.66,4.36,0.3,0.43,2
SexiPBP2,53,5.24,5.35,-0.11,1.0,5
SexiPBP2,60,5.36,5.58,-0.22,0.88,5
SexiPBP2,62,5.36,5.36,0.0,1.0,5
SexiPBP2,69,5.32,5.06,0.26,1.0,5
SexiPBP2,77,5.36,5.36,0.0,1.0,5
SexiPBP2,83,5.58,5.36,0.22,0.84,5
SexiPBP2,87,5.37,5.91,-0.54,1.0,5
SexiPBP2,111,5.59,5.36,0.24,0.9,5
SexiPBP2,118,5.27,5.8,-0.53,0.88,5
SexiPBP2,129,4.36,4.66,-0.3,0.39,1
SexiPBP2,135,5.36,5.52,-0.17,0.67,5
SexiPBP2,136,5.38,5.36,0.03,0.8,5
SexiPBP2,156,5.36,5.36,0.0,1.0,5
SexiPBP2,175,5.36,5.36,0.0,1.0,5
SexiPBP2,187,5.25,5.31,-0.05,1.0,5
SexiPBP2,250,5.36,5.49,-0.13,0.8,5
SexiPBP2,310,5.7,5.36,0.34,0.58,5
SexiPBP2,320,5.35,4.91,0.44,1.0,5
SexiPBP3,4,4.36,4.66,-0.3,0.43,1
SexiPBP3,5,5.24,4.36,0.89,0.42,4
SexiPBP3,7,4.36,4.36,0.0,0.79,3
SexiPBP3,8,5.36,4.66,0.7,0.71,5
SexiPBP3,11,4.36,4.36,0.0,0.79,1
SexiPBP3,14,4.36,4.36,0.0,0.95,2
SexiPBP3,16,5.23,4.36,0.87,0.6,5
SexiPBP3,23,4.36,4.36,0.0,0.95,2
SexiPBP3,32,5.33,5.36,-0.03,1.0,5
SexiPBP3,33,5.38,5.36,0.03,1.0,5
SexiPBP3,37,5.3,5.36,-0.06,0.9,5
SexiPBP3,50,4.66,4.36,0.3,0.43,2
SexiPBP3,53,4.78,4.91,-0.13,1.0,5
SexiPBP3,60,4.76,4.96,-0.2,0.88,5
SexiPBP3,62,5.38,5.36,0.03,1.0,5
SexiPBP3,69,4.85,4.66,0.19,1.0,5
SexiPBP3,77,5.39,5.36,0.03,1.0,5
SexiPBP3,83,5.24,5.36,-0.11,0.84,5
SexiPBP3,87,5.2,5.65,-0.45,1.0,5
SexiPBP3,111,5.4,5.36,0.04,0.9,5
SexiPBP3,118,4.85,4.66,0.19,0.88,5
SexiPBP3,129,4.36,4.66,-0.3,0.39,1
SexiPBP3,135,5.36,5.36,0.0,0.67,5
SexiPBP3,136,5.36,5.36,0.0,0.8,5
SexiPBP3,156,5.38,5.36,0.03,1.0,5
SexiPBP3,175,5.36,5.5,-0.14,1.0,5
SexiPBP3,187,4.75,5.02,-0.27,1.0,5
SexiPBP3,250,5.36,5.36,0.0,0.8,5
SexiPBP3,310,5.3,5.36,-0.06,0.58,5
SexiPBP3,320,4.85,4.66,0.19,1.0,5
SfurCSP5,3,4.68,5.44,-0.76,0.41,4
SfurCSP5,5,4.26,4.26,0.0,0.42,1
SfurCSP5,6,4.26,4.26,0.0,1.0,1
SfurCSP5,7,4.43,5.83,-1.4,0.79,4
SfurCSP5,8,4.26,4.26,0.0,0.42,1
SfurCSP5,11,5.75,4.26,1.49,0.79,2
SfurCSP5,18,5.35,4.26,1.09,0.38,2
SfurCSP5,20,5.55,5.6,-0.04,0.38,1
SfurCSP5,27,5.25,5.31,-0.06,1.0,2
SfurCSP5,39,4.26,4.26,0.0,0.46,1
SfurCSP5,40,5.18,5.39,-0.21,1.0,2
SfurCSP5,61,4.89,4.26,0.63,0.59,3
SfurCSP5,68,5.6,5.55,0.04,0.38,1
SfurCSP5,86,5.02,4.26,0.76,0.59,3
SfurCSP5,173,4.26,4.26,0.0,1.0,1
SfurCSP5,188,4.26,4.26,0.0,0.46,1
SfurOBP2,55,4.89,4.83,0.06,1.0,1
SfurOBP2,59,4.83,4.89,-0.06,1.0,1
SfurOBP11,2,4.26,4.91,-0.65,0.58,1
SfurOBP11,3,4.33,4.26,0.07,0.48,5
SfurOBP11,4,4.26,4.26,0.0,0.43,1
SfurOBP11,5,4.26,4.78,-0.52,0.43,4
SfurOBP11,6,4.26,4.26,0.0,0.41,2
SfurOBP11,7,4.26,4.67,-0.41,0.79,5
SfurOBP11,8,4.26,4.26,0.0,0.62,5
SfurOBP11,11,4.59,4.26,0.33,0.79,2
SfurOBP11,13,4.26,4.26,0.0,0.41,1
SfurOBP11,15,4.26,4.26,0.0,0.94,5
SfurOBP11,16,4.26,4.26,0.0,0.62,5
SfurOBP11,17,4.26,4.26,0.0,1.0,5
SfurOBP11,18,4.26,4.26,0.0,1.0,5
SfurOBP11,21,4.26,4.26,0.0,0.47,1
SfurOBP11,23,4.31,4.26,0.05,0.95,5
SfurOBP11,24,4.26,4.26,0.0,0.38,1
SfurOBP11,27,4.26,4.26,0.0,1.0,5
SfurOBP11,35,4.26,4.26,0.0,1.0,5
SfurOBP11,36,4.26,4.26,0.0,0.94,5
SfurOBP11,39,4.74,4.26,0.48,0.58,5
SfurOBP11,40,4.26,4.26,0.0,1.0,5
SfurOBP11,43,4.26,4.26,0.0,0.6,5
SfurOBP11,45,4.26,4.26,0.0,0.39,1
SfurOBP11,50,4.26,4.26,0.0,0.43,4
SfurOBP11,54,4.72,5.03,-0.3,0.86,5
SfurOBP11,56,4.26,4.26,0.0,0.85,5
SfurOBP11,57,4.26,4.26,0.0,1.0,5
SfurOBP11,60,4.26,4.26,0.0,0.43,5
SfurOBP11,61,4.32,4.26,0.06,0.52,5
SfurOBP11,63,4.26,4.26,0.0,0.5,5
SfurOBP11,64,4.26,4.26,0.0,0.82,5
SfurOBP11,68,4.26,4.26,0.0,0.39,2
SfurOBP11,74,4.26,4.26,0.0,0.48,5
SfurOBP11,75,4.26,4.26,0.0,0.39,1
SfurOBP11,76,4.26,4.26,0.0,1.0,5
SfurOBP11,91,4.26,4.26,0.0,0.62,5
SfurOBP11,92,4.26,4.26,0.0,0.41,3
SfurOBP11,94,4.26,4.82,-0.56,0.52,1
SfurOBP11,97,4.26,4.26,0.0,1.0,5
SfurOBP11,99,4.32,4.26,0.06,0.95,5
SfurOBP11,103,4.26,4.26,0.0,1.0,5
SfurOBP11,107,4.26,4.26,0.0,1.0,5
SfurOBP11,108,4.26,4.26,0.0,0.77,5
SfurOBP11,110,4.78,4.26,0.52,0.36,1
SfurOBP11,120,4.26,4.26,0.0,0.64,5
SfurOBP11,121,4.26,4.26,-0.0,0.64,5
SfurOBP11,129,4.26,4.26,0.0,0.43,4
SfurOBP11,140,4.26,4.8,-0.54,0.38,1
SfurOBP11,145,4.26,4.26,0.0,1.0,5
SfurOBP11,150,4.26,4.26,0.0,1.0,5
SfurOBP11,151,4.26,4.26,0.0,1.0,5
SfurOBP11,153,4.26,4.26,0.0,1.0,5
SfurOBP11,165,4.62,4.93,-0.31,0.61,5
SfurOBP11,169,4.26,4.26,-0.0,0.39,2
SfurOBP11,188,4.99,4.26,0.73,0.66,5
SfurOBP11,194,4.26,4.26,0.0,1.0,5
SfurOBP11,205,4.67,5.42,-0.75,0.86,5
SfurOBP11,214,4.26,4.26,0.0,0.77,5
SfurOBP11,245,4.37,4.26,0.11,0.43,5
SfurOBP11,252,4.87,4.26,0.61,0.58,2
SfurOBP11,254,4.26,4.26,0.0,0.47,1
SfurOBP11,262,4.37,4.26,0.11,0.64,5
SfurOBP11,276,4.82,4.26,0.56,0.52,1
SfurOBP11,283,4.26,4.26,0.0,0.48,5
SfurOBP11,286,4.26,4.26,0.0,0.38,1
SfurOBP11,321,4.45,4.26,0.19,0.64,5
SfurOBP11,399,4.26,4.26,0.0,0.6,2
SfurOBP11,471,4.4,4.26,0.14,0.43,4
SfurOBP11,529,4.26,4.26,-0.0,0.43,5
SfurOBP11,536,4.26,4.26,-0.0,0.95,5
SfurOBP11,573,4.65,4.86,-0.21,0.58,5
SinfCSP19,3,5.04,4.66,0.39,0.5,3
SinfCSP19,11,4.66,4.84,-0.18,0.4,1
SinfCSP19,14,4.95,5.06,-0.11,0.5,2
SinfCSP19,18,5.94,5.14,0.8,1.0,5
SinfCSP19,19,5.88,5.96,-0.08,1.0,5
SinfCSP19,22,4.86,5.16,-0.3,0.5,2
SinfCSP19,32,5.98,6.21,-0.24,1.0,5
SinfCSP19,33,6.17,6.31,-0.14,1.0,5
SinfCSP19,37,5.84,5.93,-0.09,0.9,5
SinfCSP19,40,5.59,5.25,0.34,0.62,5
SinfCSP19,41,5.85,6.0,-0.15,0.68,5
SinfCSP19,53,5.44,5.62,-0.18,0.62,5
SinfCSP19,62,6.17,6.3,-0.13,1.0,5
SinfCSP19,77,6.2,6.12,0.08,0.93,5
SinfCSP19,79,6.03,6.01,0.02,0.9,5
SinfCSP19,83,5.63,6.08,-0.45,1.0,5
SinfCSP19,87,6.11,5.75,0.36,1.0,5
SinfCSP19,107,5.66,5.11,0.55,0.62,5
SinfCSP19,111,5.86,6.04,-0.18,1.0,5
SinfCSP19,156,6.23,6.12,0.11,1.0,5
SinfCSP19,183,5.99,6.18,-0.19,1.0,5
SinfPBP1,19,5.85,5.8,0.06,1.0,5
SinfPBP1,32,5.75,6.0,-0.25,1.0,5
SinfPBP1,33,5.82,6.14,-0.32,1.0,5
SinfPBP1,37,5.85,5.85,0.0,0.9,5
SinfPBP1,41,5.89,4.88,1.02,0.68,5
SinfPBP1,62,5.89,5.87,0.02,1.0,5
SinfPBP1,77,5.84,6.1,-0.26,0.93,5
SinfPBP1,79,5.72,6.01,-0.29,0.9,5
SinfPBP1,87,5.83,5.72,0.11,1.0,5
SinfPBP1,111,5.84,5.84,-0.01,1.0,5
SinfPBP1,156,5.98,5.57,0.41,1.0,5
SinfPBP1,183,5.79,5.87,-0.08,1.0,5
SinfPBP1,535,5.86,5.75,0.11,0.77,5
SinfPBP2,19,5.62,5.77,-0.15,1.0,5
SinfPBP2,32,5.82,6.11,-0.29,1.0,5
SinfPBP2,33,4.94,4.88,0.06,1.0,5
SinfPBP2,37,5.89,4.88,1.01,0.9,5
SinfPBP2,41,5.83,5.7,0.13,0.68,5
SinfPBP2,62,4.94,4.88,0.06,1.0,5
SinfPBP2,77,4.88,4.88,0.0,0.93,5
SinfPBP2,79,5.75,6.0,-0.24,0.9,5
SinfPBP2,87,5.92,5.77,0.15,1.0,5
SinfPBP2,111,5.56,5.94,-0.38,1.0,5
SinfPBP2,156,4.94,4.88,0.06,1.0,5
SinfPBP2,183,5.91,5.79,0.13,1.0,5
SinfPBP2,535,4.93,4.88,0.05,0.77,5
SinfPBP3,19,4.92,4.88,0.04,1.0,5
SinfPBP3,32,4.98,4.88,0.1,1.0,5
SinfPBP3,33,4.99,4.88,0.11,1.0,5
SinfPBP3,37,4.92,4.88,0.04,0.9,5
SinfPBP3,41,4.96,4.88,0.08,0.68,5
SinfPBP3,62,4.99,4.88,0.11,1.0,5
SinfPBP3,77,4.88,5.35,-0.47,0.93,5
SinfPBP3,79,4.97,4.88,0.09,0.9,5
SinfPBP3,87,4.88,5.24,-0.36,1.0,5
SinfPBP3,111,4.92,4.88,0.04,1.0,5
SinfPBP3,156,4.99,4.88,0.11,1.0,5
SinfPBP3,183,4.98,4.88,0.1,1.0,5
SinfPBP3,535,5.01,4.88,0.13,0.77,5
SlitCSP3,4,4.26,5.11,-0.85,0.47,1
SlitCSP3,106,5.09,4.26,0.83,0.39,1
SlitCSP3,292,5.11,4.26,0.85,0.47,1
SlitCSP3,293,4.26,5.09,-0.83,0.39,1
SlitCSP8,4,4.26,5.13,-0.87,0.47,1
SlitCSP8,106,4.26,4.95,-0.69,0.39,1
SlitCSP8,292,5.13,4.26,0.87,0.47,1
SlitCSP8,293,4.95,4.26,0.69,0.39,1
SlitCSP11,4,4.63,4.79,-0.16,0.47,1
SlitCSP11,106,5.0,5.05,-0.05,0.39,1
SlitCSP11,292,4.79,4.63,0.16,0.47,1
SlitCSP11,293,5.05,5.0,0.05,0.39,1
SlitGOBP1,32,6.28,6.28,0.01,1.0,4
SlitGOBP1,40,5.49,4.52,0.97,0.43,2
SlitGOBP1,56,4.52,4.63,-0.11,0.4,1
SlitGOBP1,60,5.99,6.23,-0.24,0.5,5
SlitGOBP1,79,6.22,6.52,-0.3,0.9,4
SlitGOBP1,87,6.33,6.12,0.21,1.0,4
SlitGOBP1,183,6.29,6.25,0.04,1.0,4
SlitGOBP2,7,5.88,5.33,0.55,0.5,2
SlitGOBP2,14,5.56,5.96,-0.41,0.5,2
SlitGOBP2,22,5.66,5.79,-0.12,0.5,2
SlitGOBP2,27,5.91,4.71,1.21,1.0,5
SlitGOBP2,32,6.48,6.48,-0.0,1.0,5
SlitGOBP2,33,6.44,6.12,0.32,1.0,5
SlitGOBP2,37,6.29,6.28,0.02,0.9,5
SlitGOBP2,40,5.35,5.81,-0.46,1.0,5
SlitGOBP2,53,5.81,5.71,0.11,0.74,4
SlitGOBP2,60,6.16,6.32,-0.16,0.88,5
SlitGOBP2,62,6.29,6.8,-0.51,1.0,5
SlitGOBP2,77,6.41,6.23,0.18,1.0,5
SlitGOBP2,79,6.45,6.64,-0.19,0.9,5
SlitGOBP2,87,6.49,6.44,0.05,1.0,5
SlitGOBP2,111,6.43,6.07,0.36,0.9,5
SlitGOBP2,118,6.2,6.19,0.0,0.88,5
SlitGOBP2,135,6.38,6.68,-0.3,0.67,5
SlitGOBP2,136,6.32,6.28,0.03,0.8,5
SlitGOBP2,156,6.36,6.47,-0.1,1.0,5
SlitGOBP2,175,6.38,6.34,0.04,1.0,5
SlitGOBP2,183,6.45,6.59,-0.13,1.0,5
SlitGOBP2,300,6.37,5.97,0.4,0.8,5
SlitOBP11,3,4.26,4.26,0.0,0.5,5
SlitOBP11,4,4.45,4.26,0.19,0.43,1
SlitOBP11,8,4.81,4.26,0.55,0.71,4
SlitOBP11,11,4.26,4.26,0.0,0.79,2
SlitOBP11,17,4.26,4.26,0.0,1.0,5
SlitOBP11,21,4.26,4.26,0.0,0.47,1
SlitOBP11,22,4.26,4.26,-0.0,0.5,4
SlitOBP11,35,4.26,4.26,0.0,1.0,5
SlitOBP11,50,4.26,4.45,-0.19,0.43,5
SlitOBP11,61,4.26,4.26,0.0,0.59,4
SlitOBP11,64,4.26,4.26,0.0,0.48,5
SlitOBP11,76,4.26,4.26,-0.0,1.0,5
SlitOBP11,86,4.26,4.26,0.0,0.59,4
SlitOBP11,92,4.26,4.26,0.0,0.38,2
SlitOBP11,106,4.31,4.26,0.05,0.58,5
SlitOBP11,107,4.26,4.26,-0.0,1.0,5
SlitOBP11,119,4.66,4.87,-0.21,0.8,3
SlitOBP11,129,4.31,4.26,0.05,0.58,5
SlitOBP11,135,4.74,4.84,-0.1,0.67,3
SlitOBP11,150,4.26,4.26,-0.0,1.0,5
SlitOBP11,151,4.26,4.26,-0.0,1.0,5
SlitOBP11,220,4.26,4.26,0.0,0.47,1
SlitOBP11,223,4.26,4.26,0.0,0.79,5
SlitOBP11,245,4.31,4.26,0.06,0.47,5
SlitOBP11,262,4.26,4.37,-0.11,0.64,5
SlitOBP11,300,4.71,4.86,-0.14,0.8,3
SlitOBP11,321,4.33,4.26,0.07,0.64,5
SlitOBP11,388,4.26,4.26,0.0,0.48,5
SlitPBP1,7,5.1,4.92,0.18,0.79,2
SlitPBP1,8,5.77,4.88,0.88,0.71,5
SlitPBP1,11,4.92,4.83,0.09,0.79,1
SlitPBP1,14,4.92,5.77,-0.85,0.5,1
SlitPBP1,32,5.7,6.25,-0.55,1.0,5
SlitPBP1,33,5.81,5.45,0.36,1.0,5
SlitPBP1,37,5.95,5.35,0.6,0.9,5
SlitPBP1,53,5.38,5.01,0.38,1.0,5
SlitPBP1,60,5.47,6.09,-0.62,0.88,5
SlitPBP1,62,5.64,6.21,-0.57,1.0,5
SlitPBP1,69,5.38,5.01,0.37,1.0,5
SlitPBP1,77,5.74,5.77,-0.03,0.93,5
SlitPBP1,87,5.96,5.7,0.26,1.0,5
SlitPBP1,111,5.68,5.78,-0.1,0.9,5
SlitPBP1,135,5.73,6.24,-0.52,0.67,5
SlitPBP1,136,5.81,5.56,0.25,0.8,5
SlitPBP1,138,5.77,5.64,0.14,1.0,5
SlitPBP1,156,5.74,5.79,-0.05,1.0,5
SlitPBP1,187,5.37,5.05,0.32,1.0,5
SlitPBP1,300,5.72,5.97,-0.26,0.8,5
SlitPBP1,349,5.36,6.24,-0.87,0.88,5
SlitPBP1,552,5.33,5.2,0.13,0.59,5
SmosOBP11,8,4.9,4.85,0.05,0.55,4
SmosOBP11,57,5.09,4.62,0.47,1.0,5
SmosOBP11,62,4.92,5.0,-0.08,0.7,5
SmosOBP11,64,4.86,4.85,0.01,0.61,5
SmosOBP11,70,5.03,4.91,0.12,0.62,5
SmosOBP11,92,4.78,4.88,-0.11,0.47,2
SmosOBP11,145,4.9,5.12,-0.22,1.0,5
SmosOBP11,193,5.02,5.28,-0.26,0.38,4
SmosOBP11,229,4.94,5.46,-0.52,0.68,5
SmosOBP11,230,5.02,5.06,-0.04,0.68,5
SmosOBP11,237,4.88,4.73,0.15,0.61,5
SmosOBP11,521,4.96,4.73,0.23,0.59,5
SmosOBP12,8,5.23,5.14,0.09,0.45,2
SmosOBP12,18,5.36,5.09,0.26,0.38,1
SmosOBP12,57,5.35,4.98,0.37,1.0,5
SmosOBP12,64,5.22,4.99,0.23,0.61,5
SmosOBP12,70,5.27,5.14,0.13,0.62,5
SmosOBP12,92,5.1,5.2,-0.1,0.47,2
SmosOBP12,145,5.12,5.48,-0.36,1.0,5
SmosOBP12,193,5.18,5.36,-0.17,0.38,5
SmosOBP12,229,5.27,5.23,0.04,0.68,5
SmosOBP12,230,5.2,5.37,-0.17,0.68,5
SmosOBP12,237,5.13,5.17,-0.05,0.61,5
SmosOBP16,8,4.68,4.73,-0.05,0.45,2
SmosOBP16,57,4.65,4.64,0.01,1.0,5
SmosOBP16,64,4.7,4.42,0.28,0.61,5
SmosOBP16,70,4.62,4.63,-0.01,0.62,5
SmosOBP16,92,4.7,4.7,-0.01,0.47,2
SmosOBP16,145,4.61,4.72,-0.12,1.0,5
SmosOBP16,193,4.65,4.65,-0.0,0.38,4
SmosOBP16,229,4.61,4.59,0.01,0.68,5
SmosOBP16,230,4.67,4.46,0.21,0.68,5
SmosOBP16,237,4.54,4.87,-0.33,0.61,5
SmosOBP17,8,4.63,4.5,0.13,0.45,2
SmosOBP17,57,4.58,4.59,-0.01,1.0,5
SmosOBP17,64,4.56,4.49,0.07,0.61,5
SmosOBP17,70,4.55,4.54,0.01,0.62,5
SmosOBP17,92,4.51,4.55,-0.05,0.47,2
SmosOBP17,145,4.55,4.66,-0.12,1.0,5
SmosOBP17,193,4.57,4.49,0.08,0.38,4
SmosOBP17,229,4.57,4.49,0.08,0.68,5
SmosOBP17,230,4.56,4.51,0.05,0.68,5
SmosOBP17,237,4.53,4.52,0.01,0.61,5
SmosOBP21,8,4.48,4.84,-0.36,0.45,2
SmosOBP21,57,4.55,4.5,0.04,1.0,5
SmosOBP21,70,4.61,4.29,0.32,0.62,5
SmosOBP21,92,4.53,4.53,0.0,0.47,1
SmosOBP21,145,4.57,4.46,0.1,1.0,5
SmosOBP21,193,4.44,4.77,-0.32,0.38,4
SmosOBP21,229,4.58,4.51,0.06,0.68,5
SmosOBP21,230,4.45,4.84,-0.38,0.68,5
SmosOBP21,237,4.55,4.53,0.02,0.47,5
SsicOBP1,20,4.67,4.71,-0.04,1.0,2
SsicOBP1,24,4.72,4.66,0.07,1.0,2
SsicOBP1,45,4.81,4.74,0.07,0.39,1
SsicOBP1,80,4.7,4.81,-0.11,0.39,3
SsicOBP2,20,4.58,4.87,-0.29,1.0,2
SsicOBP2,24,4.87,4.55,0.32,1.0,2
SsicOBP2,45,4.84,4.7,0.13,0.39,1
SsicOBP2,80,4.71,4.84,-0.13,0.39,3
SspOBP7,34,4.81,4.76,0.05,0.56,1
SspOBP7,181,4.76,4.81,-0.05,0.56,1
SspOBP7 Y105F,34,4.4,4.49,-0.08,0.56,1
SspOBP7 Y105F,181,4.49,4.4,0.08,0.56,1
SzeaOBP1,3,5.26,4.52,0.74,0.48,1
SzeaOBP1,10,5.42,5.35,0.07,1.0,5
SzeaOBP1,16,5.27,5.33,-0.06,1.0,5
SzeaOBP1,35,5.35,5.49,-0.14,1.0,5
SzeaOBP1,41,5.22,5.56,-0.34,1.0,5
SzeaOBP1,63,4.73,5.26,-0.52,0.48,2
SzeaOBP1,65,5.28,5.31,-0.04,1.0,5
SzeaOBP1,69,5.31,4.62,0.69,0.43,5
SzeaOBP1,72,5.42,5.31,0.11,0.76,2
SzeaOBP1,152,5.31,5.16,0.15,1.0,5
SzeaOBP1,155,5.37,5.38,-0.01,0.44,1
SzeaOBP1,171,5.31,5.18,0.13,1.0,5
SzeaOBP1,294,5.34,4.8,0.54,0.62,1
SzeaOBP1,340,4.85,5.34,-0.49,0.62,2
SzeaOBP1,428,5.09,5.0,0.09,0.43,3
SzeaOBP1,553,5.3,5.37,-0.07,0.44,2
SzeaOBP1,555,5.37,5.19,0.18,0.38,1
SzeaOBP28,10,4.39,4.32,0.07,0.38,1
SzeaOBP28,69,4.32,4.39,-0.07,0.38,1
TintPBP1,19,5.67,5.53,0.14,1.0,1
TintPBP1,306,5.53,5.67,-0.14,1.0,1
TintPBP2,19,5.45,5.55,-0.1,1.0,1
TintPBP2,306,5.55,5.45,0.1,1.0,1
TintPBP3,19,5.46,5.4,0.06,1.0,1
TintPBP3,306,5.4,5.46,-0.06,1.0,1
TputCSP1,76,3.58,3.2,0.39,1.0,3
TputCSP1,85,3.11,4.37,-1.26,1.0,1
TputCSP1,107,3.3,3.81,-0.51,1.0,3
TputCSP1,170,3.52,3.33,0.19,1.0,3
TputCSP1,241,3.77,5.04,-1.27,0.36,1
TputCSP1,362,4.37,3.11,1.26,1.0,1
TputCSP1,406,3.45,3.73,-0.28,0.39,3
TputCSP1,423,5.04,3.77,1.27,0.36,1
TputCSP2,76,4.33,4.41,-0.08,1.0,3
TputCSP2,85,3.44,4.01,-0.57,1.0,1
TputCSP2,107,4.32,4.43,-0.11,1.0,3
TputCSP2,170,4.36,4.34,0.03,1.0,3
TputCSP2,241,4.1,4.88,-0.77,0.36,1
TputCSP2,362,4.01,3.44,0.57,1.0,1
TputCSP2,406,4.39,3.61,0.78,0.39,3
TputCSP2,423,4.88,4.1,0.77,0.36,1
