CAS-number,Compound name,AaegOBP22,AbamOBP28,AcerASP1,AcerCSP1,AcerCSP2,AcerCSP3,AcerCSP4,AcerOBP2,AcerOBP10,AcerOBP11,AfasOBP11,AgamSAP1,AgamSAP2,AgamSAP3,AgamCSP3,AgamCSP6,AgamOBP1,AgamOBP3,AgamOBP4,AgamOBP12,AgamOBP19,AgamOBP47,AgosOBP2,AgosOBP3,AgosOBP4,AgosOBP6,AgosOBP7,AgosOBP8,AimelOBP3,AimelOBP3 N90L,AimelOBP3 E120A,AimelOBP3 S122A,AimelOBP5,AipsGOBP1,AipsGOBP2,AipsPBP1,AipsPBP2,AipsPBP3,AlepGOBP1,AlepGOBP2,AlepGOBP2 F118A,AlepGOBP2 F12A,AlepGOBP2 I52A,AlepGOBP2 I94A,AlepPBP1,AlepPBP2,AlepPBP3,AlinCSP1,AlinCSP2,AlinCSP3,AlinCSP4,AlinCSP5,AlinCSP6,AlinOBP1,AlinOBP2,AlinOBP3,AlinOBP4,AlinOBP5,AlinOBP5 K74A,AlinOBP5 M75A,AlinOBP5 P121A,AlinOBP6,AlinOBP10,AlinOBP11,AlinOBP13,AlinOBP14,AlinOBP14 N term mut,AlucOBP7,AlucOBP22,AlucOBP22 I60A,AlucOBP22 L25A,AlucOBP22 K90A,AlucOBP22 M6A,AlucOBP22 M65A,AlucOBP22 V64A,AlucOBP33,AmalCSP5,AmalOBP3,AmalOBP8,AmelCSP1,AmelCSP2,AmelCSP3,AmelCSP4,AmelCSP5,AmelCSP6,AmelOBP1,AmelOBP2,AmelOBP3,AmelOBP4,AmelOBP5,AmelOBP6,AmelOBP8,AmelOBP9,AmelOBP10,AmelOBP11,AmelOBP13,AmelOBP14,AmelOBP15 ITB,AmelOBP15 RJB,AmelOBP16,AmelOBP17,AmelOBP18,AmelOBP19,AmelOBP21,AplaOBP1,AquaOBP4,BdorCSP2,BdorOBP2,BdorOBP99a,BgerOBP26,BgerOBP40,BhorOBP2,BhorOBPm2,BhorOBPm2 C-ter113,BhorOBPm2 Y50F,BminOBP9,BminOBP9 E94V,BminOBP9 H29Y,BminOBP9 L36F,BminOBP9 P99A,BminOBP9 S24P,BmorCSP1,BmorCSP2,BmorCSP4,BodoOBP1,BodoOBP2,BtabCSP1,BtabCSP2,BtabCSP3,BtabOBP1,BtabOBP4,CbuqPBP1,CbuqPBP1 F69A,CcapOBP83a-2,CcunOBP2,CcilCSP2,CforOBP1,CforOBP2,CforOBP3,CinfGOBP1,CinfGOBP2,CinfPBP1,CinfPBP2,CinfPBP3,CmedCSP1,CmedCSP2,CmedCSP3,CmedOBP2,CmedOBP3,CmedOBP14,CmedPBP4,CninOBP1,CninOBP2,CninOBP6,CninOBP9,CninOBP10,CpalOBP1,CpalOBP2,CpalOBP3,CpalOBP4,CpalOBP6,CpalOBP10,CpalOBP15,CpinGOBP1,CpinGOBP2,CpinPBP1,CpinPBP2,CpinPBP3,CpinPBP4,CpomPBP2,CpunGOP1,CpunGOP2,CpunPBP2,CpunPBP5,CquiOBP1,CquiOBP2,CquiOBP5,CsasGOBP1,CsasGOBP2,CsasPBP1,CsasPBP2,CsasPBP3,CsinGOBP1,CsinGOBP2,CsupCSP1,CsupCSP2,CsupCSP3,CsupGOBP1,CsupGOBP2,CsupOBP3,CsupOBP8,CsupOBP11,CsupOBP15,CsupOBP17,CsupOBP19,CsupOBP31,CvesOBP1,CvesOBP2,CvesOBP3,CvesOBP4,CvesOBP5,CvesOBP6,DarmCSP2,DcitOBP1,DcitOBP3,DcitOBP6,DcitOBP8,DcitOBP9,DcitCSP1,DcitCSP8,DcitCSP10,DcitCSP12,DhelOBP21,DhelOBP21 I84N,DhelOBP21 S67A,DhelOBP21 T119N,DhouPBP1,DhouPBP2,DkikPBP1,DkikPBP2,DmelOBP19b,DmelOBP28a,DmelOBP76a,EhipPBP1,EoblGOBP2,EoblOBP6,EoblPBP1,EoblPBP2,FoccCSP,GdauOBP20,GmelGOBP2,GmolCSP8,GmolCSP8 L30A,GmolCSP8 L80A,GmolCSP8 T27A,GmolCSP8 V40A,GmolGOBP1,GmolGOBP2,GmolOBP3,GmolOBP4,GmolOBP5,GmolOBP7,GmolOBP8,GmolOBP10,GmolOBP11,GmolOBP12,GmolOBP15,GmolOBP16,GmolPBP1,GmolPBP2,GmolPBP3,HarmCSP5,HarmCSP6,HarmOBP5,HarmOBP7,HarmOBP10,HarmOBP17,HarmOBP18,HarmPBP1,HarmPBP2,HarmPBP3,HassPBP1,HassPBP2,HassPBP3,HcunPBP1,HcunPBP2,HcunPBP3,HeleOBP1,HoblCSP1,HoblCSP2,HoblOBP1,HoblOBP1 I80A,HoblOBP1 M48A,HoblOBP1 Y111A,HoblOBP2,HoblOBP3,HoblOBP4,HoblOBP5,HoblOBP8,HoblOBP9,HoblOBP24,HparOBP1,HparOBP2,HparOBP20,HparOBP49,LbotPBP1,LdisPBP1,LdisPBP2,LmigOBP1,LmigOBP1 S59A,LmigOBP1 N74A,LmigOBP1 V87A,LmigOBP4,LsatOBP13,LstiGOBP1,LstiGOBP1 T15A,LstiGOBP1 T15A/W43A,LstiGOBP1 W43A,LstiGOBP1 V14A,LstiGOBP2,LstiPBP1,LstiPBP3,LstrOBP2,MaltCSP5,MaltOBP1,MaltOBP3,MaltOBP5,MaltOBP9,MaltOBP10,MaltOBP13,McinNPC2,McinOBP1,McinOBP1 E130A,McinOBP1 L62P,McinOBP1 V58A,McinOBP4,MmedCSP3,MmedNPC2a,MmedOBP1,MmedOBP2,MmedOBP3,MmedOBP4,MmedOBP5,MmedOBP6,MmedOBP7,MmedOBP8,MmedOBP9,MmedOBP10,MperOBP2,MperOBP3,MperOBP4,MperOBP5,MperOBP6,MperOBP7,MperOBP8,MperOBP9,MsepCSP5,MvitGOBP1,MvitGOBP2,MvitPBP1,MvitPBP2,MvitPBP3,NlugCSP10,NlugCSP3,NlugCSP8,NlugOBP1,NlugOBP2,NlugOBP3,NlugOBP8,OachPBP1,OachPBP2,OasiCSP4,OasiCSP11,OasiCSP12,OcorOBP1,OcorOBP2,OcorOBP3,OcorOBP4,OcorOBP5,OfurPBP1,OfurPBP2,OfurPBP3,OfurPBP4,OfurPBP5,PameCSP7,PameOBP1,PameOBP2,PameOBP24,PxylGOBP1,PxylGOBP2,PxylOBP3,PxylOBP9,PxylOBP19,PxylOBP24,PxylPBP3,PxylPBP3 F13A,PxylPBP3 F34A,PxylPBP3 Y37A,PxylPBP3 W38A,PxylPBP3 R111A,PxylPBP3 F119A,rabOBP3,RpadOBP3,RpadOBP7,SaveOBP2,SaveOBP3,SaveOBP7,SaveOBP9,ScerGOBP1,ScerGOBP2,ScerPBP,SexiGOBP1,SexiGOBP2,SexiOBP1,SexiOPB2,SexiOBP7,SexiOBP13,SexiPBP1,SexiPBP2,SexiPBP3,SfurCSP5,SfurOBP2,SfurOBP3,SfurOBP11,SinfCSP19,SinfPBP1,SinfPBP2,SinfPBP3,SlitCSP3,SlitCSP6,SlitCSP8,SlitCSP9,SlitCSP11,SlitCSP18,SlitGOBP1,SlitGOBP2,SlitOBP11,SlitPBP1,SmosOBP11,SmosOBP12,SmosOBP16,SmosOBP17,SmosOBP21,SsicOBP1,SsicOBP2,SspOBP7,SspOBP7 Y105F,SzeaOBP1,SzeaOBP28,TintPBP1,TintPBP2,TintPBP3,TjapOBP1,TjapOBP2,TjapOBP3,TputCSP1,TputCSP2
765-17-3,"Bombykol / (10E,12Z)-hexadeca-10,12-dien-1-ol",,11.21,,0.84,1.08,,,,,2.448,22,7.25,33,3.99,0.96,10.7,12.03,9.251,7.826,,,11.46,55,35.47,55,37.68,45.41,32.61,0.4231,14.6,26.56,2.637,11.2,19.65,1.513,10.72,10.07,7.638,4.185,0.6591,,,,,0.8292,,,18.2,20.14,21.85,7.295,14.16,16.88,18.94,,,14.07,,,,,27.08,13.76,33,55,,,,,,,,,,,24.53,13.08,3.875,2.259,,,,,,,,,,,,,,,,,,1.6,,,0.5,,0.13,,,,,,7.951,,,,39.5,14.49,128.6,23.33,3.88,1.43,2.6,3.72,1.62,,,0.4517,,,,20.63,110,71.92,,,24.6,,,,,1.766,1.148,2.121,9.93,9.94,1.437,2.137,2.431,4.921,4.328,2.921,10.43,55,12.92,0.4709,22,22,22,22,22,22,22,22,12.78,22,22,22,3.318,6.813,2.739,0.5475,3.226,10.49,4.452,1.528,11.16,1.321,1.697,6.6,,5.8,1.727,22.01,3.602,10.63,0.9681,15.92,7.913,15.96,16.4,13.91,2.496,3.096,22,55,33,33,33,33,33,,,,,7,4.6,,,5.069,14.91,18.82,38.3,20.4,44,44,15.16,,,,,10.63,3.848,5.603,2.044,,,0.22,1.427,26.21,,0.8841,25.94,72.83,37.96,11.14,5.363,15.3,2.842,11.1,4.013,3.076,3.435,74.12,5.772,16.35,14.92,3.244,5.29,3.095,2.645,12.16,8.227,1.694,1.437,16.43,113.1,0.9543,14.27,4.766,,48.53,34.03,0.7869,0.563,1.313,0.6105,0.4391,1.513,3.136,1.592,1.982,46.85,27.59,30.62,40.26,,,,70.45,55,9.552,,,,,10.7,35.2,28.56,55,3.969,,,1.485,1.658,22,1.62,13.55,12.59,8.798,44,44,30.95,17.22,5.724,4.557,41.08,55,,55,,,,,,1.646,4.456,66.54,47.17,12.69,9.405,17.28,23.67,110,,,,,65.83,,55,19.76,22.15,55,6.024,13.01,55,41.25,29.64,55,13.98,6.239,,,,,,10.08,8.515,15.96,30.28,35.27,19.99,55,0.3518,0.1203,39.52,22.7,21.12,3.055,,,,,4.61,3.728,1.97,2.13,1.14,5.041,,,12.12,4.553,2.391,,,,29.8,0.2227,281.6,5.046,20.7,12.67,24.43,186.4,7.8,9.2,15.8,10.2,11.67,14.24,10.24,27.5,0.71,5.16,1.908,0.2442,,5.03,8.8,16.39,0.2735,1.105,2.077,55,,,31.06,0.6199,0.7474,0.9099,7.768,9.74,,7.94,,55,,0.3713,0.2175,12.86,0.6533,4.838,4.003,22.27,32.16,17.11,,,16.83,25.93,3.532,48.24,2.15,2.83,3.45,11,5.68,11,,
6186-98-7,11-cis-Vaccenyl acetate / cis-Vaccenyl acetate,,9.845,,0.5339,1.268,,313.8,38.07,31.41,3.435,18.49,5.221,2.55,3.679,2.821,4.475,12.36,9.375,4.688,11.6,1.581,12.17,55,44.09,55,32.37,55,55,2.151,55,55,10.17,1.265,8.161,1.61,0.4453,0.2703,0.8151,3.211,0.3759,,,,,0.4897,,,14.42,23.65,22.98,2.487,17.06,25.44,27.76,13.52,57.34,13.37,26.35,,,,33,36.95,33,45.83,,,34.12,,,,,,,,16.16,15.61,14.58,9.429,,,,,,,,,,,,,,,,,,0.425,,,0.2802,,0.07677,,,5.615,12.85,,72.91,,,,10.83,9.496,91.02,26.52,3.92,1.3,2.5,3.63,1.56,3.6,,0.5433,,33,33,27.94,110,71.43,,,12.36,13.89,2.69,,,0.9647,1.551,1.166,9.807,10.1,1.419,2.122,2.414,3.426,3.519,2.689,11.72,39.42,7.107,0.5054,22,22,22,22,15.36,22,22,22,3.711,8.804,8.217,22,3.186,6.332,2.221,0.4739,2.7,10.54,5.246,1.513,8.445,0.4161,0.4697,6.6,,5.8,2.695,8.222,4.271,15.24,2.847,26.46,7.803,19.62,14.28,15.36,2.266,1.778,22,37.06,33,33,33,33,33,,2.47,9,,5.551,4.668,,,4.327,13.02,14.75,37.24,14.69,44,44,9.727,,,,,10.63,4.495,6.902,2.171,,,0.11,1.193,8.2,,0.6618,16.69,72.83,48.83,45.73,26.4,14.47,2.289,9.223,3.275,10.64,14.02,78.86,9.528,13.49,9.592,3.209,13.21,13.34,11.29,15.97,18.24,1.674,0.8193,18.74,63.15,0.9575,15.59,2.972,3.292,46.95,36.41,1.206,0.9906,1.23,0.9274,2.496,0.5596,0.7415,0.3251,0.6412,48.91,40.76,45.12,13,28.1,24.2,44,15.79,55,16.85,,,,,8.316,28.64,19.49,42.93,5.06,3.81,2.5,7.651,1.658,22,1.62,5.136,,10.68,44,44,44,19.7,10.77,11.57,,55,,55,,,,,,,3.2,23.27,22.75,13.59,12.13,17.38,,110,,,18.11,,65.39,110,40.98,37.65,39.02,55,4.174,14.14,55,33.8,9.674,55,2.231,6.299,13.83,7.472,25.66,26.06,6.783,6.08,9,12.02,31.11,33.55,19.48,55,0.3066,0.6094,38.2,28.38,16.02,2.141,3.75,4.003,13.6,2.812,4.362,2.444,1.928,1.664,1.028,1.474,3.971,1.372,12.79,6.253,2.093,9.11,8.6,3.1,17.4,0.1677,281.6,9.033,25.73,22.85,71.72,166.9,7.8,,,9.864,11.2,14.25,7.954,27.5,0.71,5.16,3.591,0.2784,,4.8,7.383,3.82,0.3947,4.4,3.569,6.885,12.89,8.49,55,0.4968,0.7582,13.2,6.37,55,,55,,6.271,,0.2721,0.2447,10.67,0.9546,6.098,3.696,18.36,22.55,18.25,,,23.93,189.5,2.479,41.34,2.15,2.83,3.45,11,5.68,11,167.8,29.15
79-77-6,ionone (beta),,,14.69,1.54,7.33,23.07,7.76,4.12,10.2,3.79,11.86,15.3,18.2,5.52,3.5,33,,,3.1,,4.2,,55,19,22.1,55,55,55,0.3,1.4,9.5,1,7.2,,,,,,,,,,,,,,,55,55,55,6.47,18.02,6.63,1.88,,,,17.7,,,,15.29,23.8,33,19.5,7.09,8.47,,4.7,7.61,5.8,6.56,11.63,8.11,18.03,7.34,,,,,,,,,,,,,,,,,,,,,0.54,,,,,,,,,30.06,,15.37,,,,,,,,,,,,,,2.7,0.1888,,,,32.1,110,110,5.15,3.62,,,,,,1.27,1.1,1.9,,,,,,7.67,22,22,13.2,28.9,5.32,7.13,22,22,22,22,7,22,10.74,22,22,11.48,5.21,7.85,,,,,,,,,,10.06,9.85,,,,,,,,,12.93,33,17.14,11.49,24.84,15.02,5.06,10.21,4.9,13.32,33,16.53,13.69,9.26,,,,,,,,,,,,,,,,,,,,,,,,,,1.3,,,12.59,,,7.92,,,,,,,,,,,49.36,,,,,,,,,,,6.66,20.15,,,,,,12.9,12.3,,,,,,,,,,6.9,4.3,4.47,6.35,35.6,9.7,44,5.36,55,55,,,,,,,,,,,,,,,,,9.22,,,,,,6.5,12.45,9.92,18.95,,,,,,,,0.26,8.97,,,,11.78,,25.12,40.69,10.6,51.28,4.37,110,5.79,15.51,3.43,2.47,7.14,,,,,,,,,5.06,,,,,,,,,21.5,22.2,6.1,16.13,,,,,,2.3,,6.3,13,9.1,,,,,,1.6,14.44,12.17,4.25,,,24.8,20.7,4.9,,,,,,,,,,,,,,,,,,,13.81,11.58,14.25,,16.79,,4.35,11.01,9.66,1.39,14.75,6.57,12.43,,,,,11.44,,5.07,,4.93,,,,55,,,,,,,,,,,,,,,,,,,,
123-35-3,"beta-myrcene /  7-methyl-3-methylene-1,6-octadiene / myrcene",,9.05,,1.926,3.666,,174.3,7.189,20.69,10.74,22,33,33,33,6.37,33,5.3,11.5,8.708,,1.371,15.1,55,55,25.25,55,55,32.28,0.2026,3.266,25.26,2.094,6.215,20.1,20.1,,,,22,22,,,,,5.06,,,5.42,13.04,10.71,12.79,14.45,33,6.49,,212,,44,26.3,9.5,39.1,33,20,33,16.33,11.18,13.84,,,,,,,,,12.89,44,5.804,2.445,7.83,21.1,18.4,10.7,27.6,9.43,23.1,12.6,15.7,13.9,7.94,13,4.17,6.59,18.9,21.7,11.9,0.503,17.8,16.9,8.35,9.79,8.38,13.9,13.4,8.19,,,,4.13,,,,12.96,61.54,20.24,2.73,1.54,1.91,,1.67,,,1.576,,,,110,110,110,,,29.77,,1.63,,123,,,,,,,,,8.24,4.25,22,11.8,55,14.33,20.72,1.551,22,22,22,2.953,22,6.344,7.697,2.033,4.976,0.6485,22,11,11,11,3.48,11,11,,0.3173,1.513,1.212,3.242,,,,11.68,11.32,6.79,17.7,33,16.68,18.12,33,33,25.89,22,6.24,22,37.4,33,33,33,33,33,,,2.29,,7.2,2.9,6.96,110,7.09,14,43.1,23.06,17.45,44,44,8.82,14.21,44.92,38.93,29.37,,,,,,,,,55,10.89,,,116.3,,,17.58,,,,,12.44,44.06,69.43,32.27,32.48,7.794,11.06,10.89,16.79,38.5,,24.07,,11.77,,,,10.36,,5.4,55,20.78,,,,,,,5.791,3.818,8.967,46.01,25.36,29.48,13.38,44,21.8,44,24.08,55,23.5,,,,,5.777,21.61,55,55,86.5,,,22,,,,10.01,11,,,,,,14.7,,75.93,55,31.9,55,45.23,55,7.77,12.37,15.56,,12.15,,,,17.89,26.79,23.97,110,4.3,110,14.69,,25.57,110,55,55,55,55,2.421,15.47,55,48.93,0.9852,55,3.711,9.647,,,,,,5.29,6.675,12.19,16.2,29.1,7.2,55,0.8306,2.832,,,,2.003,,5.662,,6.707,,,,,,3.301,1.159,0.5716,17.7,45.7,72.37,33.1,34.5,,19.25,,,,,,,,11.2,8.9,6.4,9.7,8.6,20.5,10.83,,,,22,2.457,10.47,,11.4,23.94,6.827,34.77,44,3.65,13.46,10.4,55,22.05,,,,8.65,,10.7,,12.17,,25.7,1.093,55,2.368,,8.24,,,,12.82,14.38,,,30.27,37.58,,,,,,,42.25,98.17
100-52-7,benzaldehyde,2.64,55,63.23,2.566,17.95,18.94,19.11,2.513,,3.695,22,5.229,3.984,1.072,0.7856,2.186,,,2.7,7.3,,,,,,,,,,,,,,33,33,,,,22,22,,,,,22,,,27.53,28.02,24.02,9.1,21.53,33,13.64,,,22,,,,,33,55,33,55,,,,,,,,,,,,44,77,44,,,,,,,,,,,,,,,,,,0.09,,,,,,,,,79.26,,15.69,,,,21.45,1100,302.1,1100,,,,,,,,0.7,3.2,,,110,110,110,,,28.43,,,,,0.85,8.67,,,,,,,22,12.23,22,24.5,55,86,55,22,22,22,22,22,22,22,22,22,22,22,22,3.05,11,11,1.62,11,11,,8.79,31.86,11.56,20.36,,,,,,,,,,,8.9,24.49,12.75,22,22,22,22.3,33,33,33,16.26,33,,,,,,,,,,,,,,,,,,,,,,,,,,8.132,,,44.21,,,30.37,48.37,,,26.4,,,,,32.16,75.41,80.66,,24.96,14.07,20.85,11.6,44.69,6.81,34.71,23.84,,10.53,,5.408,,86.99,8.2,2.7,55,34.8,,,,,,,,,,49,23.35,19.47,40.46,37.5,16.1,44,32.14,,,,,,,35.2,12.9,55,55,,2.93,5.32,22,,,,5.66,,18.75,21.7,44,18.93,18.06,11.2,14.82,16.31,55,,,,,,,,0.81,15.56,,,,,,24.63,,3.085,,,,,,55,55,55,,,,,,,,,,16.63,55,23.63,25.48,22.93,26.03,,,55,33.3,29.3,55,,,,,,10.52,14.7,7.034,,,,,,,,,,,2.73,11.46,4.113,,,,16.94,,,,,,,,,,,9.5,10.5,16.2,96.51,,,,22,,9.89,,8.03,,22,22,22,55,,9.52,55,,,,,7.75,,7.47,,16.22,,,,55,13.13,,,,,,,,,,4.44,20.23,,,,,,,192.9,523.1
928-96-1,Z-3-hexen-1-ol / cis-3-Hexen-1-ol,,19.29,,,,,,,,,22,,,,,,,,,11.6,16.1,,55,55,55,55,39.7,22.6,3.8,55,55,17.6,55,13.3,4.3,6.782,7.367,9.486,,,,,,,,,,12.54,15.15,16.3,13.31,13.58,33,16.97,21.53,,22,,,,,33,55,33,55,,,,,,,,,,,,44,77,44,,,,,,,,,,,,,,,,,,,,,,,,,,,35,,,,,,47.96,75.87,454.6,34.6,,,,,,,,,,,,110,110,110,,,,,4.41,,,5.55,7.2,,9.93,9.94,1.56,2.23,2.54,22,22,22,9,55,11.47,1.705,22,22,22,22,22,22,22,22,3.72,22,22,22,4.08,11,11,1.51,11,11,97.03,33.53,21.21,19.99,14.87,,,,,,,,,5.843,12.91,33,17.71,33,22,22,22,31.4,33,33,33,33,33,,2.47,,,5.7,5,,,,,,,,,,,,,,,,3.95,6.02,2.36,,,0.22,1.652,55,,2.96,172.6,,46.8,75.61,8.51,17.09,6.75,26.4,8.07,16.79,12.79,68.03,6.19,,12.28,10.78,14.35,11.31,18.75,18.06,24.58,1.73,9.51,17.59,,0.97,110,,,55,48.8,0.9,0.65,1.6,0.68,0.56,1.8,22,6.21,22,47.6,110,47.84,33.21,,,,40.23,55,12.5,,,,,10.63,29.53,25.21,55,3.548,,,22,,,,8.89,,13.58,44,44,44,23.39,11.2,3.248,41.08,55,,55,,,,,,1.64,8.946,25.57,24.29,22.07,5.933,17.48,,,,,,,,,55,55,55,55,8.2,30.8,55,39.5,27,55,13,89.75,,,,,,21.86,16.03,22.88,55,42.04,20.03,55,35.2,16.42,37.95,19.72,14.13,8,,,,,4.61,3.23,1.97,2.13,1.14,8.436,22.54,44,71.64,20.86,6.5,,,,34.49,,,,,,,,,9.2,15.8,9.8,13.1,13.9,11.75,,,,44,0.2473,,,,16.39,44,44,44,55,,,16.49,0.5992,0.9578,0.876,7.474,55,,8.07,,55,,0.3648,0.2435,15.05,0.7989,14.27,7.18,18.68,31.36,14.32,,,15.37,33.44,,,,,,,,,922.8,619.6
6728-26-3,(E)-2-Hexenal,,27.31,,,,,,,,,22,7.25,33,3.99,0.96,10.7,11.87,9.236,8.125,,,14.3,55,31.2,55,55,55,55,0.2588,10.86,16.99,2.244,4.216,33,24.3,3.096,2.741,1.81,22,22,,,,,22,,,8.912,10.16,10.97,7.881,12.12,22.54,23.84,,108.8,22,44,,,,28.53,13.69,33,55,,,23.14,,,,,,,,24.53,36.15,77,44,,,,,,,,,,,,,,,,,,,,,,,,,,,,,9.96,,,,39.25,26.37,1100,43.84,3.88,1.43,2.6,3.72,1.62,3.6,,0.4815,,,,110,110,110,,,,,,,,1.39,,,,,,,,4.417,4.408,2.313,15.69,55,18.43,1.062,22,22,22,22,22,22,22,22,12.78,22,22,22,4.006,6.733,2.648,0.5934,3.133,10.5,6.99,1.633,9.636,20.04,9.44,6.6,,5.8,33,33,10.99,20.96,4.276,18.66,7.09,33,33,33,22,22,22,55,33,33,33,33,33,,,,,7,4.6,,,4.28,13.46,16.44,36.78,28.17,44,44,12.8,,,,,,3.527,5.955,2.398,,,0.22,3.15,32.24,,2.95,74.11,72.83,37.8,51.46,26.4,,,,,21.2,15.63,68.32,8.938,26.41,16.99,24.8,21.54,35.81,4.21,25.38,20.93,1.73,10.65,16.6,,0.92,13.12,3.228,,49.1,35.2,0.9,0.65,4,0.8181,1.374,3.51,22,22,22,49,24.89,25.65,22.58,,,,48.3,55,8.1,,,,,10.7,35.2,55,55,23.3,,,22,,,,12.11,12.59,16.06,44,44,26.14,24.62,6.2,22.03,41.08,55,,55,,,,,,1.69,10.35,66.54,47.17,12.69,12.79,17.24,23.67,110,,,,,65.83,,55,55,55,55,6.2,14.1,55,55,55,55,22.6,9.08,,,,,,12.35,23.9,23.31,55,28.8,30,55,0.54,35.2,40.24,37.96,31.9,3,,,,,,,,,,10.3,,,54.62,5.929,3.15,,,,20.99,0.64,281.6,5.36,21.17,13.47,27.31,281.6,7.8,,,9.4,14,14,37.2,,,,44,1.128,,5.03,8.8,,44,44,44,55,,,55,0.662,1.401,1.022,13.2,8.71,,7.007,,55,,,0.53,55,1.66,,8.06,,,,,,17.03,27.72,3.48,48.24,2.15,2.83,3.45,11,5.68,11,,
7212-44-4,(+/-) nerolidol,,5.89,,1.78,3.212,,174.3,9.961,20.69,5.943,22,,,,,,,,9.2,,1.8,,55,55,55,55,55,24.9,0.3882,3.71,40.45,3.544,7.704,20.1,20.1,,,,22,8.049,,,,,5.52,,,28.15,24.38,22.43,1.3,17.23,33,55,,,,6.307,26.3,9.5,39.1,33,20,19.03,14.52,11.18,21.53,,,,,,,,,19.88,44,5.37,3.39,,,,,,,,,,,,,,,,,,0.5773,,,,,,,,5.09,,,,,,,,4.54,307.7,23.23,3.024,1.566,1.85,,1.445,,,1.467,,,,110,110,110,,,29.77,,1.335,,123,,,,,,,,,3.24,5.66,22,14.6,47,7.59,12.82,22,22,22,22,5.96,22,8.34,22,4.02,0.63,22,22,11,11,11,1.069,11,11,,0.7514,3.072,2.211,4.367,,,,2.12,3.458,1.346,2.799,12.55,27.08,21.61,11.56,14.01,33,8.624,5.3,14.95,13.1,33,33,28.55,18.05,24.39,,,2.43,,,,6.96,110,3.059,5.144,43.1,23.06,17.45,44,44,8.82,14.21,44.92,38.93,29.37,,,,,,,,,55,10.87,,,27.14,,,,,,,,,,69.43,,33.1,38.5,,,,38.5,,25.67,,11.77,,,,15.68,,4.959,55,18.39,,,,,,,7.26,5.23,6.73,47.38,35.53,35.89,19.79,44,21.8,44,48.46,55,23.5,,,,,7.153,16.95,55,55,86.5,,,22,,,,12.73,11,,,,,,14.03,,75.93,55,31.9,55,45.23,55,7.77,12.37,15.56,,11.38,,,,8.913,26.79,23.97,110,4.3,110,5.93,,25.57,110,29.73,8.03,11.04,55,6.8,22.4,55,42.7,6.7,55,13.1,7.23,,,,,,14.86,12.23,10.01,24.2,29.1,17.7,55,7.59,35.2,,,,1.736,,4.723,,6.75,,,,,,3.141,44,26.61,7.302,17.05,1.757,33.1,34.5,,16.33,,,,,,,,11.2,8.9,6.4,9.7,8.6,0.9659,10.77,,,,22,9.04,10.47,,8.862,27.59,10.55,44,44,1.47,13.46,10.4,21.29,8.339,,,,8.65,,10.7,,12.17,,25.7,4.71,55,12.01,,,,,,,,,,6.204,37.58,,,,,,,42.25,98.17
3681-71-8,Cis-3-Hexenyl acetate,,19.29,,18.68,83.17,,414.7,38.17,36.93,3.3,22,,,,,,,,,11.6,16.1,,45.19,47.47,55,33.52,36.18,23.01,1.222,7.198,55,3.156,55,21.3,12.4,0.4688,0.2875,0.8241,4.4,0.65,,,,,0.77,,,7.37,15.82,12.16,33,33,33,19.26,21.53,108.8,22,44,,,,33,55,33,38.71,,,,,,,,,,,,16.7,77,44,,,,,,,,,,,,,,,,,,0.58,,,12.9,,2.5,,,,35,,106.7,,,,12.56,38.99,257.7,35.77,,,,,,,,,,,,110,110,110,,,,,2.71,,,1.604,1.792,1.35,9.93,9.94,,,,3.683,3.683,3.683,9,55,11.47,0.5217,22,22,22,22,22,22,22,22,3.72,22,22,22,4.08,11,11,1.51,11,11,97.03,33.53,21.21,19.99,14.87,,,,16.86,33,33,33,33,24.53,11.34,33,33,33,22,22,22,31.41,33,33,33,33,33,,2.47,9,,5.7,5,,,,,,,,,,,,,,,10.63,6.55,7.502,2.467,,,0.11,1.135,55,,2.47,172.6,,,75.61,26.4,,,,,22.36,12.33,86.26,,,13.69,19.77,13.37,24.01,4.68,44.01,25.67,,5.78,20.45,,,14.01,3.9,,55,45.3,2.14,1.85,1.44,1.5,22,0.64,1.343,0.6775,1.491,53,110,47.84,110,,,,72.49,55,12.5,,,,,30,29.5,18.51,39.65,42.2,,,22,,,,8.108,,13.58,44,44,44,23.39,17.1,88.91,,55,,,,,,,,1.64,4,25.57,24.29,22.07,15.43,18.77,,,,,,,,110,14.41,11.76,19.75,55,9.7,55,55,34.5,21.1,55,19.4,12.81,,,,,,4.32,16.76,22.88,55,32.5,27.1,55,35.2,14.04,36.04,20.51,13.7,2.373,6.3,7.5,,2.5,4.403,2.261,1.858,1.579,0.8618,26.66,20.07,35.48,20.86,15.49,5.69,,,,21.83,0.21,281.6,18.92,33.91,48.29,281.6,182.2,,9.2,15.8,10.8,13.2,17,26.41,27.5,0.71,5.16,22,0.2676,,4.87,7.58,3.82,11.37,22,22,55,,,55,0.4949,0.7675,13.2,6.675,55,,8.07,,55,,23.49,0.2887,55,13.09,14.27,7.18,18.68,31.36,14.32,,,15.57,39.49,,,,,,,,,,
87-44-5,β‐caryophyllene / caryophyllene  / beta-caryophyllene,,12.17,,,,,,,,,22,,,,,,,,,,,,,,,,,,,,,,,13.4,4.5,,,,22,22,,,,,22,,,9.22,55,12.35,1.46,33,33,2.84,,,,44,,,,33,,33,13.84,,,,2.43,3.52,33,2.24,4.19,2.2,33,,44,29.68,13.87,,,,,,,,,,,,,,,,,,,,,,,,,,9.25,,,,4.06,,,55,123.2,1100,195.3,1.61,1.36,2.29,,2.07,,,,,,,110,110,110,,,25.01,,,,,,,,,,,,,7.97,22,12.77,14.7,55,15.64,2.32,2.54,22,22,22,22,22,22,22,22,22,1.4,22,11,11,11,11,11,11,,3.88,8.67,3.58,3.78,,,,,,,,,33,33,21.63,24.44,33,22,22,22,55,33,33,25.08,33,19.65,4.3,,,6.5,,,3.41,64.82,8.31,7.27,9.32,39.85,11.61,44,44,2.54,144.7,1100,139.7,1100,,,,,,,,,,15.55,,,,,,,,,,,,,,,,38.5,,,,38.5,,38.5,,,,57.75,,14.64,,,55,30.9,,,,,,,,,,,110,110,,,,,,,,,,,,11,35.2,55,55,391.1,,,,,,,,,,,,,,55,,,55,30.8,4.15,16.13,33.48,16.37,16.34,7.45,,6.53,41.41,41.95,66.16,19.06,,,,,,3.89,,16.64,,55,55,55,55,9.4,55,24.4,55,0.9,55,9.7,7.11,13.81,29.23,26.56,21.61,20.94,15.53,22.37,13.22,55,25.9,26.7,55,,35.2,,,,,,,,,,,,,,,,,19.26,20.91,2.42,,,,,,,,,,,,,10.5,18,,,,46.58,,,,,,2.76,,,,,,,1.57,2.16,,55,21.22,,,,,,,,,,,,55,,,,,,,,27.19,18.74,58.05,,,,,,,,,9.71,74.96
124-19-6,nonanal / Pelargonic aldehyde / Nonaldehyde / C9:Ald,,11.24,,0.84,1.232,,312.7,47.69,31.35,3.067,22,7.25,33,3.99,0.96,10.7,16.3,13.1,7.6,,,13.09,55,41.61,55,55,55,55,5.814,38.46,55,15.9,5.495,2.347,2.498,3.885,3.857,4.715,22,22,,,,,22,,,43.65,55,55,8.32,33,12.25,7.73,9.343,59.53,11.86,19.57,,,,21.48,31.52,33,55,,,35.81,,,,,,,,16.04,44,77,29.11,,,,,,,,,,,,,,,,,,0.44,,,0.4875,,0.124,,,6.053,,,32.03,,,,41.3,19.84,106.2,27.82,3.903,1.275,2.48,3.612,1.548,3.6,,0.4756,,33,33,110,110,110,,,,,2.85,,,1.056,0.975,1.952,9.807,10.1,1.537,2.213,2.52,6.165,5.589,4.595,18.57,55,11.34,1.305,22,22,22,22,9.787,22,12.2,22,10.04,7.1,5.012,15.15,11,11,11,11,11,11,4.263,5.69,38.34,8.5,10.6,6.6,,5.8,33,33,16.94,33,4.84,33,33,33,33,33,22,22,22,40.74,33,33,33,33,33,,,,,7,4.6,,,4.28,13.46,16.44,36.78,28.17,44,44,12.8,,,,,10.63,3.389,6.094,2.314,,,0.08494,1.681,22.33,,0.903,20.05,72.83,43.76,87.61,26.4,15.57,2.595,10.22,3.712,54.42,75.31,155.2,28.87,22.34,19.91,19.26,12.56,21.9,38.5,8.382,38.5,1.753,7.64,16.96,56.23,0.9505,19.27,3.228,,49.96,38.31,0.8037,0.5794,2.075,5.26,10.37,22,5.4,22,4.76,54.4,28.58,30.89,43.49,,,,110,37.8,12.78,,,,,5.2,35.2,55,55,5.647,3.81,2.5,22,1.658,22,1.62,22,12.59,8.47,44,44,30.18,16.83,22.9,18.04,,55,,55,,,,,,1.69,17.03,66.54,47.17,12.69,12.51,16.62,23.67,110,,,16.61,,43.35,110,27.32,28.4,24.32,55,4.065,13.23,55,55,9.931,55,2.187,6.182,26.83,8.5,40.4,26.31,7.64,26.66,9.516,12.24,16.6,55,18.9,55,0.3929,0.9314,55,21.17,36.89,3,,3.3,,,,,,,,1.921,3.072,0.9319,4.424,5.065,2.425,,,,19.52,0.3393,281.6,4.146,19.23,10.39,16.98,219.8,7.8,,,10.04,10.04,14.22,35.41,27.5,0.71,5.16,2.664,0.9038,12.59,3.63,8.8,,0.5241,2.188,3.249,12.92,12.89,8.49,55,0.6763,1.174,0.878,13.2,55,,55,,18.6,,0.3674,0.3608,55,0.8338,5.932,5.347,20.4,23.98,20.63,,,23.93,189.5,4.42,48.24,2.15,2.83,3.45,11,5.68,11,180.1,28.09
78-70-6,"3,7-dimethyl-1,6-octadien-3-ol / DL linalool",,20.3,,1.918,3.643,,174.3,25.19,20.69,9.53,22,,,,,,,,9.2,,1.8,,55,55,24,55,55,55,55,55,55,55,9.6,20.1,20.1,,,,22,22,,,,,5.23,,,19.64,22.98,21.34,0.8253,13.73,20.42,55,,206.4,,6.125,26.3,9.5,39.1,18.07,20,19.4,10.93,11.18,17.49,,,,,,,,,20.56,31.42,32.1,44,7.83,21.1,18.4,10.7,27.6,9.43,23.1,12.6,15.7,13.9,7.94,13,4.17,6.59,18.9,21.7,11.9,2,17.8,16.9,8.35,9.79,8.38,13.9,13.4,4.276,,,,4.13,,,,2.083,80.46,13.98,3.59,1.61,1.86,,1.48,,,1.579,,,,110,110,110,,,29.77,,5.49,,123,,,,,,,,,5.03,22,22,3.5,55,8.9,11.18,22,22,22,22,22,22,22,22,2.697,22,22,22,11,11,11,1.33,11,11,,6.7,18.53,12.76,13.73,,,,2.827,4.066,1.767,3.374,13.58,33,23.03,16.05,33,24.7,22,22,22,11.26,33,33,25.12,33,15.89,,,2.68,,7.2,2.9,6.96,110,3.51,6.06,27.13,6.062,9.577,44,44,8.618,14.21,44.92,38.93,29.37,,,,,,,,,55,10.84,,,78.95,,,,,,,,,,69.43,,33.1,15.15,,,,38.5,,38.5,,11.77,,,,99.1,,6.542,55,21.8,,,,,,,5.485,3.792,5.481,50.3,48.28,48.18,23.6,44,21.8,44,54.33,55,23.5,,,,,35.2,18.8,55,55,86.5,,,22,,,,22,11,,,,,,14.95,,75.93,55,31.9,55,45.23,55,7.77,12.37,15.56,,16.17,,,,9.61,26.79,23.97,110,4.3,110,4.851,,25.57,110,12.18,2.706,8.559,55,9.1,55,55,55,28.8,55,18.3,25.85,,,,,,23.7,22.09,19.52,34.7,55,55,55,10.85,11.35,,,,1.8,,5,,7.7,,,,,,2.61,6.933,2.942,6.81,44.03,4.55,33.1,34.5,,44.83,,,,,,,,11.2,8.9,6.4,9.7,8.6,1.56,21.41,,,,22,110,10.47,,9.084,25.81,44,30.5,44,55,13.46,10.4,55,14.41,,,,8.65,,10.7,,12.17,,25.7,1.967,55,14.87,,8.24,,,,12.82,14.38,,,6.347,37.58,,,,,,,42.25,98.17
119-36-8,methyl salicylate,2.978,55,150.3,9.15,51.85,64.18,39.41,8.29,50.58,6.83,22,10.7,33,8.59,12.7,33,0.08,,,,12.93,,55,55,55,55,28.4,55,,,,,,33,33,,,,,,,,,,,,,8.67,13.32,11.83,8.17,9.68,33,41.38,,,22,26,,,,33,55,33,39.91,,,28.26,,,,,,,,,,,,,,,,,,,,,,,,,,,,,0.82,,,,,,,,,15.13,,,,,,21.45,36.08,332.7,248.4,,,,,,,,0.7,2.52,,,60.01,110,110,,,12.36,13.89,,17.78,19.75,,,,,,,,,9.42,10.53,22,12.1,18.1,1.42,35.22,22,22,22,22,22,22,22,22,22,22,22,22,,,,,,,,,,,,,,,,,,,,,,33,19.07,19.86,22,22,22,39.5,33,33,33,33,33,,,,,,,,63.7,7.01,16.04,27.53,44,10.99,44,44,11.25,,,,,,,,,,,,,43.51,,,14.83,32.49,37.19,,26.4,,,,,45.77,77.31,73.07,,,9.81,18.79,,37.29,38.5,38.38,20.25,,7.55,,36.5,,13.61,18.1,,55,48.1,,,,,,,,,,,47.34,110,28.45,,,,16.04,,,,,,,,,23.84,55,29.5,2.93,5.32,8.102,,,,3.208,,,,,,,55,,14.67,55,,,,,,,,,,,,,,39.22,,,10.8,,,,,,55,55,55,55,6.5,23.3,55,55,25.5,55,12.3,18.79,15.32,22.75,23.96,26.7,20.94,31.45,33.42,19.63,55,32.2,32,55,,,,,,,,,,,,,,,,,,,19.97,203.1,7.97,16.5,17.2,17.7,36.71,,,,,,,,,11,13.5,,,,11.92,,,,,,9.89,,8.03,,,,,55,,9.52,55,,,,,,,,,,,,,55,,16.43,9.62,23.21,20.13,31.74,,,,,4.07,31.86,,,,,,,,
13877-91-3,beta-ocimene / Ocimene,,9.533,,,,,,25.19,,9.655,22,,,,,,,,,,,,55,55,24,55,55,55,55,55,55,55,9.6,20.1,20.1,,,,13,9.63,,,,,4.943,,,28.63,25.13,22.15,1.428,13.71,15.47,18.19,,206.4,,44,,,,33,20,33,13,,,,,,,,,,,11.23,26.73,12.89,10.14,7.83,21.1,18.4,10.7,27.6,9.43,23.1,12.6,15.7,13.9,7.94,13,4.17,6.59,18.9,21.7,11.9,9.29,17.8,16.9,8.35,9.79,8.38,13.9,13.4,7.42,,,,4.13,,,,0.5435,44,7.028,2.44,1.66,2.57,,1.82,,,,,,,110,110,110,,,29.77,,2.223,,,,,,,,,,,3.896,3.91,5.494,3.995,55,9.374,2.446,22,22,22,22,22,22,22,22,2.59,22,22,22,11,11,11,1.477,11,11,,6.7,18.53,1.653,3.085,,,,3.773,2.469,1.449,0.8734,6.247,12.7,15.24,33,33,33,22,22,22,55,33,33,33,33,33,,,2.68,,7.2,2.9,6.96,110,4.911,9.782,23.19,3.856,7.815,44,44,10.18,14.21,44.92,38.93,29.37,,,,,,,,,55,11.02,,,82.35,,,17.58,,,,,12.44,44.06,69.43,32.27,32.46,7.094,11.06,10.89,16.79,38.5,,22.53,,11.77,,,,14.06,,,,,,,,,,,5.74,22,22,50.3,22.25,26.22,12.05,44,21.8,44,21.03,,,,,,,35.2,35.2,55,55,86.5,,,22,,,,22,11,,,,,,14.55,,,55,31.9,55,45.23,55,7.77,12.37,15.56,,7.918,,,,13.61,26.79,23.97,,,110,14.69,,25.57,,55,6.81,55,55,2.404,16.8,55,55,0.9966,55,3.722,20.77,,,,,,28.06,5.175,26.97,15.14,27.5,6.007,55,0.8377,35.2,,,,1.8,,5,,7.7,,,,,,3.297,1.04,0.52,2,7.6,6.54,,,,,,,,,,,,,8.9,6.4,9.7,8.6,1.592,8.025,,,,22,110,,,17.63,,44,30.5,44,2.866,,,55,6.161,,,,,,,,,,,1.64,55,14.87,,8.24,,,,12.82,14.38,,,30.27,,,,,,,,,
4602-84-0,Farnesol,,5.461,,1.87,3.49,,174.3,5.754,20.69,4.71,22,33,33,33,6.37,33,5.3,11.5,9.2,,1.8,15.1,55,55,24.04,55,55,35.87,0.3,1.4,55,12,55,20.1,20.1,,,,22,5.745,,,,,5.712,,,20.68,27.23,24.93,0.7269,11.28,13.39,55,,,,25.8,26.3,9.5,39.1,17.52,20,18.42,10.05,10.52,12.97,,,,,,,,,19.16,44,4.98,1.29,,,,,,,,,,,,,,,,,,0.7,,,,,,,,3.922,,,,,,,,1.095,42.14,9.489,2.635,1.531,1.869,,1.512,,,1.6,,,,48.39,110,110,,,29.77,,0.9964,,123,,,,,,,,,3.025,4.157,4.675,6.16,47.22,7.308,4.208,2.17,22,22,22,0.33,22,4.15,2.18,6.25,1,0.31,22,11,11,11,11,11,11,,0.1964,1.02,1.33,3.186,,,,3.822,5.638,2.669,5.021,16.04,16.73,19.99,33,15.43,17.39,2.42,1.9,22,14,33,33,23.05,33,33,,,2.68,,,,6.96,110,3.975,7.027,43.1,23.06,17.45,44,44,8.82,14.21,44.92,38.93,29.37,,,,,,,,,55,10.87,,,11.27,,,,,,,,,,69.43,,33.1,19.48,,,,38.5,,26.61,,11.77,,,,14.89,,5.4,55,21.8,,,,,,,7.101,4.652,6.573,45.42,22.2,24.97,14.96,44,21.8,44,50.19,55,23.5,,,,,4.1,35.2,55,55,86.5,,,22,,,,9.768,11,,,,,,12.62,,75.93,55,31.9,55,45.23,55,7.77,12.37,15.56,,9.994,,,,12.96,26.79,23.97,110,4.3,110,10.27,,25.57,110,4.56,1.32,13.14,55,4.033,19.26,55,48.47,2.847,55,7.117,7.971,,,,,,10.26,6.711,10.52,19.5,19.8,4.9,55,0.4783,1.377,,,,2.187,,6.033,,6.397,,,,,,3.489,0.92,0.53,2.34,10.31,2.316,33.1,34.5,,26.58,,,,,,,,11.2,8.9,6.4,9.7,8.6,0.9337,8.281,,,,22,1.24,10.47,,8.68,24.01,5.19,44,44,3.482,13.46,10.4,38.05,8.75,,,,8.65,,10.7,,12.17,,25.7,1.09,55,1.7,,,,,,,,,,5.071,37.58,,,,,,,42.25,98.17
66-25-1,hexanal,,9.705,,0.84,0.974,,312.7,47.69,31.35,3.001,22,7.25,33,3.99,0.96,10.7,13.68,10.14,6.374,,,13.17,55,51.6,55,55,55,55,5.814,38.46,55,15.9,5.495,2.346,2.504,3.824,3.793,4.641,22,22,,,,,14.94,,,55,55,55,6.77,11.59,33,46.19,,,11.05,,,,,33,55,33,55,,,55.13,,,,,,,,16.5,44,77,44,,,,,,,,,,,,,,,,,,0.44,,,0.632,,0.201,,,6.84,,,29.22,,,,41.48,19.14,1100,111.1,3.92,1.3,2.5,3.63,1.56,3.6,,0.4758,,33,33,110,110,110,,,,,,,,1.05,1.529,2.036,9.807,10.1,1.525,2.204,2.509,22,9.51,22,16.1,55,18.43,26.62,22,22,22,22,22,22,22,22,9.185,22,22,22,11,11,11,2.12,11,11,4.308,3.11,28.13,2.194,5.272,6.6,,5.8,33,33,33,33,6.33,33,13.22,10.56,10.1,9.786,0.752,0.5156,16.67,55,23.01,33,33,18.32,33,,,,,7,4.6,,,3.767,12.43,14.59,35.49,19.93,44,44,10.55,,,,,10.63,3.385,6.062,2.354,,,0.09,1.695,22.53,,1.02,20.27,70.31,48.83,32.96,26.4,15.52,2.966,11.56,4.19,30.91,21.26,119.5,16.6,30.93,19.1,20.55,15.64,26.19,14.21,5.52,12.19,1.749,7.99,16.82,64.08,0.9512,23.94,3.228,,55,44.6,0.8042,0.5802,2.111,2.166,3.741,22,2.343,3.543,2.016,48.51,26.03,27.61,46.61,,,,50,55,11,,,,,5.2,35.2,55,55,5.86,,,22,1.658,22,1.62,22,12.59,8.767,44,44,28.56,17.12,7.3,18.09,,55,,55,,,,,,1.69,16.43,66.54,47.17,12.69,26.91,16.61,23.67,110,,,17.12,,56.22,,28.48,32.22,33.71,55,6.2,14.1,55,55,55,55,22.6,8.46,,,,,,32.76,11.59,14.4,15.95,55,18.24,55,0.3778,35.2,39.68,22.46,16.35,3,,3.3,,,,,,,,2.636,3.98,0.5158,4.286,5.074,2.401,,,,18.74,0.3447,281.6,4.139,19.22,10.37,16.93,221.1,7.8,,,9.967,9.924,11.96,7.31,27.5,0.71,5.16,2.905,1.134,,3.602,8.8,,0.5388,2.241,3.307,14.28,12.89,8.49,55,0.6767,1.119,1.07,9.246,55,,55,,55,,0.3667,0.3866,55,1.023,6.548,6.268,14.68,30.59,16.9,,,23.93,189.5,3.316,44.89,2.15,2.83,3.45,11,5.68,11,175.6,28.04
111-27-3,1-hexanol,,12.67,,0.84,2.498,,312.7,47.69,31.35,2.79,22,7.25,33,3.99,0.96,10.7,12.82,10.07,8.175,,,11.34,55,51.6,55,55,55,55,6.508,55,55,22.14,1.384,33,33,33,33,33,22,22,,,,,11.47,,,55,55,55,7.87,17.31,18.05,14.39,9.358,59.53,12.57,19.53,,,,33,22.2,33,55,,,35.53,,,,,,,,15.55,29.96,3.838,1.874,,,,,,,,,,,,,,,,,,0.44,,,1.224,,0.6875,,,6.113,,,69.78,,,,55,11.76,282.8,26.43,3.92,1.3,2.5,3.63,1.56,3.6,,0.4517,,33,33,46.85,110,110,,,24.6,,2.85,,,4.93,6.202,8.09,9.807,10.1,1.868,2.45,2.798,7.742,9.049,22,12.59,55,11.3,27.31,22,22,22,22,22,22,22,3.34,4.443,4.104,22,22,4.41,11,11,1.435,11,11,3.335,25.73,43.88,1.98,2.4,6.6,,5.988,7.793,7.274,6.368,23.03,9.892,6.908,10.98,33,33,33,22,22,22,43.92,33,33,33,33,33,,,,,7,4.6,,,9.05,21.16,29.93,44,21.29,44,44,27.09,,,,,10.63,3.95,5.882,2.303,,,0.104,1.472,55,,1.21,20.73,75.37,48.83,10.57,2.11,12.51,1.8,26.4,2.67,19.65,0.8766,71.93,12.61,32.13,17.35,21.61,5.19,44.85,4.68,35.62,17.51,1.885,10.4,23.38,71.06,1.003,14.27,4.766,,47.14,34.15,0.7926,0.5206,1.368,0.7864,0.7577,6.627,1.567,0.9694,1.366,47.83,57.64,60.53,110,,,,64.59,55,8.8,,,,,5.2,35.2,55,55,4.328,3.81,2.5,1.485,1.658,22,1.62,13.55,11.17,13.44,44,44,44,20.11,6.5,14.74,,55,,55,,,,,,,18.52,66.54,47.17,12.69,11.05,17.03,,69.21,,,17.44,,30.27,110,55,14.19,20.68,55,4,13.2,55,55,9.3,55,2,9.547,26.83,8.5,40.4,26.31,7.64,7.139,7.271,12.33,55,55,55,55,0.3188,35.2,46.33,17.09,22.49,2.995,,3.097,,,,13.88,,,,1.9,3.536,0.9267,10.03,5.14,5.85,,,,23.46,,,,,,,,7.8,,,12.9,13.9,17.5,6.734,,,,22,0.2715,12.59,2.759,8.8,16.39,25.99,44,44,3.887,12.89,8.49,55,0.6268,0.967,1.031,8.78,55,,55,,4.57,,0.2045,0.1203,55,0.8362,3.924,3.686,20.92,26.53,15.26,,,23.93,189.5,4.67,40.4,,,,11,5.68,11,181.9,28.26
112-31-2,decanal / 10:Ald,,11.87,,0.84,1.232,,312.7,47.69,31.35,3.067,9.674,7.25,33,3.99,0.96,10.7,13.64,10.22,13,,,14.3,55,41.61,55,55,55,55,55,55,55,55,55,2.347,2.498,3.885,3.857,4.715,22,22,,,,,22,,,55,45.87,42.3,6.801,14.69,14.15,5.75,9.343,59.53,11.86,19.57,,,,25.06,31.52,33,55,,,35.81,,,,,,,,16.04,44,77,7.97,,,,,,,,,,,,,,,,,,0.44,,,0.4875,,0.124,,,6.053,,,69.78,,,,41.3,9.78,98.81,27.09,3.903,1.275,2.48,3.612,1.548,3.6,,1.9,,33,33,110,110,110,,,,,2.85,,,1.056,0.975,1.952,9.807,10.1,1.537,2.213,2.52,6.165,5.589,4.595,18.57,55,11.34,1.305,22,22,22,22,9.787,22,14.16,22,22,7.5,6.07,22,4.312,7.576,3.838,0.7349,5.298,10.48,4.263,1.282,8.214,7.62,12.49,6.6,,5.8,33,33,9.93,18.6,33,33,13.06,10.57,10.1,9.77,0.748,0.5133,16.69,40.74,23.06,33,33,18.37,33,,,,,7,4.6,,,3.775,12.43,14.56,35.53,19.58,44,44,10.49,,,,,10.63,3.389,6.094,2.314,,,0.08494,1.681,22.33,,0.903,28.07,70.23,43.76,31.53,26.4,15.57,2.595,10.22,3.712,15.96,42.37,94.59,31.3,22.34,12.66,9.82,17.76,12.69,29.1,45.38,11.59,1.753,4.108,16.96,56.23,0.9505,90.1,3.228,,49.96,38.31,0.8037,0.5794,2.075,6.02,5.93,22,2.293,3.304,1.975,49,28.58,30.89,43.49,,,,53.27,55,55,,,,,5.2,35.2,36.43,55,5.647,3.81,2.5,22,1.658,22,1.62,22,12.59,8.47,44,44,30.18,16.83,8.536,18.04,,55,,55,,,,,,1.69,55,66.54,47.17,12.69,11.05,16.62,23.67,110,,,16.61,,43.35,110,55,55,55,55,4.065,13.23,55,55,9.931,55,2.187,6.182,26.83,8.5,40.4,26.31,7.64,20.26,9.516,12.24,16.6,55,18.9,55,0.3929,0.9314,55,55,55,3,,3.3,,,,,,,,1.921,3.072,0.9319,4.424,5.065,2.425,,,,19.52,0.3393,281.6,4.146,19.23,10.39,16.98,219.8,7.8,,,10.04,10.04,14.22,8.84,27.5,0.71,5.16,2.664,0.9038,12.59,3.63,8.8,,0.5241,2.188,3.249,12.92,12.89,8.49,55,0.6763,1.174,0.878,13.2,55,,55,,18.6,,0.3674,0.3608,55,0.8338,5.932,5.347,20.4,23.98,20.63,,,23.93,189.5,3.271,44.71,2.15,2.83,3.45,11,5.68,11,180.1,28.09
112-54-9,Lauraldehyde / dodecanal / Dodecyl aldehyde / 12:Ald,,9.727,,0.84,1.232,,312.7,47.69,31.35,3.067,9.674,7.25,33,3.99,0.96,10.7,13.64,10.22,6.39,,,13.09,55,41.61,55,55,55,55,1.3,30.3,55,8,8,2.347,2.498,3.885,3.857,4.715,22,22,,,,,14.59,,,47.78,49.25,46.88,6.801,14.69,14.15,55,9.343,59.53,11.86,19.57,,,,25.06,31.52,33,55,,,35.81,,,,,,,,16.04,15.11,3.92,3.87,,,,,,,,,,,,,,,,,,0.44,,,0.4875,,0.124,,,6.053,,,32.03,,,,41.3,8.35,108,30.67,3.903,1.275,2.48,3.612,1.548,3.6,,1,,33,33,110,110,110,,,,,2.85,,,1.056,0.975,1.952,9.807,10.1,1.537,2.213,2.52,6.165,5.589,4.595,55,55,11.34,9.65,22,22,22,22,13.23,22,22,22,11.2,10.5,7.91,11.92,4.312,7.576,3.838,0.7349,5.298,10.48,4.263,1.282,8.214,2.194,5.272,6.6,,5.8,9.969,28.13,7.608,17.08,2.862,33,13.06,9.16,16.57,33,22,22,16.13,36.1,22.05,33,33,17.08,33,,,,,7,4.6,,,3.775,12.43,14.56,35.53,19.58,44,44,10.49,,,,,10.63,3.389,6.094,2.314,,,0.08494,1.681,22.33,,0.903,20.05,70.23,43.76,31.53,26.4,15.57,2.595,10.22,3.712,18.81,19.79,94.59,16.43,22.34,4.31,11.71,15.47,15.88,38.5,8.382,38.5,1.753,4.108,16.96,56.23,0.9505,110,7.8,,49.96,38.31,0.8037,0.5794,2.075,1.5,2.96,22,2.293,3.304,1.975,48.6,28.58,30.89,43.49,,,,53.27,37.8,12.78,,,,,5.2,35.2,55,55,5.647,3.81,2.5,22,1.658,22,1.62,22,12.59,8.47,44,44,30.18,16.83,8.536,18.04,,55,,55,,,,,,1.69,18.19,66.54,47.17,12.69,11.05,16.62,23.67,110,,,16.61,,43.35,110,28.48,32.22,33.71,55,4.065,13.23,55,55,9.931,55,2.187,6.86,26.83,8.5,40.4,26.31,7.64,26.01,17.93,12.2,16.6,55,18.9,55,0.3929,0.9314,45.74,24.5,25.83,3,,3.3,,,,,,,,3.69,3.072,0.9319,4.97,5.065,2.425,,,,19.52,0.3393,281.6,4.146,19.23,10.39,16.98,219.8,7.8,,,10.04,10.04,14.22,6.133,27.5,0.71,5.16,2.664,0.9038,12.59,5.03,8.8,,0.5241,2.188,3.249,55,12.89,8.49,55,7.29,1.174,0.878,13.2,55,,55,,18.6,,0.3674,0.3608,55,0.8338,5.932,8.06,20.4,23.98,20.63,,,23.93,189.5,3.271,44.71,2.15,2.83,3.45,11,5.68,11,180.1,28.09
53939-28-9,(Z)-11-Hexadecenal / Z11-16:Ald,,9.772,,0.84,1.08,,,,,6.67,10.01,7.25,33,3.99,0.96,10.7,13.05,9.774,6.448,,,14.3,46.66,40.26,55,48.83,42.08,35.34,0.4,55,55,6.4,55,4.5,1.6,6.64,4.62,6.88,6.707,1.787,,,,,2.107,,,27.18,23.38,20.81,6.786,13.84,14.58,5.563,,,12.16,,,,,25.38,31.14,33,55,,,,,,,,,,,24.53,23.17,12.9,6.609,,,,,,,,,,,,,,,,,,1.6,,,0.2817,,0.04472,,,6.84,,,23.64,,,,38.74,9.683,81.73,23.8,3.896,1.275,2.48,3.612,1.548,3.6,,0.4744,,,,110,110,110,,,,,3.07,,,1.192,1.06,1.35,9.807,10.1,1.56,2.23,2.54,4.4,4.4,2.3,18.43,55,11.53,0.23,22,22,22,22,9.706,22,12.19,22,10.18,7.094,5.007,15.15,3.226,6.408,2.298,0.4913,2.778,10.53,6.99,1.557,8.668,0.4218,0.4743,6.6,,5.8,5.541,26.04,5.875,14.77,2.051,23.65,10.2,16.16,8.89,6.23,0.33,0.5,17.15,55,23.89,33,33,19.46,33,,,,,7,4.6,,,4.28,13.46,16.44,36.78,28.17,44,44,12.8,,,,,10.63,3.425,6.038,2.326,,,0.08547,1.674,19.21,,1.73,21.09,70.22,42.28,44.55,26.4,,,,,18.8,24.49,95.85,12.6,19.4,6.586,11.7,15.58,15.88,32.55,8.226,18.73,1.73,2.481,17.29,,0.92,18.9,3.228,,51.7,35.45,1.02,1.05,5.2,0.71,1.5,4.1,1.263,1.017,1.083,48.01,24.89,25.65,40.88,,,,46.39,34.12,11.8,,,,,10.7,35.2,33.01,55,5.039,,,22,,,,22,12.59,13.53,44,44,26.49,23.36,8.233,8.403,41.08,55,,55,,,,,,1.69,18.21,66.54,47.17,12.69,10.91,17.24,23.67,110,,,17.96,,56.22,,28.48,32.22,33.71,55,6.2,14.1,55,55,55,55,22.6,6.177,,,,,,19.61,9.639,12.22,16.73,55,16.75,55,0.47,0.2774,45.78,24.53,25.89,3,,,,,4.61,2.353,1.97,2.13,1.14,2.813,23.65,0.7547,4.457,5.79,2.87,,,,19.82,0.64,281.6,5.36,21.17,13.47,27.31,281.6,7.8,,,9.924,9.974,12.33,6.131,27.5,0.71,5.16,2.895,0.5467,,5.03,8.8,16.39,0.5288,1.866,3.306,55,12.89,,55,1.09,1.6,1.71,13.2,55,,55,,55,,0.3951,0.3375,32.67,1.106,9.97,8.06,,,,,,20.51,79.17,3.436,48.24,2.95,2.83,3.96,11,5.68,11,195,37.22
80-56-8,alpha-pinene,,25.5,,,,,,,,9.79,22,,,,,,,,,,,,,,,,,,,,,,,,,,,,22,22,,,,,6.45,,,17,19.85,18.99,33,17.02,15.43,21.15,13.47,,,,,,,14.55,32.99,33,18.9,,,,,,,,,,,,44,77,18.48,,,,,,,,,,,,,,,,,,,,,,,,,,,,,,,,,38.49,47.47,638.1,55.77,,,,,,,,,,,,110,110,110,,,,,,14.07,,,,,,,,,,22,8.874,11.54,16.7,55,23.45,2.661,22,22,22,22,22,22,22,22,22,16.89,22,22,11,11,11,11,11,11,,4.73,28.07,16.2,11.41,,,,,,,,,15.2,33,,,,,,,55,,,,,,,,,,,,1.331,78.21,5.05,5.28,,,,,,,9.072,9.429,22.57,19.18,,,,,,1.5,,,,,,,,,,26.4,,,,,14.85,42.64,122.1,,,11.91,12.18,,38.9,38.5,6.26,38.5,,2.02,,,,14.99,,,,,,,,,,,,,,,110,110,,,,,,,,,,,,16.8,35.2,22.41,55,,,,,,,,,,,,,,,,27.38,,55,23.19,16.56,20.14,19.5,17.84,10.75,15.35,,15.48,,,,26.6,,,,21.15,,14.72,,30.28,110,55,8.47,55,55,6.532,23.64,55,55,13.08,55,22.03,4.243,,,,,,7.446,25.96,26.98,31.1,55,11.5,55,,35.2,,,,,,,,,,,,,,3.53,,,15.75,471.6,7.39,,,,26.6,,,,,,,,,9.7,16.5,,,,23.36,,,,,,,,,,,,,2.54,,,55,,,,,,,,,,,,,,,6.44,6.17,23.14,31.29,,19.4,13.52,57.79,136.2,,,,,,,,,116.8,385
5989-27-5,r-limonene / (R)-(+)-limonene,,9.93,,,,,,,,,22,,,,,,,,,,,,,,,,,,2.3,13.6,55,19.2,9.6,13.4,4.5,,,,22,22,,,,,5.388,,,9.22,55,12.35,1.46,33,33,17.31,13.47,,,,,,,11.28,,33,18.21,,,,2.43,3.52,33,2.24,4.19,2.2,33,,44,29.68,13.87,,,,,,,,,,,,,,,,,,,,,,,,,,9.25,,,,4.06,,,55,109.8,228.1,116.8,2.051,1.266,2.202,4.12,1.746,,,,,,,47.79,110,110,,,25.01,,,,,,,,12.55,9.24,,,,22,17.24,22,55,55,11.88,11.8,22,22,22,22,22,22,22,22,22,22,22,22,11,11,11,4.653,11,11,,1.284,12.01,5.389,6.327,,,,,,,,,33,33,21.63,24.44,33,22,22,22,55,33,33,25.08,33,19.65,4.3,,,6.5,,,4.1,90,8.25,44,44,44,10.89,44,44,18.06,16.52,14.03,38.47,11.84,,,,,,,,,55,18.31,,,,,,,,,,,,,,,,38.5,,,,38.5,,38.5,,,,,,14.64,,,55,30.9,,,,,,,,,,,68.89,62.7,,,,,,,,,,,,11,35.2,23.99,55,40.7,,,,,,,,,,,,,,55,,,55,141.7,12.85,55,14.99,17.1,23.92,22.25,,12.37,41.41,41.95,66.16,3.048,,,,,,18.23,,,,55,55,55,55,6.606,55,32.22,55,5.635,55,11.13,15,13.81,29.23,26.56,21.61,20.94,16.99,30.62,13.22,27.6,55,23.6,55,,35.2,,,,,,,,,,,,,,15.57,,,19.26,20.91,2.42,,,,,,,,,,,,,10.5,18,13.5,7.8,8.3,24.48,,,,,,2.76,,,,,,,1.57,2.16,7.47,55,21.22,,,,,,,,,,,,55,,,,,,,,27.19,16.77,56.03,,,,,,,,,,
502-61-4,alpha-farnesene / Farnesene,,5.781,,1.922,3.654,,174.3,6.474,20.69,5.44,22,,,,,,,,9.2,,1.8,,55,55,26.68,55,55,31.3,0.2433,2.302,26.25,1.421,9.072,20.1,20.1,,,,14.43,6.038,,,,,5.382,,,12.61,18.03,15.46,0.8712,13.3,15,9.061,,206.4,,13.83,26.3,9.5,39.1,16.7,20,21.23,10.42,11.18,13.79,,,,,,,,,10.63,30.25,5.399,2.041,7.83,21.1,18.4,10.7,27.6,9.43,23.1,12.6,15.7,13.9,7.94,13,4.17,6.59,18.9,21.7,11.9,0.5002,17.8,16.9,8.35,9.79,8.38,13.9,13.4,3.38,,,,4.13,,,,0.86,46.19,8.19,2.345,1.561,1.916,,1.597,,,1.514,,,,62.47,110,110,,,29.77,,3.35,,123,,,,,,,,,3.132,4.032,4.86,5.887,48.03,7.652,3.16,2.677,22,22,22,2.061,22,6.638,6.373,2.553,3.813,0.8882,22,11,11,11,2.085,11,11,,0.2271,1.149,2.69,3.91,,,,4.008,2.35,1.269,1.051,7.16,23.83,25.05,23.29,20.44,33,22,22,18.79,16.54,33,33,27.71,25.79,29.17,,,2.68,,7.2,2.9,6.96,110,4.639,8.914,24.33,4.429,8.317,44,44,9.198,14.21,44.92,38.93,29.37,,,,,,,,,55,11.02,,,16.59,,,17.58,,,,,12.44,44.06,69.43,32.27,32.45,7.921,11.06,10.89,16.79,38.5,,23.65,,11.77,,,,11.56,,5.4,55,20.99,,,,,,,4.781,5.182,9.358,45.59,22.88,25.5,13.45,44,21.8,44,31.91,55,23.5,,,,,6.598,25.68,55,55,86.5,,,22,,,,10.28,11,,,,,,13.38,,75.93,55,31.9,55,45.23,55,7.77,12.37,15.56,,8.93,,,,21.31,26.79,23.97,110,4.3,110,7.534,,25.57,110,8.39,1.8,12.47,55,2.992,17.05,55,46.53,1.508,55,4.862,21.54,,,,,,39.16,6.58,44.82,16.79,22.42,5.947,55,1.28,5.47,,,,2.087,,5.753,,6.501,,,,,,4.76,1.04,0.52,11.11,9.85,0.98,33.1,34.5,,16.58,,,,,,,,11.2,8.9,6.4,9.7,8.6,1.076,9.11,,,,22,2.101,10.47,,9.185,23.92,6.309,36.89,44,2.549,13.46,10.4,33.53,6.89,,,,8.65,,10.7,,12.17,,25.7,1.64,55,2.004,,8.24,,,,12.82,14.38,,,6.826,37.58,,,,,,,42.25,98.17
106-24-1,"E-3,7-dimethyl-2,6-octadien-1-ol  / geraniol",,6.037,,1.949,3.743,,174.3,5.5,39.61,8.58,22,33,33,33,6.37,33,5.3,11.5,8.498,,1.216,15.1,55,55,26.9,55,55,55,2.1,22.7,55,11.2,55,20.1,20.1,,,,22,6.302,,,,,5.657,,,19.33,26.35,24,0.7463,11.35,13.58,55,,,,44,26.3,9.5,39.1,16.53,20,18.59,10.06,11.18,12.8,,,,,,,,,19.16,36.72,4.063,1.021,,,,,,,,,,,,,,,,,,3,,,,,,,,3.904,,,,,,,,1.036,39.94,9.194,2.634,1.531,1.869,,1.512,,,1.356,,,,39.63,110,110,,,29.77,,1.065,,123,,,,,,,,,3.084,4.072,4.955,5.907,47.63,7.463,4.057,22,22,22,22,22,22,22,22,3.341,22,22,22,11,11,11,3.836,11,11,,0.1933,1.007,1.372,3.172,,,,33,33,33,33,33,24.9,33,17.97,13.54,16.86,2.253,1.673,18.37,34.1,33,33,22.49,24.91,24.98,,,2.68,,,,6.96,110,3.982,7.043,43.1,23.06,17.45,44,44,8.82,14.21,44.92,38.93,29.37,,,,,,,,,55,10.88,,,14.15,,,17.58,,,,,12.44,44.06,69.43,32.27,32.55,11.09,11.06,10.89,16.79,38.5,,25.66,,11.77,,,,9.794,,5.4,55,22.74,,,,,,,7.533,4.623,7,46.2,29.45,30.24,22.58,44,21.8,44,110,55,23.5,,,,,2.661,27.26,55,55,86.5,,,22,,,,9.76,11,,,,,,12.9,,75.93,55,31.9,55,45.23,55,7.77,12.37,15.56,,9.577,,,,12.97,26.79,23.97,110,4.3,110,25.89,,25.57,110,3.516,0.7318,9.322,55,8.2,28.5,55,55,12.9,55,17.6,8.502,,,,,,9.883,6.525,11.24,55,55,23.3,55,0.4855,35.2,,,,2.182,,6.121,,6.507,,,,,,3.481,0.7131,0.3852,42.26,10.32,5.48,33.1,34.5,,75.56,,,,,,,,11.2,8.9,6.4,9.7,8.6,1.032,8.281,,,,22,22,10.47,,7.605,23.35,23.96,44,44,3.63,13.46,10.4,55,6.858,,,,8.65,,10.7,,12.17,,25.7,0.88,55,1.187,,,,,,,,,,5.054,37.58,,,,,,,42.25,98.17
7785-70-8,(1R)-(+)-alpha-pinene,,15.79,,,,,,,,9.79,22,,,,,,,,,,,,,,,,,,,,,,,,,,,,22,22,,,,,6.45,,,31.71,30.62,27.19,33,19.05,16.25,17.72,13.47,,,,,,,16.62,55,33,21.83,,,,,,,,,,,,44,77,18.48,,,,,,,,,,,,,,,,,,,,,,,,,,,,,,,,,55,67.98,1100,171.5,,,,,,,,,,,,110,110,110,,,,,,14.07,,,,,,,,,,22,8.9,22,16.7,55,23.45,2.661,22,22,22,22,22,22,22,22,22,16,22,22,11,11,11,11,11,11,,4.502,20.44,14.25,10.4,,,,,,,,,15.2,33,,,,,,,55,,,,,,,,,,,,2.33,81.39,5.05,5.63,,,,,,,18.61,16.85,29.04,35.68,,,,,,1.5,,,,,,,,,,26.4,,,,,14.85,42.64,122.1,,,11.91,12.18,,38.9,38.5,6.26,38.5,,2.02,,,,14.99,,,,,,,,,,,,,,,110,110,,,,,,,,,,,,16.8,35.2,22.41,55,,,,,,,,,,,,,,,,27.38,,55,23.97,16.56,3.29,17.75,21.1,13.29,31.29,,13.15,,,,20.33,,,,21.15,,14.52,,30.28,110,55,8.47,55,55,6.532,23.64,55,55,13.08,55,22.03,5.78,,,,,,10.65,25.96,26.98,31.1,55,11.5,55,,35.2,,,,,,,,,,,,,,3.53,,,15.75,471.6,7.39,,,,26.6,,,,,,,,,9.7,16.5,,,,33.73,,,,,,,,,,,,,2.49,,,55,,,,,,,,,,,,,,,6.014,5.072,23.14,31.29,,22.12,28.31,57.79,136.2,,,,,,,,,116.8,385
77-53-2,cedrol / (+)-cedrol,,7.21,,,,,,,,,,,,,,,,,,,,,,,,,,,0.4,1.4,33.8,2,20,,,,,,,,,,,,,,,,,,,,,,,,,,,,,,,,,,,,,,,,,,,,,,,,,,,,,,,,,,,,,,,,,,,,,,,,,,,,,,,,53.85,1100,157.2,,,,,,,,,,,,,,,,,21.91,,,,,,,,,,,,,7.06,9.12,22,24,55,30.35,6.82,22,22,22,22,12.39,22,22,22,,22,6.1,22,,,,,,,,,,,,,,,,,,,,,,16.35,9.22,20.15,11.68,6.25,22,30,33,33,19.85,22.71,19.37,,,,,,,,,,,,,,,,,,,,,,,,,,,,,,,,,,,,,,,,,,,,,,,,,,,,,,,,,,,,,,,,,,,,,22,4.9,7.53,,,,,,,,,,,,,,,,,,,,,,,,,,,,,,,,,,,,55,,,,,,,,,,,,,,,,,,,,,,,,,,,,,,,,,,,,,,,,,,,25.6,30.1,14.1,55,,,,,,,,,,,,,,,,,,,28.33,,,,,,,,,,,,,,,,,,,,,,,,,,,,,,,,,55,,,55,,,,,,,,,,,25.94,3.12,,,,,,,,,,,,,,,,,,,,,
3016-19-1,"2,6-Dimethyl-2,4,6-octatriene  / trans,trans-(4E,6E)-allo-ocimene",,,,,,,,,,,,,,,,,,,,,,,,,,,,,,,,,,,,,,,,,,,,,,,,55,55,55,33,33,10.53,,,,,,,,,12.53,,33,,,,,,,,,,,,,24.74,7.72,12.95,11.7,17.5,20.9,2.87,21,8.9,18.1,14.4,14.9,24.8,6.82,7.96,8.97,9,16.6,16.7,10.8,16.8,16.8,15.7,7.32,14.7,12.1,14.6,12.3,,,,,,,,,,,,,,,,,,,,,,,,,,,,,,,,,,,,,,,,,,,,,,,,,,,,,,,,,,,,,,,,,,,,,,,,,,,,,,,,,,,,,,,,,,,,,,,,,,,,,,,,,,,,,,,,,,,,,,,,,,,,,,,,,,,,,,,,,,,,,,,,,,,,,,,,,,,,,,,,,,,,,,,,,,,,,,,,,,,,,,,,,,,,,,,,,,,,,,,,,,,,,,,,,,,,,,,,,,,,,,,,,,,,,,,,,,,,,,,,,,,,,,,,,,,,,,,,,,,,,,,,,,,,,,,,,,,,,,,,,,,,,,,,,,,,,,,,,,,,,,,,,,,,,,,,,,,,,,,,,,,,,,,,,,,,,
593-08-8,2-Tridecanone,,12.25,,0.84,5.69,,312.7,47.69,31.35,3.849,22,5.039,2.614,1.568,0.7162,2.658,12.78,10.04,4.582,7.3,5.2,11.66,55,32.51,55,55,55,35.35,55,55,55,55,1.399,8.738,1.675,33,33,33,22,22,,,,,22,,,29.98,30.13,29.65,5.761,12.18,21.23,55,9.656,60.99,11.57,21.38,,,,33,21.74,33,55,,,36.31,,,,,,,,15.81,13.02,22.39,13.57,,,,,,,,,,,,,,,,,,0.3961,,,0.3963,,0.08435,,,5.809,12.7,,69.66,,,,55,2.83,47.17,5.37,3.92,1.3,2.5,3.63,1.56,3.6,,0.5264,2.88,33,33,49.73,110,110,,,,,2.85,,,0.8267,4.635,4.422,9.807,10.1,2.88,3.07,3.53,7.617,10.16,22,6.682,31.9,5.295,55,15.54,22,22,22,5.2,22,22,2,3,22,1.23,7.76,4.938,11,11,1.479,11,11,4.671,3.017,23.14,3.965,4.048,6.6,,5.665,5.642,1.079,2.68,15.2,33,33,9.279,7.77,20.91,33,22,22,15.41,37.8,23.07,33,33,13.12,33,,,,,7,4.6,,,5.17,12.85,14.87,39.83,11.86,44,44,8.892,,,,,10.63,,7.26,2.24,,,0.08905,1.275,35.12,,0.7341,27.64,73.46,48.83,13.09,26.4,15.29,2.81,10.99,3.971,8.091,7,74.22,21.34,31.2,19.96,12.56,5.643,16.01,12.83,34.24,15.93,2.25,3.608,16.65,55.59,1.26,12.86,7.3,2.629,48.98,33.59,0.973,0.7029,1.308,0.7864,0.7577,6.627,1.119,0.6571,0.9829,48.81,43.85,48.24,34.03,28.1,24.2,44,78.95,55,10.9,,,,,5.2,35.2,19.94,45.21,4.923,3.81,2.5,2.08,1.658,22,1.62,11.38,11.17,7.73,44,44,44,16.42,6.385,23.6,,55,,55,,,,,,,18.45,66.54,47.17,12.69,11.06,18.27,,110,,,20.21,,29.91,110,28.61,21.87,55,55,4,13.2,55,55,9.3,55,2,5.51,13.49,7.672,25.22,26.11,6.95,6.34,6.7,12.51,20.5,37.1,8.6,55,0.3073,1.448,42.1,28.38,21.45,2.612,,2.907,,6.14,,,,,,1.146,1.85,1.23,10.8,9.21,3.182,9.9,8.6,3.1,22.14,0.21,281.6,18.92,33.91,48.29,281.6,182.2,7.8,,,11.65,10.77,17.5,6.713,27.5,0.71,5.16,13.19,6.554,12.59,3.179,8.8,,0.9816,3.031,11.25,4.89,12.89,8.49,55,1.712,0.6924,3.871,7.028,20.54,,23,,4.23,,2.312,19.6,55,2.363,10.12,5.235,17.43,24.82,22.8,,,23.93,189.5,3.978,38.26,,,,11,5.68,11,162.4,30.91
111-71-7,heptanal,,9.727,,0.84,1.232,,312.7,47.69,31.35,3.067,8.95,7.25,33,3.99,0.96,10.7,13.64,10.22,6.39,,,13.09,55,41.61,55,55,55,55,5.814,38.46,55,15.9,5.495,12.9,13.1,3.885,3.857,4.715,22,22,,,,,14.59,,,55,55,55,7.43,33,21.78,55,9.343,59.53,11.86,19.57,,,,33,31.52,33,55,,,35.81,,,,,,,,16.04,44,77,44,,,,,,,,,,,,,,,,,,0.44,,,0.4875,,0.124,,,6.053,,,32.03,,,,41.3,9.689,81.81,23.81,3.903,1.275,2.48,3.612,1.548,3.6,,0.4756,,33,33,110,110,110,,,,,2.85,,,1.056,0.975,1.952,9.807,10.1,1.537,2.213,2.52,6.165,5.589,4.595,18.57,55,11.34,1.305,22,22,22,22,9.787,22,12.2,22,10.04,7.1,5.012,15.15,11,11,11,2.79,11,11,4.263,5.76,23.12,10.38,15.92,6.6,,5.8,9.969,28.13,7.608,17.08,2.862,33,13.06,10.57,10.1,9.77,0.748,0.5133,16.69,40.74,23.06,33,33,18.37,33,,,,,7,4.6,,,3.775,12.43,14.56,35.53,19.58,44,44,10.49,,,,,10.63,3.389,6.094,2.314,,,0.08494,1.681,22.33,,0.903,20.05,70.23,43.76,31.53,26.4,15.57,2.595,10.22,3.712,34.16,19.79,100.7,16.43,22.34,10.92,12.99,12.56,20.63,38.5,14.81,38.5,1.753,3.81,18.55,56.23,0.9505,20.9,3.228,,49.96,38.31,0.8037,0.5794,2.075,2.166,3.741,22,2.293,3.304,1.975,48.6,28.58,30.89,43.49,,,,71.93,55,55,,,,,5.2,35.2,36.43,55,5.647,3.81,2.5,22,1.658,22,1.62,22,12.59,8.47,44,44,30.18,16.83,14.1,22.03,,55,,55,,,,,,1.69,30.86,66.54,47.17,12.69,13.03,16.62,23.67,110,,,16.61,,43.35,110,55,32.21,55,55,4.065,13.23,55,55,9.931,55,2.187,6.182,26.83,8.5,40.4,26.31,7.64,19.61,9.516,12.24,16.6,55,18.9,55,0.3929,0.9314,55,55,55,3,,3.3,,,,,,,,1.921,3.072,0.9319,4.424,5.065,2.425,,,,28.94,0.3393,281.6,4.146,19.23,10.39,16.98,219.8,7.8,,,11.9,11.3,14.22,6.133,27.5,0.71,5.16,2.664,0.9038,12.59,3.63,8.8,,0.5241,2.188,3.249,12.92,12.89,8.49,55,0.6763,1.174,0.878,13.2,55,,55,,18.6,,0.3674,0.3608,55,0.8338,5.932,5.347,20.4,23.98,20.63,,,23.93,189.5,3.271,44.71,2.15,2.83,3.45,11,5.68,11,180.1,28.09
138-86-3,dl-limonene,,9.986,,,,,,,,,22,,,,,,,,,,,,,,,,,,2.3,13.6,55,19.2,9.6,13.4,4.5,,,,22,22,,,,,5.388,,,9.22,55,12.35,1.46,33,33,55,13.47,,,,,,,9.132,,33,16.41,,,,2.43,3.52,33,2.24,4.19,2.2,33,,44,29.68,13.87,,,,,,,,,,,,,,,,,,,,,,,,,,9.25,,,,4.06,,,55,109.8,228.1,116.8,2.051,1.36,2.28,4.12,1.85,,,,,,,50.65,110,110,,,25.01,,,,,,,,12.55,9.24,,,,13.36,6.37,18.25,18.38,55,11.88,8.582,9.697,22,22,22,22,22,22,22,22,13.86,22,22,11,11,11,5.36,11,11,,1.54,14.65,6.92,8.67,,,,,,,,,33,33,21.63,24.44,33,22,22,22,55,33,33,25.08,33,19.65,4.3,,,6.5,,,3.41,110,8.238,22.22,24.42,42.38,10.75,44,44,8.58,16.52,14.03,38.47,11.84,,,,,,,,,55,18.31,,,,,,,,,,,,,,,,38.5,,,,38.5,,38.5,,,,,,14.57,,,55,30.9,,,,,,,,,,,110,110,,,,,,,,,,,,11,35.2,20.38,55,26.08,,,,,,,,,,,,,,55,,,55,141.7,55,0.89,7.75,16.82,18.01,11.49,,18.28,41.41,41.95,66.16,4.12,,,,,,18.23,,,,55,55,55,55,7,55,38.2,55,17.3,55,12.1,6.452,13.81,29.23,26.56,21.61,20.94,13.84,21.94,13.64,24.1,41.33,23.03,55,,35.2,,,,,,,,,,,,,,15.57,,,19.26,20.91,2.42,,,,,,,,,,,,,10.5,18,13.5,7.8,8.3,24.48,,,,,,2.76,,,,,,,1.57,2.16,7.47,55,21.22,,,,,,,,,,,,55,,,,,,,,27.19,16.77,56.03,,,,,,,,,,
18794-84-8,beta-farnesene / (E)-β-farnesene /  trans-β-farnesene,,6.28,,1.78,3.212,,174.3,6.463,20.69,5.792,22,,,,,,,,9.2,,1.8,,55,55,27.6,55,55,30.57,0.2389,2.076,26.82,1.504,9.558,20.1,20.1,,,,22,4.76,,,,,7.29,,,55,55,55,1.2,33,14.57,11.12,,211.9,,15.52,26.3,9.5,39.1,33,20,33,12.77,11.18,13.74,,,,,,,,,12.89,37.55,4.797,1.681,7.83,21.1,18.4,10.7,27.6,9.43,23.1,12.6,15.7,13.9,7.94,13,4.17,6.59,18.9,21.7,11.9,0.3729,17.8,16.9,8.35,9.79,8.38,13.9,13.4,4.241,,,,4.13,,,,1.666,39.71,10.9,2.509,1.522,1.787,,1.576,,,1.461,,,,110,110,110,,,29.77,,0.79,,123,,,,,,,,,3.205,4.113,3.843,7.17,49.34,8.671,5.54,1.85,22,22,22,22,22,8.87,22,2.59,22,1.25,22,11,11,11,2.262,11,11,,0.2113,1.084,1.63,4.25,,,,0.95,4.41,1.03,8.96,33,23.82,25.09,17.89,15.88,21.15,6.205,3.316,17.97,15.95,33,33,26.28,24.05,28.16,,,2.329,,7.2,2.9,6.96,110,4.982,9.362,33.1,10.77,12.4,44,44,8.319,14.21,44.92,38.93,29.37,,,,,,,,,55,10.88,,,26.06,,,17.58,,,,,12.44,44.06,69.43,32.27,32.49,9.6,11.06,10.89,16.79,38.5,,24.09,,11.77,,,,10.31,,5.4,55,20.38,,,,,,,5.544,3.736,6.849,45.59,20.15,24.15,10.84,44,21.8,44,22.39,55,23.5,,,,,3.592,23.75,55,55,86.5,,,22,,,,10.27,11,,,,,,13.57,,75.93,55,31.9,55,45.23,55,7.77,12.37,15.56,,24.75,,,,14.07,26.79,23.97,110,4.3,110,8.281,,25.57,110,7.919,1.284,11.62,55,2.5,17.4,55,55,1.1,55,3.9,8.426,,,,,,5.991,6.516,11.18,14.95,22.31,5.33,55,0.7244,2.258,,,,2.098,,5.707,,6.39,,,,,,3.447,1.278,0.6236,5.664,11.79,2.748,33.1,34.5,,16.68,,,,,,,,11.2,8.9,6.4,9.7,8.6,1.3,8.706,,,,22,1.864,10.47,,17.63,23.89,5.933,37.31,44,2.029,13.46,10.4,33.54,8.023,,,,8.65,,10.7,,12.17,,25.7,1.07,55,1.9,,8.24,,,,12.82,14.38,,,11.01,37.58,,,,,,,42.25,98.17
13466-78-9,"3,7,7-trimethyl-bicyclo[4.1.0]hept-3-ene / (+/-) 3-Carene",,25.5,,,,,,,,9.79,22,,,,,,,,,,,,,,,,,,,,,,,,,,,,22,22,,,,,6.45,,,31.71,30.62,27.19,33,19.05,16.25,55,,,,,,,,16.62,55,33,21.83,,,,,,,,,,,,44,77,18.48,,,,,,,,,,,,,,,,,,,,,,,,,,,,,,,,,55,91.16,757.6,56.69,,,,,,,,,,,,110,110,110,,,,,,14.07,,,,,,,,,,22,8.9,22,,,,11.52,22,22,22,22,22,22,22,22,22,16.89,22,22,11,11,11,11,11,11,,4.73,28.07,16.2,11.41,,,,,,,,,15.2,33,,,,,,,55,,,,,,,,,,,,1.97,65.13,5.05,5.28,,,,,,,23.75,66.71,62.34,166.9,,,,,,,,,,,,,,,,26.4,,,,,14.85,42.64,122.1,,,11.91,12.18,,38.9,38.5,6.26,38.5,,2.02,,,,,,,,,,,,,,,,,,,110,110,,,,,,,,,,,,16.8,35.2,22.41,55,,,,,,,,,,,,,,,,27.38,,55,23.97,18.67,31.02,55,25.15,42.53,6.58,,15.48,,,,26.6,,,,21.15,,15.74,,30.49,110,55,8.47,55,55,7,34.6,55,55,15,55,22.4,26.75,,,,,,10.62,25.96,26.98,31.1,55,11.5,55,,,,,,,,,,,,,,,,3.53,,,,471.6,7.39,,,,26.6,,,,,,,,,9.7,16.5,,,,13.04,,,,,,,,,,,,,2.54,,,55,,,,,,,,,,,,,,,9.04,3.84,23.14,31.29,,23.29,22.31,57.79,136.2,,,,,,,,,116.8,385
56683-54-6,(Z)-11-hexadecen-1-ol / Z11-16:OH,,10.65,,0.84,1.08,,,,,2.345,14.24,7.25,33,3.99,0.96,10.7,12.34,9.369,7.541,,,11.46,55,52.54,55,43.79,41.75,25.93,3.8,55,55,17.6,55,33,1.2,33,33,33,4.195,0.6627,,,,,0.8334,,,20.92,23.43,24.86,6.853,15.26,15.77,18.84,,,12.62,,,,,26.81,23.33,33,55,,,,,,,,,,,,13.17,4.044,1.998,,,,,,,,,,,,,,,,,,1.6,,,0.2817,,0.04472,,,6.84,,,69.78,,,,43.07,9.3,93.08,18.94,3.92,1.3,2.5,3.63,1.56,3.6,,0.4517,,,,18.77,110,67.21,,,24.6,,3.07,,,1.751,1.103,2.041,9.784,9.683,1.56,2.23,2.54,4.617,4.207,2.69,10.6,55,13.92,0.2876,22,22,22,22,16.94,22,17.06,22,7.173,11.82,10.46,22,3.263,6.616,2.517,0.5091,3.001,10.51,4.031,1.438,10.4,0.4197,0.5043,6.6,,5.8,1.981,22.5,3.631,11.15,1.085,16.85,8.373,16.36,9.843,8.393,0.4668,0.3413,18.9,55,27.09,33,33,23.91,33,,,,,7,4.6,,,5.087,14.94,18.88,38.33,20.39,44,44,15.22,,,,,10.63,3.855,5.641,1.93,,,0.1006,1.454,31.09,,0.7667,24,71.31,46.67,10.42,4.576,15.31,2.854,11.15,4.028,3.258,2.686,72.81,6.601,19.18,13.51,3.448,5.316,3.586,3.39,12.62,9.73,1.696,2.138,16.21,113.1,0.97,14.27,4.766,,55,44.91,0.9,0.65,1.6,0.68,0.56,1.8,1.048,0.5549,0.8353,46.75,35.87,41.17,33.49,,,,56.59,55,9.754,,,,,10.7,35.2,24.03,55,4.444,,,1.485,1.658,22,1.62,13.55,,8.098,44,44,44,16.59,6.006,4.708,41.08,55,,55,,,,,,1.64,5.341,66.54,47.17,12.69,8.801,17.55,,110,,,17.96,,51.68,,40.41,17.36,19.23,55,8.2,30.8,55,39.5,27,55,13,5.918,,,,,,13.02,8.468,13.44,27.49,55,17.43,55,0.45,0.1155,43.65,22.48,22.21,3.062,,,,,4.61,3.794,1.97,2.13,1.14,3.405,23.65,0.7547,9.015,5.14,2.71,,,,23.64,0.2302,281.6,4.903,20.48,12.31,23.16,188.9,7.8,9.2,15.8,10.59,11.67,14.28,7.667,27.5,0.71,5.16,2.1,0.31,,5.03,8.8,16.39,0.67,2.17,4.4,55,12.89,,29.03,0.61,1,0.78,13.2,55,,7.092,,55,,0.53,0.33,24.33,0.56,5.002,3.998,22.27,32.16,17.11,,,17.41,31.39,3.532,48.24,2.15,2.83,3.45,11,5.68,11,195,37.22
34010-21-4,(Z)-11-Hexadecenyl acetate / Z11-16:Ac,,11.24,,0.5779,1.306,,320,37.58,31.77,3.405,18.56,5.162,2.506,3.669,3.142,4.466,12.34,9.367,4.633,11.6,1.453,14.3,55,43.85,55,31.85,55,55,55,55,55,55,55,9.4,8.7,0.95,0.62,0.48,3.154,0.3617,,,,,0.4718,,,13.68,23.02,21.82,2.533,17.18,25.58,27.18,13.81,60.07,13.38,27.01,,,,33,34.68,33,45.06,,,34.37,,,,,,,,16.25,15.48,14.9,9.61,,,,,,,,,,,,,,,,,,0.4371,,,0.2978,,0.08113,,,5.78,13.36,,74.62,,,,10.83,9.903,106.8,27.31,3.92,1.3,2.5,3.63,1.56,3.6,,0.546,,33,33,28.49,110,71.87,,,12.36,13.89,2.704,,,0.9972,1.661,0.9804,,,1.56,2.23,2.54,4.4,4.4,2.657,9.696,36.44,5.839,2.04,22,22,22,22,15.36,22,22,22,3.658,8.8,8.212,22,3.168,6.3,2.188,0.4665,2.668,10.55,7.152,1.494,8.352,0.4098,0.4629,6.6,,5.8,2.83,8.57,4.49,15.53,3.021,25.94,7.787,21.65,13.37,11.68,0.8564,0.888,22,37.41,33,33,33,33,33,,2.47,9,,5.515,4.696,,,4.156,13.35,16.43,36.31,13.85,44,44,10.27,,,,,10.63,4.45,6.957,2.317,,,0.08974,1.286,6.029,,0.97,15.95,72.83,48.83,66.31,26.4,,,,,7.608,13.01,78.74,8.839,12.11,10.26,2.912,12.91,9.219,11.62,15.64,18.92,1.73,0.8158,18.77,63.15,0.926,15.66,2.978,3.353,47.27,36.73,2.28,1.85,1.44,1.5,22,0.82,0.7036,0.2969,0.6104,48.93,110,110,14.49,28.1,24.2,44,19.79,34.13,12.16,,,,,9.482,28.53,17.89,42.34,5.036,3.81,2.5,7.473,,,,5.018,,13.58,44,44,44,23.39,10.7,9.995,,55,,55,,,,,,,3.048,22.51,22.23,14.06,12.22,17.33,,110,,,25.14,,65.83,110,20.1,17.62,24.26,55,4.376,15.26,55,33.17,10.11,55,2.518,6.462,13.27,7.827,24.93,26.15,7.08,5.536,9.439,12.04,41.63,32.76,19.63,55,0.52,2.24,37.12,28.43,14.69,2.13,3.75,4.229,13.6,2.812,4.362,2.444,1.928,1.664,1.028,1.538,3.444,2.794,12.61,9.21,2.38,9.301,8.6,3.1,16.05,0.21,281.6,18.92,33.91,48.29,281.6,182.2,7.8,,,10.71,11.32,14.04,8.417,27.5,0.71,5.16,4.4,4.4,,4.803,7.364,3.82,1.05,4.4,4.4,7.853,,8.49,55,0.49,0.72,13.2,13.2,55,,55,,6.256,,0.2759,0.76,10.6,3.52,8.221,3.738,18.27,22.64,17.8,,,23.93,189.5,2.814,41.36,2.15,2.83,3.45,11,5.68,11,,
928-95-0,E-2-hexen-1-ol,,27.31,,,,,,,,,22,,,,,,,,,,,,55,43.31,55,36.98,47.57,37.02,2.406,55,55,22.78,0.6246,14.93,1.807,4.105,3.752,2.863,,,,,,,,,,10.76,13.18,14.17,7.828,9.749,33,7.308,,108.8,22,44,,,,33,16.6,33,42.98,,,,,,,,,,,24.53,20.38,77,44,,,,,,,,,,,,,,,,,,,,,0.5,,0.13,,,,,,9.96,,,,42.95,26.75,271,302.1,3.88,1.43,2.6,3.72,1.62,,,,,,,60.85,110,110,,,,,,,,5.55,7.2,,9.93,9.94,1.56,2.23,2.54,5.937,5.937,2.903,9,55,11.47,31.85,22,22,22,22,22,22,22,22,,22,22,22,3.394,6.342,2.23,0.4772,2.71,10.54,6.99,1.528,8.695,0.8016,0.7994,,,,1.45,18.95,3.71,8.96,1.26,14.18,13.58,33,33,33,22,22,22,55,33,33,33,33,33,,,,,,,,,,,,,,,,,,,,,,3.95,6.02,2.36,,,0.22,1.728,32.65,,2.119,74.11,,42.12,,13.38,17.09,6.75,26.4,8.07,3.701,12.56,68.37,6.19,26.41,16.15,3.6,14.22,3.831,3.029,13.17,9.79,1.73,1.198,16.65,,0.9483,12.83,,,45.46,37.72,0.8973,0.6049,1.433,0.6374,0.5802,1.63,22,3.51,4.82,47.6,25.79,26.03,110,,,,68.66,55,17.7,,,,,10.7,35.2,55,55,23.3,,,9.285,,,,11.3,12.59,16.06,44,44,26.14,24.62,9.741,4.97,41.08,55,,55,,,,,,1.639,10.52,,,,6.895,17.28,23.67,,,,,,,,55,55,55,55,6.241,14.36,55,39.2,26.57,55,12.84,13.52,,,,,,9.22,7.08,21.54,55,28.44,20.74,55,0.2476,0.1343,37.9,19.43,13.87,8,,,,,,13.88,,,,7.501,,,23.47,7.54,8.12,,,,31.83,0.64,281.6,5.36,21.17,13.47,27.31,281.6,,9.2,15.8,11.2,13,15.7,12.86,,,,3.142,0.2837,,,,,0.3871,1.342,3.579,55,,,33.13,0.6256,0.9911,0.9135,7.784,9.984,,7.942,,55,,0.3648,0.2348,,0.5978,,,,,,,,17.52,32.52,,,2.15,2.83,3.45,,,,,
124-13-0,octanal / C8:Ald,,9.727,,0.84,1.232,,312.7,47.69,31.35,3.067,9.52,7.25,33,3.99,0.96,10.7,13.64,10.22,6.1,,,13.09,55,41.61,55,55,55,55,55,55,55,55,55,2.347,2.498,3.885,3.857,4.715,22,22,,,,,14.59,,,55,55,55,7.04,33,16.71,6.91,9.343,59.53,16.24,19.57,,,,33,31.52,33,55,,,35.81,,,,,,,,16.04,44,77,44,,,,,,,,,,,,,,,,,,0.44,,,0.4875,,0.124,,,6.053,,,32.03,,,,41.3,18.49,380.2,43.67,3.903,1.275,2.48,3.612,1.548,3.6,,0.4756,,33,33,110,110,110,,,,,2.85,,,1.39,0.975,1.952,9.807,10.1,1.537,2.213,2.52,6.165,5.589,4.595,18.57,55,11.34,1.305,22,22,22,22,9.787,22,9.72,22,22,22,22,22,4.312,7.576,3.838,0.7349,5.298,10.48,4.263,1.282,8.214,2.194,5.272,6.6,,5.8,9.969,28.13,7.608,17.08,2.862,33,13.06,10.57,10.1,9.77,0.748,0.5133,16.69,40.74,23.06,33,33,18.37,33,,,,,7,4.6,,,3.775,12.43,14.56,35.53,19.58,44,44,10.49,,,,,10.63,3.389,6.094,2.314,,,0.08494,1.681,22.33,,0.903,20.05,70.23,43.76,31.53,26.4,15.57,2.595,10.22,3.712,21.46,66.37,94.59,16.43,22.34,6.586,18.36,12.56,27.17,32.55,20.06,18.73,1.753,4.108,16.96,56.23,0.9505,110,3.228,,49.96,38.31,0.8037,0.5794,2.075,7.52,10.37,22,2.293,3.304,1.975,48.6,28.58,30.89,43.49,,,,53.27,37.8,12.78,,,,,5.2,35.2,36.43,55,5.647,3.81,2.5,22,1.658,22,1.62,22,12.59,8.47,44,44,30.18,16.83,14.1,18.04,,55,,55,,,,,,1.69,18.19,66.54,47.17,12.69,11.05,16.62,23.67,110,,,16.61,,65.83,110,55,55,55,55,4.065,13.23,55,55,9.931,55,2.187,6.182,26.83,8.5,40.4,26.31,7.64,18.27,9.516,12.24,16.6,55,18.9,55,0.3929,0.9314,55,55,55,3,,3.3,,,,,,,,1.921,3.072,0.9319,4.424,5.065,2.425,,,,19.52,0.3393,281.6,4.146,19.23,10.39,16.98,219.8,7.8,,,11.4,11.6,14.22,7.8,27.5,0.71,5.16,2.664,0.9038,12.59,3.63,8.8,,0.5241,2.188,3.249,12.92,12.89,8.49,55,0.6763,1.174,0.878,13.2,55,,55,,18.6,,0.3674,0.3608,55,0.8338,5.932,5.347,20.4,23.98,20.63,,,23.93,189.5,3.22,44.71,2.15,2.83,3.45,11,5.68,11,180.1,28.09
110-43-0,2-heptanone,,11.61,,0.84,60.59,,312.7,47.69,31.35,4.32,22,4.989,3.529,0.9407,0.6439,1.839,16.3,13.1,4.285,7.3,,11.66,55,32.51,55,55,55,35.33,55,55,55,55,1.399,8.694,1.683,33,33,33,22,22,,,,,22,,,42.92,55,41.23,17.51,13.08,33,55,9.809,65.92,11.51,21.91,,,,33,21.51,33,55,,,36.97,,,,,,,,19.58,13.15,21.46,11.89,,,,,,,,,,,,,,,,,,0.44,,,0.4875,,0.124,,,5.785,,,71.22,,,,11.96,3.101,50.54,3.255,3.92,1.3,2.5,3.63,1.56,3.6,,0.5264,2.88,33,33,55.33,110,110,,,,,2.85,,,0.9,21.6,8.5,9.807,10.1,2.88,3.07,3.53,13.35,11.18,22,8.5,31.9,5.73,30.81,22,22,22,22,22,22,22,22,2.198,22,22,22,4.776,11,11,1.521,11,11,4.77,2.691,25.21,4.016,4.055,6.6,,5.8,5.76,1.107,3.151,15.41,33,24.88,11.93,15.43,33,33,22,22,22,22.42,33,33,33,33,33,,,,,7,4.6,,,5.228,12.67,14.85,40.01,11.64,44,44,8.816,,,,,10.63,6.55,7.456,2.414,,,0.08899,1.043,55,,0.7472,28.07,74.79,48.83,13.09,26.4,15.5,2.975,11.6,4.2,22.07,7.852,75.59,20.17,31.02,13.34,12.24,7.997,16.33,38.5,33.67,16.42,2.25,4.292,16.5,55.54,,13.69,4.972,2.7,49.58,33.63,2.132,1.884,1.45,0.7864,0.7577,6.627,1.424,0.9272,1.243,50.19,44.86,49.18,33.49,,,,71.52,55,10.82,,,,,5.2,35.2,20.92,43.97,4.942,3.81,2.5,22,1.658,22,1.62,5.69,11.17,7.73,44,44,44,16.42,5.842,23.6,,55,,55,,,,,,,17.65,,,,11.62,18.32,,110,,,20.84,,30.14,110,55,20.32,55,55,4,13.2,55,55,9.3,55,2,5.185,12.81,8.208,24.33,26.24,7.398,5.305,4.981,12.1,15.04,19.94,6.232,55,0.3074,7.624,36.43,22.45,14.64,2.508,,2.933,,6.14,,,,,,10.87,1.185,0.6194,9.478,9.21,3.288,,,,21.05,0.21,281.6,18.92,33.91,48.29,281.6,182.2,,,,11.55,10.58,17.5,6.386,27.5,0.71,5.16,13.1,6.525,12.59,3.237,8.8,,0.9816,3.031,11.25,2.651,12.89,8.49,55,1.751,0.6867,3.989,6.979,18.88,,21.35,,4.448,,4.654,0.8905,55,2.363,10.45,5.47,17.49,25.35,20.66,,,23.93,189.5,4.249,38,,,,,,,156.6,34.18
56219-04-6,(Z)-9-hexadecenal / Z9-16:Ald,,9.781,,0.84,0.7281,,,,,3.301,9.685,7.25,33,3.99,0.96,10.7,13.06,9.779,6.526,,,13.05,47.33,41.13,55,49.33,43.07,36.71,0.4,55,55,1.5,55,3.2,4.4,3.744,3.723,4.579,8.292,2.798,,,,,3.203,,,47.78,49.25,46.88,6.801,14.67,14.16,5.563,18.86,,11.9,,,,,25.07,28.23,33,55,,,,,,,,,,,15.87,23.17,12.9,6.609,,,,,,,,,,,,,,,,,,1.6,,,0.302,,0.05087,,,6.84,,,26.56,,,,39.48,9.689,81.81,23.81,3.899,1.275,2.48,3.612,1.548,3.6,,0.475,,33,33,110,110,110,,,,,3.07,,,1.142,1.06,1.094,9.807,10.1,1.412,2.117,2.407,4.289,4.064,2.306,18.57,55,11.34,0.3933,22,22,22,22,9.787,22,12.2,22,8.398,7.1,5.012,15.15,3.236,6.428,2.318,0.496,2.799,10.53,4.617,1.568,8.728,0.4288,0.4828,6.6,,5.8,5.658,26.11,5.934,14.85,2.077,24.57,10.28,13.5,9.55,8.86,0.77,0.36,17.1,55,23.79,33,33,19.34,33,,,,,7,4.6,,,3.788,12.44,14.55,35.56,19.24,44,44,10.43,,,,,10.63,3.419,6.101,2.267,,,0.08438,1.652,19.47,,0.8857,20.79,70.23,42.87,29.55,26.4,14.47,2.289,9.223,3.275,18.81,26.68,96.95,13.35,20.06,6.586,11.71,15.55,15.88,32.55,8.192,18.73,1.671,2.686,17.34,63.15,1.38,16.68,3.228,,49.82,35.55,0.9,0.65,4,0.98,1.2,2.2,1.278,1.069,1.105,48.14,26.95,28.92,35.82,,,,51.5,37.67,12.75,,,,,5.058,35.2,36.31,55,5.126,,,22,1.658,22,1.62,22,12.59,9.452,44,44,30.76,18.02,8.525,9.713,41.08,55,,55,,,,,,1.69,18.19,66.54,47.17,12.69,10.91,16.78,23.67,110,,,17.96,,57.43,110,28.48,32.22,33.71,55,6.2,14.1,55,55,55,55,22.6,6.182,,,,,,19.61,9.516,12.24,16.6,55,18.9,55,0.54,0.3196,45.74,24.5,25.83,3,,3.3,,,4.61,2.353,1.97,2.13,1.14,1.959,4.052,0.5712,4.447,5.111,2.303,,,,19.79,0.3272,281.6,4.167,19.27,10.44,17.14,216.7,7.8,,,10.04,10.03,12.8,6.133,27.5,0.71,5.16,3.3,0.83,,3.586,8.8,16.39,0.52,2.16,4.4,12.76,12.89,,55,1.18,1.41,13.2,13.2,55,,55,,17.51,,0.369,0.53,55,4.49,5.888,5.179,19.63,22.44,18.61,,,20.86,87.25,3.268,44.52,2.15,2.83,3.45,11,5.68,11,195,37.22
5989-54-8,s-limonene / (-)-limonene,,13.73,,,,,,,,,22,,,,,,,,,,,,,,,,,,2.3,13.6,55,19.2,9.6,13.4,4.5,,,,22,22,,,,,6.79,,,9.22,55,12.35,1.46,33,33,17.31,13.47,,,,,,,9.132,,33,16.41,,,,2.43,3.52,33,2.24,4.19,2.2,33,,44,29.68,13.87,,,,,,,,,,,,,,,,,,,,,,,,,,9.25,,,,4.06,,,55,123.2,1100,195.3,2.051,1.266,2.202,4.12,1.746,,,,,,,82.21,110,110,,,25.01,,,,,,,,12.55,9.24,,,,13.36,6.37,18.25,18.38,55,11.88,19.04,9.697,22,22,22,22,22,22,22,22,14.48,8.597,22,11,11,11,4.653,11,11,,1.284,12.01,5.389,6.327,,,,,,,,,33,33,21.63,24.44,33,22,22,22,55,33,33,25.08,33,19.65,4.3,,,6.5,,,3.41,90,8.238,22.22,24.42,42.38,10.75,44,44,8.58,22.83,29.42,47.04,23.51,,,,,,,,,55,18.31,,,,,,,,,,,,,,,,38.5,,,,38.5,,38.5,,,,,,14.57,,,55,30.9,,,,,,,,,,,68.89,62.7,,,,,,,,,,,,11,35.2,20.38,55,26.08,,,,,,,,,,,,,,55,,,55,590.9,55,37.77,29.7,29.19,18.36,12.28,,12.37,41.41,41.95,66.16,3.048,,,,,,18.23,,,,55,55,55,55,6.606,55,32.22,55,5.635,55,11.13,7.11,13.81,29.23,26.56,21.61,20.94,17.51,22.37,20.35,24.1,41.33,23.03,55,,35.2,,,,,,,,,,,,,,15.57,,,19.26,20.91,2.42,,,,,,,,,,,,,10.5,18,13.5,7.8,8.3,28.52,,,,,,2.76,,,,,,,1.57,2.16,7.47,55,21.22,,,,,,,,,,,,55,,,,,,,,27.19,18.74,58.05,,,,,,,,,,
98-86-2,acetophenone,2.64,55,150.3,9.15,51.85,64.18,39.41,8.29,50.58,6.83,22,6.007,2.582,2.749,33,4.203,,,2.753,7.046,2.424,2.7,55,37.8,55,37.07,29.37,23.78,,,,,,33,33,,,,22,22,,,,,22,,,55,55,55,15.58,14.81,33,55,,,22,26,,,,18.95,55,33,55,,,28.26,,,,,,,,,6.075,77,44,,,,,,,,,,,,,,,,,,0.09,,,12.9,,2.5,,,,35,,,,,,,58.17,442.5,305.8,,,,,,,,0.6854,2.52,,,66.44,110,110,,,28.97,,,17.78,19.75,0.85,,,,,,,,8.077,10.25,22,10.65,14.8,0.6747,32.49,22,22,22,22,22,22,22,22,22,22,22,22,3.05,11,11,1.62,11,11,,8.79,31.86,,,,,,,,,,,,,14.34,13.45,33,22,22,22,30.7,33,33,33,33,33,,,,,,,,63.7,5.222,6.5,27.53,44,10.99,44,44,11.25,,,,,,,,,390,9,,,12.97,,,230.9,42.33,37.19,,26.4,,,,,32.27,75.43,73,22.32,24.96,9.712,18.77,11.6,37.22,9.65,34.74,20.89,,7.526,,36.5,,29.11,3.252,2.634,55,28.36,,,,,,,,,,44.85,22.26,27.53,10.23,28.1,24.2,44,11.04,,,,,,,35.2,12.9,37.93,55,29.5,,,22,,,,6.122,,18.75,21.7,44,18.93,18.06,9.035,,14.67,55,,,,,,,,0.81,15.56,,,,,39.22,24.63,,10.8,,,,,,55,55,55,55,6.5,23.3,55,55,25.5,55,12.3,18.79,21.2,26.51,23.89,31.26,30.15,55,33.42,19.63,29.3,27.8,23.1,55,,,39.33,37.94,14.74,10,,7.5,,,,,,,,19.21,,,30.86,11.46,4.417,6.35,6.995,2.44,20.67,,,,,,,,,11,13.5,9.5,10.5,16.2,11.53,,,,22,,9.89,,8.03,,22,22,22,55,,9.52,55,,,,,5.843,,7.655,,8.756,,,,46.89,13.13,16.43,9.62,23.21,20.13,31.74,,,,,4.907,,,,,,,,192.9,523.1
2345-28-0,2-pentadecanone,,12.25,,0.84,5.69,,312.7,47.69,31.35,3.849,22,5.039,2.614,1.568,0.7162,2.658,12.78,10.04,4.582,7.3,5.2,11.66,55,32.51,55,55,55,35.35,55,55,55,55,1.399,8.738,1.675,33,33,33,22,22,,,,,22,,,29.98,30.13,29.65,5.761,12.18,21.23,55,9.656,60.99,11.57,21.38,,,,33,21.74,33,55,,,36.31,,,,,,,,15.81,13.02,22.39,13.57,,,,,,,,,,,,,,,,,,0.3961,,,0.3963,,0.08435,,,5.809,12.7,,69.66,,,,55,3.5,50.09,4.812,3.92,1.3,2.5,3.63,1.56,3.6,,0.5264,2.88,33,33,110,110,110,,,,,2.85,,,0.8267,4.635,4.422,9.807,10.1,2.88,3.07,3.53,7.617,10.16,22,6.682,31.9,5.295,29.97,15.51,22,22,22,1.04,22,1.19,2.44,2.23,1.12,0.67,22,4.938,11,11,1.479,11,11,4.671,3.017,23.14,3.965,4.048,6.6,,5.665,5.642,1.079,2.68,15.2,33,33,9.279,9.16,20.29,33,22,22,22,55,33,33,33,11.56,33,,,,,7,4.6,,,5.17,12.85,14.87,39.83,11.86,44,44,8.892,,,,,10.63,,7.26,2.24,,,0.08905,1.275,35.12,,0.7341,27.64,73.46,48.83,13.09,26.4,15.29,2.81,10.99,3.971,8.091,7,74.22,21.34,31.2,19.96,12.56,5.643,16.01,12.83,34.24,15.93,2.25,3.608,16.65,55.59,1.26,12.86,4.93,2.629,48.98,33.59,0.973,0.7029,1.308,0.7864,0.7577,6.627,1.119,0.6571,0.9829,48.81,43.85,48.24,34.03,28.1,24.2,44,78.95,55,10.9,,,,,5.2,35.2,19.94,45.21,4.923,3.81,2.5,0.58,1.658,22,1.62,11.78,11.17,7.73,44,44,44,16.42,6.385,23.6,,55,,55,,,,,,,18.45,66.54,47.17,12.69,11.06,18.27,,110,,,20.21,,29.91,110,28.61,21.87,55,55,4,13.2,55,55,9.3,55,2,5.376,13.49,7.672,25.22,26.11,6.95,5.197,5.128,11.97,25.3,17,9.6,55,0.3073,1.448,42.1,28.38,21.45,2.612,,2.907,,6.14,,,,,,1.17,1.164,0.6121,11.33,9.21,3.182,9.9,8.6,3.1,22.14,0.21,281.6,18.92,33.91,48.29,281.6,182.2,7.8,,,11.65,10.77,17.5,6.713,27.5,0.71,5.16,12.33,7.24,12.59,5.77,8.8,,0.9816,3.031,11.25,4.09,12.89,8.49,55,5.67,0.6924,3.871,7.028,20.54,,23,,4.23,,30.18,1.56,55,2.363,10.12,5.235,17.43,24.82,22.8,,,23.93,189.5,3.978,38.26,,,,11,5.68,11,162.4,30.91
36653-82-4,1-hexadecanol / 16:OH,,12.67,,0.84,2.498,,312.7,47.69,31.35,2.489,22,7.25,33,3.99,0.96,10.7,12.82,10.07,8.175,,,11.34,55,51.6,55,55,55,55,6.508,55,55,22.14,1.384,7.5,4.5,33,33,33,22,22,,,,,11.47,,,49.3,39.49,49.11,5.645,16.27,17.62,34.16,9.358,59.53,12.57,19.53,,,,29.16,18.94,33,55,,,35.53,,,,,,,,15.55,12.47,3.838,1.874,,,,,,,,,,,,,,,,,,0.44,,,1.224,,0.6875,,,6.113,,,69.78,,,,55,11.76,282.8,26.43,3.92,1.3,2.5,3.63,1.56,3.6,,0.7,,33,33,56.29,110,110,,,24.6,,2.85,,,1.98,6.202,8.008,9.807,10.1,2.88,3.07,3.53,7.742,9.049,22,12.59,55,11.3,27.31,22,22,22,22,22,22,22,3.34,4.443,4.104,22,22,4.41,11,11,1.435,11,11,3.335,2.96,24.36,1.98,2.4,6.6,,5.988,7.793,7.274,6.368,23.03,9.892,6.908,10.98,14.14,24.63,33,22,22,18.99,43.92,22.83,33,33,17.89,33,,,,,7,4.6,,,6.219,16.22,19.97,40.8,16.74,44,44,14.79,,,,,10.63,3.95,5.882,2.303,,,0.104,1.472,42.61,,1.21,20.73,75.37,48.83,10.57,3.379,15.39,2.8,10.95,3.966,5.465,0.8766,68.9,31.78,32.95,38.5,4.533,12.45,8.521,38.5,17.68,23.95,1.885,3.156,16.38,71.06,1.003,14.27,15.1,,47.14,34.15,0.7926,0.5206,1.368,2.03,7.41,22,1.567,0.9694,1.366,47.83,34.17,38.08,35.31,,,,73.97,55,8.565,,,,,5.2,35.2,20.88,55,16.2,3.81,2.5,1.7,1.77,22,7.18,13.67,11.17,7.73,44,44,44,16.42,5.15,14.74,,55,,55,,,,,,,18.52,66.54,47.17,12.69,11.05,17.03,,69.21,,,17.44,,30.27,110,55,14.19,20.68,55,4,13.2,55,55,9.3,55,2,9.547,26.83,8.5,40.4,26.31,7.64,7.139,7.271,12.33,55,55,55,55,0.3188,0.3962,46.33,17.09,22.49,2.995,,3.097,,,,13.88,,,,1.9,3.536,0.9267,10.03,5.14,3.69,,,,23.46,,,,,,,,7.8,,,11.59,11.34,16.03,6.734,,,,3.796,0.2715,12.59,2.759,8.8,16.39,0.8063,2.227,4.463,3.887,12.89,8.49,55,1,13.2,2,13.2,55,,55,,4.57,,0.2045,0.1203,55,0.8362,3.924,3.686,20.92,26.53,15.26,,,23.93,189.5,2.75,40.4,,,,11,5.68,11,181.9,28.26
99-87-6,p-cymene / 1-methyl-4-(1-methylethyl)-benzene,,,,,,,,,,,,13,13.6,33,33,9.64,,,2.076,0.8639,4.157,1.2,,,,,,,,,,,,,,,,,,,,,,,,,,,,,,,,28.53,15.49,,,,,,,,,,,,,,,,,,,,,,,,,,,,,,,,,,,,,,,,,,,,,,,,,,,,,,,,,,55.52,1100,276.2,,,,,,,5,0.5,,,,,,,,,,,,,54.53,,,,,,,,,9.44,8.06,22,16.7,9.2,1.42,46.6,22,22,22,22,22,22,22,22,,22,22,22,,,,,,,,,,,,,,,,,,,,33,13.34,,,,,,,,,,,,,,,,,,,,,4.71,27.7,15.13,44,7.63,44,44,4.96,,,,,,,,,,,,,,,,,,22.91,,,,,,,,,,,,,,,,,,,,,,64.94,,110,8.151,,,,,,,,,,,,,,,,,,,,,,,56.11,13.02,118.1,6.69,,,,,,,,22,,,,,,,,,,,,,,55,34.32,,15.14,16.51,11.73,23.79,,,,,,,,,,,4.1,,,,,,,,,55,8.1,23.8,55,55,55,55,29.4,20.7,,,,,,29.82,,16.89,55,33.7,26.6,55,,,,,,,,,,,,,,,,19.21,,,16.07,,,,,,,,,,,,,,,,,,,,,,,,,,,,,,,,,,,,55,,,,,,,,,,,,,,,,,,,,,,,,,,,,,,,,9.06,13.24
105-54-4,"butanoic acid, ethyl ester / ethyl butyrate",,12.3,,0.84,2.026,,312.7,47.69,31.35,3.472,22,,,,,,0.06,,,,13.7,,55,30.2,55,55,55,31.1,55,55,55,55,2.105,33,33,,,,22,22,,,,,22,,,55,55,55,6.12,18.12,33,2.3,8.628,143.5,12.27,44,,,,33,55,33,55,,,30.58,,,,,,,,16.21,11.62,12.86,10.84,,,,,,,,,,,,,,,,,,0.44,,,,,,,,5.78,,,74.73,,,,5.859,10.21,109.4,9.065,,,,,,,,0.4442,,33,33,77.58,110,110,,,,,2.702,,,0.9438,5.714,8.5,,,,,,13.35,11.18,22,8.5,31.9,5.73,55,22,22,22,22,22,22,22,22,3.058,22,22,22,,,,,,,16.2,,,8.27,5.89,,,,5.758,1.106,3.151,15.4,33,24.53,11.34,9.203,22.01,33,22,22,17.91,21.83,26.84,33,33,14.13,33,,,,,,,,,7.13,11.69,17.43,44,11.71,44,44,10.64,,,,,,,,,,9,0.09,,55,,1.38,,,,,26.4,,,,,33.17,49.6,95.09,15.75,13.32,10.63,17.14,13.62,30.55,38.5,46.82,17.8,,,,63.15,,12.92,3.239,,55,39.1,,,,,,,3.6,2.59,3.43,53,38.28,34.31,52.85,,,,110,,,,,,,5.2,35.2,23.66,41.85,6.1,3.81,2.5,1.127,,,,22,,,,,,,16.5,,,55,,,,,,,,,,,,,,32.87,,110,,,25.14,,,110,55,7.91,55,55,4,13.2,55,55,9.3,55,2,6.225,12.15,8.973,23.47,26.42,8.032,7.542,6.7,12.51,24.93,26.56,10.31,55,,35.2,36.15,34.97,13.72,10,,3.414,,,,,,,,6.02,2.315,1.695,8.6,,,,,,,,,,,,,,,,,11.6,13.2,13.9,,,,,15.54,7.327,,2.942,,,1.977,4.588,10.69,3.464,,8.49,55,2.38,1.76,13.2,13.2,55,,55,,5.82,,23.17,1.251,55,9.062,6.602,5.033,17.95,28.22,20.19,,,,,8.808,40.78,,,,,,,186.2,243.1
104-76-7,2-ethyl-1-hexanol,,20.37,,,,,,,,2.79,22,,,,,,,,10.7,,,11.8,55,40.9,55,55,55,55,,,,,,10.02,1.525,33,33,33,22,22,,,,,11.53,,,47.84,39.99,41.35,5.392,19.02,22.34,6.76,,,14.29,,,,,33,22.2,33,55,,,,,,,,,,,,44,40.68,44,,,,,,,,,,,,,,,,,,,,,12.9,,55,,,6.84,,,,,,,55,28.45,346.1,53.12,,,,,,,,0.4517,,,,110,110,110,,,,,,,,4.93,,8.09,9.807,10.1,2.88,3.07,3.53,6.817,10.09,22,22.27,55,10.28,21.53,2.967,22,22,22,22,22,0.3848,0.2764,,22,0.6622,22,3.806,11,11,1.876,11,11,4.14,3.172,25.88,2.28,2.86,,,8.1,15.01,33,33,33,33,,,16,9.053,33,22,22,22,22.6,33,33,33,24.85,18.6,,,,,,,,,9.05,21.16,29.93,44,21.29,44,44,27.09,,,,,,,,,,,,,55,,,,86.85,,13.08,3.657,15.37,3.07,11.95,4.304,24.81,1.22,71.93,31.78,32.95,12.31,20.54,5.102,35.4,10.87,33.86,21.62,2.25,3.634,16.42,60.64,,75.11,4.766,,41.7,55,,,,0.7864,0.7577,6.627,,,,,29.85,32.07,34.19,,,,61.82,55,9.905,,,,,,,18.45,55,4.4,,,2.14,1.658,22,1.62,4.584,11.17,7.73,44,44,44,16.42,16.5,58.11,,55,,,,,,,,,,,,,36.57,,,59.3,,,18.63,,22.25,,55,19.86,55,,,,,,,,,6.384,,,,,,6.939,10.04,12.85,55,55,55,55,,35.2,40.27,9.84,12.25,,,,,,,,,,,17.53,44,0.96,19.74,,5.793,,,,32.45,,,,,,,,,,,11.81,10.98,17.5,9.93,,,,22,,12.59,3.519,,,25.99,44,44,55,12.89,,55,0.8699,13.2,2,13.2,,,,,,,,,55,,8.32,6.36,21.43,27.08,39.33,,,,,3.532,,,,,,,,195,37.22
79-92-5,(+/-) camphene,,14.05,,,,,,,,,22,,,,,,,,,,,,,,,,,,,,,,,,,,,,,,,,,,,,,7.07,11.07,12.37,33,33,20.93,55,,,,,,,,33,17.75,33,15.87,,,,,,,,,,,,44,77,44,,,,,,,,,,,,,,,,,,,,,,,,,,,,,,,,,42.66,45.35,95.33,1100,,,,,,,,,,,,110,110,110,,,,,,,,,,,,,,,,,,,,,,,22,22,22,22,22,22,22,22,22,22,22,22,11,11,11,11,11,11,,4.24,13.92,12.19,9.3,,,,,,,,,,,,,,,,,,,,,,,,,,,5.8,3.7,2.483,,,,,,,,,,20.4,224.7,215.1,109.9,,,,,,,,,,,,,,,,,,,,,,,,,,,,,,,,,,,,,,91.28,,,55,30.9,,,,,,,,,,,37.92,110,,,,,,,,,,,,,,,,,,,,,,,,,,,,,,13.5,,,55,22.28,55,4.24,15.91,22.57,20.58,32.81,,10.79,,,,14.67,,,,,,,,30.29,,,,,55,9.8,14.9,55,55,29.2,55,21.6,,,,,,,13.12,,,,,,55,35.2,20.04,,,,,,,,,,,,,,,,,15.75,,6.71,,,,,,,,,,,,,,,,,,33.25,,,,,,,,,,,,,2.8,,,55,,,,,,,,,,,,,,,,,,,,18.3,19.78,,,,,,,,,,,,
112-53-8,1-dodecanol / 12:OH,,12.67,,0.84,2.498,,312.7,47.69,31.35,2.489,22,7.25,33,3.99,0.96,10.7,12.82,10.07,10.7,,,11.8,55,51.6,55,55,55,55,6.508,55,55,22.14,1.384,11.49,1.307,33,33,33,22,22,,,,,11.47,,,49.3,39.49,49.11,5.645,16.27,17.62,55,9.358,59.53,12.57,19.53,,,,29.16,18.94,33,55,,,35.53,,,,,,,,15.55,12.79,5.15,3.11,,,,,,,,,,,,,,,,,,0.44,,,1.224,,0.6875,,,6.113,,,69.78,,,,55,11.76,282.8,26.43,3.92,1.3,2.5,3.63,1.56,3.6,,0.4,,33,33,56.29,110,110,,,24.6,,2.85,,,1.98,6.202,8.008,9.807,10.1,1.868,2.45,2.798,7.742,9.049,22,12.59,55,11.3,27.31,22,22,22,22,22,22,22,3.34,4.443,4.104,22,22,4.41,11,11,1.435,11,11,4.14,2.96,24.36,1.98,2.4,6.6,,5.988,7.793,7.274,6.368,23.03,9.892,6.908,10.98,14.14,24.63,33,22,22,18.99,43.92,22.83,33,33,17.89,33,,,,,7,4.6,,,6.219,16.22,19.97,40.8,16.74,44,44,14.79,,,,,10.63,3.95,5.882,2.303,,,0.104,1.472,42.61,,1.21,20.73,75.37,48.83,10.57,12.9,15.39,2.8,10.95,3.966,5.465,1.22,68.9,12.61,32.13,7.48,4.39,5.1,13.04,38.5,17.68,38.5,2.25,2.83,15.26,71.06,1.003,14.27,27.5,,47.14,34.15,0.7926,0.5206,1.368,1.58,0.74,6,1.567,0.9694,1.366,47.83,34.17,38.08,35.31,,,,73.97,55,8.565,,,,,5.2,35.2,20.88,55,4.328,3.81,2.5,7.2,8.56,22,22,22,11.17,7.73,44,44,44,16.42,5.15,14.74,,55,,55,,,,,,,18.52,66.54,47.17,12.69,11.05,17.03,,69.21,,,17.44,,30.27,110,55,14.19,20.68,55,4,13.2,55,55,9.3,55,2,9.547,26.83,8.5,40.4,26.31,7.64,7.139,7.271,12.33,55,55,55,55,0.3188,0.3962,46.33,17.09,22.49,2.995,,3.097,,,,13.88,,,,1.9,3.536,0.9267,10.03,5.14,3.69,,,,23.46,,,,,,,,7.8,,,11.59,11.34,16.03,6.734,,,,3.796,0.2715,12.59,2.759,8.8,16.39,0.8063,2.227,4.463,3.887,12.89,8.49,55,0.6268,0.967,1.031,8.78,55,,55,,4.57,,0.2045,0.1203,55,0.8362,3.924,3.686,20.92,26.53,15.26,,,23.93,189.5,3.532,40.4,,,,11,5.68,11,181.9,28.26
104-55-2,3-phenyl-2-propenal / cinnamaldehyde,,55,105,4.01,17.99,21.26,38.78,2.72,,3.75,22,4.971,3.421,0.9599,0.7222,1.855,,,2.7,7.3,,,,,,,,,3.6,9.1,9.5,12.4,2.8,12.99,11.96,,,,22,22,,,,,22,,,27.53,28.02,24.02,9.1,21.53,33,13.64,,,22,,,,,33,55,33,55,,,,,,,,,,,,26.4,77,44,,,,,,,,,,,,,,,,,,0.1012,,,,,,,,,79.26,,15.69,,,,,,,,,,,,,,,1.039,2.976,,,32.27,32.14,23.93,,,27.62,,,,,0.85,,,,,,,,22,12.23,22,24.5,55,86,55,22,22,22,22,14.36,22,22,22,22,22,9.888,22,3.05,11,11,1.62,11,11,,8.79,31.86,,,,,,,,,,,,,8.9,24.49,12.75,22,22,22,22.3,33,33,33,16.26,33,,,,,,,,,,,,,,,,,,,,,,,,,,9,,,44.21,,,30.37,48.37,,,26.4,,,,,32.16,75.41,80.66,,24.96,14.07,20.85,11.6,44.69,6.81,34.71,23.84,,10.53,,,,86.99,8.317,4.187,55,34.8,,,,,,,,,,23.29,20.48,17.49,12.25,37.5,16.1,44,48.33,,,,,,,35.2,12.9,55,55,,,,22,,,,4.425,,10.82,20.45,44,16.22,19.7,10,14.82,16.31,55,,,,,,,,0.81,15.56,,,,,,24.63,,,,,,,,55,55,55,,,,,,,,,,16.63,55,23.63,25.48,22.93,,,,55,33.3,29.3,55,,,,,,12,14.7,7.1,13.6,5.5,,,,,,,,,2.301,,4.18,10.3,12.1,8,16.94,,,,,,,,,,,8.7,9.3,11,96.51,,,,19.88,,,,,,14.95,19.88,19.88,55,,,55,,,,,6.111,,5.864,,15.51,,,,39.24,13.13,,,,,,,,,,4.44,,,,,,,,192.9,523.1
109-21-7,"butanoic acid, butyl ester / Butyl butyrate ",,11.04,,0.84,2.079,,312.7,47.69,31.35,3.588,22,4.799,3.481,3.601,33,4.562,,,2.7,14.9,1.111,,55,28.99,55,55,55,29.25,55,55,55,55,1.407,8.495,3.37,0.4518,0.2749,0.832,5.145,1.02,,,,,1.248,,,55,55,55,13.63,11.89,33,44.06,9.718,227.4,15.11,44,,,,33,55,33,55,,,39.26,,,,,,,,16.44,11.76,15.91,9.492,,,,,,,,,,,,,,,,,,0.44,,,0.5,,0.13,,,5.78,13.1,,91.25,,,,8.07,3.246,44.71,4.992,,,,,,,,0.4915,,33,33,77.61,110,110,,,12.36,13.89,2.82,,,1.103,2.982,1.643,,,,,,4.343,4.352,4.317,8.5,31.9,5.73,0.6553,22,22,22,22,1.842,22,16.55,9.155,3.11,22,4.198,22,,,,,,,16.2,,,8.27,5.89,,,,5.794,1.071,3.133,14.73,33,24.53,11.34,8.932,21.77,33,10.33,22,17.8,22.74,19.5,33,33,13.81,33,,,,,,,,,6.63,11.18,16.78,44,11.5,44,44,10.22,,,,,10.63,6.55,7.629,2.616,,,0.09105,1.18,3.478,,0.7544,14.83,,,,26.4,,,,,33.12,29.81,84.98,,,11.34,16.78,20.41,26.17,38.5,32.85,23.86,,1.09,19.32,63.15,,25.35,3.137,3.525,49.26,37.11,2.14,1.85,1.44,1.5,22,0.64,3.6,2.59,3.43,46.75,51.42,47.52,7.755,28.1,24.2,44,7.447,,,,,,,5.2,35.2,39.54,42.2,5.099,3.81,2.5,1.127,,,,15.52,,13.58,44,44,44,23.39,10.6,,,55,,,,,,,,,,,,,,20.13,,110,,,25.14,,,110,55,13.36,55,55,4,13.2,55,55,9.3,55,2,5.808,12.52,29.67,23.96,28.86,24.23,5.94,6.7,12.51,16.74,28.37,9.101,55,0.3055,6.011,36.15,34.97,13.72,8,3.7,3.32,13.6,5.5,4.342,2.786,1.981,1.763,1.17,2.078,2.811,2.239,6.523,9.21,2.371,10.47,8.6,3.1,45.75,0.21,281.6,18.92,33.91,48.29,281.6,182.2,,,,,,,,27.5,0.71,5.16,3.628,0.2709,,3.212,,,0.391,4.4,3.607,4.09,,8.49,55,0.3812,0.8264,13.2,7.101,55,,55,,5.82,,22.54,0.2379,26.97,0.9454,4.776,3.819,21.11,24.77,17.02,,,,,9.866,40.78,,,,,,,186.2,243.1
76-22-2,"1,7,7-trimethyl-bicyclo[2.2.1]heptan-2-one / (R)-(+)-Camphor / camphor",,,,,,,,,,,,,,,,,,,,,,,,,,,,,,,,,,,,,,,,,,,,,,,,24.16,21.11,28.59,,,,55,,,,,,,,,,,,,,,,,,,,,,,,,,,,,,,,,,,,,,,,,,,,,,,,,,,,,,,,,,,375.9,1100,46.77,,,,,,,,,,,,50.83,110,110,,,,,,,,,,,,,,,,,,,,,,,22,22,22,22,22,22,22,22,,22,22,22,,,,,,,,,,,,,,,,,,,,,,,,,,,,,,,,,,,,,,,,,,,,,,,,,,20.36,33.39,49.73,40.29,,,,,,,,,,,,,,,,,,,,,,,,,,,,,,,,,,,,61.35,,83.39,,,,,,,,,,,,,,,,,,,,,,,,,,,,,,,,,,,,,,,,,,,,,,8.2,28.91,,55,27.61,,10.12,35.19,25.88,26.21,17.37,,,,,,,,,,,,,,,,,,,,,,,,,,,,,,,,,5.811,,,,,,55,,,,,,,,,,,,,,,,,,,2.55,,,,,,,,,,,,,,,,,11.8,11.8,18.7,42.79,,,,,,,,,,,,,,,,55,,,,,,,,,,,,,,,,,,,,,,,,,,,,,,,,,
122-78-1,phenyl acetaldehyde  / phenylethanal  / benzene acetaldehyde,,55,105,4.01,17.99,21.26,38.78,2.72,,3.75,22,10.7,33,8.59,12.7,33,,,,4.7,7.7,,55,36.59,55,26.8,55,11.94,,,,,,10.1,9.1,,,,22,22,,,,,22,,,26.91,26.06,22.63,9.1,21.53,33,17.12,,,22,,,,,33,55,33,55,,,,,,,,,,,,26.89,77,44,,,,,,,,,,,,,,,,,,0.09,,,12.9,,2.5,,,,79.26,,15.69,,,,21.45,1100,302.1,1100,,,,,,,,1.9,3.2,,,110,110,110,,,27.52,,,,,0.7871,,,,,,,,22,12.23,22,24.39,55,85.32,27.5,22,22,22,22,12.8,22,22,22,22,22,7.97,22,3.05,11,11,1.62,11,11,,8.79,31.86,,,,,,33,33,33,33,33,18.57,33,8.9,24.49,12.75,22,22,22,21.45,33,33,33,16.26,33,,,,,,,,,,,,,,,,,,,,,,,,,390,,,,44.21,,,30.37,51.14,,,26.4,,,,,32.16,75.41,80.66,22.32,24.96,14.07,20.85,11.6,44.69,6.81,34.71,23.84,,10.53,,36.5,,16.33,7.753,,55,30.59,,,,,,,,,,16.3,20.88,16.46,20.42,37.5,16.1,44,34.75,,,,,,,35.2,12.9,55,55,,2.93,5.32,22,,,,5.66,,11.39,20.56,44,16.46,17.94,11.8,14.9,16.31,55,23.8,,5.47,55,22.21,17.5,56.93,0.81,15.56,,,,,,24.63,,,,,,26.5,,55,55,55,55,6.5,23.3,55,55,25.5,55,12.3,,16.04,4.327,23.52,18.59,8.946,26.03,,,34.78,32.58,26.24,55,,,40.3,37.94,14.82,12,14.7,7.1,,,,,,,,,,,8.81,11.46,4.18,82.6,21.6,19.5,15.92,,,,,,,,,,,8.772,9.406,11.41,96.51,,,,44,,,,,,13.47,44,44,55,,,55,,,,,8.118,,5.537,,8.793,,,,35.83,13.12,,,,,,,,,,4.44,,,,,,,,192.9,523.1
3391-86-4,1-octen-3-ol,,11.09,,,60.59,,312.7,47.69,31.35,3.004,22,,,,,,,,10.7,,,11.8,,,,,,,55,55,55,55,1.399,7.505,1.216,33,33,33,22,22,,,,,22,,,43.32,41.15,39.28,5.147,15.54,33,46.15,,,14.29,,,,,33,22.2,33,55,,,,,,,,,,,16.21,35.24,16.15,9.53,,,,,,,,,,,,,,,,,,0.44,,,0.6416,,0.2067,,,6.84,,,,,,,55,39.06,1100,208.3,,,,,,,,0.3624,,33,33,73.19,110,110,,,,,,19.58,,0.8699,21.6,8.098,9.807,10.1,2.88,3.07,3.53,6.379,11.54,22,55,55,7.001,24.63,5.92,22,22,22,22,22,1.632,1.063,3,22,2.313,22,3.73,11,11,1.87,11,11,4.14,3.165,25.84,2.287,2.865,,,8.1,15.01,33,33,33,33,,,9.36,10.39,33,22,22,18.47,24.71,27.68,33,33,14.46,16.2,,,,,,,,,6.435,15.08,16.51,44,12.96,44,44,10.04,,,,,,,,,,,,2.36,55,,,140.9,86.85,,13.08,13.07,15.95,2.707,10.62,3.892,6.637,1.22,71.93,31.78,32.95,12.31,5.878,5.102,15.19,10.87,33.89,21.62,2.25,3.634,16.42,54.13,1.26,24.55,6.444,,41.7,55,0.97,0.69,1.68,0.7864,0.7577,6.627,3.6,2.59,3.43,47.6,48.08,110,110,,,,49.95,55,29.4,,,,,5.2,35.2,19.34,46.78,4.4,2.12,2.48,1.787,1.658,22,1.62,7.548,11.17,7.73,44,44,44,16.42,5.517,58.11,,55,,,,,,,,,,,,,19.76,18.32,,60.67,,,19.82,,16.85,,55,9.27,55,,,,,,,,,6.43,,,,,,17.16,14.06,19.37,55,55,55,55,0.28,0.203,40.27,9.84,12.25,,,3.3,,,,,,,,2.646,1.962,0.9558,14.74,,5.867,,,,32.45,,,,,,,,,,,11.91,10.84,17.5,21.53,,,,15.54,7.327,12.59,2.748,,,1.81,4.402,11.16,5.059,12.89,8.49,55,1.118,1.058,1.033,13.2,55,,55,,5.82,,0.3536,0.381,55,1.818,9.16,5.29,14.7,31.88,18.69,,,,,3.075,40.78,,,,,,,208.6,35.93
586-62-9,delta terpinene / terpinolene  / 1-methyl-4-(1-methylethylidene)-cyclohexene,,9.93,,,,,,,,,22,,,,,,,,,,,,,,,,,,,,,,,,,,,,22,22,,,,,6.79,,,,,,,,,55,,,,,,,,11.28,,33,18.21,,,,,,,,,,,,44,29.68,13.87,,,,,,,,,,,,,,,,,,,,,,,,,,9.25,,,,4.06,,,55,123.2,1100,195.3,2.96,2.19,2.08,4.12,1.56,,,,,,,47.79,110,110,,,25.01,,,,,,,,,,,,,12.56,12.09,22,15.81,55,15.18,11.8,22,22,22,22,22,22,22,22,22,13.86,22,22,11,11,11,5.36,11,11,,1.54,14.65,6.92,8.67,,,,,,,,,,,21.63,24.44,33,22,22,22,55,33,33,25.08,33,19.65,,,,,,,3.41,110,6.883,20.32,23.01,44,7.473,44,44,6.296,32.74,21.38,51.07,41.75,,,,,,,,,,,,,,,,,,,,,,,,,,,,,,,,,,,,,,14.64,,,55,30.9,,,,,,,,,,,110,110,,,,,,,,,,,,11,35.2,23.99,55,40.7,,,,,,,,,,,,,,,,,55,66.27,17.07,16.33,22.39,17.1,18.36,31.55,,18.28,,,,4.12,,,,,,18.23,,,,55,55,55,55,7,55,38.2,55,17.3,55,12.1,17.35,13.81,29.23,26.56,21.61,20.94,9.93,20.18,21.31,27.6,55,23.6,55,,35.2,,,,,,,,,,,,,,,,,19.26,,,,,,,,,,,,,,,10.5,18,,,,28.52,,,,,,,,,,,,,1.57,,,55,21.22,,,,,,,,,,,,55,,,,,,,,,14.19,69.32,,,,,,,,,,
143-07-7,dodecanoic acid / lauric acid,,12.25,,0.84,2.616,,312.7,47.69,31.35,3.781,22,4.97,2.469,1.512,0.7871,2.547,12.78,10.04,4.287,7.3,1.753,11.66,55,30.88,55,55,55,31.85,55,55,55,55,3,6.924,1.264,33,33,33,22,22,,,,,12.39,,,43.23,41.82,36.91,3.435,12.84,21.66,44.46,9.376,60.99,11.45,21.38,,,,33,21.74,33,55,,,32.85,,,,,,,,15.76,13.7,57.29,26.47,,,,,,,,,,,,,,,,,,0.4968,,,0.2711,,0.04163,,,5.809,12.7,,69.66,,,,55,4.403,67.68,6.233,3.92,1.3,2.5,3.63,1.56,3.6,,3.6,2.88,33,33,35.22,110,110,,,,,2.85,,,0.9143,3.29,3.258,9.807,10.1,2.88,3.07,3.53,6.627,11.14,22,8.255,37.3,6.485,25.7,15.53,22,22,22,2.035,22,3.007,1.969,2.839,2.885,0.8976,10.81,4.938,11,11,1.479,11,11,4.671,3.017,23.14,4.754,4.201,6.6,,5.665,2.647,1.17,2.995,10.9,5.313,33,9.279,33,33,33,8.718,13.6,22,55,33,33,33,33,33,,,,,7,4.6,,,6.44,15.09,16.53,44,12.97,44,44,10.06,,,,,10.63,,7.26,2.24,,,0.0882,1.303,39.82,,0.7472,27.64,73.46,48.83,13.09,26.4,15.29,2.81,10.99,3.971,6.933,6.509,73.66,21.34,31.2,19.96,7.389,5.643,15.22,12.83,34.05,15.93,2.25,3.608,16.5,55.38,1.26,11.95,3.97,2.63,48.05,34.64,0.922,0.6538,1.331,0.7864,0.7577,6.627,1.047,0.5385,0.919,48.6,40.82,49.23,34.03,28.1,24.2,44,78.95,55,10.9,,,,,5.2,35.2,23.01,41.96,4.846,3.81,2.5,2.194,1.658,22,1.62,11.49,11.17,7.73,44,44,44,16.42,6.385,23.6,,55,,55,,,,,,,18.45,66.54,47.17,12.69,11.06,18.45,,110,,,18.64,,29.91,110,29.4,17.19,55,55,4,13.2,55,55,9.3,55,2,5.689,13.49,7.672,25.22,26.11,6.95,4.901,6.067,12.08,10.3,55,9.9,55,0.3147,1.32,43.55,28.42,23.72,2.956,,2.695,,,,,,,,1.26,1.717,0.5288,9.49,9.21,3.594,9.211,8.6,3.1,22.14,0.21,281.6,18.92,33.91,48.29,281.6,182.2,7.8,,,11.65,10.77,17.5,6.713,,,,22,7.83,12.59,2.16,8.8,,4.46,4.45,12.23,2.791,12.89,8.49,55,2.38,0.7815,1.824,7.304,55,,55,,3.714,,0.4745,1.97,55,9.88,8.257,5.525,16.27,27.36,22.39,,,23.93,189.5,5.093,39.4,,,,11,5.68,11,162.4,30.91
6789-88-4,Hexyl benzoate,2.775,55,,,10.09,,,,,3.739,17.46,11.4,4.17,4.29,33,6.07,,,2.7,10.81,5.2,2.7,55,40.47,55,55,25.15,55,55,55,55,55,1.133,8.588,2.163,0.439,0.2657,0.811,3.304,0.3995,,,,,0.5187,,,26.78,34.89,40.23,2.319,15.93,23.47,22.57,10.51,51.89,11.5,25.15,,,,25.38,32.35,33,55,,,35.47,,,,,,,,15.83,7.18,14.43,8.964,,,,,,,,,,,,,,,,,,0.48,,,0.6856,,0.1732,,,5.78,13.87,,91.25,,,,,6.544,74.35,7.404,,,,,,,,0.9,2.512,33,33,29.99,33.38,25.07,,,12.36,13.89,2.85,17.78,19.75,1.56,1.351,1.35,,,,,,4.774,4.832,5.229,12.1,18.1,1.42,1.29,22,14.66,13.4,7.156,15.72,22,22,22,2.979,9.315,8.729,22,,,,,,,16.2,,,8.27,5.89,,,,5.315,1.35,3.047,15.86,33,,,14.55,19.35,33,22,22,18.8,33.64,21.3,33,33,21.97,33,,,,,,,,,6.44,15.09,16.53,44,12.97,44,44,10.06,,,,,10.63,6.55,7.39,2.34,,9,0.11,1.064,3.422,,0.717,14.83,47.11,37.19,420,26.4,,,,,22.06,26.18,85.3,,,11.67,12.44,12.78,16.86,38.5,22.74,20.04,,1.09,19.32,36.75,,20.34,3.019,5.8,47.23,30.68,2.134,1.874,1.447,1.5,22,0.6332,0.9852,0.6156,0.8273,45.99,23.37,110,6.63,28.1,24.2,44,8,,,,,,,5.2,35.2,42.12,44.4,5.123,3.81,2.5,3.781,,,,2.226,,13.58,44,44,44,23.39,10.6,,14.67,26.52,,,,,,,,,,,,,,18.19,,,10.8,,,,,110,34.75,36.15,55,55,3.715,12.11,55,55,7.976,55,1.517,6.795,14.85,9.122,23.26,26.35,8.203,7.396,9.387,13.75,37.64,40.8,22.51,26.85,0.3068,3.34,35.76,34.68,13.61,7.766,3.7,3.873,13.6,5.5,4.61,2.77,1.97,2.13,1.14,1.369,1.705,1.094,3.266,6.205,2.554,14,19,22.1,26.49,0.21,281.6,18.92,33.91,48.29,281.6,182.2,,,,,,,11.53,27.5,0.71,5.16,3.584,0.2798,9.89,3.247,8.03,,0.3954,4.4,3.563,8.545,,9.52,9.42,0.4538,0.8233,13.2,6.81,55,,55,,5.82,,1.65,0.2459,24.12,0.9563,4.62,3.742,19.9,23.33,20.32,,,,,3.715,31.46,,,,,,,,
111-65-9,octane,,15.11,,0.84,2.707,,312.7,47.69,31.35,2.844,14.88,7.25,33,3.99,0.96,10.7,12.91,9.716,7.122,,,11.59,55,51.6,55,55,55,55,5.814,38.46,55,15.9,5.495,4.951,2.314,33,33,33,22,22,,,,,11.47,,,42.15,44.36,45.4,4.638,21.13,17.73,41.94,9.386,59.53,12.47,19.44,,,,27.38,23.26,33,55,,,35.58,,,,,,,,15.53,38.2,28.49,16.61,,,,,,,,,,,,,,,,,,0.44,,,2.713,,3.023,,,6.84,,,69.78,,,,55,72.83,387.6,51.89,3.92,1.3,2.5,3.63,1.56,3.6,,0.4517,,33,33,110,110,110,,,,,2.85,,,1.287,6.167,8.029,9.807,10.1,1.905,2.475,2.828,13.37,22,22,55,55,9.727,20.2,22,22,22,22,22,22,22,3.34,5.316,4.104,22,22,4.869,11,11,1.47,11,11,3.595,2.98,23.2,2.952,3.958,6.6,,5.722,10.5,9.163,7.046,22.22,5.966,33,9.801,8.401,18.6,33,22,22,16.66,38.25,23.97,33,33,13.36,33,,,,,7,4.6,,,4.846,13.85,15.98,38.47,15.18,44,44,10.83,,,,,10.63,,7.26,2.24,,,0.09,1.484,33.37,,1.183,20.51,77.09,48.83,12.53,26.4,15.28,2.789,10.91,3.943,5.399,3.237,73.14,21.69,31.31,12.31,6.166,5.33,13.32,10.87,10.86,21.62,2.25,3.608,16.49,57.93,0.9722,14.07,4.766,,48.08,35.32,0.7939,0.5499,1.523,0.7864,0.7577,6.627,1.816,1.271,1.594,48.28,33.86,38.42,32.81,,,,81.78,55,18.4,,,,,5.2,35.2,16.37,55,4.558,2.148,2.48,1.485,1.658,22,1.62,13.55,11.17,7.73,44,44,44,16.42,6.167,24.58,,55,,55,,,,,,,18.52,66.54,47.17,12.69,10.85,17.21,,77.92,,,17.96,,36.46,110,55,17.8,55,55,4,13.2,55,55,9.3,55,2,9.34,26.83,8.5,40.4,26.31,7.64,7.139,7.715,12.47,55,55,55,55,0.3203,0.8036,46.29,24.88,26.85,2.939,,3.059,,,,,,,,3.327,7.306,0.9127,11.33,5.14,4.198,,,,24.62,0.64,281.6,5.36,21.17,13.47,27.31,281.6,7.8,,,22.4,20.5,17.5,6.819,,,,7.817,5.061,12.59,2.818,8.8,,1.284,3.695,6.718,4.318,14.68,8.49,55,1.524,1.055,1.182,13.2,55,,55,,6.276,,0.2387,0.3785,55,5.764,4.08,3.978,20.53,24.64,18.22,,,23.93,189.5,3.532,40.99,2.15,2.83,3.45,11,5.68,11,188.7,30.01
123-86-4,"acetic acid, butyl ester / butyl acetate",,12.2,,18.68,19.25,,319.4,37.62,31.74,3.255,22,4.801,3.481,3.602,33,4.56,,,2.7,14.9,1.106,,55,33.9,55,38.08,55,40.75,55,55,55,55,2.029,8.202,1.655,0.4548,0.277,0.8326,3.794,0.5357,,,,,0.6829,,,26.56,41.24,34.51,2.866,14.31,28.18,55,13.31,73.61,13.3,27.12,,,,33,38.07,33,47.55,,,33.02,,,,,,,,16.44,25.95,18.36,10.8,,,,,,,,,,,,,,,,,,0.4615,,,12.9,,1.822,,,5.618,13.13,,82.41,,,,8.197,10.32,102.5,7.599,,,,,,,,0.5405,,33,33,85.04,110,110,,,12.36,13.89,2.654,,,1.107,8.53,1.69,9.807,10.1,,,,4.324,4.388,4.609,7.782,35.69,6.13,0.6594,22,22,22,22,22,22,22,22,2.963,22,22,22,,,,,,,16.2,14.28,75.89,8.27,5.89,,,,33,33,33,33,33,24.53,11.34,9.56,22.32,33,22,22,18.04,26.2,27.04,33,33,14.55,33,,2.47,9,,5.7,5,,,6.44,11.69,16.53,44,11.71,44,44,10.06,,,,,10.63,6.55,7.62,2.605,,,0.11,1.144,4.108,,0.6669,14.83,86.95,,75.93,26.4,16.93,6.662,26.4,7.996,36.7,23.86,84.64,15.75,13.32,12.62,18.12,13.42,30.51,38.5,43.67,19.49,,0.8147,19.4,59.05,,25.93,3.601,3.521,55,44,2.14,1.85,1.44,1.5,22,0.64,3.6,2.59,3.43,53,110,110,9.993,28.1,24.2,44,12.3,55,14.47,,,,,7.195,28.81,16.47,40.51,5.073,3.81,2.5,1.179,,,,3.192,,13.58,44,44,44,23.39,11.2,88.91,,55,,,,,,,,,4,25.57,24.29,22.07,15.43,17.78,,110,,,19.27,,44.93,110,55,55,55,55,4,13.2,55,34.5,9.3,55,2,6.039,11.73,9.678,22.91,26.56,8.613,4.931,7.091,12.21,36.51,37.04,22.43,55,0.3055,4.124,36.15,34.97,13.72,2.012,3.783,4.253,13.6,2.62,4.354,2.733,1.946,1.695,1.075,1.526,3.057,0.9899,11.39,8.682,2.349,10.5,8.6,3.1,13.91,0.21,281.6,18.92,33.91,48.29,281.6,182.2,,,,10.14,11.26,14.07,8.682,27.5,0.71,5.16,3.628,0.2709,,4.066,7.58,3.82,0.391,4.4,3.607,4.497,12.89,8.49,55,0.3835,0.8367,13.2,7.174,55,,55,,5.82,,23.49,0.2379,12.02,0.9454,6.037,3.605,18.44,22.33,18.95,,,,,9.899,40.78,,,,,,,162.5,30.85
142-92-7,"acetic acid, hexyl ester, hexyl acetate, caproyl acetate",,13.03,,1.243,4.085,,313.2,38.13,31.38,3.35,18.47,5.153,2.399,3.663,5.391,4.316,16.3,13.1,3.832,14.9,1.562,11.68,55,33.06,55,36.88,55,39.75,55,55,55,55,1.788,8.17,1.607,0.4416,0.2675,0.8135,3.674,0.5003,,,,,0.6406,,,24.5,32.56,39.2,2.701,15.26,25.4,27.33,13.17,56.46,12.99,26.02,,,,33,29.66,33,55,,,32.58,,,,,,,,16.06,44,61.89,28.26,,,,,,,,,,,,,,,,,,0.4406,,,1.048,,0.2443,,,5.626,11.97,,75.41,,,,8.975,5.447,76.34,7.603,,,,,,,,0.5121,,33,33,110,110,110,,,12.36,13.89,2.82,,,0.9834,3.097,2.034,9.807,10.1,2.88,3.07,3.53,4.524,4.76,5.022,8.606,38.51,6.75,0.7534,22,22,22,22,22,22,22,22,3.025,22,22,22,3.782,7.523,3.763,0.7009,5.225,10.48,6.106,2.805,23.94,3.711,4.058,5.355,,5.746,14.83,33,33,33,33,23.52,9.742,8.433,21.16,33,22,22,17.52,39.4,26.25,33,33,13.01,33,,2.47,,,5.558,4.664,,,5.097,12.4,15.09,39.41,12.08,44,44,9.217,,,,,10.63,6.55,7.384,2.333,,,0.09845,1.152,8.75,,0.663,14.02,75.49,,21.2,26.4,15.6,2.604,10.26,3.726,27.5,81.58,95.09,19.74,14.09,12.07,17.62,9.281,25.4,38.5,35.44,19.84,2.25,0.86,18.01,55.53,1.26,16.33,3.22,3.228,46.06,35.93,1.443,1.187,1.278,1.233,3.184,0.414,1.412,0.8202,1.223,53,40.32,44.69,10.38,28.1,24.2,44,11.01,55,10.76,,,,,5.478,29.35,16.08,41.72,5.116,3.81,2.5,0.6323,1.658,22,1.62,3.72,,9.444,44,44,44,18.1,7.335,31.73,,55,,55,,,,,,,6.059,25.57,24.29,22.07,12.69,17.31,,110,,,18.81,,28.21,110,20.69,18.54,28.5,55,3.567,10.98,55,37.48,8.366,55,1.491,6.299,13.88,7.449,25.71,26.05,6.763,5.151,6.655,12.09,37.9,55,22,55,0.3068,35.2,34.86,28.73,12.16,1.89,3.886,3.557,13.6,2.351,4.353,2.737,1.949,1.7,1.082,1.222,2.198,0.5751,10.44,8.455,2.38,9.101,8.6,3.1,29.27,0.21,281.6,18.92,33.91,48.29,281.6,182.2,,,,10.6,11.91,14.54,8.026,27.5,0.71,5.16,3.585,0.2797,12.59,4.057,7.417,3.82,0.3953,4.4,3.563,3.589,12.89,8.49,55,0.386,0.8432,13.2,6.959,55,,55,,5.82,,2.578,0.2458,11.08,0.9561,23.74,10.42,23.09,25.51,31.31,,,23.93,189.5,3.163,40.08,,,,,,,169.8,28.72
112-72-1,1-tetradecanol / 14:OH,,12.67,,0.84,2.498,,312.7,47.69,31.35,2.489,22,7.25,33,3.99,0.96,10.7,12.82,10.07,8.175,,,11.34,55,51.6,55,55,55,55,6.508,55,55,22.14,1.384,33,1.3,33,33,33,22,22,,,,,11.47,,,55,35.78,55,5.645,16.27,17.62,43.86,9.358,59.53,12.57,19.53,,,,29.16,18.94,33,55,,,35.53,,,,,,,,15.55,44,3.58,1.62,,,,,,,,,,,,,,,,,,0.44,,,1.224,,0.6875,,,6.113,,,69.78,,,,55,11.76,282.8,26.43,3.92,1.3,2.5,3.63,1.56,3.6,,0.5,,33,33,56.29,110,110,,,24.6,,2.85,,,1.98,6.202,8.008,9.807,10.1,1.868,2.45,2.798,7.742,9.049,22,12.59,55,11.3,27.31,22,22,22,22,22,22,22,3.34,4.443,4.104,22,22,5.23,11,11,1.98,11,11,3.335,2.05,22.32,2.28,2.86,6.6,,5.988,7.793,7.274,6.368,23.03,9.892,6.908,10.98,14.14,24.63,33,22,22,18.99,43.92,22.83,33,33,17.89,33,,,,,7,4.6,,,6.219,16.22,19.97,40.8,16.74,44,44,14.79,,,,,10.63,3.95,5.882,2.303,,,0.104,1.472,42.61,,1.21,20.73,75.37,48.83,10.57,26.4,15.39,2.8,10.95,3.966,5.465,0.8766,68.9,12.61,32.13,38.5,4.533,5.134,8.521,38.5,17.68,38.5,1.885,3.156,16.38,71.06,1.003,14.27,5.1,,47.14,34.15,0.7926,0.5206,1.368,0.9,1.11,22,1.567,0.9694,1.366,47.83,34.17,38.08,35.31,,,,73.97,55,8.565,,,,,5.2,35.2,20.88,55,4.328,3.81,2.5,1.3,1.61,22,1.54,22,11.17,7.73,44,44,44,16.42,5.15,14.74,,55,,55,,,,,,,18.52,66.54,47.17,12.69,11.05,17.03,,69.21,,,17.44,,30.27,110,55,14.19,20.68,55,4,13.2,55,55,9.3,55,2,9.547,26.83,8.5,40.4,26.31,7.64,7.139,7.271,12.33,55,55,55,55,0.3188,0.3962,46.33,17.09,22.49,2.995,,3.097,,,,13.88,,,,1.9,3.536,0.9267,10.03,5.14,3.69,,,,23.46,,,,,,,,7.8,,,11.59,11.34,16.03,6.734,,,,3.796,0.2715,12.59,2.759,8.8,16.39,0.8063,2.227,4.463,3.887,12.89,8.49,55,0.6268,0.967,1.031,8.78,55,,55,,4.57,,0.2045,0.1203,55,0.8362,3.924,3.686,20.92,26.53,15.26,,,23.93,189.5,3.532,40.4,,,,11,5.68,11,181.9,28.26
544-76-3,hexadecane,,15.11,,0.84,2.707,,312.7,47.69,31.35,2.844,14.88,7.25,33,3.99,0.96,10.7,12.91,9.716,7.122,,,11.59,55,51.6,55,55,55,55,5.814,38.46,55,15.9,5.495,4.951,2.314,33,33,33,22,22,,,,,22,,,39.14,40.12,41.7,4.638,21.13,17.73,37.28,9.386,59.53,12.47,19.44,,,,27.38,23.26,33,55,,,35.58,,,,,,,,15.53,44,77,44,,,,,,,,,,,,,,,,,,0.44,,,2.713,,3.023,,,6.354,,,69.78,,,,55,14.81,421.9,64.35,3.92,1.3,2.5,3.63,1.56,3.6,,0.4517,,33,33,110,110,110,,,,,2.85,,,1.287,6.167,8.029,11.84,9.86,1.905,2.475,2.828,22,22,22,21,55,25.8,55,22,22,22,22,22,22,22,3.34,5.316,4.104,22,22,4.869,11,11,1.47,11,11,3.595,2.98,23.2,2.952,3.958,6.6,,5.722,10.5,9.163,7.046,22.22,5.966,33,9.801,8.401,18.6,33,22,22,16.66,38.25,23.97,33,33,13.36,33,,,,,7,4.6,,,4.846,13.85,15.98,38.47,15.18,44,44,10.83,,,,,10.63,,7.26,2.24,,,0.09,1.484,33.37,,1.183,20.51,77.09,48.83,12.53,26.4,15.28,2.789,10.91,3.943,5.399,3.237,73.14,21.69,31.31,12.31,6.166,5.33,13.32,10.87,10.86,21.62,2.25,3.608,16.49,57.93,0.9722,88.3,4.766,,48.08,35.32,0.7939,0.5499,1.523,0.7864,0.7577,6.627,1.816,1.271,1.594,48.28,33.86,38.42,32.81,,,,81.78,55,12.44,,,,,5.2,35.2,16.37,55,4.558,2.148,2.48,1.485,1.658,22,1.62,13.55,11.17,7.73,44,44,44,16.42,6.167,24.58,,55,,55,,,,,,,18.52,66.54,47.17,12.69,10.85,17.21,,77.92,,,16.58,,36.46,110,16.59,21.08,55,55,4,13.2,55,55,9.3,55,2,23.06,26.83,8.5,40.4,26.31,7.64,26.3,45.31,15.87,55,55,55,55,0.3203,0.8036,46.29,24.88,26.85,2.939,,3.059,,,,,,,,3.327,7.306,0.9127,11.33,5.14,6.75,,,,32.45,0.64,281.6,5.36,21.17,13.47,27.31,281.6,7.8,,,12.06,10.77,17.5,9.68,,,,7.817,5.061,12.59,2.818,8.8,,1.284,3.695,6.718,4.318,12.89,8.49,55,1.524,1.055,1.182,13.2,55,,55,,6.276,,0.2387,0.3785,55,5.764,4.08,3.978,20.53,24.64,18.22,,,23.93,189.5,3.532,40.99,2.15,2.83,3.45,11,5.68,11,188.7,30.01
60-33-3,"(9Z,12Z)-9,12-octadecadienoic acid / Z9,Z12-18:Ald / linoleic acid",,9.693,,0.84,0.9211,,312.7,47.69,31.35,4.325,10.3,5.015,2.679,1.481,0.6139,2.562,12.36,9.375,4.604,7.3,5.2,12.17,55,51.6,55,55,55,55,3.8,55,55,55,0.6,3.523,1.333,2.18,1.71,1.581,4.896,0.9185,,,,,1.131,,,28.65,31.96,30.37,7.118,15.84,14.97,31.18,8.661,58.59,10.88,21.05,,,,25.63,27.27,33,55,,,34.82,,,,,,,,15.61,18.96,8.337,5.222,,,,,,,,,,,,,,,,,,0.5835,,,0.5,,0.13,,,5.743,,,69.78,,,,,4.599,63.77,7.61,3.92,1.3,2.5,3.63,1.56,3.6,,0.6896,2.88,33,33,5.78,110,43.48,,,,,2.849,,,0.9127,1.196,1.541,9.807,10.1,1.419,2.122,2.414,4.265,4.156,2.631,10.88,37.96,6.711,0.2723,15.93,22,22,22,1.994,22,3.128,1.934,3.621,2.69,0.8358,10.17,3.186,6.332,2.221,0.4739,2.7,10.54,4.917,1.513,8.445,0.5931,0.6365,6.6,,5.8,1.366,8.881,3.041,10.28,0.8792,33,7.805,33,17.67,33,22,8.71,22,55,33,33,33,33,33,,,,,7,4.6,,,4.869,13.44,14.6,39.08,11.89,44,44,8.737,,,,,10.63,3.82,6.212,1.993,,,0.08176,1.338,27.39,,0.7815,27.53,72.83,48.83,18.77,26.4,14.47,2.289,9.223,3.275,5.489,15.38,88.68,9.368,14.69,17.23,3.645,14.09,5.667,7.516,12.22,10.92,1.674,1.096,17.92,63.15,0.9575,13.21,5.022,2.581,45.86,35.97,0.8009,0.5641,1.472,0.6413,0.4806,0.9849,0.89,0.55,0.74,47.52,42.64,46.98,14.22,28.1,24.2,44,23.37,55,16.85,,,,,5.2,35.2,39.61,43.34,5.145,3.81,2.5,1.962,1.658,22,1.62,14.48,,8.957,44,44,44,17.49,9.1,6.383,,55,,55,,,,,,,5.551,66.54,47.17,12.69,10.73,17.28,,110,,,18.11,,65.39,110,26.24,25.75,34.35,55,4,13.2,55,55,9.3,55,2,6.094,26.83,8.5,40.4,26.31,7.64,7.727,7.847,12,11.98,29.75,7.122,55,0.3124,0.1711,45.92,24.63,26.16,3,,3.3,,,4.355,2.453,1.944,1.692,1.07,1.29,2.378,0.7799,6.269,5.038,2.23,9.9,8.6,3.1,20.32,0.2119,281.6,5.307,21.09,13.33,26.81,182.8,7.8,,,10.76,10.62,17.5,6.206,27.5,0.71,5.16,4.63,1.32,,2.253,7.521,3.865,1.1,2.61,10.97,2.994,12.89,8.49,55,0.8462,0.8629,0.9022,6.775,55,,55,,3.821,,0.59,0.48,18.63,0.82,10.3,6.993,15.87,24.13,28.66,,,23.93,189.5,3.41,39.61,2.15,2.83,3.45,11,5.68,11,159.7,32.2
105-87-3,"acetic acid, (E)-3,7-dimethyl-2,6-octadien-1-ol ester  / geranyl acetate",,5.792,,1.922,3.654,,174.3,5.5,20.69,5.091,22,,,,,,,,9.2,,1.8,,55,55,30.37,38.34,55,33.94,0.3,3.4,55,1.1,55,9.267,4.254,0.4676,0.2867,0.8227,7.382,1.596,,,,,1.76,,,16.49,23.47,21.07,0.9444,13.42,15.44,23.51,21.53,,22,15.46,26.3,9.5,39.1,12.11,19.43,20.78,10.69,9.95,13.94,,,,,,,,,19.35,30.54,6.531,2.201,,,,,,,,,,,,,,,,,,0.58,,,,,,,,3.845,,,,,,,10.02,1.665,61.89,11.54,2.73,1.54,1.91,,1.67,,,1.577,,,,55.73,110,110,,,,,2.56,,123,,8.53,,,,,,,3.052,4.452,3.886,11.91,46.71,7.403,1.564,22,22,22,22,22,22,22,22,3.266,11.87,10.98,22,11,11,11,4.273,11,11,,0.35,1.64,1.618,3.915,,,,3.091,4.553,2.09,3.71,13.94,24.61,14.51,17.38,14.67,20.2,4.442,2.998,17.78,13.58,33,33,24.97,23.67,27.94,,2.47,9,,5.7,5,6.96,110,7.09,14,43.1,23.06,17.45,44,44,8.82,14.21,44.92,38.93,29.37,10.63,6.55,7.635,2.624,,,0.11,1.18,55,10.88,0.6795,,10.54,,75.61,26.4,,,,,11.03,14.4,83.18,,,15.3,3.552,13.42,14.58,11.59,19.09,26.52,,0.9224,19.46,,,11.6,,4.703,55,49.7,2.14,1.85,1.44,1.5,22,0.64,8.383,4.583,7.847,46.2,24.33,28.09,17.99,44,21.8,44,40.63,55,23.5,,,,,3.063,30.64,23.28,46.27,5.899,,,22,,,,22,,13.58,44,44,44,23.39,13.6,88.91,75.93,55,31.9,55,45.23,55,7.77,12.37,15.56,,5.367,25.57,24.29,22.07,16.2,20.31,,110,4.3,110,8.045,,25.57,110,4.455,0.8427,8.697,55,3.489,18.16,55,40.47,2.092,55,5.885,7.289,,,,,,10.68,7.003,10.67,18.75,20.77,6.516,55,0.4766,2.182,36.15,34.97,13.72,3.5,,9.2,,8.6,4.329,2.85,2.022,1.856,1.291,4.018,44,32.57,41.24,8.317,9.98,33.1,34.5,,13.97,0.21,281.6,18.92,33.91,48.29,281.6,182.2,11.2,8.9,6.4,9.985,9.494,2.287,8.197,27.5,0.71,5.16,11.03,0.7898,10.47,,7.595,8.16,3.027,12.67,14.87,55,13.46,10.4,55,1.211,0.7116,13.2,6.262,8.65,,10.7,,12.17,,24.11,0.5055,55,1.117,10.18,7.18,18.68,31.36,14.32,,,,,4.454,37.58,,,,,,,42.25,98.17
16725-53-4,(Z)-9-Tetradecenyl acetate / Z9-14:Ac,,11.24,,0.5779,1.306,,320,37.58,31.77,3.405,18.56,5.162,2.506,3.669,3.142,4.466,12.34,9.367,4.633,11.6,1.453,14.3,55,43.85,55,31.85,55,55,1.989,55,55,21.2,1.611,9.8,2.1,0.63,0.21,3.91,4.4,0.83,,,,,1.1,,,13.68,23.02,21.82,2.533,17.18,25.58,27.18,13.81,60.07,13.38,27.01,,,,33,34.68,33,45.06,,,34.37,,,,,,,,16.25,15.48,14.9,9.61,,,,,,,,,,,,,,,,,,0.4371,,,0.2978,,0.08113,,,5.78,13.36,,74.62,,,,10.83,9.903,106.8,27.31,3.92,1.3,2.5,3.63,1.56,3.6,,0.546,,33,33,28.49,110,71.87,,,12.36,13.89,2.704,,,0.9972,1.661,0.9804,,,1.56,2.23,2.54,3.286,3.685,2.657,9.696,36.44,5.839,0.5009,22,22,22,22,15.36,22,22,22,3.658,8.8,8.212,22,3.168,6.3,2.188,0.4665,2.668,10.55,7.152,1.494,8.352,0.4098,0.4629,6.6,,5.8,2.83,8.57,4.49,15.53,3.021,25.94,7.787,21.65,13.37,11.68,0.8564,0.888,22,37.41,33,33,33,33,33,,2.47,9,,5.515,4.696,,,4.156,13.35,16.43,36.31,13.85,44,44,10.27,,,,,10.63,4.45,6.957,2.317,,,0.08974,1.286,6.029,,0.74,15.95,72.83,48.83,66.31,26.4,,,,,7.608,13.01,78.74,8.839,12.11,10.26,2.912,12.91,9.219,11.62,15.64,18.92,1.73,0.8158,18.77,63.15,0.926,15.66,2.978,3.353,47.27,36.73,1.192,0.9884,1.205,0.915,2.308,0.5667,0.7036,0.2969,0.6104,48.93,110,110,14.49,28.1,24.2,44,19.79,34.13,12.16,,,,,9.482,28.53,17.89,42.34,7.2,3.81,2.5,7.473,,,,5.018,,13.58,44,44,44,23.39,10.7,9.995,,55,,55,,,,,,,3.048,22.51,22.23,14.06,12.22,17.33,,110,,,25.14,,65.83,110,20.1,17.62,24.26,55,4.376,15.26,55,33.17,10.11,55,2.518,6.462,13.27,7.827,24.93,26.15,7.08,5.536,9.439,12.04,41.63,32.76,19.63,55,0.26,0.6,37.12,28.43,14.69,2.13,3.75,4.229,13.6,2.812,4.362,2.444,1.928,1.664,1.028,1.538,3.444,2.794,12.61,6.153,2.092,9.301,8.6,3.1,16.05,0.168,281.6,8.877,25.56,22.45,69.45,167,7.8,,,10.71,11.32,14.04,8.417,27.5,0.71,5.16,4.4,0.17,,4.803,7.364,3.82,0.47,4.4,4.4,7.853,,8.49,55,0.5,1.34,13.2,13.2,55,,55,,6.256,,0.2759,0.16,10.6,0.61,9.97,3.738,18.27,22.64,17.8,,,23.93,189.5,2.814,41.36,2.15,2.83,3.45,11,5.68,11,,
110-93-0,6-methyl-5-hepten-2-one,,6.854,,1.933,5.187,,187,8.113,21.87,4.812,22,33,33,33,6.37,33,5.3,11.5,8.834,,1.472,15.1,55,55,24.44,55,55,33.78,0.2394,2.489,25.43,1.227,7.933,20.1,20.1,,,,22,22,,,,,9.79,,,55,55,55,12.96,33,33,55,,,,17.5,26.3,9.5,39.1,7.72,20,33,55,10,13.81,55.13,,,,,,,,19.35,34.63,6.103,2.05,,,,,,,,,,,,,,,,,,0.3887,,,,,,,,4.268,,,,,,,,1.671,41.45,7.049,2.632,1.531,1.869,,1.514,,,1.66,,33,33,110,110,110,,,29.77,,1.171,,123,0.9457,5.485,8.5,,,,,,3.56,4.263,7.167,5.523,37.79,6.466,6.333,22,22,22,22,22,22,22,22,3.782,22,22,22,11,11,11,2.017,11,11,,0.236,1.187,1.464,3.291,,,,10.77,33,33,33,33,15.72,17.78,15.75,15.26,20.2,4.742,2.938,18.11,13.79,33,33,25.28,24.36,28.34,,,3.107,,,,6.96,110,4,7.08,43.1,23.06,17.45,44,44,8.82,14.21,44.92,38.93,29.37,,,,,,,,,55,10.88,,,22.16,,,17.58,,,,,12.44,44.06,69.43,32.27,32.55,9.144,11.06,10.89,16.79,38.5,,25.75,,11.77,,63.15,,15.19,7.3,5.044,55,26.49,,,,,,,22,4.64,22,45.63,110,56.91,110,44,21.8,44,68.67,55,23.5,,,,,3.077,21.12,55,55,86.5,,,1.887,,,,10.07,11,,,,,,16.5,,75.93,55,31.9,55,45.23,55,7.77,12.37,15.56,,9.935,,,,12.08,26.79,23.97,110,4.3,110,9.855,,25.57,110,6.861,0.9752,14.41,55,3.853,17.85,55,48.01,2.587,55,6.731,6.253,,,,,,8.253,6.16,10.46,15.73,22.34,5.568,55,0.6898,2.133,40.3,30.23,26.75,2.185,,5.847,,6.204,,,,,,15.23,2.826,1.115,6.99,13.8,33.93,33.1,34.5,,16.11,,,,,,,,11.2,8.9,6.4,9.7,8.6,1.617,8.673,,,,16.39,2.165,10.47,5.77,8.27,23.62,6.343,36.21,44,4.903,13.46,8.464,55,6.465,,,,8.65,,10.7,,12.17,,25.21,0.9354,55,1.774,14.11,10.25,37.67,32.61,,,,,,5.55,37.58,,,,,,,42.25,98.17
591-78-6,2-hexanone,,11.87,,0.84,7.557,,312.7,47.69,31.35,3.849,22,,,,,,,,10.7,,,11.8,55,31.69,55,55,55,34.25,55,55,55,55,1.399,8.785,1.663,33,33,33,22,22,,,,,22,,,19.51,20.41,22.46,16.11,13.2,16.94,25.71,10.56,72.01,11.86,23.88,,,,33,20.63,33,55,,,55.13,,,,,,,,16.1,14.32,20.7,11.68,,,,,,,,,,,,,,,,,,0.3903,,,0.5423,,0.1512,,,5.757,,,91.25,,,,9.557,3.148,51.14,3.29,3.92,1.3,2.5,3.63,1.56,3.6,,0.525,,33,33,49.82,110,110,,,,,2.625,,,8.81,5.64,8.297,9.807,10.1,2.88,3.07,3.53,8.02,9.935,22,6.357,30.7,5.037,30.39,22,22,22,22,22,22,22,22,2.049,22,22,22,5.064,11,11,1.974,11,11,4.464,2.578,24.29,2.851,3.242,,,,6.812,7.426,7.674,33,33,24.53,11.34,7.686,20.35,33,14.05,22,17.13,15,21.93,33,33,11.99,33,,,,,,,,,6.279,12.44,15.18,44,11.34,44,44,8.617,,,,,10.63,6.55,7.626,2.613,,,0.09,1.091,55,,0.7252,,86.85,48.83,13.08,26.4,15.37,3.078,11.98,4.315,30.11,5.998,75.43,17.12,31.02,11.84,16.13,8.314,23.11,38.5,33.5,16.67,2.25,4.034,16.42,56.01,,13.73,5.205,,55,35.8,2.14,1.85,1.44,0.7864,0.7577,6.627,1.441,1.005,1.27,53,48.07,45.36,38.84,,,,69.75,55,14.97,,,,,5.2,35.2,20.55,44.58,4.997,3.81,2.5,1.228,1.658,22,1.62,6.917,,7.73,44,44,44,16.42,5.93,58.11,,55,,,,,,,,,16.43,,,,26.91,18.58,,110,,,25.14,,44.85,110,55,55,55,55,4,13.2,55,55,9.3,55,2,5.181,12.17,8.935,23.5,26.41,8,5.28,5.025,12.11,15.22,19.92,6.161,55,0.3055,6.066,36.39,25.56,13.35,2.5,,3.046,,6.14,,,,,,1.502,1.256,0.651,9.543,9.21,3.215,,,,19.57,0.21,281.6,18.92,33.91,48.29,281.6,182.2,,,,10.96,10.32,17.5,7.201,27.5,0.71,5.16,12.94,6.468,,3.364,,,0.9721,3.013,11.26,2.738,12.89,8.49,55,1.459,0.6578,4.392,7.152,14.65,,17.06,,4.86,,5.228,0.97,55,2.333,14.11,10.25,37.67,32.61,19.84,,,,,4.469,38.08,,,,,,,158.9,32.63
111-70-6,1-heptanol,,12.67,,0.84,2.498,,312.7,47.69,31.35,2.489,22,7.25,33,3.99,0.96,10.7,12.82,10.07,8.175,,,11.34,55,51.6,55,55,55,55,6.508,55,55,22.14,1.384,11.49,1.307,33,33,33,22,22,,,,,11.47,,,49.3,39.49,49.11,5.645,16.27,17.62,55,9.358,59.53,12.57,19.53,,,,29.16,18.94,33,55,,,35.53,,,,,,,,15.55,14.04,3.838,1.874,,,,,,,,,,,,,,,,,,0.44,,,1.224,,0.6875,,,6.113,,,69.78,,,,55,11.76,282.8,26.43,3.92,1.3,2.5,3.63,1.56,3.6,,0.4517,,33,33,110,110,110,,,24.6,,2.85,,,1.98,6.202,8.008,9.807,10.1,1.868,2.45,2.798,22,9.15,22,20.6,55,25.8,55,22,22,22,22,22,22,22,3.34,4.443,4.104,22,22,4.41,11,11,1.435,11,11,3.335,2.96,24.36,1.98,2.4,6.6,,5.988,7.793,7.274,6.368,23.03,9.892,6.908,10.98,14.14,24.63,33,22,22,18.99,43.92,22.83,33,33,17.89,33,,,,,7,4.6,,,6.219,16.22,19.97,40.8,16.74,44,44,14.79,,,,,10.63,3.95,5.882,2.303,,,0.104,1.472,42.61,,1.21,20.73,75.37,48.83,10.57,6.2,26.4,6.02,9.01,9.68,5.465,0.8766,81.61,12.61,32.13,12.31,4.533,5.134,8.521,10.87,17.68,21.62,1.885,10,21.67,71.06,1.003,18.1,4.766,,47.14,34.15,0.7926,0.5206,1.368,0.7864,0.7577,6.627,1.567,0.9694,1.366,47.83,34.17,38.08,110,,,,110,55,15.4,,,,,5.2,35.2,20.88,55,4.328,3.81,2.5,1.485,1.658,22,1.62,13.55,11.17,7.73,44,44,44,16.42,6.2,58.11,,55,,55,,,,,,,18.52,66.54,47.17,12.69,11.05,17.03,,69.21,,,17.44,,30.27,110,55,55,55,55,4,13.2,55,55,9.3,55,2,9.547,26.83,8.5,40.4,26.31,7.64,7.139,7.271,12.33,55,55,55,55,0.3188,0.3962,46.33,17.09,22.49,2.995,,3.097,,,,13.88,,,,1.9,3.536,0.9267,10.03,5.14,3.69,,,,23.46,,,,,,,,7.8,,,11.59,11.34,16.03,6.734,,,,3.796,0.2715,12.59,2.759,8.8,16.39,0.8063,2.227,4.463,3.887,12.89,8.49,55,0.6268,0.967,1.031,8.78,55,,55,,4.57,,0.2045,0.1203,55,0.8362,3.924,3.686,20.92,26.53,15.26,,,23.93,189.5,4.87,40.4,,,,11,5.68,11,181.9,28.26
127-41-3,ionone (alpha),,,14.69,1.54,7.33,23.07,7.76,4.12,10.2,3.79,11.86,15.3,18.2,5.52,3.5,33,,,,,,,55,19,22.1,55,55,55,0.3,1.4,9.5,1,7.2,,,,,,,,,,,,,,,55,55,55,6.47,18.02,6.63,1.88,,,,17.7,,,,15.29,23.8,33,19.5,7.09,8.47,,4.7,7.61,5.8,6.56,11.63,8.11,18.03,7.34,,,,,,,,,,,,,,,,,,,,,,,,,,,,,,30.06,,15.37,,,,,,,,,,,,,,,,,,,32.1,110,110,28.67,14.86,,,,,,,1.1,1.9,,,,,,7.67,22,22,13.2,28.9,5.32,7.13,22,22,22,22,10.21,22,13.6,22,22,14.22,6.409,11.02,,,,,,,,,,6.22,6.79,,,,,,,,,12.93,33,17.14,11.49,24.84,15.02,5.06,10.21,4.9,13.32,33,16.53,13.69,9.26,,,,,,,,,,,,,,,,,,,,,,,,,,2.1,,,12.59,,,7.92,,,,,,,,,,,49.36,,,,,,,,,,,6.66,20.15,,,,,,12.9,12.3,,,,,,,,,,21.4,10.53,11.45,8.31,35.6,9.7,44,10.41,,,,,,,,,,,,,,,,,,,11.22,,,,,,4.7,10.89,9.2,26.92,,,,,,,,0.26,14.3,,,,18.75,,25.12,40.69,10.6,51.28,4.37,110,5.79,15.51,3.43,2.47,7.14,,,,,,,,,5.06,,,,,,,,,21.5,22.2,6.1,24.16,,,,,,,,,,,,,,,,3.203,14.44,12.17,8.666,,,24.8,20.7,,,,,,,,,,,,,,,,,,,,13.81,11.58,14.25,,16.79,,4.35,11.01,9.66,4.67,14.75,6.57,20.29,,,,,11.44,,5.07,,4.93,,,,55,,,,,,,,,,,,,,,,,,,,
99-83-2,alpha-phellandrene / Phellandrene,,19.41,,,,,,,,,22,,,,,,,,,,,,,,,,,,,,,,,,,,,,,,,,,,,,,55,55,55,33,33,12.99,55,,56.68,,,,,,11.49,,20.07,20.29,,,,,,,,,,,,,,,,,,,,,,,,,,,,,,,,,,,,,,,,,,,,,,,,52.11,458.7,71.07,,,,,,,,,,,,,,,,,,,,,,,,,,,,,,,,,,,,,,,,,,22,22,22,,22,22,22,,,,,,,,,,,,,,,,,,,,,,33,33,33,22,22,22,,33,33,33,33,33,,,,,,,5.66,47.66,,,,,,,,,,,,,,,,,,,,,,,,,,,,,,,,,,,,,,,,,,,,,,,,,,18.44,,,,,,,,,,,,,,,110,110,,,,,,,,,,,,,,17.65,55,,,,,,,,,,,,,,,,,,55,,,,,,,,,,,,,,,,,,,,,,,,,,,,,,,,,,,,,,,,13.66,,,,,,55,,8.33,,,,,,,,,,,,,,,,,59.1,110.6,,,,,,,,,,,,,,,,,,,,,,,,,,,,,,,,,,,55,,,,,,,,,,,,,55,,,,,,,,,,,,,,,,,,,,
19902-08-0,(1R)-(+)-beta-pinene,,18.78,,,,,,,,,22,,,,,,,,,,,,,,,,,,,,,,,,,,,,22,22,,,,,6.45,,,7.496,11.51,12.72,33,25.74,18.67,35.71,,,,,,,,26.62,14.07,33,14.86,,,,,,,,,,,,44,77,18.74,,,,,,,,,,,,,,,,,,,,,,,,,,,,,,,,,40.49,45.06,91.76,176.7,,,,,,,,,,,,110,110,110,,,,,,,,,,,,,,,,11.95,7.18,22,7.1,55,9.38,27.72,22,22,22,22,22,22,22,22,22,22,22,22,11,11,11,11,11,11,,4.146,12.05,11.5,8.917,,,,,,,,,15.2,33,,,,,,,55,,,,,,,,,,5.8,3.7,3.8,81.39,5.05,5.28,,,,,,,20.36,37.88,34.28,25.82,,,,,,,,,,,,,,,,26.4,,,,,14.85,42.64,122.1,,,11.91,12.18,,38.9,38.5,6.26,38.5,,2.02,,,,91.28,,,55,30.9,,,,,,,,,,,69.11,110,,,,,,,,,,,,16.8,35.2,22.41,55,,,,,,,,,,,,,,,13.5,27.38,,55,22.28,18.77,4.24,15.91,21.04,25.77,32.82,,10.79,,,,14.67,,,,21.15,,14.72,,30.29,,55,8.47,55,55,8.417,12.53,55,55,21.61,55,21.44,5.78,,,,,,4.62,,,31.1,55,11.5,55,35.2,27.06,,,,,,,,,,,,,,3.53,,,15.75,471.6,6.7,,,,26.6,,,,,,,,,9.7,16.5,,,,33.15,,,,,,,,,,,,,2.8,,,55,,,,,,,,,,,,,,,6.44,6.17,,,,14.86,12.82,,,,,,,,,,,9.71,74.96
57-10-3,hexadecanoic acid  / palmitic acid,,12.25,,0.84,2.616,,312.7,47.69,31.35,3.781,22,4.97,2.469,1.512,0.7871,2.547,12.78,10.04,4.287,7.3,1.753,11.66,55,30.88,55,55,55,31.85,55,55,55,55,1,6.924,1.264,33,33,33,22,22,,,,,12.39,,,43.23,41.82,36.91,3.435,12.84,21.66,44.46,9.376,60.99,11.45,21.38,,,,33,21.74,33,55,,,32.85,,,,,,,,15.76,13.7,57.29,26.47,,,,,,,,,,,,,,,,,,0.4968,,,0.2711,,0.04163,,,5.809,12.7,,69.66,,,,55,4.403,67.68,6.233,3.92,1.3,2.5,3.63,1.56,3.6,,0.7002,2.88,33,33,18.02,110,70.5,,,,,2.85,,,0.9143,3.29,3.258,9.807,10.1,2.88,3.07,3.53,6.627,11.14,22,8.255,37.3,6.485,25.7,15.53,22,22,22,2.035,22,3.007,1.969,2.839,2.885,0.8976,10.81,4.938,11,11,1.479,11,11,4.671,3.017,23.14,8.27,5.89,6.6,,5.665,2.647,1.17,2.995,10.9,5.313,33,9.279,33,33,33,22,22,22,55,15.29,33,33,33,33,,,,,7,4.6,,,5.439,13.29,14.68,40.97,11.3,44,44,8.455,,,,,10.63,,7.26,2.24,,,0.0882,1.303,55,,0.7472,27.64,73.46,48.83,13.09,26.4,15.29,2.81,10.99,3.971,6.933,6.509,73.66,21.34,31.2,19.96,7.389,5.643,15.22,12.83,34.05,15.93,2.25,3.608,16.5,55.38,1.26,11.95,3.97,2.63,48.05,34.64,0.922,0.6538,1.331,0.7864,0.7577,6.627,3.6,2.59,3.43,48.6,40.82,49.23,34.03,28.1,24.2,44,78.95,55,10.9,,,,,5.2,35.2,23.01,41.96,4.846,3.81,2.5,22,1.658,22,1.62,22,11.17,7.73,44,44,44,16.42,6.385,23.6,,55,,55,,,,,,,18.45,66.54,47.17,12.69,11.06,22.2,,110,,,18.64,,29.91,110,29.4,17.19,55,55,4,13.2,55,55,9.3,55,2,5.689,13.49,7.672,25.22,26.11,6.95,4.901,6.067,12.08,22.1,55,7.2,55,0.3147,1.32,43.55,28.42,23.72,2.956,,2.695,,,,,,,,1.26,1.717,0.5288,9.49,9.21,3.594,9.211,8.6,3.1,22.14,0.21,281.6,18.92,33.91,48.29,281.6,182.2,7.8,,,11.65,10.77,17.5,6.713,,,,22,22,12.59,2.059,8.8,,1.74,8.73,22,2.791,12.89,8.49,55,1.749,0.7815,1.824,7.304,55,,55,,5.82,,0.4745,0.5427,55,9.76,8.257,5.525,16.27,27.36,22.39,,,23.93,189.5,24.15,40.78,,,,11,5.68,11,162.4,30.91
106-30-9,heptanoic acid / ethyl ester / Ethyl heptanoate,,12.17,,0.84,1.845,,312.7,47.69,31.35,3.326,17.68,4.828,2.358,1.724,1.38,2.819,0.06308,13.1,4.41,7.3,2.169,11.68,55,29.96,55,55,41.84,31.26,55,55,55,55,1.955,33,33,33,33,33,22,22,,,,,22,,,43.16,38.29,35.26,2.249,14.45,22.92,55,9.22,71.92,10.98,18.6,,,,33,35.77,33,55,,,30.64,,,,,,,,15.87,10.15,14.08,8.822,,,,,,,,,,,,,,,,,,0.3682,,,0.3613,,0.07104,,,5.624,12.18,,72.33,,,,6.895,4.43,63.66,6.368,,,,,,,,0.4485,2.88,33,33,47.09,110,110,,,12.36,13.89,2.645,,,0.9156,2.586,2.437,9.807,10.1,2.88,3.07,3.53,6.683,11.07,22,8.123,36.85,6.387,25.95,16.58,22,22,22,2.446,22,4.138,2.435,2.669,4.356,0.9795,12.48,4.608,11,11,1.503,11,11,7.145,2.809,23.95,3.996,4.087,6.6,,5.8,5.643,1.074,3.099,15.16,33,23.84,10.24,8.834,21.54,33,10.22,22,17.7,43.92,19.24,33,33,13.51,33,,,,,7,4.6,,,5.576,11.36,15.09,40.77,10.64,44,44,8.758,,,,,10.63,,7.26,2.24,,,0.08779,1.05,14.16,,0.7868,14.94,73.07,,13.26,26.4,15.6,2.604,10.26,3.726,34.37,73.19,75.09,18.09,12.73,8.737,15.44,9.338,21.08,19.8,34.5,13.92,2.25,3.608,16.71,55.32,,12.49,3.485,2.79,48.69,34.58,2.133,1.879,1.449,1.003,1.079,1.749,1.313,0.7278,1.134,50.33,42.75,43,15.55,28.1,24.2,44,23.13,55,10.73,,,,,5.2,35.2,20.21,45.07,5.044,3.51,2.211,1.127,1.658,22,1.62,11.99,,7.73,44,44,44,16.42,6.448,23.34,,55,,55,,,,,,,21.85,,,,12.51,20.22,,110,,,18.85,,28.03,110,32.15,10.19,55,55,4,13.2,55,55,9.3,55,2,5.587,13.21,7.867,24.86,26.16,7.113,5.166,6.034,12.06,13.8,25.01,7.112,55,0.3071,6.736,40.71,28.36,19.4,2.904,3.7,2.976,13.6,5.5,,,,,,1.596,2.545,0.8203,7.437,9.21,3.002,9.245,8.6,3.1,29.24,0.21,281.6,18.92,33.91,48.29,281.6,182.2,,,,11.61,10.76,17.5,6.724,27.5,0.71,5.16,15.54,7.327,12.59,2.895,8.8,,0.9478,2.965,11.29,2.866,12.89,8.49,55,1.173,0.6584,4.577,6.84,55,,55,,5.82,,1.918,0.611,55,2.258,12.38,7.29,23.51,28.76,51.57,,,23.93,189.5,3.506,39.63,,,,,,,160.9,31.57
6378-65-0,Hexyl hexanoate,,12.09,,0.84,1.824,,312.7,47.69,31.35,3.349,22,5.146,2.398,3.662,5.514,4.315,16.3,13.1,3.807,14.9,1.558,11.68,55,30.09,55,55,55,31.08,55,55,55,55,1.622,8.305,2.681,0.4384,0.2652,0.8113,5.175,1.033,,,,,1.262,,,44.66,55,43.79,1.54,33,22.55,33.93,8.758,59.24,10.76,44,,,,33,55,33,55,,,35.81,,,,,,,,16,6.99,14.81,9.073,,,,,,,,,,,,,,,,,,0.3687,,,0.3552,,0.06879,,,5.582,11.97,,74.33,,,,55,4.293,65.16,6.024,,,,,,,,0.4652,,33,33,58.96,110,110,,,12.36,13.89,2.807,,,0.9164,2.485,2.155,9.807,10.1,2.88,3.07,3.53,5.718,6.348,7.271,8.097,36.76,6.367,1.427,22,22,22,22,10.99,22,22,22,2.607,9.576,6.413,22,4.61,11,11,1.503,11,11,16.2,2.814,23.96,4.003,4.095,6.6,,5.8,3.98,2.23,3.3,33,33,33,33,8.834,21.54,33,10.16,22,17.7,36.32,19.24,33,33,13.51,33,,,,,7,4.6,,,5.354,11.94,14.95,40.25,11.13,44,44,8.792,,,,,10.63,6.55,7.373,2.321,,,0.09,1.066,10.15,,0.763,13.98,72.99,,14.21,26.4,15.6,2.604,10.26,3.726,20.43,14.78,75.01,19.58,13.91,12.21,11.35,10.18,15.06,38.5,33.11,17.29,2.25,1.019,17.54,55.31,,15.08,3.17,3.232,47.17,35.84,2.134,1.875,1.448,1.168,1.805,0.5718,1.303,0.7212,1.124,50.84,49.57,53.76,8.36,28.1,24.2,44,10.03,55,10.69,,,,,5.2,35.2,20.26,45.04,5.136,3.553,2.251,1.127,1.658,22,1.62,15.28,,8.727,44,44,44,17.22,6.367,23.29,,55,,55,,,,,,,21.85,,,,12.51,18.13,,110,,,18.9,,27.87,110,32.28,25.83,55,55,4,13.2,55,55,9.3,55,2,5.645,13.62,7.594,25.38,26.09,6.885,4.921,6.028,12.05,15.8,27.19,8.521,55,0.3069,5.771,38.34,28.37,16.19,3.07,3.7,3.015,13.6,5.5,4.342,2.786,1.981,1.763,1.17,1.306,3.087,1.109,8.225,9.21,2.496,9.104,8.6,3.1,29.22,0.21,281.6,18.92,33.91,48.29,281.6,182.2,,,,11.6,10.76,17.5,6.727,27.5,0.71,5.16,4.304,0.9606,12.59,3.224,7.528,3.82,0.6417,3.967,4.039,2.654,12.89,8.49,55,0.4878,0.8311,13.2,6.853,55,,55,,5.82,,2.333,0.4629,24.72,3.168,4.886,3.87,20.97,24.73,17.56,,,23.93,189.5,3.506,39.63,,,,,,,160.6,31.71
110-62-3,Valeraldehyde / pentanal,,9.822,,,60.59,,312.7,47.69,31.35,4.32,22,7.25,33,3.99,0.96,10.7,13.72,10.18,6.295,,,14.3,46.86,40.19,55,55,42.37,35.74,5.814,38.46,55,15.9,5.495,2.644,1.962,3.762,3.698,4.496,22,22,,,,,14.69,,,17.62,13.42,11.25,6.96,12.57,33,45.49,,,16.38,,,,,33,55,33,55,,,55.13,,,,,,,,20.01,23.39,13.24,6.776,,,,,,,,,,,,,,,,,,0.44,,,0.737,,0.2676,,,6.84,,,22.9,,,,39.91,9.867,84.81,24.19,3.898,1.275,2.48,3.612,1.548,3.6,,0.4741,,,,110,110,110,,,,,3.07,,,0.989,5.478,8.5,9.807,10.1,1.56,2.23,2.54,5.437,4.936,3.566,17.2,55,11.79,0.8021,22,22,22,22,10.09,22,12.4,22,12.78,7.282,5.181,15.31,4.414,7.637,3.926,0.7471,5.382,10.48,,1.309,8.51,2.194,5.272,6.6,,5.8,11.18,28.56,8.199,17.8,3.011,33,13.45,11.17,9.729,8.865,0.5509,0.3952,16.82,42.34,23.28,33,33,18.66,33,,,,,7,4.6,,,4.28,13.46,16.44,36.78,28.17,44,44,12.8,,,,,,3.327,5.936,2.494,,,,2.093,20.48,,0.9327,20.97,70.36,42.53,51.46,26.4,16.91,6.662,26.4,7.985,19.07,46.57,94.52,18.21,28.4,6.867,11.87,15.93,16.1,19.65,7.701,13.26,,4.536,17.41,113.1,0.9068,23.94,3.228,,52.13,35.63,0.8047,0.6303,2.116,2.166,3.741,22,4.058,22,3.486,48.56,24.89,25.65,110,,,,41.84,26.8,11.8,,,,,,,26.06,55,7.593,,,22,,,,22,12.59,16.06,44,44,26.14,24.62,8.2,22.03,,55,,55,,,,,,1.69,17.56,66.54,47.17,12.69,11.24,17.1,23.67,110,,,17.51,,53.55,,55,55,55,55,6.2,14.1,55,55,55,55,22.6,5.961,,,,,,19.8,9.434,12.33,16.78,55,17.05,55,0.4726,1.102,44.71,23.78,23.96,3,,,,,,,,,,2.907,44,0.96,4.777,5.077,2.288,,,,18.9,0.3485,281.6,4.135,19.22,10.36,16.9,222.1,7.8,,,10.4,10.5,11.47,6.027,27.5,0.71,5.16,3.088,0.7339,,5.03,8.8,,0.5708,2.103,3.496,55,12.89,8.49,55,0.659,1.277,0.8563,9.882,55,,55,,55,,0.3873,0.3574,55,1.162,10.63,7.264,13.16,30.14,29.57,,,23.93,189.5,4.88,48.24,2.15,2.83,3.45,11,5.68,11,195,37.22
10482-56-1,alpha-terpineol / 4-terpinol / (S)-(-)-α-Terpineol,,9.93,,,,,,,,,22,,,,,,,,,,,,,,,,,,,,,,,,,,,,22,22,,,,,6.79,,,,,,,,,55,,,,,,,,11.28,,33,18.21,,,,,,,,,,,,44,29.68,13.87,,,,,,,,,,,,,,,,,,,,,,,,,,9.25,,,,4.06,,,55,215.1,62.31,76.45,3.86,1.63,2.28,,1.93,,,,,,,110,110,110,,,25.01,,,,,,,,12.55,9.24,,,,10.67,1.706,22,9,55,12.29,20.53,22,22,22,22,22,22,22,22,22,13.86,22,22,11,11,11,5.36,11,11,,1.54,14.65,6.92,8.67,,5.3,9.6,,,,,,33,33,21.63,24.44,33,22,22,22,55,33,33,25.08,33,19.65,,,,,,,3.41,110,8.25,44,44,44,10.89,44,44,18.06,22.83,29.42,47.04,23.51,,,,,,,,,55,18.31,,,,,,,,,,,,,,,,,,,,,,,,,,,,14.64,,,55,30.9,,,,,,,,,,,39.29,31.94,,,,,,,,,,,,11,35.2,23.99,55,40.7,,,,,,,,,,,,,,,,,55,590.9,17.07,1.907,8.731,17.1,18.36,12.28,,18.28,,,,4.12,,,,,,18.23,,,,55,55,55,55,7,55,38.2,55,17.3,55,12.1,78.3,13.81,29.23,26.56,21.61,20.94,38.54,24.27,20.1,27.6,55,23.6,55,,35.2,,,,,,,,,,,,,,,,,19.26,,,,,,,,,,,,,,,10.5,18,13.5,7.8,8.3,23.26,,,,,,,,,,,,,1.57,,7.47,55,21.22,,,,,,,,,,,,55,,,,,,,,,18.74,58.05,,,,,,,,,,
123-92-2,"acetic acid, isopentyl ester  / isopentyl acetate / isoamyl acetate",,,,18.68,83.17,,414.7,38.17,36.93,3.3,22,16.8,33,33,33,13.6,,,1.397,11.88,1.407,,55,35.7,55,36.44,55,55,55,55,55,55,55,7.526,2.478,0.4684,0.2873,0.8237,4.4,0.65,,,,,0.77,,,11.94,21.36,19.33,3.761,16.95,33,28.45,18.77,,22,,,,,33,55,33,42.26,,,,,,,,,,,,22.57,21.29,11.66,,,,,,,,,,,,,,,,,,0.58,,,12.9,,2.5,,,,26.77,,106.7,,,,6.367,80.53,1100,39.43,,,,,,,,0.7,,,,110,110,110,,,,,6.433,,,,8.53,,,,,,,4.4,4.4,4.4,,,,0.75,22,22,22,22,22,22,22,22,,22,22,22,,,,,,,,,,,,,,,17.67,33,33,33,33,24.53,11.34,33,33,33,22,22,22,37.4,33,33,33,33,33,,2.47,,,5.7,5,,,,,,,,,,,,,,,10.63,6.55,7.629,2.616,,,0.11,1.18,,,0.6833,,90.54,,65.44,26.4,,,,,26.62,17.39,72.57,,,11.81,20.04,13.42,23.8,8.917,40.13,20.4,,1.111,19.64,,,13.23,2.803,4.7,47.9,55,2.14,1.85,1.44,1.5,22,0.64,,,,53,,,110,,,,72.49,,,,,,,30,29.5,18.06,38.29,3.901,,,22,,,,6.554,,13.58,44,44,44,23.39,11.67,88.91,,55,,,,,,,,,4,25.57,24.29,22.07,15.43,18.77,,,,,,,,110,12.14,9.652,13.88,55,9.7,55,55,34.5,21.1,55,19.4,7.576,,,,,,4.492,16.76,,30.5,55,55,55,0.1773,4.141,36.15,34.97,13.72,2,6.3,7.5,,2.5,4.341,2.787,1.981,1.764,1.172,2.019,,,6.81,7.101,2.395,11.6,9.5,17.7,34.4,0.21,281.6,18.92,33.91,48.29,281.6,182.2,,,,10.72,13.2,14.29,26.41,27.5,0.71,5.16,3.266,0.2905,,4.89,7.58,3.82,0.4439,3.266,3.266,55,,,55,0.4949,0.8264,13.2,7.101,,,,,,,23.49,0.2419,13.34,1.029,10.06,3.86,18.28,22.07,17.41,,,,,,,,,,,,,,
120-72-9,indole,,,,,,,,,,,22,,,,,,,,15.3,,,16.8,,,,,,,,,,,,,,,,,,,,,,,,,,27.12,22.42,24.65,14.5,13.13,33,25.41,,,,,,,,33,55,33,55,,,,,,,,,,,,,,,,,,,,,,,,,,,,,,,,,,,,,,,,,,,,,,,,,,,,,,,,,,,,,,,,,,,32.9,,6.15,66.11,68.86,,,,,,,,,,,,,,,,22,22,22,22,22,22,22,22,22,22,22,22,,,,,,,,,,,,,1.4,10.1,,,,,,,,,,,,,,,,,,,,,,,,,,,,,,,,,,,,,,,,,,,,,,,,,,,,,,,,,,,,,,,,,,,,,,,,,,,,,75.24,,,,,,,,,,,,,,,110,110,,,,,,,,61.7,19.17,15.65,13.68,,,,,,,,,,,,,,,,,,,,34.44,,55,,,,,,,,,,,,,,,,,,,,,,,,,,,,,,,,,,,10.87,55,19.66,21.25,22.03,,,,,,,55,,,,,,,,,,,,,,,,15.03,,,6.53,,,,,,,,,,,,,,,,,,,,11.53,,,,,,,,,,,,,,,,55,,,,,,,,,,,,,55,,,,,,,,,,,,,,,,,,,,
629-59-4,tetradecane,,15.11,,0.84,2.707,,312.7,47.69,31.35,2.844,14.88,7.25,33,3.99,0.96,10.7,12.91,9.716,7.122,,,11.59,55,51.6,55,55,55,55,5.814,38.46,55,15.9,5.495,4.951,2.314,33,33,33,22,22,,,,,22,,,55,55,46.18,4.638,21.13,17.73,55,9.386,59.53,12.47,19.44,,,,27.38,23.26,33,55,,,35.58,,,,,,,,15.53,44,77,44,,,,,,,,,,,,,,,,,,0.44,,,2.713,,3.023,,,6.354,,,69.78,,,,55,10.54,568.2,22.42,3.92,1.3,2.5,3.63,1.56,3.6,,0.4517,,33,33,110,110,110,,,,,2.85,,,1.287,6.167,8.029,17.35,14.79,1.905,2.475,2.828,7.86,22,22,55,55,9.727,23.87,22,22,22,22,22,22,22,8.64,5.316,22,22,22,4.869,11,11,1.47,11,11,3.595,2.98,23.2,2.952,3.958,6.6,,5.722,10.5,9.163,7.046,22.22,5.966,33,9.801,8.401,18.6,33,22,22,16.66,38.25,23.97,33,33,13.36,33,,,,,7,4.6,,,4.846,13.85,15.98,38.47,15.18,44,44,10.83,,,,,10.63,,7.26,2.24,,,0.09,1.484,33.37,,1.183,20.51,77.09,48.83,12.53,26.4,15.28,2.789,10.91,3.943,8.47,3.237,73.14,21.69,31.31,12.31,6.166,5.33,13.32,10.87,10.86,21.62,2.25,3.608,16.49,57.93,0.9722,110,4.766,,48.08,35.32,0.7939,0.5499,1.523,0.7864,0.7577,6.627,1.816,1.271,1.594,48.28,33.86,38.42,32.81,,,,81.78,55,12.44,,,,,5.2,35.2,16.37,55,4.558,2.148,2.48,1.485,1.658,22,1.62,13.55,11.17,7.73,44,44,44,16.42,6.167,24.58,,55,,55,,,,,,,18.52,66.54,47.17,12.69,10.85,17.21,,77.92,,,16.58,,36.46,110,16.59,21.08,55,55,4,13.2,55,55,9.3,55,2,8.22,26.83,8.5,40.4,26.31,7.64,7.139,7.715,12.47,55,55,55,55,0.3203,0.8036,46.29,24.88,26.85,2.939,,3.059,,,,,,,,3.327,44,0.96,11.33,5.14,4.198,,,,24.62,0.64,281.6,5.36,21.17,13.47,27.31,281.6,7.8,,,12.06,10.77,17.5,7.07,,,,7.817,5.061,12.59,2.818,8.8,,1.284,3.695,6.718,4.318,12.89,8.49,55,1.524,1.055,1.182,13.2,55,,55,,6.276,,0.2387,0.3785,55,5.764,4.08,3.978,20.53,24.64,18.22,,,23.93,189.5,3.532,40.99,2.15,2.83,3.45,11,5.68,11,635.5,39.18
34010-20-3,(Z)-9-Hexadecenyl acetate / Z9-16:Ac,,9.845,,0.5339,1.268,,313.8,38.07,31.41,3.435,18.49,5.221,2.55,3.679,2.821,4.475,12.36,9.375,4.688,11.6,1.581,12.17,55,44.09,55,32.37,55,55,2.151,55,55,10.17,1.265,8.161,1.61,0.4453,0.2703,0.8151,3.211,0.3759,,,,,0.4897,,,14.42,23.65,22.98,2.487,17.06,25.44,27.76,13.52,57.34,13.37,26.35,,,,33,36.95,33,45.83,,,34.12,,,,,,,,16.16,15.61,14.58,9.429,,,,,,,,,,,,,,,,,,0.425,,,0.2802,,0.07677,,,5.615,12.85,,72.91,,,,10.83,9.496,91.02,26.52,3.92,1.3,2.5,3.63,1.56,3.6,,0.5433,,33,33,27.94,110,71.43,,,12.36,13.89,2.69,,,0.9647,1.551,1.166,9.807,10.1,1.419,2.122,2.414,3.426,3.519,2.689,11.72,39.42,7.107,0.5054,22,22,22,22,15.36,22,22,22,3.711,8.804,8.217,22,3.186,6.332,2.221,0.4739,2.7,10.54,5.246,1.513,8.445,0.4161,0.4697,6.6,,5.8,2.695,8.222,4.271,15.24,2.847,26.46,7.803,19.62,14.28,15.36,2.266,1.778,22,37.06,33,33,33,33,33,,2.47,9,,5.551,4.668,,,4.327,13.02,14.75,37.24,14.69,44,44,9.727,,,,,10.63,4.495,6.902,2.171,,,0.08994,1.193,8.2,,0.6618,16.69,72.83,48.83,45.73,26.4,14.47,2.289,9.223,3.275,10.64,14.02,78.86,9.528,13.49,9.592,3.209,13.21,13.34,11.29,15.97,18.24,1.674,0.8193,18.74,63.15,0.9575,15.59,2.972,3.292,46.95,36.41,2.14,2.42,1.6,1.5,22,0.64,0.7415,0.3251,0.6412,48.91,40.76,45.12,13,28.1,24.2,44,15.79,55,16.85,,,,,8.316,28.64,19.49,42.93,9.8,3.81,2.5,7.651,1.658,22,1.62,5.136,,10.68,44,44,44,19.7,10.77,11.57,,55,,55,,,,,,,3.2,23.27,22.75,13.59,12.13,17.38,,110,,,18.11,,65.39,110,40.98,37.65,39.02,55,4.174,14.14,55,33.8,9.674,55,2.231,6.299,13.83,7.472,25.66,26.06,6.783,6.08,9,12.02,31.11,33.55,19.48,55,0.42,0.6094,38.2,28.38,16.02,2.141,3.75,4.003,13.6,2.812,4.362,2.444,1.928,1.664,1.028,1.474,3.971,1.372,12.79,6.253,2.093,9.11,8.6,3.1,17.4,0.1677,281.6,9.033,25.73,22.85,71.72,166.9,7.8,,,9.864,11.2,14.25,7.954,27.5,0.71,5.16,4.4,1.24,,4.8,7.383,3.82,0.47,4.4,4.4,6.885,12.89,8.49,55,0.76,0.8,13.2,4.43,55,,55,,6.271,,0.2721,0.59,10.67,1.7,6.098,3.696,18.36,22.55,18.25,,,23.93,189.5,2.479,41.34,2.15,2.83,3.45,11,5.68,11,167.8,29.15
122-40-7,pentyl cinnamaldehyde / α-Amylcinnamaldehyde / 2 Pentyl 3 phenylpropenoic Aldehyde,,11.56,,,60.59,,312.7,47.69,31.35,3.787,22,4.96,3.41,0.92,0.64,1.79,,,2.7,7.3,1.488,,,,,,,,55,55,55,55,1.399,9.277,2.669,,,,22,22,,,,,22,,,32.87,32.33,28.15,9.959,13.75,33,22.36,9.22,,22,16.5,,,,33,55,33,55,,,,,,,,,,,15.79,6.94,77,44,,,,,,,,,,,,,,,,,,0.08647,,,0.5,,0.13,,,,13.15,,,,,,,2.83,47.17,5.37,,,,,,,,0.7,2.88,33,33,12.63,10.28,5.82,,,12.8,13.89,2.85,,,0.8486,21.6,8.5,,,,,,13.56,11.21,22,8.785,32.45,6.235,55,15.69,22,22,22,2.193,22,3.218,2.367,3.292,3.092,0.9885,11.07,3.05,11,11,1.62,11,11,,8.79,31.86,8.27,5.89,,,,,,,,,,,15.08,21.49,18.7,8.866,12.56,22,32.43,20.54,33,33,21.62,33,,,,,,,,,6.44,15.09,16.53,44,12.97,44,44,10.06,,,,,,,,,,9,,,7.997,,,14.83,48.37,,,26.4,,,,,32.51,73.29,80.66,,24.96,14.07,16.51,11.6,21.82,6.81,33.98,23.84,,10.53,,63.15,,11.88,4.2,2.7,55,34.8,,,,,,,0.9111,0.5645,0.7593,49,20.65,17.61,7.886,27.53,16.66,44,10.01,,,,,,,5.072,13.07,39.19,41.9,,,,22,,,,22,,11.2,20.53,44,16.38,17.97,10.07,14.82,16.31,34.69,,,,,,,,0.81,15.56,,,,,18.32,24.63,110,,,,,,,30.03,22.19,55,,,,,,,,,5.51,16.63,55,23.63,25.48,22.93,6.34,6.7,12.51,13.14,24.71,6.774,34.96,,,,,,8.057,3.18,4.018,13.6,5.5,,,,,,1.209,1.85,1.23,2.569,,,9.58,8.6,3.1,16.94,,,,,,,,,,,8.748,9.37,11.27,96.51,,,,22,3.191,,2.048,,,1.851,4.823,11.54,3.389,,8.49,7.112,2.27,,,,7.956,,7.672,,5.743,,0.5048,0.4736,55,2.32,12.38,7.29,23.51,28.76,51.57,,,,,4.542,40.78,,,,,,,186.5,252
10378-01-5,(Z)-9-Hexadecen-1-ol / Z9-16:OH,,10.4,,0.84,0.7281,,,,,2.504,11.67,7.25,33,3.99,0.96,10.7,12.36,9.379,7.521,,,11.46,55,52.25,55,44.27,42.31,26.89,0.5703,55,55,4.231,2.688,19.68,1.531,17.66,15.34,17.91,5.195,1.041,,,,,1.272,,,27.58,29.83,31.6,7.224,17.79,14.66,18.86,18.86,,12.39,,,,,26.77,22,33,55,,,,,,,,,,,15.74,13.15,4.008,2.013,,,,,,,,,,,,,,,,,,1.6,,,0.302,,0.05087,,,6.84,,,69.78,,,,43.42,8.496,90.86,26.77,3.92,1.3,2.5,3.63,1.56,3.6,,0.4517,,33,33,19.34,110,68,,,24.6,,3.07,,,1.715,1.005,2.116,9.807,10.1,1.453,2.149,2.445,5.434,4.706,2.937,20.07,55,11.3,0.4157,22,22,22,22,12.06,22,12.17,13.11,5.163,7.074,4.989,15.13,3.428,6.634,2.537,0.5464,3.021,10.51,4.01,1.46,10.56,0.4412,0.5199,6.6,,5.501,2.08,22.68,3.715,11.31,1.119,17.96,8.312,16.45,10.41,9.105,0.573,0.4193,18.85,55,27,33,33,23.78,33,,,,,7,4.6,,,5.116,14.56,17.5,38.76,16.9,44,44,12.74,,,,,10.63,3.861,5.689,1.913,,,0.09662,1.441,31.8,,0.7846,23.79,71.61,46.8,10.51,4.263,15.38,2.807,10.98,3.975,3.989,2.571,74.7,7.391,19.43,12.91,4.525,5.239,4.086,3.888,12.91,10.68,1.71,2.295,16.32,67.78,1.26,14.27,4.766,,48.98,39.03,0.97,0.69,1.68,0.68,0.76,1.9,1.008,0.5541,0.8179,47,36.37,39.83,34.01,,,,71.66,55,8.445,,,,,5.678,35.2,29.57,55,4.45,,,1.485,1.658,22,1.62,13.55,11.17,8.017,44,44,44,16.53,5.706,5.439,41.08,55,,55,,,,,,1.64,5.56,66.54,47.17,12.69,10.73,16.93,,110,,,17.11,,31.73,110,40.31,17.15,19.16,55,8.2,30.8,55,39.5,27,55,13,7.154,,,,,,19.75,9.463,11.92,25.69,55,21.28,55,0.28,0.17,44.88,23.45,24.34,2.855,,3.136,,,4.61,3.794,1.97,2.13,1.14,1.721,4.052,0.5712,8.411,4.411,2.391,,,,23.13,0.2283,281.6,4.937,20.53,12.4,23.46,188.2,7.8,9.2,15.8,10.83,10.84,14.42,6.179,27.5,0.71,5.16,1.905,0.2394,12.59,2.97,8.8,16.39,0.2502,0.98,1.971,6.53,12.89,,55,0.98,0.97,1.01,13.2,55,,10.48,,12.19,,0.3,0.23,55,0.5869,4.821,3.826,18.08,25.86,15.3,,,17.79,35.5,3.532,42.02,2.15,2.83,3.45,11,5.68,11,195,37.22
127-91-3,beta-pinene,,23.35,,,,,,,,,22,,,,,,,,,,,,,,,,,,,,,,,,,,,,22,22,,,,,6.45,,,7.07,11.07,12.37,33,25.74,18.67,55,,,,,,,,33,17.75,33,14.86,,,,,,,,,,,,44,77,18.74,,,,,,,,,,,,,,,,,,,,,,,,,,,,,,,,,42.66,45.06,91.76,176.7,,,,,,,,,,,,110,110,110,,,,,,,,,,,,,,,,11.95,7.18,22,7.1,55,9.38,27.72,22,22,22,22,22,22,22,22,22,19.69,22,22,11,11,11,11,11,11,,4.24,13.92,12.19,9.3,,,,,,,,,15.2,33,,,,,,,55,,,,,,,,,,5.8,3.7,2.741,81.39,5.05,5.28,,,,,,,19.61,22.21,22.94,19.93,,,,,,,,,,,,,,,,26.4,,,,,14.85,42.64,122.1,,,11.91,12.18,,38.9,38.5,6.26,38.5,,2.02,,,,91.28,,,55,30.9,,,,,,,,,,,110,110,,,,,,,,,,,,16.8,35.2,22.41,55,,,,,,,,,,,,,,,13.5,27.38,,55,21.95,23.3,2.959,15.38,20.75,18.94,32.17,,10.02,,,,12.98,,,,21.15,,14.72,,30.29,,55,8.47,55,55,8.417,12.53,55,55,21.61,55,21.44,5.78,,,,,,3.841,,,31.1,55,11.5,55,35.2,35.2,,,,,,,,,,,,,,3.53,,,15.75,471.6,6.7,,,,26.6,,,,,,,,,9.7,16.5,,,,33.15,,,,,,,,,,,,,2.679,,,55,,,,,,,,,,,,,,,6.44,6.17,,,,15.57,14.51,,,,,,,,,,,9.71,74.96
93-58-3,Methyl benzoate,3.97,55,10.94,6.001,22.58,64.18,13.18,7.523,9.719,1.179,22,6.007,2.582,2.749,33,4.203,0.07095,,2.051,10.33,2.591,2.7,55,39.36,55,55,25.47,55,,,,,,19.55,11.13,,,,,,,,,,,,,11.73,15.81,13.39,8.186,9.693,33,29.51,,,22,,,,,18.92,55,33,39.95,,,28.26,,,,,,,,,7.18,,,,,,,,,,,,,,,,,,,,0.82,,,12.9,,2.5,,,,17.75,,,,,,,58.17,442.5,305.8,,,,,,,,0.6864,2.52,,,57.63,110,110,,,11.79,13.89,,17.78,19.75,,,,,,,,,9.42,10.53,22,12.1,18.1,1.42,35.22,22,14.38,13.1,6.796,22,22,22,22,22,22,22,22,,,,,,,,,,,,,,,,,,,,24.11,33,16.77,15.03,22.84,22,22,22,30.68,33,33,33,33,33,,,,,,,,63.7,7.01,16.04,27.53,44,10.99,44,44,11.25,,,,,,,,,,9,,,7.639,,,14.83,34.94,37.19,,26.4,,,,,45.77,77.31,73.07,,,9.81,18.79,,37.29,38.5,38.38,20.25,,7.55,,36.5,,15.62,3.217,2.841,55,30.42,,,,,,,,,,44.9,21.51,52.28,11.53,28.1,24.2,44,12.02,,,,,,,,,55,55,29.5,,,8.618,,,,3.582,,,,,,,10.54,,14.67,30.41,,,,,,,,,,,,,,39.22,,,10.8,,,,,,55,55,55,55,6.5,23.3,55,55,25.5,55,12.3,18.79,18.75,26.04,19.28,28.52,26.56,55,33.42,19.63,55,55,55,38.61,,,40.3,37.94,14.82,10,,7.5,,,,,,,,,,,3.435,7.534,5.155,11.29,10.32,6.62,27.59,,,,,,,,,11,13.5,,,,11.53,,,,,,9.89,,8.03,,,,,55,,9.52,8.769,,,,,8.07,,55,,10.03,,,,47.71,,16.43,9.62,23.21,20.13,31.74,,,,,4.07,31.86,,,,,,,,
112-44-7,Undecanal / Hendecanal / Undecylic aldehyde,,9.727,,0.84,1.232,,312.7,47.69,31.35,3.067,9.674,7.25,33,3.99,0.96,10.7,13.64,10.22,6.39,,,13.09,55,41.61,55,55,55,55,5.814,38.46,55,15.9,5.495,2.347,2.498,3.885,3.857,4.715,22,22,,,,,14.59,,,47.78,49.25,46.88,6.801,14.69,14.15,55,9.343,59.53,11.86,19.57,,,,25.06,31.52,33,55,,,35.81,,,,,,,,16.04,23.53,12.9,6.609,,,,,,,,,,,,,,,,,,0.44,,,0.4875,,0.124,,,6.053,,,32.03,,,,41.3,9.689,81.81,23.81,3.903,1.275,2.48,3.612,1.548,3.6,,0.4756,,33,33,110,110,110,,,,,2.85,,,1.056,0.975,1.952,9.807,10.1,1.537,2.213,2.52,6.165,5.589,4.595,18.57,55,11.34,1.305,22,22,22,22,8.74,22,22,22,10.04,6.62,4.28,22,4.312,7.576,3.838,0.7349,5.298,10.48,4.263,7.17,39.94,4.34,7.01,6.6,,5.8,9.969,28.13,7.608,17.08,2.862,33,13.06,10.57,10.1,9.77,0.748,0.5133,16.69,40.74,23.06,33,33,18.37,33,,,,,7,4.6,,,3.775,12.43,14.56,35.53,19.58,44,44,10.49,,,,,10.63,3.389,6.094,2.314,,,0.08494,1.681,22.33,,0.903,20.05,70.23,43.76,51.46,26.4,15.57,2.595,10.22,3.712,18.81,19.79,94.59,16.43,22.34,6.586,11.71,12.56,15.88,32.55,8.382,18.73,1.753,4.108,16.96,56.23,0.9505,14.16,8.1,,49.96,38.31,0.8037,0.5794,2.075,2.63,4.44,22,2.293,3.304,1.975,48.6,28.58,30.89,43.49,,,,53.27,37.8,12.78,,,,,5.2,35.2,36.43,55,5.647,3.81,2.5,22,1.658,22,1.62,22,12.59,8.47,44,44,30.18,16.83,8.536,18.04,,55,,55,,,,,,1.69,55,66.54,47.17,12.69,11.05,16.62,23.67,110,,,16.61,,43.35,110,25.27,55,55,55,4.065,13.23,55,55,9.931,55,2.187,6.182,26.83,8.5,40.4,26.31,7.64,19.61,9.516,12.24,16.6,55,18.9,55,0.3929,0.9314,45.74,24.5,25.83,3,,3.3,,,,,,,,1.921,3.072,0.9319,4.424,5.065,2.425,,,,19.52,0.3393,281.6,4.146,19.23,10.39,16.98,219.8,7.8,,,10.04,10.04,14.22,6.133,27.5,0.71,5.16,2.664,0.9038,12.59,3.63,8.8,,0.5241,2.188,3.249,12.92,12.89,8.49,55,0.6763,1.174,0.878,13.2,55,,55,,18.6,,0.3674,0.3608,55,0.8338,5.932,5.347,20.4,23.98,20.63,,,23.93,189.5,3.271,44.71,2.15,2.83,3.45,11,5.68,11,180.1,28.09
629-80-1,Hexadecanal / 16:Ald,,9.727,,0.84,1.232,,312.7,47.69,31.35,3.067,9.674,7.25,33,3.99,0.96,10.7,13.64,10.22,6.39,,,13.09,55,41.61,55,55,55,55,55,55,55,32,4.8,2.1,14.4,3.885,3.857,4.715,22,22,,,,,14.59,,,47.78,49.25,46.88,6.801,14.69,14.15,5.563,9.343,59.53,11.86,19.57,,,,25.06,31.52,33,55,,,35.81,,,,,,,,16.04,23.17,12.9,6.609,,,,,,,,,,,,,,,,,,0.44,,,0.4875,,0.124,,,6.053,,,32.03,,,,41.3,9.689,81.81,23.81,3.903,1.275,2.48,3.612,1.548,3.6,,0.4756,,33,33,110,110,110,,,,,2.85,,,1.056,0.975,1.952,9.807,10.1,1.537,2.213,2.52,6.165,5.589,4.595,18.57,55,11.34,1.305,22,22,22,22,9.787,22,12.2,22,10.04,7.1,5.012,15.15,4.22,11,11,1.7,11,11,4.263,0.55,3.58,1.07,3.65,6.6,,5.8,9.969,28.13,7.608,17.08,2.862,33,13.06,10.57,10.1,9.77,0.748,0.5133,16.69,40.74,23.06,33,33,18.37,33,,,,,7,4.6,,,3.775,12.43,14.56,35.53,19.58,44,44,10.49,,,,,10.63,3.389,6.094,2.314,,,0.08494,1.681,22.33,,0.903,20.05,70.23,43.76,31.53,26.4,15.57,2.595,10.22,3.712,18.81,19.79,94.59,16.43,22.34,6.586,11.71,12.56,15.88,32.55,8.382,18.73,1.753,4.108,16.96,56.23,0.9505,23.94,3.228,,49.96,38.31,0.8037,0.5794,2.075,0.98,2.96,22,2.293,3.304,1.975,48.6,28.58,30.89,43.49,,,,53.27,37.8,12.78,,,,,5.2,35.2,36.43,55,5.647,3.81,2.5,22,1.658,22,1.62,22,12.59,8.47,44,44,30.18,16.83,8.536,18.04,,55,,55,,,,,,1.69,18.19,66.54,47.17,12.69,11.05,16.62,23.67,110,,,16.61,,43.35,110,28.48,32.22,33.71,55,4.065,13.23,55,55,9.931,55,2.187,6.182,26.83,8.5,40.4,26.31,7.64,19.61,9.516,12.24,16.6,55,18.9,55,0.3929,0.9314,45.74,24.5,25.83,3,,3.3,,,,,,,,1.921,3.072,0.9319,4.424,5.065,2.425,,,,19.52,0.3393,281.6,4.146,19.23,10.39,16.98,219.8,7.8,,,10.04,10.04,14.22,6.133,27.5,0.71,5.16,4.4,4.4,12.59,3.63,8.8,,1.14,4.4,4.4,12.92,12.89,8.49,55,0.83,1.174,0.878,13.2,55,,55,,18.6,,0.3674,0.3608,55,0.8338,5.932,5.347,20.4,23.98,20.63,,,23.93,189.5,3.271,44.71,2.15,2.83,3.45,11,5.68,11,180.1,28.09
123-51-3,3-methyl-1-butanol / Isoamyl alcohol,,,,18.68,83.17,,414.7,38.17,36.93,3.3,,,,,,,,,,,,,,,,,,,1.7,21.2,27,1.3,55,,,,,,,,,,,,,,,55,55,43.47,,,,55,,,,,,,,,,,,,,,,,,,,,,,36.97,77,17.69,,,,,,,,,,,,,,,,,,0.7108,,,,,,,,,,,106.7,,,,,,,,,,,,,,,,,,,,,,,,24.6,,6.77,,,,,,,,,,,,,,,,,,22,22,22,22,22,22,22,22,,22,22,22,,,,,,,,,,6.38,6.64,,,,,,,,,,,,,,,,,,,,,,,,,,,,,,,,,,,,,,,,,,,,,,,,,,,,,,,69.86,,,6.32,,,,,10.68,,64.21,,,,22.55,,42.13,,41.08,,,12.24,20.94,,,13.74,,,47.9,55,,,,,,,,,,,,,,,,,,,,,,,,,,,,,,,22,,,,22,,,,,,,,,,55,,,,,,,,,55,,,,,,,,,,,,,,55,55,16.25,55,8.3,20.3,55,55,13.5,55,25.6,,,,,,,,,,30.5,55,55,55,,,,,,,,,,,,,,,,,,,6.81,,31.12,,,,44.06,,,,,,,,,,,,,,,,,,,,,,,,,,,,,,55,,,,,,,,,,,,,,,,,,,,,,,,,,,,,,,,,
5392-40-5,"3,7-dimethyl-2,6-octadienal / (E)-Citral / Citral",,5.789,,1.928,3.673,,174.3,6.217,20.69,5.266,22,33,33,33,6.37,33,5.3,11.5,8.731,,1.389,15.1,55,55,25.32,55,55,32.92,0.4,12.1,27,2,5.6,20.1,20.1,,,,22,7.264,,,,,5.735,,,14.88,22.28,19.84,0.9836,13.29,15.62,55,,,,44,26.3,9.5,39.1,12.19,20,20.94,10.74,11.18,13.31,,,,,,,,,19.14,35.14,6.093,2.014,,,,,,,,,,,,,,,,,,0.3821,,,,,,,,5.68,,,,,,,,1.111,39.93,9.463,2.636,1.531,1.869,,1.511,,,3.9,,,,55.6,110,110,,,29.77,,1.108,,123,,,,,,,,,3.154,3.995,5.321,5.659,48.02,7.607,4.366,5.572,22,22,22,1.567,22,7.08,5.587,3.137,2.933,1.264,22,11,11,11,2.346,11,11,,0.2051,1.057,1.389,3.188,,,,3.198,4.691,2.169,3.9,14.3,16.9,19.35,15.67,14.33,19.26,4.07,2.676,17.68,13.88,33,33,24,23.45,22.9,,,2.857,,,,6.96,110,3.967,7.012,43.1,23.06,17.45,44,44,8.82,14.21,44.92,38.93,29.37,,,,,,,,,55,10.88,,,18.23,,,,,,,,,,69.43,,33.1,17.49,,,,38.5,,27.84,,11.77,,,,9.253,,4.67,55,23.73,,,,,,,8.526,4.578,7.991,45.47,25.73,27.42,15.93,44,21.8,44,38.64,55,23.5,,,,,2.778,22.83,55,55,86.5,,,22,,,,9.875,11,,,,,,13.44,,75.93,55,31.9,55,45.23,55,7.77,12.37,15.56,,9.664,,,,12.62,26.79,23.97,110,4.3,110,8.308,,25.57,110,4.849,0.8469,9.205,55,3.637,17.84,55,47.47,2.279,55,6.23,8.643,,,,,,9.584,6.637,11.27,17.35,22,5.796,55,0.6513,2.055,,,,2.5,,10,,8.2,,,,,,3.522,1.502,0.7087,4.031,11.21,2.621,33.1,34.5,,16.95,,,,,,,,11.2,8.9,6.4,9.7,8.6,1.159,8.393,,,,22,1.875,10.47,,8.296,23.64,6.097,37.58,44,4.083,13.46,10.4,55,6.956,,,,8.65,,10.7,,12.17,,25.7,0.9978,55,1.641,,,,,,,,,,4.688,37.58,,,,,,,42.25,98.17
689-67-8,"6,10-dimethyl-5,9-undecadien-2-one / Geranylacetone",,5.456,,1.78,3.798,,181.1,6.948,21.34,5.016,22,33,33,33,6.37,33,5.3,11.5,8.508,,1.223,15.1,55,55,26.44,55,55,31.81,0.2346,2.111,27.27,1.348,9.513,20.1,20.1,,,,22,8.201,,,,,6.274,,,20.14,26.7,24.39,1.101,14.39,16.18,24.5,,,,14.83,26.3,9.5,39.1,9.577,20,21.42,11.66,10,13.81,55.13,,,,,,,,17.84,34.53,4.988,1.545,,,,,,,,,,,,,,,,,,0.3916,,,,,,,,3.993,,,,,,,,1.275,42.37,7.439,2.636,1.531,1.869,,1.511,,,1.51,,33,33,61.46,110,110,,,29.77,,1.053,,123,0.9388,5.506,8.5,,,,,,3.009,4.398,5.184,6.191,38.9,6.395,4.687,22,22,22,22,8.61,22,10.9,22,22,10.41,5.1,22,11,11,11,2.819,11,11,,0.1919,1.001,1.331,3.185,,,,3.092,5.503,2.581,4.88,15.85,17.4,20.12,15.24,13.82,18.94,3.493,2.4,17.4,12.84,33,33,24.05,22.88,27.47,,,3.039,,,,6.96,110,3.967,7.012,43.1,23.06,17.45,44,44,8.82,14.21,44.92,38.93,29.37,,,,,,,,,55,10.87,,,15.84,,,,,,,,,,69.43,,33.1,19.48,,,,38.5,,26.59,,11.77,,63.15,,12.14,7.3,4.612,55,24.57,,,,,,,10.07,4.543,9.547,45.42,31.76,30.89,21.14,44,21.8,44,43.87,55,23.5,,,,,2.646,24.62,55,55,86.5,,,2.654,,,,8.318,11,,,,,,13.73,,75.93,55,31.9,55,45.23,55,7.77,12.37,15.56,,9.985,,,,12.95,26.79,23.97,110,4.3,110,8.363,,25.57,110,4.916,0.822,9.344,55,3.389,17.61,55,46.92,1.962,55,5.683,6.477,,,,,,25.54,6.325,10.02,16.66,20.98,5.471,55,0.6151,1.791,,,,2.5,,6.2,,6.14,,,,,,4.12,44,6.97,3.977,10.31,3.393,33.1,34.5,,15.47,,,,,,,,11.2,8.9,6.4,9.7,8.6,0.9337,8.28,,,,17.93,1.717,10.47,5.77,8.27,23.62,5.634,38.55,44,55,13.46,8.903,36.25,6.3,,,,8.65,,10.7,,12.17,,24.88,0.9122,55,1.525,14.11,10.25,37.67,32.61,,,,,,4.273,37.58,,,,,,,42.25,98.17
35153-15-2,(Z)-Tetradec-9-enol /  Z9-14:OH,,10.65,,0.84,1.08,,,,,2.345,14.24,7.25,33,3.99,0.96,10.7,12.34,9.369,7.541,,,11.46,55,52.54,55,43.79,41.75,25.93,0.6312,18.19,55,4.462,2.707,19.35,1.499,16.68,14.29,16.93,4.195,0.6627,,,,,0.8334,,,20.92,23.43,24.86,6.853,15.26,15.77,18.84,,,12.62,,,,,26.81,23.33,33,55,,,,,,,,,,,,13.17,4.044,1.998,,,,,,,,,,,,,,,,,,1.6,,,0.2817,,0.04472,,,6.84,,,69.78,,,,43.07,9.3,93.08,18.94,3.92,1.3,2.5,3.63,1.56,3.6,,0.4517,,,,18.77,110,67.21,,,24.6,,3.07,,,1.751,1.103,2.041,9.784,9.683,1.4,2.108,2.397,4.617,4.207,2.69,10.6,55,13.92,0.2876,22,22,22,22,16.94,22,17.06,22,7.173,11.82,10.46,22,3.263,6.616,2.517,0.5091,3.001,10.51,4.031,1.438,10.4,0.4197,0.5043,6.6,,5.8,1.981,22.5,3.631,11.15,1.085,16.85,8.373,16.36,9.843,8.393,0.4668,0.3413,18.9,55,27.09,33,33,23.91,33,,,,,7,4.6,,,5.087,14.94,18.88,38.33,20.39,44,44,15.22,,,,,10.63,3.855,5.641,1.93,,,0.1006,1.454,31.09,,0.7667,24,71.31,46.67,10.42,4.576,15.31,2.854,11.15,4.028,3.258,2.686,72.81,6.601,19.18,13.51,3.448,5.316,3.586,3.39,12.62,9.73,1.696,2.138,16.21,113.1,0.9396,14.27,4.766,,55,44.91,0.7851,0.5643,1.307,0.5927,0.4245,1.375,1.048,0.5549,0.8353,46.75,35.87,41.17,33.49,,,,56.59,55,9.754,,,,,10.7,35.2,24.03,55,4.444,,,1.485,1.658,22,1.62,13.55,,8.098,44,44,44,16.59,6.006,4.708,41.08,55,,55,,,,,,1.64,5.341,66.54,47.17,12.69,8.801,17.26,,110,,,17.96,,51.68,,40.41,17.36,19.23,55,8.2,30.8,55,39.5,27,55,13,5.918,,,,,,13.02,8.468,13.44,27.49,55,17.43,55,1.33,0.1155,43.65,22.48,22.21,3.062,,,,,4.61,3.794,1.97,2.13,1.14,3.405,23.65,0.7547,9.015,4.397,2.308,,,,23.64,0.2302,281.6,4.903,20.48,12.31,23.16,188.9,7.8,9.2,15.8,10.59,11.67,14.28,7.667,27.5,0.71,5.16,3.49,0.39,,5.03,8.8,16.39,0.46,1.24,2.25,55,12.89,,29.03,1.78,1.91,1.7,5.74,55,,7.092,,55,,0.75,0.36,24.33,2.01,5.002,3.998,22.27,32.16,17.11,,,17.41,31.39,3.532,48.24,2.15,2.83,3.45,11,5.68,11,195,37.22
99-85-4,"gamma-terpinene /  1-methyl-4-(1-methylethyl)-1,4-cyclohexadiene / γ-Terpinene",,,,,,,,,,,,,,,,,,,,,,,,,,,,,,,,,,,,,,,,,,,,,,,,55,55,45.5,,,,,,,,,,,,,,,,,,,,,,,,,,,,,,,,,,,,,,,,,,,,,,,,,,,,,,,,,,,,,,,115.3,136.4,595.2,3.31,1.06,3.07,4.12,1.57,,,,,,,,,,,,,,,,,,,,,,,,,12.15,11.84,22,14.7,55,15.18,20.42,,,,,,,,,,,,,,,,,,,,,,,,,,,,,,,,,,,,,,,,,,,,,,,,,,,,,,6.81,19.42,22.15,44,7.31,44,44,5.92,32.74,21.38,51.07,41.75,,,,,,,,,,15.08,,,,,,,,,,,,,,,,,,,,,,,,,,,,,,,,,,,,,,,,,,,,,,,,,,,,,,,,,,,,,,,,,,,,,,,,,,,,,,66.27,,16.33,22.39,,,31.55,,,,,,,,,,,,,,,,,,,,,,,,,,,8.048,,,,,,9.391,5.325,13.08,,,,,,,,,,,,,,,,,,,,,,,,,,,,,,,,,,,,,,,,,,,,,,,,,,,,,,,,,,,,,,,,,,,,,,,,,,,,,,,,,14.19,69.32,,,,,,,,,,
5989-08-2,(+)-a-longipinene,,26.08,,,,,,,,9.79,22,,,,,,,,,,,,,,,,,,,,,,,,,,,,22,22,,,,,6.45,,,31.71,30.62,27.19,33,19.05,16.25,21.42,,,,,,,,16.62,55,33,21.83,,,,,,,,,,,,44,77,18.48,,,,,,,,,,,,,,,,,,,,,,,,,,,,,,,,,55,15.83,89.05,20.96,,,,,,,,,,,,110,110,110,,,,,,14.07,,,,,,,,,,22,8.9,22,,,,11.52,22,22,22,22,22,22,22,22,22,16.89,22,22,11,11,11,11,11,11,,4.73,28.07,16.2,11.41,,,,,,,,,15.2,33,,,,,,,55,,,,,,,,,,,,1.7,67.07,5.05,5.28,,,,,,,1100,961.5,150.4,1100,,,,,,,,,,,,,,,,26.4,,,,,14.85,42.64,122.1,,,11.91,12.18,,38.9,38.5,6.26,38.5,,2.02,,,,,,,,,,,,,,,,,,,110,110,,,,,,,,,,,,16.8,35.2,22.41,55,,,,,,,,,,,,,,,,27.38,,55,23.97,18.67,6.4,17.85,12.51,11.62,10.41,,15.48,,,,26.6,,,,21.15,,14.73,,30.49,110,55,8.47,55,55,7,34.6,55,55,15,55,22.4,5.898,,,,,,11.31,25.96,26.98,31.1,55,11.5,55,,,,,,,,,,,,,,,,3.53,,,,471.6,7.39,,,,26.6,,,,,,,,,9.7,16.5,,,,12.88,,,,,,,,,,,,,2.54,,,55,,,,,,,,,,,,,,,6.469,3.817,23.14,31.29,,19.97,15.08,57.79,136.2,,,,,,,,,116.8,385
90-02-8,2-hydroxybenzaldehyde / Salicylaldehyde,,55,106.6,4.15,18.8,22.26,38.81,2.849,50.58,3.845,22,10.7,33,8.59,12.7,33,,,,,,,,,,,,,,,,,,14.33,13.32,,,,22,22,,,,,22,,,9.574,14.2,12.57,8.246,10.37,33,12.58,,,22,,,,,33,55,33,41.02,,,28.26,,,,,,,,,44,77,44,,,,,,,,,,,,,,,,,,0.09319,,,,,,,,,,,15.69,,,,21.45,1100,302.1,1100,,,,,,,,4.3,3.2,,,63.21,110,110,,,27.78,,,,,0.85,8.67,,,,,,,22,12.23,22,24.5,55,86,55,22,22,22,22,15.02,22,22,22,22,22,10.76,22,3.05,11,11,1.62,11,11,,8.79,31.86,11.56,20.36,,,,,,,,,,,8.087,19.48,12.34,22,22,22,21.39,33,33,33,15.44,33,,,,,,,,63.7,7.01,16.04,27.53,44,10.99,44,44,11.25,,,,,,,,,,8.1,,,43.57,,,30.37,33.62,,,26.4,,,,,31.34,75.27,73.69,,24.96,10.12,18.96,11.6,37.87,6,34.46,20.54,,7.769,,,,86.99,7.96,9.7,55,33.99,,,,,,,,,,18.85,22.17,17.15,29.32,,,,17.03,,,,,,,35.2,12.9,25.61,55,29.5,2.93,5.32,22,,,,4.999,,18.75,21.7,44,18.93,18.06,8.985,,,55,,,,,,,,0.81,15.56,,,,,39.22,24.63,,,,,,,,55,55,55,,,,,,,,,,15.49,22.87,25.97,26.84,21.2,26.03,,,55,32.29,29.11,55,,,,,,,,,,,,,,,,,,,2.926,,4.294,,,,16.01,,,,,,,,,11,13.5,9.5,10.5,16.2,14.26,,,,20.47,,,,,,14.37,20.47,20.47,55,,,55,,,,,7.721,,6.223,,10.59,,,,40.67,13.13,16.43,9.62,23.21,20.13,31.74,,,,,3.823,20.23,,,,,,,192.9,523.1
2639-63-6,Hexyl butyrate,,12.34,,0.84,1.904,,312.7,47.69,31.35,3.285,15.14,5.146,2.398,3.662,5.514,4.315,16.3,13.1,3.807,14.9,1.558,11.68,55,29.06,55,55,55,29.36,55,55,55,55,1.345,7.698,2.284,0.4384,0.2652,0.8113,4.77,0.8693,,,,,1.074,,,46.84,55,55,6,20.23,22.91,16.16,9.801,59.53,13.92,44,,,,33,29.82,33,55,,,32.36,,,,,,,,16.07,10.23,14.66,9.013,,,,,,,,,,,,,,,,,,0.44,,,0.4088,,0.08938,,,5.78,11.97,,75.14,,,,55,4.599,72.36,6.622,,,,,,,,0.4832,,33,33,61.54,110,110,,,12.36,13.89,2.812,,,0.9813,2.319,1.98,9.807,10.1,2.88,3.07,3.53,5.551,6.261,6.997,8.541,38.28,6.701,1.284,22,22,22,22,10.31,22,22,22,2.789,22,7.48,22,4.61,11,11,1.503,11,11,8.174,2.814,23.96,3.86,4.084,6.6,,5.8,5.146,1.057,3.013,15.21,33,33,33,8.829,21.53,33,10.1,22,17.7,33.02,19.22,33,33,13.49,33,,,,,7,4.6,,,5.472,11.42,15.08,40.44,10.79,44,44,8.826,,,,,10.63,6.55,7.373,2.321,,,0.09192,1.066,9.275,,0.7408,13.98,72.99,,14.21,26.4,15.6,2.604,10.26,3.726,21.53,12.36,75.01,19.58,13.91,10.76,11.94,10.47,16.14,38.5,32.29,17.91,2.25,1.019,17.54,55.49,,15.46,3.106,3.232,47.73,36.1,2.134,1.875,1.448,1.168,1.805,0.5718,1.339,0.7529,1.157,50.84,44.55,48.86,8.36,28.1,24.2,44,10.03,55,10.69,,,,,5.2,35.2,19.72,45.94,5.136,3.81,2.5,1.127,1.658,22,1.62,15.28,,8.727,44,44,44,17.22,6.367,23.29,,55,,55,,,,,,,21.85,,,,12.51,18.92,,110,,,18.9,,27.87,110,34.55,13.62,55,55,4,13.2,55,55,9.3,55,2,5.768,13.55,7.639,25.29,26.1,6.923,4.87,6.313,12.08,16.83,28.52,9.132,55,0.3069,6.348,38.34,28.37,16.19,3.07,3.7,3.07,13.6,5.5,4.342,2.786,1.981,1.763,1.17,1.451,3.085,0.9207,7.07,9.21,2.496,9.104,8.6,3.1,29.22,0.21,281.6,18.92,33.91,48.29,281.6,182.2,,,,11.6,10.76,17.5,6.727,27.5,0.71,5.16,3.582,0.2803,12.59,3.38,7.528,3.82,0.3956,4.4,3.56,2.692,12.89,8.49,55,0.3869,0.8311,13.2,6.853,55,,55,,5.82,,2.589,0.2464,23.97,0.9569,4.625,3.813,20.76,24.41,17.9,,,23.93,189.5,3.312,39.82,,,,,,,164.7,30.03
589-38-8,3-hexanone,,11.02,,,11.85,,312.7,47.69,31.35,4.036,22,,,,,,,,,,,,55,28.92,55,55,55,29.25,55,55,55,55,1.399,,,,,,22,22,,,,,22,,,55,55,55,15.53,10.78,33,13.64,17.31,78.68,13.54,44,,,,33,17.53,33,55,,,31.18,,,,,,,,15.82,,,,,,,,,,,,,,,,,,,,,0.44,,,,,,,,5.78,,,74.64,,,,,2.83,47.17,5.37,,,,,,,,0.8818,,33,33,46.68,110,110,,,,,,,,0.9502,5.471,8.5,,,,,,13.35,11.18,22,8.5,31.9,5.73,55,22,22,22,22,22,22,22,22,3,22,22,22,,,,,,,,,,8.27,5.89,,,,1.45,18.95,3.71,8.96,1.26,,,8.938,21.78,33,22,22,17.81,22.38,19.52,33,33,13.82,33,,,,,,,,,6.497,11.47,16.61,44,11.62,44,44,10.11,,,,,,,,,,,,,55,,,,,,,26.4,,,,,32.81,,,,,12.85,16.39,20.41,26.14,38.5,34.26,16.79,,,,63.15,,11.7,4.936,,55,47.8,,,,,,,3.6,2.59,3.43,,110,110,,,,,,,,,,,,5.2,35.2,39.54,42.2,,,,1.779,,,,7.522,,,,,,,,,,55,,,,,,,,,,,,,,22.97,,110,,,25.14,,,,55,55,55,,,,,,,,,5.51,12.17,8.935,23.5,26.41,8,6.34,6.7,12.51,13.09,23.01,7.732,55,,35.2,,,,,,3.3,,,,,,,,9.15,1.85,1.23,48.85,,,,,,,,,,,,,,,,,,,,,,,,15.54,7.327,,2.16,,,1.977,4.588,10.69,4.09,,8.49,55,2.38,,,,55,,55,,5.82,,30.18,1.251,55,7.23,13.06,6.26,19.85,27.87,29.85,,,,,8.737,40.78,,,,,,,186.2,243.1
5973-71-7,"3,4-Dimethyl-benzaldehyde",3.68,55,60.83,2.48,17.95,18.77,18.11,9.73,,4.76,22,,,,,,,,,,,,,,,,,,,,,,,33,33,,,,22,22,,,,,22,,,55,55,55,6.83,11.84,33,55,,,22,,,,,33,55,33,55,,,,,,,,,,,,44,77,44,,,,,,,,,,,,,,,,,,,,,,,,,,,,,,,,,,,,,,,,,,,,,2.209,,,110,110,110,,,28.43,,,,,0.85,8.67,,,,,,,22,12.23,22,24.5,55,86,55,22,22,22,22,22,22,22,22,22,22,22,22,3.05,11,11,1.62,11,11,,8.79,31.86,11.56,20.36,,,,,,,,,,,8.9,24.49,12.75,22,22,22,22.3,33,33,33,16.26,33,,,,,,,,,,,,,,,,,,,,,,,,,,8.1,,,44.21,,,,9.883,,,26.4,,,,,32.16,75.41,80.66,,24.96,14.07,20.85,11.6,44.69,6.81,34.71,23.84,,10.53,,7.89,,18.82,7.888,,55,34.8,,,,,,,,,,49,23.35,19.47,40.46,,,,32.14,,,,,,,35.2,12.9,55,55,,,,22,,,,5.66,,18.75,21.7,44,18.93,18.06,11.2,,,55,,,,,,,,0.81,15.56,,,,,,14.08,,3.4,,,,,,55,55,55,,,,,,,,,,14.1,32.42,23.64,25.72,23.09,,,,55,33.3,29.3,55,,,39.32,38.01,31.63,,,,,,,,,,,,,,2.73,,,,,,16.94,,,,,,,,,,,9.5,10.5,16.2,96.51,,,,22,,,,,,22,22,22,55,,,55,,,,,7.75,,7.47,,16.22,,,,55,13.13,,,,,,,,,,3.696,20.23,,,,,,,192.9,523.1
128-37-0,"Butylated hydroxytoluene / 2,6-Di-tert-butyl-4-methylphenol",,,,,,,,,,,,,,,,,,,,,,,,,,,,,,,,,,,,,,,,,,,,,,,,,,,,,,,,,,,,,,,,,,,,,,,,,,,,,,,,,,,,,,,,,,,,,,,,,,,,,,,,,,,,,,,,,,,,,,,,,,,,,,,,,,,,,,,,,,,,,,,,,,,,,,,,,,,,,,,,,,,,,,,,,,,,,,,,1.9,,,,,,,,,,,,,,,24,,,,,,,,,,,,,,,,,,,,,,33.84,43.98,67.57,17.53,,,,,,,,,,,,,,,,,,,,,,,,,,,,,,,,,,,,,,,,,,,,,,,,,,,,,,,8.31,,,,80.92,,,,,,,,,,,,,,,,,,,,,,,,,11.8,,,55,33.8,,14.43,49.85,9.58,20.09,0.77,,,,,,,,,,,,,,,,,,,,,,,,,,,,16.78,55,27.12,32.14,18.84,,,,19,55,9.5,55,,,38.34,31.44,15.48,,,,,,,,,,,,,,,20.05,,,,,,,,,,,,,,,,,,,40.49,,,,,,,,,,,,,,,,15.14,20.43,,,,,,,,,,,,,,,,,,,,,,,,,,,,,,,,
543-49-7,2-heptanol,,20.37,,,60.59,,312.7,47.69,31.35,2.817,22,,,,,,,,10.7,,,11.8,,,,,,,55,55,55,55,1.399,10.02,1.525,33,33,33,22,22,,,,,11.86,,,44.68,39.72,39.1,4.938,19.21,25.4,43.86,,,14.29,,,,,33,22.2,33,55,,,,,,,,,,,15.81,35.52,17.05,10.05,,,,,,,,,,,,,,,,,,0.44,,,12.9,,55,,,6.84,,,,,,,55,302.1,925.9,110,,,,,,,,0.4113,,33,33,110,110,110,,,24.6,,,,,1.015,21.6,8.065,9.807,10.1,2.88,3.07,3.53,6.55,9.821,22,14.95,55,9.727,20.73,22,22,22,22,22,22,22,22,3,22,22,22,3.588,11,11,1.858,11,11,4.14,3.181,25.92,2.06,2.702,,,8.1,15.01,33,33,33,33,33,9.31,16.19,9.25,33,22,22,22,22.6,33,33,33,21.46,13.83,,,,,,,,,6.649,15.58,17.48,44,13.59,44,44,11.04,,,,,,,,,,,,,55,,,,86.85,,13.08,26.4,15.5,2.975,11.6,4.2,6.512,1.22,71.93,31.78,32.95,12.31,5.811,5.102,15.08,10.87,33.91,21.62,2.25,3.634,16.42,52.61,,33.01,4.766,,41.7,55,,,,0.7864,0.7577,6.627,3.6,2.59,3.43,,33.78,37.4,39.95,,,,56.35,55,16.1,,,,,5.2,35.2,18.6,48.09,4.4,2.12,2.48,2.701,1.658,22,1.62,17.89,11.17,7.73,44,44,44,16.42,6.182,58.11,,55,,,,,,,,,,,,,36.57,22.2,,57.96,,,22.5,,16.37,,28.07,8.613,55,,,,,,,,,24.92,,,,,,13.77,25.86,13.77,55,55,55,55,,35.2,40.27,9.84,12.25,,,3.3,,,,,,,,3.47,2.873,0.9347,20.36,,6.032,,,,32.45,,,,,,,,,,,11.91,10.8,17.5,7.885,,,,15.79,7.327,12.59,2.947,,,1.924,4.652,11.61,55,12.89,8.49,55,1.399,13.2,2,13.2,55,,55,,5.82,,30.18,1.251,55,7.224,6.248,3.961,13.3,27.96,18.22,,,,,3.532,40.78,,,,,,,175.1,28.07
112-30-1,1-decanol,,12.67,,0.84,2.498,,312.7,47.69,31.35,2.489,22,7.25,33,3.99,0.96,10.7,12.82,10.07,8.175,,,11.34,55,51.6,55,55,55,55,6.508,55,55,22.14,1.384,11.49,1.307,33,33,33,22,22,,,,,11.47,,,49.3,39.49,49.11,5.645,16.27,17.62,34.91,9.358,59.53,12.57,19.53,,,,29.16,18.94,33,55,,,35.53,,,,,,,,15.55,44,35.03,11.69,,,,,,,,,,,,,,,,,,0.44,,,1.224,,0.6875,,,6.113,,,69.78,,,,55,11.76,282.8,26.43,3.92,1.3,2.5,3.63,1.56,3.6,,1.8,,33,33,56.29,110,110,,,24.6,,2.85,,,1.98,6.202,8.008,9.807,10.1,1.868,2.45,2.798,7.742,9.049,22,12.59,55,11.3,27.31,22,22,22,22,22,22,22,3.34,4.443,4.104,22,22,4.41,11,11,1.435,11,11,3.335,2.96,24.36,1.98,2.4,6.6,,5.988,7.793,7.274,6.368,23.03,9.892,6.908,10.98,14.14,24.63,33,22,22,18.99,43.92,22.83,33,33,17.89,33,,,,,7,4.6,,,6.219,16.22,19.97,40.8,16.74,44,44,14.79,,,,,10.63,3.95,5.882,2.303,,,0.104,1.472,42.61,,1.21,20.73,75.37,48.83,10.57,6.6,26.4,6.32,12.67,7.02,5.465,0.8766,68.9,12.61,32.13,38.5,4.533,9.92,8.521,38.5,17.68,38.5,1.885,3.156,16.38,71.06,1.003,14.27,15.1,,47.14,34.15,0.7926,0.5206,1.368,6.77,4.81,9.6,1.567,0.9694,1.366,47.83,34.17,38.08,35.31,,,,73.97,55,8.565,,,,,5.2,35.2,20.88,55,4.328,3.81,2.5,1.485,1.658,22,1.62,13.55,11.17,7.73,44,44,44,16.42,5.15,14.74,,55,,55,,,,,,,18.52,66.54,47.17,12.69,11.05,17.03,,69.21,,,17.44,,30.27,110,55,14.19,20.68,55,4,13.2,55,55,9.3,55,2,9.547,26.83,8.5,40.4,26.31,7.64,7.139,7.271,12.33,55,55,55,55,0.3188,0.3962,46.33,17.09,22.49,2.995,,3.097,,,,13.88,,,,1.9,3.536,0.9267,10.03,5.14,3.69,,,,23.46,,,,,,,,7.8,,,11.59,11.34,16.03,6.734,,,,3.796,0.2715,12.59,2.759,8.8,16.39,0.8063,2.227,4.463,3.887,12.89,8.49,55,0.6268,0.967,1.031,8.78,55,,55,,4.57,,0.2045,0.1203,55,0.8362,3.924,3.686,20.92,26.53,15.26,,,23.93,189.5,3.532,40.4,,,,11,5.68,11,181.9,28.26
112-95-8,eicosane,,15.11,,0.84,2.707,,312.7,47.69,31.35,2.844,14.88,7.25,33,3.99,0.96,10.7,12.91,9.716,7.122,,,11.59,55,51.6,55,55,55,55,5.814,38.46,55,15.9,5.495,4.951,2.314,33,33,33,22,22,,,,,11.47,,,39.14,40.12,41.7,4.638,21.13,17.73,35.71,9.386,59.53,12.47,19.44,,,,27.38,23.26,33,55,,,35.58,,,,,,,,15.53,38.2,28.49,16.61,,,,,,,,,,,,,,,,,,0.44,,,2.713,,3.023,,,6.354,,,69.78,,,,55,23.74,380.2,28.74,3.92,1.3,2.5,3.63,1.56,3.6,,0.4517,,33,33,110,110,110,,,,,2.85,,,1.287,6.167,8.029,10.45,10.6,1.905,2.475,2.828,4.73,10.18,22,7.7,55,10.12,55,22,22,22,22,22,22,22,3.34,5.316,4.104,22,22,4.869,11,11,1.47,11,11,3.595,2.98,23.2,2.952,3.958,6.6,,5.722,10.5,9.163,7.046,22.22,5.966,33,9.801,8.401,18.6,33,22,22,16.66,38.25,23.97,33,33,13.36,33,,,,,7,4.6,,,4.846,13.85,15.98,38.47,15.18,44,44,10.83,,,,,10.63,,7.26,2.24,,,0.09,1.484,33.37,,1.183,20.51,77.09,48.83,12.53,26.4,15.28,2.789,10.91,3.943,5.399,3.237,73.14,21.69,31.31,12.31,6.166,5.33,13.32,10.87,10.86,21.62,2.25,3.608,16.49,57.93,0.9722,13.67,4.766,,48.08,35.32,0.7939,0.5499,1.523,0.7864,0.7577,6.627,1.816,1.271,1.594,48.28,33.86,38.42,32.81,,,,81.78,55,12.44,,,,,5.2,35.2,16.37,55,4.558,2.148,2.48,1.485,1.658,22,1.62,13.55,11.17,7.73,44,44,44,16.42,6.167,24.58,,55,,55,,,,,,,18.52,66.54,47.17,12.69,10.85,17.21,,77.92,,,16.58,,36.46,110,16.59,21.08,55,55,4,13.2,55,55,9.3,55,2,18.93,26.83,8.5,40.4,26.31,7.64,4.36,25.22,12.37,55,55,55,55,0.3203,0.8036,46.29,24.88,26.85,2.939,,3.059,,,,,,,,3.327,7.306,0.9127,11.33,5.14,4.198,,,,24.62,0.64,281.6,5.36,21.17,13.47,27.31,281.6,7.8,,,12.06,10.77,17.5,6.819,,,,7.817,5.061,12.59,2.818,8.8,,1.284,3.695,6.718,4.318,12.89,8.49,55,1.524,1.055,1.182,13.2,55,,55,,6.276,,0.2387,0.3785,55,5.764,4.08,3.978,20.53,24.64,18.22,,,23.93,189.5,3.532,40.99,2.15,2.83,3.45,11,5.68,11,188.7,30.01
100-47-0,benzonitrile,,,,,,,,,,,,,,,,,,,,,,,,,,,,,,,,,,,,,,,,,,,,,,,,,,,,,,,,,,,,,,,,,,,,,,,,,,,,,,77,44,,,,,,,,,,,,,,,,,,,,,,,,,,,,,,,,,,,,,,,,,,,,,,,,,,,,,36.55,,,,,,,,,,,,,,,,,,,,,,,,,,,,,,,,,,,,,,,,,,,,,,,,,,,17.32,33,,,,,,,,,,,,,,,,,,,,,,,,,,,,,,,,,,,,,,,,,,,,,,,,26.4,,,,,37.14,,71.31,30.24,28.3,12.5,20.92,13.16,49.03,38.5,32.56,14.53,,13.1,18.46,,,,,,,,,,,,,,,,,51.7,,,,,,,,,,,,,,,,,,,,,,,,,22,,,,,,,,,,,,,,,,,,,,,,,,,,,,,,,,,,,,,,,,,,,,,,,,,,,,,,,,,,,,,,,,,,,,,,,,,,,,,,,,,,,,,,,,,,,,,,,,,,,,,,,,,,,,,,,,,,,,55,,55,,55,,,,,,,,,,,,,,,,,,,,,,,,
106-28-5,"(2E,6E)-3,7,11-trimethyldodeca-2,6,10-trien-1-ol / trans,trans-Farnesol",,5.461,,1.798,3.266,,174.3,5.754,20.69,4.935,22,33,33,33,6.37,33,5.3,11.5,8.518,,1.23,15.1,55,55,24.04,55,55,35.87,0.2522,1.706,32.38,2.526,15.09,20.1,20.1,,,,22,5.745,,,,,5.712,,,55,55,55,1.13,12.33,15.06,27.12,,,,17.57,26.3,9.5,39.1,33,20,19.26,12.99,11.18,13.96,,,,,,,,,19.16,37.13,3.868,0.9548,,,,,,,,,,,,,,,,,,0.482,,,,,,,,3.922,,,,,,,,1.095,42.14,9.489,2.635,1.531,1.869,,1.512,,,1.343,,,,110,110,110,,,29.77,,0.9964,,123,,,,,,,,,3.025,4.157,4.675,6.16,47.22,7.308,4.208,2.304,22,22,22,0.6209,22,4.701,3.29,3.328,1.103,0.4561,22,11,11,11,4.141,11,11,,0.35,1.64,1.33,3.186,,,,3.822,5.638,2.669,5.021,16.04,16.73,19.99,17.83,13.4,16.64,2.131,1.604,18.22,13.38,33,33,22.36,24.59,25.18,,,2.68,,,,6.96,110,3.975,7.027,43.1,23.06,17.45,44,44,8.82,14.21,44.92,38.93,29.37,,,,,,,,,55,10.87,,,11.27,,,,,,,,,,69.43,,33.1,19.48,,,,38.5,,26.61,,11.77,,,,9.878,,5.4,55,21.8,,,,,,,7.101,4.652,6.573,45.42,22.2,24.97,14.96,44,21.8,44,50.19,55,23.5,,,,,2.692,27.85,55,55,86.5,,,22,,,,9.768,11,,,,,,12.62,,75.93,55,31.9,55,45.23,55,7.77,12.37,15.56,,9.994,,,,12.96,26.79,23.97,110,4.3,110,10.27,,25.57,110,3.454,1.32,9.357,55,4.033,19.26,55,48.47,2.847,55,7.117,7.971,,,,,,10.26,6.711,10.52,17.99,20.26,5.153,55,0.69,1.08,,,,2.187,,6.033,,6.397,,,,,,3.489,0.7131,0.3876,3.179,10.31,2.316,33.1,34.5,,26.58,,,,,,,,11.2,8.9,6.4,9.7,8.6,0.9337,8.281,,,,22,1.366,10.47,,7.616,23.35,5.327,40.19,44,3.482,13.46,10.4,55,6.895,,,,8.65,,10.7,,12.17,,25.7,0.8711,55,1.182,,,,,,,,,,5.071,37.58,,,,,,,42.25,98.17
40642-40-8,(Z)-8-dodecenyl alcohol / (Z)-8-Dodecen-1-ol / Z8-12:OH,,10.25,,0.84,1.08,,,,,2.432,22,7.25,33,3.99,0.96,10.7,12.31,9.357,7.568,,,11.45,55,41.22,55,37.34,44.93,31.68,0.3627,18.64,55,2.517,9.602,19.48,1.501,10.69,10.04,7.605,3.912,0.5716,,,,,0.7256,,,19.65,22.3,23.62,6.876,14.86,16.03,18.81,,108.8,12.84,44,,,,26.99,18.08,33,55,,,,,,,,,,,24.53,13.21,4.227,2.046,,,,,,,,,,,,,,,,,,1.6,,,0.5,,0.13,,,,,,9.96,,,,40.71,21.85,183.7,31.4,3.878,1.308,2.506,3.636,1.564,3.6,,0.4517,,,,18.77,110,67.01,,,24.6,,3.07,,,1.803,1.226,1.968,9.93,9.94,1.413,2.118,2.409,5.147,4.448,2.843,10.03,55,12.74,0.4434,22,22,22,22,22,22,22,22,12.78,22,22,22,3.255,6.656,2.562,0.5138,3.046,10.51,4.054,1.415,10.23,0.4367,0.5213,6.6,,5.8,1.876,22.31,3.542,10.97,1.048,13.94,8.873,16.88,10.57,9.208,0.6238,0.4357,22,55,33,33,33,33,33,,,,,7,4.6,,,5.108,14.98,18.94,38.37,20.38,44,44,15.28,,,,,10.63,3.869,5.662,1.921,,,0.116,1.438,30.18,,0.8585,27.78,72.83,40.76,10.37,26.4,15.3,2.842,11.1,4.013,3.14,12.79,103.7,6.19,19.59,38.5,5.59,5.387,3.05,2.73,13.05,7.76,1.73,2,17.72,113.1,0.9542,14.27,4.766,,46.62,38.9,0.7881,0.5636,1.314,0.5959,0.4321,1.402,1.563,0.651,1.043,46.72,30.69,33.92,49.63,,,,70.26,55,9.605,,,,,10.7,35.2,24.88,55,4.344,,,1.485,1.658,22,1.62,13.55,12.59,8.567,44,44,33.8,16.99,6.559,4.129,41.08,55,,55,,,,,,1.636,5.181,66.54,47.17,12.69,8.399,17.28,23.67,110,,,,,65.83,,55,19.18,21.57,55,6.376,15.25,55,38.43,25.45,55,12.42,6.51,,,,,,9.832,7.744,15.23,28.65,30.05,19.26,55,0.3392,0.1152,39.55,20.85,18.82,3.31,,,,,4.61,3.794,1.97,2.13,1.14,4.918,,,11.98,4.551,2.629,,,,24.49,0.2264,281.6,4.973,20.59,12.49,23.77,187.6,7.8,9.2,15.8,10.5,11.64,14.39,9.488,27.5,0.71,5.16,1.907,0.1923,,5.03,8.8,16.39,0.2509,0.989,1.955,55,,,28.76,0.6163,0.7541,0.9035,7.716,14.02,,5.586,,55,,0.371,0.2402,13.97,0.5868,4.917,3.993,22.27,32.16,17.11,,,16.64,24.3,3.532,48.24,2.15,2.83,3.45,11,5.68,11,,
99-86-5,"alpha-terpinene /  1-methyl-4-(1-methylethyl)-1,3-cyclohexadiene",,,,,,,,,,,,,,,,,,,,,,,,,,,,,,,,,,,,,,,,,,,,,,,,55,55,45.5,,,,,,,,,,,,,,,,,,,,,,,,,,,,,,,,,,,,,,,,,,,,,,,,,,,,,,,,,,,,,,,115.3,136.4,595.2,3.31,1.06,3.07,,1.57,,,,,,,,,,,,,,,,,,,,,,,,,12.53,11.13,22,14.7,55,15.18,20.42,,,,,,,,,,,,,,,,,,,,,,,,,,,,,,,,,,,,,,,,,,,,,,,,,,,,,,6.81,19.42,22.15,44,7.31,44,44,5.92,,,,,,,,,,,,,,15.08,,,,,,,,,,,,,,,,,,,,,,,,,,59.87,,,,,,,,,,,,,,,,,,,,,,,,,,,,,,,,,,,,,,,,,,,,,,,,,,,,,,,,,,,,,,,,,,,,,,,,,,,,,,,,,,,,,8.77,,,,,,9.45,6.18,13.81,,,,,,,,,,,,,,,,,,,,,,,,,,,,,,,,,,,,,,,,,,,,,,,,,,,,,,,,,,,,,,,,,,,,,,,,,,,,,,,,,,,,,,,,,,,,
626-82-4,hexanoic acid / butyl ester / Butyl hexanoate,,11.77,,0.84,1.98,,312.7,47.69,31.35,3.378,17.45,4.853,3.471,3.609,33,4.523,,,3.273,14.9,1.202,11.8,55,30.06,55,55,55,31.03,55,55,55,55,1.642,9.491,4.129,0.4518,0.2748,0.8318,6.057,1.441,,,,,1.723,,,36,42.88,37.37,2.024,13.79,22.52,23.83,8.495,69.06,11.08,25.28,,,,33,35.38,33,55,,,32.74,,,,,,,,16.26,33.7,46.61,18.57,,,,,,,,,,,,,,,,,,0.44,,,0.4179,,0.09312,,,5.583,12.67,,78.54,,,,55,4.128,63.63,4.398,,,,,,,,0.464,,33,33,50.12,110,110,,,12.36,13.89,2.809,,,1.033,2.961,2.309,9.807,10.1,2.88,3.07,3.53,6.142,6.677,8.037,7.502,34.74,5.92,1.63,22,22,22,22,7.09,22,14.84,6.538,3.117,22,3.176,22,5.23,11,11,1.98,11,11,9.063,3.162,25.83,3.069,3.379,,,,15.15,33,12.36,33,33,,,8.933,21.77,33,10.39,22,17.8,36.57,19.5,33,33,13.81,33,,,,,,,,,6.33,11.68,15.1,44,10.97,44,44,8.495,,,,,10.63,6.55,7.489,2.452,,,0.08915,1.087,7.525,,0.8002,14.83,86.85,,13.08,26.4,15.95,2.706,10.62,3.89,17.69,43.08,77.69,15.47,13.01,17.01,10.03,13.81,12.97,38.5,32.97,22.24,2.25,1.077,17.46,58.08,,14.75,3.201,3.423,48.19,36.59,2.133,1.877,1.448,1.159,1.673,0.6096,1.122,0.711,0.9541,47.23,45.81,47.02,9.424,28.1,24.2,44,10.38,55,10.62,,,,,5.2,35.2,21.2,43.87,5.239,3.557,2.256,1.127,1.658,22,1.62,15.28,,8.61,44,44,44,17.09,5.904,58.11,,55,,,,,,,,,,,,,,18.53,,110,,,18.59,,69.87,110,55,15.47,55,55,4,13.2,55,55,9.3,55,2,5.218,12.15,8.973,23.47,26.42,8.032,5.055,5.393,12.17,15.49,26.76,8.339,55,0.307,6.473,36.15,34.97,13.72,8,3.7,3.122,13.6,5.5,4.342,2.786,1.98,1.762,1.169,1.695,3.455,1.435,8.082,9.21,2.56,9.968,8.6,3.1,32.45,0.21,281.6,18.92,33.91,48.29,281.6,182.2,,,,11.91,10.85,17.5,7.551,27.5,0.71,5.16,15.54,7.327,,3.144,,,0.977,4.235,6.932,4.09,12.89,8.49,55,0.5245,0.8299,13.2,6.819,55,,55,,5.82,,3.006,0.4992,55,3.41,5.078,3.884,21.27,25.06,16.87,,,,,3.582,40.78,,,,,,,155.3,35.23
143-13-5,Nonyl acetate / 9:Ac,,13.03,,1.243,4.085,,313.2,38.13,31.38,3.35,22,5.153,2.399,3.663,5.391,4.316,16.3,13.1,3.832,14.9,1.562,11.68,55,33.06,55,36.88,55,39.75,55,55,55,55,1.788,8.17,1.607,0.4416,0.2675,0.8135,3.674,0.5003,,,,,0.6406,,,23.55,29.16,46.51,3.73,17.24,33,55,18.86,56.46,22,26.02,,,,33,29.66,33,55,,,32.58,,,,,,,,16.06,18.03,16.44,9.946,,,,,,,,,,,,,,,,,,0.4406,,,1.048,,0.2443,,,5.626,11.97,,75.41,,,,8.975,5.447,76.34,7.603,,,,,,,,0.5121,,33,33,86.93,110,110,,,12.36,13.89,2.82,,,0.9834,3.097,2.034,9.807,10.1,2.88,3.07,3.53,4.524,4.76,5.022,8.606,38.51,6.75,0.7534,22,22,22,22,12.17,22,22,22,3.025,6.68,6.34,22,3.782,7.523,3.763,0.7009,5.225,10.48,6.106,2.805,23.94,3.711,4.058,5.355,,5.746,7.081,2.622,5.093,18.79,33,23.52,9.742,8.433,21.16,33,22,22,17.52,35.49,26.25,33,33,13.01,33,,2.47,,,5.558,4.664,,,5.097,12.4,15.09,39.41,12.08,44,44,9.217,,,,,10.63,6.55,7.384,2.333,,,0.09845,1.152,8.75,,0.663,14.02,75.49,,21.2,26.4,15.6,2.604,10.26,3.726,14.79,12.27,81.21,19.74,14.09,12.07,5.55,9.281,15.7,38.5,22.62,19.84,2.25,0.86,18.01,55.53,1.26,16.33,3.22,3.228,55,33.8,1.443,1.187,1.278,1.233,3.184,0.414,1.412,0.8202,1.223,50.57,40.32,44.69,10.38,28.1,24.2,44,11.01,55,10.76,,,,,5.478,29.35,16.08,41.72,5.116,3.81,2.5,0.6323,1.658,22,1.62,3.72,,9.444,44,44,44,18.1,7.335,31.73,,55,,55,,,,,,,6.059,25.57,24.29,22.07,12.69,17.31,,110,,,18.81,,28.21,110,55,55,55,55,3.567,10.98,55,37.48,8.366,55,1.491,6.299,13.88,7.449,25.71,26.05,6.763,5.151,6.655,12.09,29.43,32.13,13.91,55,0.3068,2.733,34.86,28.73,12.16,1.89,3.886,3.557,13.6,2.351,4.353,2.737,1.949,1.7,1.082,1.222,2.198,0.5751,24.18,8.455,2.38,9.101,8.6,3.1,29.27,0.21,281.6,18.92,33.91,48.29,281.6,182.2,,,,10.6,11.91,14.54,8.026,27.5,0.71,5.16,3.585,0.2797,12.59,8.44,7.417,3.82,0.3953,4.4,3.563,3.589,12.89,8.49,55,0.386,0.8432,13.2,6.959,55,,55,,5.82,,2.578,0.2458,11.08,0.9561,5.837,3.559,19.06,22.15,22.82,,,23.93,189.5,3.163,40.08,,,,,,,169.8,28.72
2921-88-2,Chlorpyrifos,,,,,,,,,,,,,,,,,,,,,,,,,,,,,,,,,,,,,,,4.46,2.53,4.74,5.06,3.36,4.17,,4.74,6.54,,,,,,,,,,,,,,,,,,,,,,,,,,,,,,,,,,,,,,,,,,,,,,,,,,,,,,,,,,,,,,,,,,,,,,,,,,,,,,,,,,,,,,,,,,,,,,,,,,,,,,,,,,,,,,,,,,,,,,,,,,,,,,,,,,,,,,,,,,,,,,,,,,,,,,,,,,,,,,,,,,,,,,,,,,,,,,,,,,,,,,,,,,,,,,,,,,,,,,,,,,,,,,,,,,,,,,,,,,,,,,,,,,,,,,,,,,,,,,,,,,,,,,,,,,,,,,,,,,,,,,,,,,,,,,,,,,,,,,,,,,,,,,,,,,,,,,,,,,,,,,,,,,,,,,,,,,,,,,,,,,,,,,,,,,,,,,,,,,,,,,,,,,,,,,,,,,,,,,,,,,,16.63,20.44,19.06,,5.89,,,,,,,,,,,,,,,,,,,,,,,
629-92-5,nonadecane,,15.11,,0.84,2.707,,312.7,47.69,31.35,2.844,14.88,7.25,33,3.99,0.96,10.7,12.91,9.716,7.122,,,11.59,55,51.6,55,55,55,55,5.814,38.46,55,15.9,5.495,4.951,2.314,33,33,33,22,22,,,,,11.47,,,39.14,40.12,41.7,4.638,21.13,17.73,35.71,9.386,59.53,12.47,19.44,,,,27.38,23.26,33,55,,,35.58,,,,,,,,15.53,38.2,28.49,16.61,,,,,,,,,,,,,,,,,,0.44,,,2.713,,3.023,,,6.354,,,69.78,,,,55,216,226.2,124.1,3.92,1.3,2.5,3.63,1.56,3.6,,0.4517,,33,33,110,110,110,,,,,2.85,,,1.287,6.167,8.029,12.01,13.02,1.905,2.475,2.828,22,7.89,22,8.9,55,10.12,55,22,22,22,22,22,22,22,3.34,5.316,4.104,22,22,4.869,11,11,1.47,11,11,3.595,2.98,23.2,2.952,3.958,6.6,,5.722,10.5,9.163,7.046,22.22,5.966,33,9.801,8.401,18.6,33,22,22,16.66,38.25,23.97,33,33,13.36,33,,,,,7,4.6,,,4.846,13.85,15.98,38.47,15.18,44,44,10.83,,,,,10.63,,7.26,2.24,,,0.09,1.484,33.37,,1.183,20.51,77.09,48.83,12.53,26.4,15.28,2.789,10.91,3.943,5.399,3.237,73.14,21.69,31.31,12.31,6.166,5.33,13.32,10.87,10.86,21.62,2.25,3.608,16.49,57.93,0.9722,13.67,4.766,,48.08,35.32,0.7939,0.5499,1.523,0.7864,0.7577,6.627,1.816,1.271,1.594,48.28,33.86,38.42,32.81,,,,81.78,55,12.44,,,,,5.2,35.2,16.37,55,4.558,2.148,2.48,1.485,1.658,22,1.62,13.55,11.17,7.73,44,44,44,16.42,6.167,24.58,,55,,55,,,,,,,18.52,66.54,47.17,12.69,10.85,17.21,,77.92,,,16.58,,36.46,110,16.59,21.08,55,55,4,13.2,55,55,9.3,55,2,19.49,26.83,8.5,40.4,26.31,7.64,8.58,5.99,14.33,55,55,55,55,0.3203,0.8036,46.29,24.88,26.85,2.939,,3.059,,,,,,,,3.327,7.306,0.9127,11.33,5.14,4.198,,,,24.62,0.64,281.6,5.36,21.17,13.47,27.31,281.6,7.8,,,12.06,10.77,17.5,6.819,,,,7.817,5.061,12.59,2.818,8.8,,1.284,3.695,6.718,4.318,12.89,8.49,55,1.524,1.055,1.182,13.2,55,,55,,6.276,,0.2387,0.3785,55,5.764,4.08,3.978,20.53,24.64,18.22,,,23.93,189.5,3.532,40.99,2.15,2.83,3.45,11,5.68,11,188.7,30.01
100-51-6,benzyl alcohol,2.64,,105,4.01,17.99,21.26,38.78,2.72,,3.75,22,,,,,,,,,4.7,7.7,,55,55,55,28.3,55,13.4,,,,,,9.328,8.346,,,,,,,,,,,,,25.97,24.46,19.76,15.58,14.81,33,28.87,,,,,,,,18.95,,33,55,,,,,,,,,,,,,,,,,,,,,,,,,,,,,,,,,,,12.9,,2.5,,,,,,15.69,,,,,,,,,,,,,,,1.9,2.52,,,110,110,110,,,36.55,,,,,5.02,,,,,,,,,,,27.1,55,103.2,26.57,22,22,22,22,22,22,22,22,22,22,12.4,22,,,,,,,,,,,,,,,33,33,33,33,33,19.89,33,33,33,33,22,22,22,38.13,33,33,33,33,33,,,,,,,,,,,,,,,,,,,,,,,,,390,,,,55,,,230.9,109.4,,,,,,,,,,,22.32,,38.5,,21.44,,38.5,,26.38,,,,36.5,,14.3,18.9,,55,30.41,,,,,,,,,,24.2,34.89,54.78,52.85,,,,42.24,,,,,,,,,55,55,,,,22,,,,22,,,,,,,11.8,16.88,,33.56,23.8,,5.47,55,22.21,17.5,56.93,,,,,,,,,,10.8,,,,26.5,,55,55,55,55,6.5,23.3,55,55,25.5,55,12.3,,17.97,5.059,23.38,19.73,9.853,,,,30.97,35.82,24.17,40.95,,,40.3,37.94,14.82,,,,,,,,,,,,,,5.538,11.46,4.113,82.6,21.6,19.5,26.69,,,,,,,,,,,,,,11.53,,,,20.19,,9.89,,8.03,,12.67,20.19,20.19,55,,9.52,26.63,,,,,55,,11.2,,8.97,,,,55,13.26,,,,,,,,,,,,,,,,,,,
629-50-5,tridecane,,15.11,,0.84,2.707,,312.7,47.69,31.35,2.844,14.88,7.25,33,3.99,0.96,10.7,12.91,9.716,7.122,,,11.59,55,51.6,55,55,55,55,5.814,38.46,55,15.9,5.495,4.951,2.314,33,33,33,22,22,,,,,11.47,,,39.14,40.12,41.7,4.638,21.13,17.73,55,9.386,59.53,12.47,19.44,,,,27.38,23.26,33,55,,,35.58,,,,,,,,15.53,44,77,44,,,,,,,,,,,,,,,,,,0.44,,,2.713,,3.023,,,6.354,,,69.78,,,,55,3.82,234.7,34.97,3.92,1.3,2.5,3.63,1.56,3.6,,0.4517,,33,33,110,110,110,,,,,2.85,,,1.287,6.167,8.029,9.807,10.1,1.905,2.475,2.828,6.55,9.821,22,9.108,55,9.727,24.22,22,22,22,22,22,22,22,5.09,5.316,22,22,22,4.869,11,11,1.47,11,11,3.595,2.98,23.2,2.952,3.958,6.6,,5.722,10.5,9.163,7.046,22.22,5.966,33,9.801,8.401,18.6,33,22,22,16.66,38.25,23.97,33,33,13.36,33,,,,,7,4.6,,,4.846,13.85,15.98,38.47,15.18,44,44,10.83,,,,,10.63,,7.26,2.24,,,0.09,1.484,33.37,,1.183,20.51,77.09,48.83,12.53,26.4,15.28,2.789,10.91,3.943,5.399,3.237,73.14,21.69,31.31,12.31,6.166,5.33,13.32,10.87,10.86,21.62,2.25,3.608,16.49,57.93,0.9722,22,4.766,,48.08,35.32,0.7939,0.5499,1.523,0.7864,0.7577,6.627,1.816,1.271,1.594,48.28,33.86,38.42,32.81,,,,81.78,55,12.44,,,,,5.2,35.2,16.37,55,4.558,2.148,2.48,1.485,1.658,22,1.62,13.55,11.17,7.73,44,44,44,16.42,6.167,24.58,,55,,55,,,,,,,18.52,66.54,47.17,12.69,10.85,17.21,,77.92,,,16.58,,36.46,110,55,19.74,55,55,4,13.2,55,55,9.3,55,2,206.8,26.83,8.5,40.4,26.31,7.64,55,7.715,12.47,55,55,55,55,0.3203,0.8036,46.29,24.88,26.85,2.939,,3.059,,,,,,,,3.327,7.306,0.9127,23.84,5.14,4.198,,,,24.62,0.64,281.6,5.36,21.17,13.47,27.31,281.6,7.8,,,12.06,10.77,17.5,6.819,,,,7.817,5.061,12.59,2.818,8.8,,1.284,3.695,6.718,4.318,12.89,8.49,55,7.76,1.055,1.182,13.2,55,,55,,6.276,,0.2387,0.3785,55,5.764,4.08,3.978,20.53,24.64,18.22,,,23.93,189.5,3.532,40.99,2.15,2.83,3.45,11,5.68,11,154.6,37.39
31501-11-8,[(Z)-hex-3-enyl] hexanoate,,10.75,,0.84,1.07,,312.7,47.69,31.35,3.583,17.71,5.34,3.41,3.68,33,4.29,,9.8,2.7,11.6,7.374,,55,35.2,55,37.43,43.94,25.58,5.027,55,55,55,0.646,8.394,3.761,0.4538,0.2764,0.8297,4.45,0.7508,,,,,0.9366,,,14.78,24.06,19.66,2.382,12.41,23.09,19.33,10.22,68.76,11.69,24.18,,,,33,34.92,33,41.22,,,32.21,,,,,,,,16.2,44,11.78,8.66,,,,,,,,,,,,,,,,,,0.44,,,0.5,,0.13,,,5.78,15.97,,76.18,,,,48.03,6.57,82.3,7.594,3.92,1.3,2.5,3.63,1.56,3.6,,0.4646,,33,33,19.18,110,65.02,,,,,2.72,,,0.9966,1.512,1.1,9.93,9.94,1.56,2.23,2.54,4.732,4.469,3.163,8.4,36.39,6.949,0.3365,22,22,22,22,5.12,22,11.9,3.31,3.72,22,1.59,22,3.002,6.268,2.157,0.4741,2.636,10.55,13.78,1.108,8.438,0.5524,0.6076,,,,5.752,1.104,3.147,15.39,33,,,14.41,21.32,33,8.38,13.01,18.56,30.63,27.81,33,33,21.24,33,,2.47,,,5.7,5,,,6.44,11.69,16.53,44,11.71,44,44,10.06,,,,,10.63,6.55,7.398,2.349,,,0.08864,1.266,55,,1.38,172.6,,48.83,57.49,26.4,,,,,19.81,26.52,75.27,15.68,12.41,11.94,11.78,12.96,15.53,9.797,24.86,18.39,,1.445,18.61,63.15,0.9598,22.8,3.225,3.1,47.65,41.68,0.9913,0.7747,1.304,0.7917,1.223,0.6531,0.5951,0.3516,0.5164,47.81,110,54.43,19.13,28.1,24.2,44,19.26,55,11.09,,,,,8.05,28.67,18.34,39.67,4.689,3.81,2.5,1.127,,,,15.28,,13.58,44,44,44,23.39,9.748,11.3,,55,,,,,,,,1.64,3.9,25.57,24.29,22.07,9.246,16.75,,110,,,25.14,,,110,55,15.1,55,55,4.114,13.47,55,35.1,9.546,55,2.153,5.637,12.67,8.345,24.15,26.27,7.511,3.966,9.176,12.27,26.7,24.27,11.27,55,0.1752,7.372,36.35,19.61,13.52,8,,3.3,,,4.393,2.272,1.872,1.59,0.8925,2.328,22.54,44,19.54,7.002,2.283,9.9,8.6,3.1,26.58,0.1816,281.6,6.723,23.04,16.94,41.53,172.1,,9.2,15.8,10.17,13.14,14.1,10.46,27.5,0.71,5.16,3.636,0.5562,,2.916,7.58,3.82,0.374,2.274,3.623,6.295,,8.49,55,0.3822,0.7632,13.2,6.376,55,,11.38,,7.736,,0.319,0.4902,13.9,1.026,5.964,4.779,19.83,28.04,13.78,,,,,24.15,40.78,2.15,2.83,3.45,,,,186.2,243.1
538-65-8,n-Butyl cinnamate,,,,,,,,,,3.82,17.85,5.34,3.79,3.68,33,5.71,0.09259,,1.593,8.625,1.159,,55,35.83,55,55,27.53,55,55,55,55,55,8.683,9.04,2.296,0.3817,0.2231,0.8824,4.4,0.65,,,,,0.77,,,28.01,27.15,29.76,2.625,13.5,24.18,34.33,9.691,66.37,11.76,24.32,,,,33,34.64,33,55,,,36.08,,,,,,,,18.04,10.17,11.5,9.957,,,,,,,,,,,,,,,,,,0.09,,,12.9,,2.5,,,5.78,13.8,,91.25,,,,,,,,,,,,,,,0.7396,2.88,,,23.12,21.56,14.58,,,12.36,13.89,2.851,,,1.56,1.1,1.35,,,,,,4.4,4.4,4.4,,,,0.75,22,15.68,14.56,8.629,15.73,22,22,22,,11.2,10.88,22,,,,,,,16.2,,,,,,,,9.793,2.239,4.744,15.56,33,,,33,33,33,22,22,22,37.4,33,33,33,33,33,,,,,,,,,,,,,,,,,,,,,10.63,6.55,7.638,2.627,,9,0.11,1.18,4.35,,0.7284,14.83,90.54,,,26.4,,,,,22.13,45.97,95.09,15.75,13.32,4.704,12.48,12.87,17.17,13.28,33.34,12.35,,,,,,16.04,7.3,9.7,48.62,30.27,2.14,1.85,1.44,1.5,22,0.64,,,,40.18,20.48,17.49,8.305,26.93,17.58,44,9.174,,,,,,,,,,,6.157,3.81,2.5,1.584,,,,2.476,,10.82,20.45,44,16.22,19.7,10,14.82,16.31,33.71,,,,,,,,,,,,,,,,,,,,,,110,55,55,55,55,4,13.2,55,55,9.3,55,2,,11.87,9.408,23.1,26.51,8.39,,,,41.1,55,22.07,33.99,0.3055,2.402,36.15,34.97,13.72,8,3.7,5.8,13.6,5.5,,,,,,2.2,,,5.161,9.21,2.38,9.869,8.326,3.69,,0.21,281.6,18.92,33.91,48.29,281.6,182.2,,,,8.7,9.3,11,,27.5,0.71,5.16,3.628,0.2709,,4.87,,,0.391,4.4,3.607,55,,,4.741,0.4949,0.7998,13.2,6.91,,,,,,,23.49,0.2379,42.81,0.9454,4.798,3.795,20.09,23.62,19.82,,,,,4.07,31.86,,,,,,,,
6789-80-6,Z-hex-3-enal / Cis-3-hexenal,,19.29,,,,,,,,,22,,,,,,,,,,,,37.9,55,55,55,30,20.2,0.3173,9.372,55,1.228,55,4.49,1.76,4.405,4.674,6.051,,,,,,,,,,8.149,11.41,9.92,6.581,10.56,33,17.14,21.53,,12.14,,,,,33,55,33,43.5,,,,,,,,,,,,22.94,59.44,44,,,,,,,,,,,,,,,,,,,,,,,,,,,,,,,,,47.96,23.15,111.9,31.18,3.92,1.3,2.5,3.63,1.56,3.6,,,,,,110,110,110,,,,,4.41,,,5.55,7.2,,9.93,9.94,,,,6.549,5.463,4.018,9.401,55,11.8,55,22,22,22,22,22,22,22,22,,22,22,22,3.058,6.537,2.432,0.524,2.914,10.52,,1.255,9.06,0.2993,0.3473,,,,33,33,33,33,6.33,,,17.1,10.6,9.738,1.002,0.8837,22,55,33,33,33,33,33,,2.47,,,5.7,5,,,,,,,,,,,,,,,,,,,,,,3.15,55,,1.327,172.6,,48.83,75.61,9.601,,,,,17.01,,68.32,16.6,30.93,11.99,18.91,14.35,24.02,6.133,8.514,14.77,,6.272,17.44,,0.92,22.13,,,55,30.9,0.9,0.65,4,0.71,1.2,2.2,1.292,0.7093,1.496,,110,47.84,36.76,,,,37.44,31.55,11.24,,,,,30,29.5,19.53,45.62,42.2,,,22,,,,8.548,,,,,,,7.64,5.3,,55,,,,,,,,1.64,5.596,25.57,24.29,22.07,7.495,17.24,,,,,,,,,55,55,55,55,8.121,29.79,55,34.81,21.44,55,12.7,8.622,,,,,,8.163,12.69,15.05,55,33.63,20.8,55,0.7208,14.93,37.81,19.52,13.97,8,,,,,,13.88,,,,13.59,,,25.68,7.706,3.483,,,,19.87,0.64,281.6,5.36,21.17,13.47,27.31,281.6,,9.2,15.8,11.5,11,11.3,8,,,,4.162,0.83,,,,,0.7873,3.353,4.776,55,,,55,0.9534,1.401,1.022,13.2,55,,6.918,,55,,,0.53,55,2.031,14.27,7.18,18.68,31.36,14.32,,,15.57,39.49,4.88,,2.15,2.83,3.45,,,,,
58594-45-9,(Z)-13-octadecenal  / Z13-18:Ald,,9.772,,0.84,1.08,,,,,6.67,10.01,7.25,33,3.99,0.96,10.7,13.05,9.774,6.448,,,14.3,46.66,40.26,55,48.83,42.08,35.34,0.1553,11.4,55,1.339,21.26,3.572,1.475,3.803,3.755,4.578,6.707,1.787,,,,,2.107,,,27.18,23.38,20.81,6.786,13.84,14.58,5.563,,,12.16,,,,,25.38,31.14,33,55,,,,,,,,,,,24.53,23.17,12.9,6.609,,,,,,,,,,,,,,,,,,1.6,,,0.2817,,0.04472,,,6.84,,,23.64,,,,38.74,9.683,81.73,23.8,3.896,1.275,2.48,3.612,1.548,3.6,,0.4744,,,,110,110,110,,,,,3.07,,,1.192,1.06,1.35,9.807,10.1,1.56,2.23,2.54,3.673,3.703,1.998,18.43,55,11.53,0.2705,22,22,22,22,9.706,22,12.19,22,10.18,7.094,5.007,15.15,3.226,6.408,2.298,0.4913,2.778,10.53,6.99,1.557,8.668,0.4218,0.4743,6.6,,5.8,5.541,26.04,5.875,14.77,2.051,23.65,10.2,33,17.15,22.49,1.5,0.64,17.15,55,23.89,33,33,19.46,33,,,,,7,4.6,,,4.28,13.46,16.44,36.78,28.17,44,44,12.8,,,,,10.63,3.425,6.038,2.326,,,0.08547,1.674,19.21,,0.8787,21.09,70.22,42.28,44.55,26.4,,,,,18.8,24.49,95.85,12.6,19.4,6.586,11.7,15.58,15.88,32.55,8.226,18.73,1.73,2.481,17.29,,0.9127,15.75,3.228,,51.7,35.45,0.7999,0.6209,1.952,0.7051,1.213,2.926,1.263,1.017,1.083,48.01,24.89,25.65,40.88,,,,46.39,34.12,11.8,,,,,10.7,35.2,33.01,55,5.039,,,22,,,,22,12.59,13.53,44,44,26.49,23.36,8.233,8.403,41.08,55,,55,,,,,,1.69,18.21,66.54,47.17,12.69,10.91,17.09,23.67,110,,,17.96,,56.22,,28.48,32.22,33.71,55,6.2,14.1,55,55,55,55,22.6,6.177,,,,,,19.61,9.639,12.22,16.73,55,16.75,55,0.6,0.2774,45.78,24.53,25.89,3,,,,,4.61,2.353,1.97,2.13,1.14,2.813,23.65,0.7547,4.457,5.095,2.236,,,,19.82,0.3279,281.6,4.165,19.27,10.43,17.13,216.9,7.8,,,9.924,9.974,12.33,6.131,27.5,0.71,5.16,4.4,4.4,,5.03,8.8,16.39,0.93,4.4,4.4,55,12.89,,55,0.92,1.44,1.16,13.2,55,,55,,55,,0.3951,0.85,32.67,1.66,9.97,8.06,,,,,,20.51,79.17,3.436,48.24,2.15,2.83,3.45,11,5.68,11,195,37.22
502-99-8,alpha-ocimene,,9.05,,9.1,49.9,,174.3,5.5,20.69,7.229,22,,,,,,,,,,,,55,55,26.9,55,55,55,2.1,22.7,55,11.2,55,20.1,20.1,,,,14.83,6.361,,,,,5.063,,,8.063,15.05,12.52,1.842,15.04,16.89,31.12,,205.4,,44,,,,13.73,20,33,11.16,,,,,,,,,,,10.39,24.63,14.34,12.03,7.83,21.1,18.4,10.7,27.6,9.43,23.1,12.6,15.7,13.9,7.94,13,4.17,6.59,18.9,21.7,11.9,3.962,17.8,16.9,8.35,9.79,8.38,13.9,13.4,3.858,,,,4.13,,,,0.8179,45.95,8.054,2.446,1.538,1.898,,1.667,,,,,,,71.34,110,110,,,,,1.3,,123,,,,,,,,,3.826,4.131,4.196,11.8,55,14.33,3.052,3.341,22,22,22,22,22,11.02,22,2.59,22,2.479,22,11,11,11,3.48,11,11,,,,1.709,3.884,,,,2.809,3.155,1.429,2.058,10.46,24.9,33,24.63,22.07,27.14,22,7.977,22,35.01,33,33,33,33,33,,,2.68,,7.2,2.9,6.96,110,5.953,12.84,26.08,5.41,9.1,44,44,8.769,14.21,44.92,38.93,29.37,,,,,,,,,55,11.02,,,25.07,,,17.58,,,,,12.44,44.06,,32.27,32.53,7.75,11.06,10.89,16.79,38.5,,23.98,,,,,,10.86,,,,,,,,,,,4.741,6.378,22,46.2,20.23,26.3,10.5,44,21.8,44,22.35,55,23.5,,,,,35.2,35.2,55,55,86.5,,,22,,,,10.03,,,,,,,13.54,,75.93,55,31.9,55,45.23,55,7.77,12.37,15.56,,8.236,,,,17.95,26.79,,,,110,13.35,,25.57,110,11.34,2.027,15.82,55,2.13,16.28,55,55,0.7896,55,3.184,21.54,,,,,,7.505,6.58,44.82,13.17,26.13,5.903,55,1.28,6.006,,,,,,,,,,,,,,3.941,1.04,0.52,3.45,6.91,1.617,,,,75.56,,,,,,,,11.2,8.9,6.4,9.7,8.6,1.592,9.081,,,,22,22,,,17.63,,23.96,44,44,3.65,,,55,6.743,,,,,,,,,,,1.64,55,,,8.24,,,,12.82,14.38,,,8.198,37.58,,,,,,,,
7785-26-4,(1S)-(-)-alpha-pinene,,15.79,,,,,,,,9.79,22,,,,,,,,,,,,,,,,,,,,,,,,,,,,22,22,,,,,6.45,,,17,19.85,18.99,33,17.02,15.43,17.72,13.47,,,,,,,14.55,32.99,33,18.9,,,,,,,,,,,,44,77,18.48,,,,,,,,,,,,,,,,,,,,,,,,,,,,,,,,,38.49,47.47,638.1,55.77,,,,,,,,,,,,110,110,110,,,,,,14.07,,,,,,,,,,22,8.874,11.54,16.7,55,23.45,2.661,22,22,22,22,22,22,22,22,22,16,22,22,11,11,11,11,11,11,,4.502,20.44,14.25,10.4,,,,,,,,,15.2,33,,,,,,,55,,,,,,,,,,,,1.64,110,5.07,5.28,,,,,,,9.072,9.429,22.57,19.18,,,,,,1.5,,,,,,,,,,26.4,,,,,14.85,42.64,122.1,,,11.91,12.18,,38.9,38.5,6.26,38.5,,2.02,,,,14.99,,,,,,,,,,,,,,,110,110,,,,,,,,,,,,16.8,35.2,22.41,55,,,,,,,,,,,,,,,,27.38,,55,23.19,18.67,3.496,15.32,17.84,10.75,15.35,,13.15,,,,20.33,,,,21.15,,14.52,,30.28,110,55,8.47,55,55,7,34.6,55,55,15,55,22.4,4.243,,,,,,7.446,25.96,26.98,31.1,55,11.5,55,,35.2,,,,,,,,,,,,,,3.53,,,15.75,471.6,7.39,,,,26.6,,,,,,,,,9.7,16.5,,,,23.36,,,,,,,,,,,,,2.49,,,55,,,,,,,,,,,,,,,6.014,5.072,23.14,31.29,,18.58,13.53,57.79,136.2,,,,,,,,,116.8,385
94444-18-5,"3,7-Dimethyloctyl benzoate / 3,7-Dimethyl-1-octanol benzoate",2.775,55,,18.68,83.17,,414.7,38.17,36.93,3.3,22,16.8,33,33,33,13.6,,,2.3,19.8,1.4,,55,39.35,55,55,25.47,55,1.7,21.2,27,1.3,55,13.8,5.402,,,,,,,,,,,,,55,55,55,15.58,14.81,33,34.27,,,,,,,,18.95,,33,55,,,,,,,,,,,,7.18,,,,,,,,,,,,,,,,,,,,0.5855,,,12.9,,2.5,,,,17.24,,75.14,,,,,58.17,442.5,305.8,,,,,,,,0.7,2.52,,,,,,,,12.36,13.89,,,19.75,,,,,,,,,9.42,10.53,22,12.1,18.1,1.42,35.22,22,13.8,12.46,6.062,22,22,22,22,,22,22,22,,,,,,,,,,6.38,6.64,,,,,,,,,,,17.38,16.55,33,22,22,22,30.7,33,33,33,33,33,,,,,,,,,,,,,,,,,,,,,,,,,,,,,4.015,,,14.83,47.16,37.19,,26.4,,,,,26.62,,,,,,20.04,,23.8,,40.13,,,,,,,28.1,2.7,4.7,48.62,28.64,,,,,,,,,,44.9,,,8.252,28.1,24.2,44,8.733,,,,,,,,,55,55,,,,5.483,,,,2.372,,,,,,,,,,25.16,,,,,,,,,55,,,,,,,,10.8,,,,,,,,,,,,,,,,,18.79,21.2,26.51,23.89,31.26,30.15,55,33.42,19.63,32.63,38.21,25.58,29.85,,,,,,1.532,4.474,6.357,13.6,2.148,,,,,,,,,2.646,16.87,5.3,11.6,9.5,17.7,27.6,,,,,,,,,,,,,,11.53,,,,,,9.89,,8.03,,,,,55,,9.52,4.754,,,,,,,,,,,,,42.8,,18.59,,,,,,,,,4.07,31.86,,,,,,,,
94-50-8,Octyl benzoate,2.775,55,,,10.09,,,,,3.739,17.46,5.34,3.41,3.68,33,4.29,,,15.3,10.81,12.9,2.7,55,40.47,55,55,25.15,55,55,55,55,55,1.133,8.588,2.163,0.439,0.2657,0.811,3.304,0.3995,,,,,0.5187,,,26.78,34.89,40.23,2.319,15.93,23.47,22.57,10.51,51.89,11.5,25.15,,,,25.38,32.35,33,55,,,35.47,,,,,,,,15.83,5.868,14.43,8.964,,,,,,,,,,,,,,,,,,0.48,,,0.6856,,0.1732,,,5.78,13.87,,91.25,,,,,6.544,74.35,7.404,,,,,,,,0.8,2.512,33,33,29.99,33.38,25.07,,,12.36,13.89,2.85,17.78,19.75,1.56,1.351,1.35,,,,,,4.774,4.832,5.229,12.1,18.1,1.42,1.29,22,14.66,13.4,7.156,15.72,22,22,22,2.979,9.315,8.729,22,,,,,,,16.2,,,8.27,5.89,,,,5.315,1.35,3.047,15.86,33,,,14.55,19.35,33,22,22,18.8,33.64,21.3,33,33,21.97,33,,,,,,,,,6.44,15.09,16.53,44,12.97,44,44,10.06,,,,,10.63,6.55,7.39,2.34,,9,0.11,1.064,3.422,,0.717,14.83,47.11,37.19,420,26.4,,,,,22.06,26.18,85.3,,,11.67,12.44,12.78,16.86,38.5,22.74,20.04,,1.09,19.32,36.75,,20.34,3.019,3.1,47.23,30.68,2.134,1.874,1.447,1.5,22,0.6332,0.9852,0.6156,0.8273,45.99,23.37,110,7.166,28.1,24.2,44,7.558,,,,,,,5.2,35.2,42.12,44.4,5.123,3.81,2.5,3.781,,,,2.226,,13.58,44,44,44,23.39,10.6,,14.67,29.21,,,,,,,,,,,,,,18.19,,,10.8,,,,,110,34.75,36.15,55,55,3.715,12.11,55,55,7.976,55,1.517,6.795,14.85,9.122,23.26,26.35,8.203,7.396,9.387,13.75,37.64,40.8,22.51,29.52,0.3068,3.34,35.76,34.68,13.61,7.766,3.7,3.873,13.6,5.5,4.61,2.77,1.97,2.13,1.14,1.369,1.705,1.094,3.266,6.205,2.554,9.9,8.6,3.1,26.49,0.21,281.6,18.92,33.91,48.29,281.6,182.2,,,,,,,11.53,27.5,0.71,5.16,3.584,0.2798,9.89,3.247,8.03,,0.3954,4.4,3.563,8.545,,9.52,4.45,0.4538,0.8233,13.2,6.81,55,,55,,5.82,,1.65,0.2459,24.12,0.9563,4.62,3.742,19.9,23.33,20.32,,,,,3.715,31.46,,,,,,,,
64-04-0,α-Terpinene,,,105,4.01,17.99,21.26,38.78,2.72,,3.75,,,,,,,,,,4.7,7.7,,55,37.98,55,25.94,55,11.14,,,,,,8.839,7.871,,,,,,,,,,,,,31.12,30.56,22.18,,,,32.14,,,,,,,,,,,,,,,,,,,,,,,,,,,,,,,,,,,,,,,,,,,,,,12.9,,2.5,,,,,,15.69,,,,,,,,,,,,,,,1.9,,,,110,110,110,,,,,,,,5.02,,,,,,,,,,,27.1,55,103.2,26.57,22,22,22,22,16.49,22,22,22,22,22,12.41,22,,,,,,,,,,,,,,,33,33,33,33,33,19.83,33,33,33,33,22,22,22,55,33,33,33,33,33,,,,,,,,,,,,,,,,,,,,,,,,,390,,,,55,,,33.44,61.82,,,,,,,,,,,22.32,,38.5,,21.44,,38.5,,26.38,,,,36.5,,13.72,18.9,,55,30.34,,,,,,,,,,23.48,34.89,54.78,52.85,,,,64.59,,,,,,,,,55,55,,,,22,,,,22,,,,,,,11.8,16.88,,55,23.8,,5.47,55,22.21,17.5,56.93,,,,,,,,,,,,,,26.5,,55,55,55,55,6.5,23.3,55,55,25.5,55,12.3,,17.77,3.81,24.24,18.14,8.35,,,,34,55,26.1,55,,,40.3,37.94,14.82,,,,,,,,,,,,,,6.086,,4.18,82.6,21.6,19.5,,,,,,,,,,,,,,,,,,,20.23,,,,,,12.68,20.23,20.23,55,,,55,,,,,9.504,,6.266,,8.968,,,,41.84,13.26,,,,,,,,,,,,,,,,,,,
141-78-6,"acetic acid, ethyl ester / ethyl acetate",,12.3,,18.68,64.58,,331,36.99,32.4,3.316,22,,,,,,0.06,,,,13.7,,55,34.71,55,39.91,39.44,38.06,1.22,7.192,55,3.153,10.41,8.852,4.027,0.4692,0.2878,0.8246,3.82,0.5434,,,,,0.6921,,,14.06,23.74,21.93,4.074,15.28,25.23,8.29,11.4,133.2,17.76,20.01,,,,33,55,33,44.73,,,29.25,,,,,,,,19.58,21.07,14.48,11.08,,,,,,,,,,,,,,,,,,0.4843,,,12.9,,2.5,,,,,,94.07,,279.5,422,8.07,384.6,1100,42.35,,,,,,,,0.4278,,,,80.89,110,110,,,,,2.601,,,0.9478,6.001,8.5,,,,,,3.953,4.021,3.767,8.5,31.9,5.73,0.75,22,22,22,22,15.72,22,22,22,,11.19,10.86,22,,,,,,,,,,,,,,,17.74,33,33,33,33,24.53,11.34,22.53,33,33,22,22,22,22.53,33,33,33,33,33,,2.47,9,,5.7,5,,,5.7,7.78,17.43,44,11.71,44,44,10.64,,,,,10.63,6.55,7.623,2.609,,9,0.11,1.18,,,0.687,,51.5,,64.29,26.4,,,,,24.7,23.31,83.86,15.75,13.32,6.853,17.33,12.6,24.15,7.615,38.01,15.15,,0.9456,19.47,,,12.15,2.926,,48.46,36.49,2.14,1.85,1.44,1.5,22,0.64,,,,53,43.47,39.48,52.23,,,,72.99,,,,,,,30,29.5,18.51,39.65,5.211,,,1.03,,,,15.54,,13.58,44,44,44,23.39,12.08,88.91,,55,,,,,,,,,4,25.57,24.29,22.07,15.43,20.13,,110,,,25.14,,,110,6.21,4.46,10.38,55,9.7,55,55,34.5,21.1,55,19.4,7.67,12.52,29.67,23.96,28.86,24.23,20.13,16.76,,35.91,31.29,22.01,55,0.1797,4.292,35.91,29.99,12.21,2.06,6.3,7.306,,2.5,4.358,2.719,1.937,1.68,1.052,2.698,44,32.57,12.44,9.597,2.88,,,,13.97,0.21,281.6,18.92,33.91,48.29,281.6,182.2,,,,10.8,13.2,13.9,26.41,27.5,0.71,5.16,3.281,0.2905,,4.887,7.58,3.82,0.4483,3.281,3.281,55,,8.49,55,0.4949,0.8327,13.2,7.145,,,,,,,23.49,0.2419,25.47,1.038,8.476,4.376,17.97,23.1,18.95,,,,,5.294,39.82,,,,,,,,
2027-47-6,9-octadecenoic acid  / oleic acid,,9.727,,0.84,0.9281,,312.7,47.69,31.35,4.349,10.3,5.112,2.955,1.557,0.5594,2.729,12.37,9.38,7.048,7.3,5.2,12.17,55,51.76,55,34.88,55,55,55,55,55,55,1.4,7.2,1.7,2.221,1.749,1.621,4.977,0.9511,,,,,1.168,,,28.65,31.96,30.37,7.118,15.84,14.97,31.18,8.655,61.54,10.88,22.25,,,,25.63,27.24,33,55,,,34.89,,,,,,,,15.61,18.88,8.387,5.223,,,,,,,,,,,,,,,,,,0.5801,,,0.5,,0.13,,,5.759,,,67.06,,,,45.16,4.599,63.77,7.61,3.92,1.3,2.5,3.63,1.56,3.6,,0.6987,2.88,33,33,8.578,110,51.72,,,,,2.848,,,0.911,1.236,1.582,9.807,10.1,1.42,2.123,2.415,4.305,4.183,2.637,10.94,38.04,6.738,0.2711,15.91,22,22,22,1.987,22,3.106,1.936,3.649,2.662,0.8349,10.13,3.186,6.332,2.221,0.4739,2.7,10.54,4.888,1.513,8.445,0.5999,0.6426,6.6,,5.52,1.503,21.49,3.193,10.28,0.9164,20.4,8.146,33,33,33,4.69,22,22,55,33,33,33,33,33,,,,,7,4.6,,,4.886,13.45,14.6,39.14,11.85,44,44,8.723,,,,,10.63,3.816,6.201,1.986,,,0.0817,1.343,27.74,,0.7543,22.09,70.97,47.1,18.62,26.4,14.47,2.289,9.223,3.275,6.817,15.55,88.94,9.393,14.88,6.601,7.603,14.12,6.146,7.514,12.24,10.88,1.675,1.11,17.91,63.15,0.9581,13.21,5.022,2.578,45.94,35.95,0.8001,0.5629,1.475,0.6406,0.4786,0.9941,0.6652,0.3268,0.6199,47.51,40.83,50.94,35.33,28.1,24.2,44,71.7,55,16.87,,,,,4.478,35.2,39.51,43.24,5.125,3.81,2.5,1.995,1.658,22,1.62,14.55,11.17,8.916,44,44,44,17.44,9.107,6.45,41.08,55,,55,,,,,,,5.588,66.54,47.17,12.69,10.73,17.29,,110,,,18.04,,65.42,110,26.24,25.75,34.35,55,4,13.2,55,55,9.3,55,2,6.099,13.49,7.672,25.22,26.11,6.95,7.727,7.89,12,11.94,29.98,7.116,55,0.3121,0.1683,45.92,24.63,26.16,3,,3.3,,,4.355,2.458,1.944,1.692,1.07,1.296,2.348,0.7496,6.242,5.169,2.237,9.9,8.6,3.1,21.22,0.2137,281.6,5.259,21.02,13.21,26.36,183.4,7.8,,,10.77,10.62,14.12,6.209,27.5,0.71,5.16,22,1.45,,2.227,7.696,3.784,0.34,1.57,22,2.994,12.89,8.49,55,0.853,0.8649,0.897,6.834,25.4,,23.19,,4.221,,0.4043,0.64,21.43,0.6356,10.33,6.99,15.82,24.16,22.67,,,18.66,46.5,3.463,39.59,2.15,2.83,3.45,11,5.68,11,160.4,31.85
33189-72-9,E-11-Tetradecen-1-ol acetate / E11-14:Ac,,,,0.7166,0.8646,,414.7,38.17,36.93,3.261,19.01,5.34,3.41,3.68,33,4.29,12.5,9.8,3.771,11.6,6.857,,55,45.64,55,32.36,42.78,27.72,6.094,55,55,55,1.116,8.081,1.588,0.4568,0.2788,0.8088,4.4,0.65,,,,,0.77,,,9.464,18.31,15.64,3.133,18.27,26.52,22.12,19.13,60.58,14.99,44,,,,33,37.87,33,41.03,,,35.56,,,,,,,,18.04,19.96,22.14,13.88,,,,,,,,,,,,,,,,,,0.5107,,,0.3585,,0.09605,,,5.78,14.45,,92.36,,,,12.76,38.87,259.2,35.88,,,,,,,,0.8,,,,35.04,110,76.71,,,,,2.698,,,1.413,1.627,1.35,9.93,9.94,1.56,2.23,2.54,3.153,3.153,2.704,9,55,11.47,0.5404,22,22,22,22,15.71,22,22,22,3.72,9.3,8.714,22,3.291,5.857,1.782,0.394,2.268,10.65,10.2,1.028,7.763,0.3641,0.4111,,,,2.839,8.704,4.524,15.53,3.018,23.92,8.549,33,21.87,33,10.38,14.62,22,33.46,33,33,33,33,33,,2.47,9,,5.7,5,,,,,,,,,,,,,,,10.63,6.55,7.416,2.368,,,0.08984,1.225,22.45,,0.6764,38.8,,,83.75,18.86,,,,,10.49,11.49,78.41,6.083,13.32,14.42,3.311,12.77,14.17,9.253,17.62,24.24,1.73,0.8807,18.7,,0.9408,16.41,3.9,3.1,48.34,37.97,1.246,1.041,1.209,0.9586,2.762,0.5522,0.5675,0.276,0.4933,49.02,110,47.84,22.67,28.1,24.2,44,22.99,55,12.5,,,,,30,29.5,18.37,39.43,4.594,3.81,2.5,6.88,,,,4.096,,13.58,44,44,44,23.39,10.6,8.883,,55,,,,,,,,1.64,2.676,20.99,21.18,16.45,9.667,18.77,,,,,,,,110,18.56,15.74,23.97,55,5.795,22.52,55,32.21,13.51,55,5.202,7.317,13.41,7.731,25.11,26.13,6.999,3.838,16.31,22.88,43.18,30.29,20.09,55,0.3109,3.187,35.91,22.03,13.66,2.203,6.3,7.424,,2.35,4.61,2.77,1.97,2.13,1.14,2.874,20.35,34.88,13.3,7.094,2.254,9.9,8.6,3.1,20.04,0.1671,281.6,9.424,26.14,23.85,77.57,166.6,7.8,9.2,15.8,10.27,13.15,14.21,16.05,27.5,0.71,5.16,4.4,0.2661,,4.87,7.58,3.82,0.5397,3.699,4.4,55,,,55,0.4947,0.7579,13.2,6.605,55,,8.07,,55,,0.2988,0.2861,13.53,0.913,8.786,4.061,17.77,23.44,15.24,,,15.57,39.49,,,2.15,2.83,3.45,11,5.68,11,,
53398-83-7,trans-2-Hexenyl butyrate,,14.01,,0.84,1.08,,,,,3.82,22,,,,,,,,,,,,55,33.03,55,33.1,55,36.96,5.937,55,55,55,0.6724,7.298,2.978,0.508,0.3172,0.8071,3.354,0.4125,,,,,0.77,,,55,55,55,7.02,8.72,33,4.11,10.16,108.8,22,44,,,,33,33.22,33,39.86,,,30.85,,,,,,,,24.53,13,18,11.79,,,,,,,,,,,,,,,,,,,,,0.5,,0.13,,,5.78,,,21.63,,,,42.69,29.27,444.7,48.96,3.88,1.43,2.6,3.72,1.62,,,0.4278,,,,110,110,110,,,,,2.76,,,1.56,1.06,1.35,,,,,,4.4,4.4,4.4,,,,0.8468,22,22,22,22,13.98,22,22,22,3.72,22,6.39,22,,,,,,,14.75,,,20.04,9.44,,,,5.748,1.103,3.146,15.38,33,14.18,13.58,33,33,33,10.78,22,22,31.29,33,33,33,33,33,,2.47,,,5.7,5,,,7.13,11.69,17.43,44,11.71,44,44,10.64,,,,,10.63,6.55,7.489,2.452,,,0.08914,1.18,32.24,,0.7566,74.11,,38.52,75.61,26.4,,,,,15.29,12.83,73.66,5.836,13.83,12.33,5.068,14.64,16.66,13.34,21.61,23.1,1.73,0.9391,17.57,,,22.72,3.3,,44.4,55,2.14,1.85,1.44,1.5,22,0.64,2.195,0.9119,1.265,,24.89,25.65,42.06,,,,55.4,55,8.534,,,,,10.16,29.79,19.27,46.44,7.073,3.81,2.5,1.127,,,,15.87,12.59,13.64,44,44,25.78,23.42,9.821,88.91,41.08,55,,,,,,,,1.69,3.896,25.57,24.29,22.07,12.86,19.07,23.67,,,,,,,,55,55,55,55,4.304,11.35,55,37.5,10.42,55,3.035,10.01,12.23,8.861,23.57,26.39,7.939,5.13,7.826,21.41,55,22.98,21.84,55,0.166,5.47,40.24,37.96,31.9,,,,,,4.61,2.77,1.97,2.13,1.14,5.595,22.54,44,6.404,7.399,2.437,,,,31.1,0.21,281.6,18.92,33.91,48.29,281.6,182.2,,,,10.37,12.52,13.76,13.95,27.5,0.71,5.16,3.191,0.2709,,,,,0.2776,3.191,3.191,55,,,55,0.4949,0.7116,13.2,6.262,9.74,,7.94,,55,,0.59,0.2379,21.44,0.9439,9.493,4.843,18.64,28.4,13.56,,,17.52,32.52,9.92,,,,,,,,,
2497-18-9,(E)-2-hexen-1-yl acetate / trans-2-hexenyl acetate,,27.31,,0.799,1.007,,414.7,38.17,36.93,3.3,22,,,,,,,,,11.6,16.1,,55,55,55,31.9,55,55,0.9153,8.516,55,3.998,1.344,7.234,2.175,0.5049,0.3148,0.8093,4.4,0.65,,,,,0.77,,,12.69,22.24,19.6,4.703,9.46,33,5.643,19.22,102.8,22,44,,,,33,22.71,33,38.25,,,30.58,,,,,,,,24.53,19.65,23.52,14.78,,,,,,,,,,,,,,,,,,0.58,,,0.5,,0.13,,,,35,,8.886,,,,55,58.93,1100,75.47,3.88,1.43,2.6,3.72,1.62,,,,,,,110,110,110,,,,,2.498,,,1.56,1.415,1.35,,,,,,4.4,4.4,4.4,,,,0.6536,22,22,22,22,22,22,22,22,3.72,22,22,22,,,,,,,97.03,,,20.04,9.44,,,,3.627,24.96,6.694,15.33,2.9,14.34,11.3,33,33,33,22,22,22,33.49,33,33,33,33,33,,2.47,9,,5.7,5,,,7.13,11.69,17.43,44,11.71,44,44,10.64,,,,,10.63,6.55,7.499,2.463,,,0.08799,1.121,32.24,,0.6982,74.11,,38.54,61.63,26.4,,,,,6.665,10.04,76.76,5.806,13.93,16.02,3.001,12.84,7.832,6.56,15.21,16.64,1.73,0.8938,18.07,,,15.02,3.9,,46.17,40.22,2.14,1.85,1.44,1.5,22,0.64,22,3.048,4.289,53,24.89,25.65,46.45,,,,56.65,55,8.544,,,,,11.97,29.04,23.25,55,4.601,,,7.405,,,,11.71,12.59,13.34,44,44,28.01,23.27,16.5,88.91,41.08,55,,,,,,,,1.69,3.486,25.57,24.29,22.07,13.3,16.64,23.67,,,,,,,110,16.09,13.36,21.5,55,6.81,18.76,55,32.25,18.37,55,18.98,8.488,,,,,,4.934,8.64,21.41,55,25.2,22.4,55,0.168,3.635,35.83,34.74,12.8,3.5,,9.2,,8.6,4.369,2.683,1.914,1.642,0.9922,3.803,24.13,31.75,12.77,7.886,2.752,,,,15.44,0.21,281.6,18.92,33.91,48.29,281.6,182.2,,,,11.6,13.2,13.9,15.16,27.5,0.71,5.16,3.204,0.2709,,4.897,7.58,3.82,0.2803,3.204,3.204,55,,,55,0.4949,0.7653,13.2,6.659,9.74,,7.94,,55,,23.49,0.2379,13.36,0.9533,8.516,4.192,18.08,22.92,14.86,,,17.52,32.52,,,,,,,,,,
116-31-4,retinal,,,14.69,1.54,7.33,23.07,7.76,4.12,10.2,3.79,11.86,33,33,7.67,1.59,17.1,,,3.1,,4.2,,55,19,22.1,55,55,55,0.3,1.4,9.5,1,7.2,,,,,,,,,,,,,,,55,55,55,6.47,18.02,6.63,1.88,,,,17.7,,,,15.29,23.8,33,19.5,7.09,8.47,,4.7,7.61,5.8,6.56,11.63,8.11,18.03,7.34,,,,,,,,,,,,,,,,,,,,,0.54,,,,,,,,,30.06,,15.37,,,,,,,,,,,,,,2.7,0.2,,,,32.1,110,110,5.15,3.62,,,,,,2.339,0.8001,1.9,,,,,,7.67,22,22,13.2,28.9,5.32,7.13,22,22,22,22,6.327,22,10.08,22,22,10.84,4.588,7.168,,,,,,,,,,10.06,9.85,,,,,,,,,12.93,33,17.14,11.49,24.84,15.02,5.06,10.21,4.9,13.32,33,16.53,13.69,9.26,,,,,,,,,,,,,,,,,,,,,,,,,,1.288,,,12.59,,,7.92,,,,,,,,,,,49.36,,,,,,,,,,,6.66,20.15,,,,,,12.9,12.3,,,,,,,,,,6.9,4.3,4.47,6.815,35.6,9.7,44,5.36,55,55,,,,,,,,,,,,,,,,,9.22,,,,,,6.5,12.45,9.92,17.25,,,,,,,,0.26,8.97,,,,11.78,,25.12,40.69,10.6,51.28,4.37,110,5.79,15.51,3.43,2.47,7.14,,,,,,,,,5.06,,,,,,,,,21.5,22.2,6.1,14.47,,,,,,2.3,,6.3,13,9.1,,,,,,1.458,14.44,12.17,3.523,,,3.18,11.59,4.9,,,,,,,,,,,,,,,,,,,13.81,11.58,14.25,,16.79,,4.35,11.01,9.66,1.39,14.75,6.57,10.9,,,,,11.44,,5.07,,4.93,,,,55,,,,,,,,,,,,,,,,,,,,
18829-56-6,"2-nonenal, (E)",,11.67,,0.84,1.08,,,,,2.796,10.25,7.25,33,3.99,0.96,10.7,12.5,9.8,15.3,,,12.57,55,29.84,55,55,55,55,0.4721,17.55,17.86,3.406,3.85,2.505,3.438,4.162,4.134,5.021,22,22,,,,,12.88,,,18.66,20.76,21.91,6.813,14.7,14.91,7.975,,,12.72,44,,,,25.6,14.27,33,55,,,23.14,,,,,,,,18.75,22.86,13.61,6.955,,,,,,,,,,,,,,,,,,,,,0.327,,0.05898,,,6.84,,,8.94,,,,36.81,9.963,86.68,27.6,3.876,1.313,2.511,3.64,1.566,3.6,,0.4805,,33,33,62.56,110,110,,,,,3.07,,,1.211,1.06,1.155,9.807,10.1,1.438,2.137,2.431,5.511,5.577,3.118,19.91,55,10.42,0.5335,22,22,22,22,11.04,22,12.5,22,8.078,7.383,5.275,15.4,3.313,6.57,2.467,0.5297,2.95,10.51,4.948,1.654,9.16,12.91,7.79,6.6,,5.8,3.643,24.6,4.835,13.21,1.589,33,6.4,10.4,13.33,14.58,2.74,1.709,18.36,43.26,26.1,33,33,22.49,33,,,,,7,4.6,,,3.97,12.64,14.6,36.15,16.94,44,44,10.12,,,,,10.63,3.618,6.013,2.232,,,0.08972,1.478,18.68,,0.9882,22.07,70.68,36.95,23.33,26.4,14.47,2.289,9.223,3.275,17.25,22.07,76.62,11.73,17.71,6.923,11.91,15.65,16.14,8.522,9.799,16.51,1.717,3.688,16.55,63.15,0.9549,13.87,3.228,,48.61,34.47,0.7958,0.5642,1.658,1.329,1.889,4.84,1.493,1.235,1.302,47.65,22.22,22.96,23.41,,,,46.86,40.16,8.519,,,,,5.2,35.2,39.67,55,5.896,,,22,1.658,22,1.62,14.76,12.59,10.73,44,44,25.25,19.37,6.962,8.547,,55,,55,,,,,,1.69,2.96,66.54,47.17,12.69,12.81,16.87,23.67,110,,,17.96,,65.29,,36.6,32.7,34.21,55,6.2,14.1,55,55,55,55,22.6,6.6,,,,,,14.54,13.99,12.19,25.71,34.34,20.02,55,0.3457,0.2237,44.64,29.14,35.09,3,,3.3,,,4.61,2.325,1.97,2.13,1.14,2.651,2.7,0.9374,7.206,4.99,2.323,,,,20.1,0.262,281.6,4.495,19.82,11.27,19.72,198.6,7.8,,,9.014,10.55,13.39,7.349,27.5,0.71,5.16,3.08,0.6263,,3.075,8.8,,0.2997,1.66,3.492,15.05,12.89,,55,0.6667,1.075,0.7444,13.2,55,,55,,10.87,,0.3695,0.3102,55,0.717,5.664,5.36,22.27,32.16,17.11,,,23.93,189.5,2.769,43.08,2.15,2.83,3.45,11,5.68,11,195,37.22
72698-30-7,(E)-10-Hexadecenal / E10-16:Ald,,9.781,,0.84,0.7281,,,,,3.301,9.685,7.25,33,3.99,0.96,10.7,13.06,9.779,6.526,,,13.05,47.33,41.13,55,49.33,43.07,36.71,0.1703,13.52,55,1.37,18.83,3.44,1.589,3.744,3.723,4.579,8.292,2.798,,,,,3.203,,,47.78,49.25,46.88,6.801,14.67,14.16,5.563,18.86,,11.9,,,,,25.07,28.23,33,55,,,,,,,,,,,15.87,23.17,12.9,6.609,,,,,,,,,,,,,,,,,,1.6,,,0.302,,0.05087,,,6.84,,,26.56,,,,39.48,9.689,81.81,23.81,3.899,1.275,2.48,3.612,1.548,3.6,,0.475,,33,33,110,110,110,,,,,3.07,,,1.142,1.06,1.094,9.807,10.1,1.412,2.117,2.407,4.289,4.064,2.306,18.57,55,11.34,0.3933,22,22,22,22,9.787,22,12.2,22,8.398,7.1,5.012,15.15,3.11,5.34,1.43,0.28,2.67,13.91,4.617,2.09,8.86,0.4,0.6,6.6,,5.8,5.658,26.11,5.934,14.85,2.077,24.57,10.28,11.2,9.083,7.945,0.4419,0.2906,17.1,43.39,23.79,33,33,19.34,33,,,,,7,4.6,,,3.788,12.44,14.55,35.56,19.24,44,44,10.43,,,,,10.63,3.419,6.101,2.267,,,0.08438,1.652,19.47,,0.8857,20.79,70.23,42.87,29.55,26.4,14.47,2.289,9.223,3.275,18.81,26.68,96.95,13.35,20.06,6.586,11.71,15.55,15.88,32.55,8.192,18.73,1.671,2.686,17.34,63.15,0.9491,16.68,3.228,,49.82,35.55,0.8025,0.5774,1.995,0.7833,1.281,3.097,1.278,1.069,1.105,48.14,26.95,28.92,35.82,,,,51.5,37.67,12.75,,,,,5.058,35.2,36.31,55,5.126,,,22,1.658,22,1.62,22,12.59,9.452,44,44,30.76,18.02,8.525,9.713,41.08,55,,55,,,,,,1.69,18.19,66.54,47.17,12.69,10.91,16.78,23.67,110,,,17.96,,57.43,110,28.48,32.22,33.71,55,6.2,14.1,55,55,55,55,22.6,6.182,,,,,,19.61,9.516,12.24,16.6,55,18.9,55,0.3781,0.3196,45.74,24.5,25.83,3,,3.3,,,4.61,2.353,1.97,2.13,1.14,1.959,4.052,0.5712,4.447,5.111,2.303,,,,19.79,0.3272,281.6,4.167,19.27,10.44,17.14,216.7,7.8,,,10.04,10.03,12.8,6.133,27.5,0.71,5.16,2.479,0.7218,,3.586,8.8,16.39,0.4783,1.995,3.19,12.76,12.89,,55,0.6673,1.157,0.8497,13.2,55,,55,,17.51,,0.369,0.3507,55,0.8997,5.888,5.179,19.63,22.44,18.61,,,20.86,87.25,3.268,44.52,2.15,2.83,3.45,11,5.68,11,195,37.22
97-53-0,eugenol,3.68,,8.582,,2.15,34.83,3.72,,,2.507,,,,,,,,,,,,,,,,,,,6,22.7,55,55,55,33,33,,,,,,,,,,,,,,,,,,,,,,,,,,,,,,,,,,,,,,,,,,,,,,,,,,,,,,,,,,,,,,0.09,,,,,,,,,170.5,,,,,,,,,,,,,,,,,4.7,,,,110,110,110,,,,,3.81,,,,8.67,,,,,,,,,,,,,,,,,,,,,,,,,,,,,,,,,,,11.56,20.36,,,7.4,,,,,,,,,,,,,,,,,,,,,,,,,,,,,,,,,,,,32.07,94.97,71.58,34.47,,,,,,8.1,,,,,,,88.87,,,,,,,,,,,,,,,,,,,,,,,,,,10.42,,,,,,,,,,,,,44.9,30.01,110,110,,,,32.15,,,29.13,,16.16,46.23,,,,,,,,22,,,,,,,,,,,,,,,216.7,,,,,,2.95,,,,,,,,,,,,,,,,,,,,,,,,,,,,,,,,,13.53,,,,,,,,,,,,3,,9.2,,,,,,,,,,,,,,10.3,12.1,8,,,,,,,,,,,,,,,,,,,,,,,,,,,,,,,,,,,,,,,,,,,,,,,,,,,,,,,3.73,20.23,,,,,,,,
101-41-7,Methyl phenylacetate,2.801,55,31.4,4.347,12.81,21.85,19.2,3.28,12.82,2.342,22,5.34,3.41,3.68,33,4.29,0.17,,1.435,5.534,2.419,,55,36.2,55,33.48,34.05,19.16,,,,,,12.23,7.668,,,,,,,,,,,,,31.12,30.56,22.18,8.046,9.583,33,28.54,,,22,,,,,19.21,55,33,39.61,,,28.26,,,,,,,,,7.18,,,,,,,,,,,,,,,,,,,,0.82,,,12.9,,2.5,,,,24.2,,15.69,,856.8,573.6,,58.17,442.5,305.8,,,,,,,,0.7216,2.52,,,57.01,110,110,,,12.36,13.89,,17.78,19.75,5.02,,,,,,,,9.42,10.53,22,10.69,15.27,0.7365,28.34,22,22,22,22,22,22,22,22,22,22,22,22,,,,,,,,,,,,,,,33,33,33,33,33,19.62,33,19.21,16.05,23.28,22,22,22,32.04,33,33,33,33,33,,,,,,,,63.7,7.01,16.04,27.53,44,10.99,44,44,11.25,,,,,,,,,390,9,,,8.631,,,17.65,42.49,37.19,,26.4,,,,,45.77,77.31,73.07,22.32,,13.91,18.79,21.44,37.29,38.5,38.38,17.23,,7.55,,36.5,,13.72,7.322,3.1,55,28.4,,,,,,,,,,23.16,22.44,46.05,19.1,28.1,24.2,44,18.89,,,,,,,,,29.94,55,29.5,,,6.03,,,,5.259,,,,,,,9.342,16.88,14.67,29.88,23.8,,5.47,55,22.21,17.5,56.93,,,,,,,39.22,,,10.8,,,,26.5,,55,55,55,55,6.5,23.3,55,55,25.5,55,12.3,18.79,17.88,4.083,23.88,18.5,8.741,55,33.42,19.63,34.9,33.06,23.86,38.2,,,40.3,37.94,14.82,10,,7.564,,,,,,,,,,,3.932,10.56,4.448,12.99,10.95,5.254,28.34,,,,,,,,,11,13.5,,,,11.54,,,,22,,9.89,,8.03,,12.76,22,22,55,,9.52,22.45,,,,,55,,11.2,,8.97,,,,46.97,13.26,16.43,9.62,23.21,20.13,31.74,,,,,4.07,31.86,,,,,,,,
71-41-0,pentanol,,12.34,,,12.04,,312.7,47.69,31.35,2.5,22,7.25,33,3.99,0.96,10.7,16.3,13.1,8.203,,,11.35,55,51.6,55,55,55,55,6.194,55,55,21.68,1.428,10.65,1.68,33,33,33,22,22,,,,,11.47,,,55,55,55,7.36,20.4,33,55,9.358,59.53,12.07,19.53,,,,33,19.29,33,55,,,36.88,,,,,,,,15.83,14.04,3.749,1.837,,,,,,,,,,,,,,,,,,0.44,,,12.9,,55,,,6.103,,,69.78,,,,55,11.07,330,19.14,3.92,1.3,2.5,3.63,1.56,3.6,,0.4517,,33,33,55.91,110,110,,,24.6,,2.85,,,1.885,6.1,8.008,9.807,10.1,1.873,2.453,2.802,7.937,8.898,9.745,12.67,55,11.52,5.618,22,22,22,22,22,22,22,3.34,4.372,4.104,22,22,4.326,11,11,1.463,11,11,3.333,14.28,75.89,1.937,2.355,6.6,,6.223,16.08,33,14.32,23.66,6.789,4.255,19.48,12.36,17.38,33,22,22,19.09,29.49,28.62,33,33,17.46,22.87,,,,,7,4.6,,,6.323,16.39,20.28,40.95,16.86,44,44,15.12,,,,,,3.95,6.02,2.36,,,0.22,1.656,55,,,28.07,77.09,48.83,10.6,8.18,26.4,6.66,26.4,12.36,5.53,0.8377,68.71,12.63,32.01,12.31,4.649,5.13,8.709,10.87,14.38,21.62,1.89,3.172,16.38,113.2,0.9888,20.45,4.766,,48.46,35.14,0.905,0.6529,1.606,0.7864,0.7577,6.627,3.511,2.269,3.361,47.79,33.97,37.72,35.04,,,,74.42,55,8.544,,,,,5.2,35.2,21.2,50.63,4.255,3.81,2.5,1.485,1.658,22,1.62,13.55,11.17,7.73,44,44,44,16.42,5.088,15.21,,55,,55,,,,,,,17.62,,,,11.64,16.97,,67.21,,,17.71,,30.48,110,55,10.08,55,55,4,13.2,55,55,9.3,55,2,6.647,26.83,8.5,40.4,26.31,7.64,5.733,7.659,12.59,55,55,55,55,0.3124,0.4095,40.9,13.36,15.01,3,,3.097,,,,13.88,,,,1.97,3.431,0.9277,13.97,5.14,3.675,,,,22.27,,,,,,,,,,,11.53,11.19,15.83,7.481,,,,3.788,0.26,12.59,2.754,8.8,16.39,0.814,2.246,4.468,4.281,12.89,8.49,55,0.6903,0.9702,1.032,8.797,55,,55,,5.314,,0.2053,0.121,55,0.8106,4.575,4.03,16.64,29.38,15.72,,,23.93,189.5,3.532,40.36,,,,,,,177.7,28
108-93-0,cyclohexanol,,,,,,,,,,,,,,,,,,,,,,,,,,,,,,,,,,,,,,,,,,,,,,,,,,,,,,,,,,,,,,,,,,,,,,,,,,,,,,,,,,,,,,,,,,,,,,,,,,,,,,,,,,,,,,,,,62.07,617.3,471.7,,,,,,,,,,,,,,,,,,,,,,,,,,,,,,22,4.25,9.51,55,55,,2.56,,,,,,,,,,,,,,,,,,,,,,,,,,,,,,,,,,,,,,,,,,,,,,,,,,,,,,,,,,,,,,,,,,,,,,,,,,,,,,,,,,,,,,,,,,,,,,,,,,,,,,,,,,,,,,,,,,,,,,34.6,50.68,19.68,,,,,55,14,,,,,,,,,,,,22,,,,22,,,,,,,,,,,,,,,,,,,,,,,,,,,,,,,,,,,,,,,,,,,,54,,,,,,9.82,31.39,42.68,,,,,,,,,,,,,,,,,,,,,,,,,,,,,,,,,,,,,,,,,,,,,,,,,,,,,,,,,,,,,,,,,,,,,,,,,,,,,,,,,,,,,,,,,,,,
60-12-8,phenylethyl alcohol  / 2-phenyl ethanol,,,105,4.01,17.99,21.26,38.78,2.72,,3.75,,,,,,,,,,4.7,7.7,,55,39.68,55,25.26,55,10.52,,,,,,9.419,8.435,,,,,,,,,,,,,27.44,25.43,22.11,,,,27.5,,,,,,,,,,,,,,,,,,,,,,,,,,,,,,,,,,,,,,,,,,,,,,12.9,,2.5,,,,,,15.69,,,,,,,,,,,,,,,1.9,,,,110,110,110,,,36.55,,,,,5.02,,,,,,,,,,,27.1,55,103.2,26.57,22,22,22,22,22,22,22,22,22,22,22,22,,,,,,,,,,,,,,,33,33,33,33,33,33,33,33,33,33,22,22,22,55,33,33,33,33,33,,,,,,,,,,,,,,,,,,,,,,,,,390,,,,55,,,47.69,67.42,,,,,,,,,,,22.32,,38.5,,21.44,,38.5,,26.38,,,,36.5,,11.12,18.9,,55,34.5,,,,,,,,,,42.2,34.89,54.78,52.85,,,,44.27,,,,,,,,,55,55,,,,22,,,,22,,,,,,,11.8,16.88,,55,23.8,,5.47,55,22.21,17.5,56.93,,,,,,,,,,,,,,26.5,,55,55,55,55,6.5,23.3,55,55,25.5,55,12.3,,17.77,3.81,24.24,18.14,8.35,,,,34,55,26.1,55,,,40.3,37.94,14.82,,,,,,,,,,,,,,5.878,11.46,4.113,82.6,21.6,19.5,26.69,,,,,,,,,,,,,,,,,,22,,,,,,12.76,22,22,55,,,55,,,,,9.267,,6.147,,8.797,,,,55,13.26,,,,,,,,,,,,,,,,,,,
110-54-3,hexane,,15.19,,,12.56,,312.7,47.69,31.35,2.89,22,7.25,33,3.99,0.96,10.7,12.91,9.606,7.122,,,11.59,55,51.6,55,55,55,55,5.814,38.46,55,15.9,5.495,4.951,2.314,33,33,33,22,22,,,,,11.47,,,39.15,39.75,40.43,4.715,16.48,19.02,55,9.386,59.53,12.16,19.44,,,,27.63,24.82,33,55,,,37.2,,,,,,,,15.85,38.2,28.49,16.61,,,,,,,,,,,,,,,,,,0.44,,,12.9,,55,,,6.354,,,69.78,,,,55,432.9,311.5,1100,3.92,1.3,2.5,3.63,1.56,3.6,,0.4517,,33,33,110,110,110,,,,,2.85,,,1.225,6.168,8.053,9.807,10.1,1.919,2.484,2.839,6.55,9.821,22,9.108,55,9.727,24.22,22,22,22,22,22,22,22,3.34,5.316,4.104,22,22,5.01,11,11,1.467,11,11,3.595,2.75,25.36,2.952,3.958,6.6,,5.927,18.55,33,11.46,22.73,5.651,9.666,10.72,12.21,13.99,33,22,22,18.45,28.22,26.26,33,33,20.66,20.16,,,,,7,4.6,,,4.846,13.85,15.98,38.47,15.18,44,44,10.83,,,,,,,,,,,,2.36,34.69,,1.18,20.51,86.85,48.83,12.53,26.4,15.56,3,11.69,4.238,5.74,3.237,74.35,20.25,31.08,12.31,6.5,5.33,14.91,10.87,9.365,21.62,2.25,4.231,16.49,61.38,0.976,13.67,4.766,,48.91,35.68,0.8972,0.6055,1.634,0.7864,0.7577,6.627,3.646,2.769,3.465,48.28,33.34,37.95,40.46,,,,110,55,12.44,,,,,5.2,35.2,16.47,55,4.357,2.148,2.48,1.485,1.658,22,1.62,13.55,11.17,7.73,44,44,44,16.42,5.581,24.58,,55,,55,,,,,,,17.54,66.54,47.17,12.69,10.96,17.23,,75.38,,,16.71,,36.41,110,16.59,21.08,55,55,4,13.2,55,55,9.3,55,2,5.89,26.83,8.5,40.4,26.31,7.64,9.9,8.211,12.64,55,55,55,55,0.3187,0.9848,44.68,23.75,23.91,2.939,,3.059,,,,,,,,3.375,7.306,0.9127,11.45,5.14,4.234,,,,23.35,0.64,281.6,5.36,21.17,13.47,27.31,281.6,7.8,,,12.5,10.8,17.5,6.661,,,,7.817,5.061,12.59,2.818,8.8,,1.284,3.695,6.718,4.829,12.89,8.49,55,1.524,1.057,1.184,13.2,55,,55,,7.706,,0.3835,0.3785,55,5.764,5.966,4.618,14.86,28.34,18.46,,,23.93,189.5,3.532,40.99,2.15,2.83,3.45,11,5.68,11,183.9,28.76
124-18-5,decane,,15.11,,0.84,2.707,,312.7,47.69,31.35,2.844,14.88,7.25,33,3.99,0.96,10.7,12.91,9.716,7.122,,,11.59,55,51.6,55,55,55,55,5.814,38.46,55,15.9,5.495,4.951,2.314,33,33,33,22,22,,,,,7.43,,,44.55,46.42,47.23,4.638,21.13,17.73,33.57,9.386,59.53,12.47,19.44,,,,27.38,23.26,33,55,,,35.58,,,,,,,,15.53,38.2,28.49,16.61,,,,,,,,,,,,,,,,,,0.44,,,2.713,,3.023,,,6.354,,,69.78,,,,55,11.76,282.8,26.43,3.92,1.3,2.5,3.63,1.56,3.6,,0.4517,,33,33,110,110,110,,,,,2.85,,,1.287,6.167,8.029,9.807,10.1,1.905,2.475,2.828,6.55,9.821,22,9.108,55,9.727,24.22,22,22,22,22,22,22,22,3.34,5.316,4.104,22,22,4.869,11,11,1.47,11,11,3.595,2.98,23.2,2.952,3.958,6.6,,5.722,10.5,9.163,7.046,22.22,5.966,33,9.801,8.401,18.6,33,22,22,16.66,38.25,23.97,33,33,13.36,33,,,,,7,4.6,,,4.846,13.85,15.98,38.47,15.18,44,44,10.83,,,,,10.63,,7.26,2.24,,,0.09,1.484,33.37,,1.183,20.51,77.09,48.83,12.53,26.4,15.28,2.789,10.91,3.943,5.19,3.237,73.14,21.69,31.31,12.31,6.166,5.33,18.98,10.87,10.86,21.62,2.25,3.608,16.49,57.93,0.9722,14.12,4.766,,48.08,35.32,0.7939,0.5499,1.523,0.7864,0.7577,6.627,1.816,1.271,1.594,48.28,33.86,38.42,32.81,,,,81.78,55,55,,,,,5.2,35.2,16.37,55,4.558,2.148,2.48,1.485,1.658,22,1.62,13.55,11.17,7.73,44,44,44,16.42,6.167,24.58,,55,,55,,,,,,,18.52,66.54,47.17,12.69,10.85,17.21,,77.92,,,16.58,,36.46,110,7.46,55,55,55,4,13.2,55,55,9.3,55,2,9.547,26.83,8.5,40.4,26.31,7.64,7.139,7.715,12.47,55,55,55,55,0.3203,0.8036,46.29,24.88,26.85,2.939,,3.059,,,,,,,,3.327,7.306,0.9127,11.33,5.14,4.198,,,,24.62,0.64,281.6,5.36,21.17,13.47,27.31,281.6,7.8,,,12.06,10.77,17.5,6.819,,,,7.817,5.061,12.59,2.818,8.8,,1.284,3.695,6.718,4.318,12.89,8.49,55,1.524,1.055,1.182,13.2,55,,55,,6.276,,0.2387,0.3785,55,5.764,4.08,3.978,20.53,24.64,18.22,,,23.93,189.5,3.532,40.99,2.15,2.83,3.45,11,5.68,11,188.7,30.01
470-82-6,"1,8-cineole / eucalyptol",,,,,,,,,44.35,4.3,,,,,,,,,,,,,,,,,,,,,,,,,,,,,,,,,,,,,,24.16,21.11,28.59,,,,55,,,,,,,,,,,,,,,,,,,,,,16.66,,,,,,,,,,,,,,,,,,,,,,,,,,,,,,,,,,,,,60.72,178.9,1100,,,,,,,,,,,,110,110,110,,,,,,,,,,,,,,,,,,,,,,,22,22,22,22,22,22,22,22,,22,22,22,,,,,,,,,,,,,,,,,,,,,,,,,,,,,,,,,,,,,,,,,,,,,,,,,,,,,,,,,,,,,,,,,55.69,85.17,,,,,,,,,,,,,,,,,,,,,,,61.35,,,,,,,,,,,,,,,,,,,,,,,,,,,,,,,,,,,,,,,,,,,,,,,,,,,55,,,,,,,,,,,,,,,,,,,,,,,,,,,,,,,,,,5.79,,,,,,5.01,,,55,55,55,55,35.2,35.2,,,,,,,,,,,,,,13.97,,,11.01,,27.12,,,,,,,,,,,,,,,,,,,,,,,,,,,,,,,,,,55,,,,,,,,,,,,,55,,,,,,,,,,,,,,,,,,,,
7061-54-3,Phlorizin dihydrate,,,,,,,,,,,,,,,,,,,,,,,19.7,15.2,11.6,14.7,15.6,14.7,,,,,,,,,,,,,,,,,,,,,,,,,,,,,,,,,,,,,,,,,,,,,,,,,,,,,,,,,,,,,,,,,,,,,,,,,,,,,,,,,,,,,,,,,,,,,,,,,,,,,,,,,,,,,,,,,,,,,,,,,,,,22,22,19.24,22,22,15.93,22,22,,7.52,22,22,,,,,,,,,,,,,,,,,,,,,,,,,,,,,,,,,,,,,,,,,,,,,,,,,,,,,,,,,,,,,,,,,,,,,,,,,,,,,,,,,,,,,,,,,,,,,,,,,,,,,,,,,,,,,,,,,,,,,,,,,,,,,,,,,,,,,,,,,,,,,,,,,,,,,,,,,,,,,,,,,,,,,,,,,,,,,,,,,,,,,,,,,,,,,,,,,,,,,,,,,,,,,,,,,,,,,,,,,,,,,,,,,,,,,,,,,,,,,,,,,,,,,,,,,,,,,,,,,,,,,,,,,,,,,,,,,,
458-36-6,Coniferyl aldehyde,3.68,,98.44,,,,,,,4.85,,,,,,,,,,,,,,,,,,,3.6,9.1,9.5,12.4,2.8,33,33,,,,,,,,,,,,,,,,,,,,,,,,,,,,,,,,,,,,,,,,,,,,,,,,,,,,,,,,,,,,,,0.09872,,,,,,,,,101.4,,,,,,,,,,,,,,,,,4.281,2.24,,,110,110,110,,,,,,,,,8.67,,,,,,,,,,,,,,,,,,,,,,,,,,,,,,,,,,,11.56,20.36,,,7.4,,,,,,,,,,,,,,,,,,,,,,,,,,,,,,,,,,,,32.07,94.97,71.58,34.47,,,,,,8.1,,,,,,,13.97,,,,,,,,,,,,,,,,,,,,,,,,,,9.6,9.7,,,,,,,,,,,,44.9,20.92,19.37,13.84,37.5,16.1,44,31.5,,,,,,,,,,,,,,22,,,,,,10.82,20.45,44,16.22,19.7,10,14.82,16.31,,216.7,,,,,,2.95,,,,,,,,,,,,,,,,,,,,,,,,,,,,,,,,,13.53,,,,,,,,,,,,2.835,14.7,7.203,,,,,,,,,,,,,,10.3,12.1,8,,,,,,,,,,,,8.7,9.3,11,,,,,,,,,,,,,,,,,,,,,,,,,,,,,,,,,,,,,,,,,3.73,20.23,,,,,,,,
30507-70-1,"(Z9,E12)‐tetradecadienyl acetate / Z9,E12–14:Ac / Prodenialure B",,,,0.7079,0.8498,,414.7,38.17,36.93,3.39,18.45,,,,,,,,,,,,55,55,55,31.9,55,55,4.696,55,55,55,0.6028,8.081,1.587,0.4565,0.2786,0.8084,4.4,0.65,,,,,0.77,,,11.92,21.12,19.19,2.573,17.62,25.36,25,18.79,59.53,13.46,44,,,,33,35.72,33,43.61,,,35.81,,,,,,,,,14.3,15.27,9.875,,,,,,,,,,,,,,,,,,0.5206,,,0.4135,,0.1094,,,5.78,,,106.7,,,,10.19,49.11,1100,45.43,,,,,,,,,,,,15.77,110,59.65,,,,,2.56,,,1.56,1.023,1.35,,,,,,4.4,4.4,4.4,,,,0.75,22,22,22,22,15.35,22,22,22,3.72,8.792,8.205,22,,,,,,,16.2,,,,,,,,2.491,7.888,3.955,14.67,2.528,24.53,11.34,33,20.72,33,8.768,11.03,22,35.08,33,33,33,33,33,,2.47,9,,5.7,5,,,,,,,,,,,,,,,10.63,6.55,7.425,2.378,,,0.09621,1.139,,,0.6619,172.6,,,95.14,26.4,,,,,10.18,11.5,82.04,,,16.96,2.934,13.42,13.66,12.51,17.09,25.33,1.88,0.7822,19.38,,,16.37,3.9,,46.89,37.37,2.14,1.85,1.44,1.5,22,0.64,0.76,0.35,0.7,53,,,110,,,,72.49,,,,,,,30,29.5,18.16,38.57,4.84,3.81,2.5,5.55,,,,4.39,,13.58,44,44,44,23.39,10.61,88.91,,55,,,,,,,,,4,25.57,24.29,22.07,15.43,18.4,,,,,,,,110,15.99,13.26,21.39,55,4.614,16.62,55,32.61,10.61,55,2.885,8.649,26.83,8.5,40.4,26.31,7.64,3.402,16.76,,37.13,31.37,21.25,55,0.44,2.433,36.15,34.97,13.72,2,6.3,7.5,,2.5,4.323,2.882,2.043,1.91,1.357,2.049,22.34,32.7,12.93,8.534,2.127,,,,13.97,0.21,281.6,18.92,33.91,48.29,281.6,182.2,,,,10.79,11.73,13.79,26.41,27.5,0.71,5.16,4.4,0.17,,4.87,7.58,3.82,0.81,2.99,4.4,55,,,55,0.4949,0.7565,13.2,6.595,,,,,,,0.5365,0.21,14.4,0.57,8.61,3.83,18.06,22.97,16.5,,,,,,,,,,,,,,
20711-10-8,Z-11-Tetradecen-1-ol acetate / Z11-14:Ac,,,,0.7166,0.8646,,414.7,38.17,36.93,3.261,19.01,5.34,3.41,3.68,33,4.29,12.5,9.8,3.771,11.6,6.857,,55,45.64,55,32.36,42.78,27.72,6.094,55,55,55,1.116,8.081,1.588,0.4568,0.2788,0.8088,4.4,0.65,,,,,0.77,,,9.464,18.31,15.64,3.133,18.27,26.52,22.12,19.13,60.58,14.99,44,,,,33,37.87,33,41.03,,,35.56,,,,,,,,18.04,19.96,22.14,13.88,,,,,,,,,,,,,,,,,,0.5107,,,0.3585,,0.09605,,,5.78,14.45,,92.36,,,,12.76,38.87,259.2,35.88,,,,,,,,0.8,,,,35.04,110,76.71,,,,,2.698,,,1.413,1.627,1.35,9.93,9.94,1.56,2.23,2.54,3.153,3.153,2.704,9,55,11.47,0.5404,22,22,22,22,15.71,22,22,22,3.72,9.3,8.714,22,3.291,5.857,1.782,0.394,2.268,10.65,10.2,1.028,7.763,0.3641,0.4111,,,,2.839,8.704,4.524,15.53,3.018,23.92,8.549,33,21.87,33,10.38,14.62,22,33.46,33,33,33,33,33,,2.47,9,,5.7,5,,,,,,,,,,,,,,,10.63,6.55,7.416,2.368,,,0.08984,1.225,22.45,,0.6764,38.8,,,83.75,18.86,,,,,10.49,11.49,78.41,6.083,13.32,14.42,3.311,12.77,14.17,9.253,17.62,24.24,1.73,0.8807,18.7,,0.9408,16.41,3.9,3.1,48.34,37.97,1.246,1.041,1.209,0.9586,2.762,0.5522,0.5675,0.276,0.4933,49.02,110,47.84,22.67,28.1,24.2,44,22.99,55,12.5,,,,,30,29.5,18.37,39.43,4.594,3.81,2.5,6.88,,,,4.096,,13.58,44,44,44,23.39,10.18,8.883,,55,,,,,,,,1.64,2.676,20.99,21.18,16.45,9.667,17.9,,,,,,,,110,18.56,15.74,23.97,55,5.795,22.52,55,32.21,13.51,55,5.202,7.317,13.41,7.731,25.11,26.13,6.999,3.838,16.31,22.88,43.18,30.29,20.09,55,0.3109,3.187,35.91,22.03,13.66,2.203,6.3,7.424,,2.35,4.61,2.77,1.97,2.13,1.14,2.874,20.35,34.88,13.3,7.094,2.254,9.9,8.6,3.1,20.04,0.1671,281.6,9.424,26.14,23.85,77.57,166.6,7.8,9.2,15.8,10.27,13.15,14.21,16.05,27.5,0.71,5.16,4.4,0.65,,4.87,7.58,3.82,1.8,4.4,4.4,55,,,55,0.4947,0.7579,13.2,6.605,55,,8.07,,55,,0.2988,0.52,10.66,2.77,8.786,4.061,17.77,23.44,15.24,,,15.57,39.49,,,2.15,2.83,3.45,11,5.68,11,,
28079-04-1,(Z)-8-Dodecenyl acetate / Z8-12:Ac,,10.25,,0.6371,0.7334,,414.7,38.17,36.93,3.295,22,5.535,2.619,3.728,2.439,4.375,12.31,9.358,4.573,11.6,2.169,14.3,55,39.41,55,31.21,55,55,5.949,55,55,55,1.073,7.4,1.9,2.57,2.23,1.19,3.157,0.3624,,,,,0.4727,,,12.85,22.13,20.77,2.665,13.38,27.9,13.36,14.14,63.29,14.3,28.08,,,,33,34.1,33,41.74,,,35.58,,,,,,,,15.98,15.34,15.29,9.833,,,,,,,,,,,,,,,,,,0.5294,,,0.3229,,0.08734,,,5.78,13.61,,22.32,,,,16.68,22,287.8,34.77,3.88,1.43,2.6,3.72,1.62,,,0.5491,,33,33,30.65,110,73.54,,,12.36,13.89,2.664,,,1.429,1.31,1.35,,,1.56,2.23,2.54,4.4,4.4,3.147,55,55,,0.4441,22,22,22,22,15.35,22,22,22,3.599,8.795,8.207,22,3.149,6.262,2.152,0.4582,2.631,10.55,7.514,1.473,8.245,0.3968,0.4555,6.6,,5.8,2.832,8.628,4.502,15.52,3.017,17.09,8.445,18.34,13.05,11.1,1.15,1.246,22,37,33,33,33,33,33,,2.47,9,,5.487,4.726,,,4.28,13.46,16.44,36.78,28.17,44,44,12.8,,,,,10.63,5.042,6.971,2.254,,,0.08965,1.23,6.533,,0.6572,18.81,72.83,38.5,70.02,26.4,,,,,6.275,14.4,79.34,6.609,12.51,38.5,2.324,12.76,7.727,38.5,14.98,38.5,1.73,1.09,19.32,63.15,0.9408,15.77,2.985,3.1,45.95,37.19,1.225,1.021,1.21,0.946,2.599,0.5554,0.8242,0.4216,0.6884,48.97,24.89,25.65,20.16,28.1,24.2,44,22.64,55,9.239,,,,,13.55,28.71,18.17,42.84,4.929,3.81,2.5,7.273,,,,4.62,12.59,13.12,44,44,34.35,23.14,9.642,9.931,41.08,55,,55,,,,,,1.69,3.236,21.9,21.81,14.59,12.28,17.67,23.67,110,,,,,65.83,110,20.5,17.65,25.86,55,4.668,14.11,55,34.04,10.76,55,3.507,7.982,13.33,7.782,25.01,26.14,7.042,4.681,8.466,12.72,38.5,29.68,20.55,55,0.3055,0.6746,35.75,27.83,14.09,2.12,6.3,7.424,,2.35,4.362,2.444,1.928,1.664,1.028,2.269,3.876,3.214,12.74,6.345,2.117,9.274,8.6,3.1,18.82,0.1674,281.6,9.214,25.92,23.31,74.4,166.7,7.8,,,10.38,12.59,14.02,13.25,27.5,0.71,5.16,3.628,0.2709,,4.81,7.353,3.82,0.391,4.4,3.607,55,,,55,0.4948,0.7592,13.2,6.614,9.74,,7.94,,55,,0.2917,0.2379,10.66,0.9454,8.379,3.788,18.17,22.75,17.32,,,17.13,28.6,3.22,48.24,2.15,2.83,3.45,11,5.68,11,,
14959-86-5,(Z)-7-Dodecenyl acetate / Z7-12:Ac,,11.24,,0.5779,1.306,,320,37.58,31.77,3.405,18.56,5.162,2.506,3.669,3.142,4.466,12.34,9.367,4.633,11.6,1.453,14.3,55,43.85,55,31.85,55,55,1.989,55,55,21.2,1.611,8.9,1.6,0.33,0.39,6.32,4.4,0.65,,,,,0.77,,,13.68,23.02,21.82,2.533,17.18,25.58,27.18,13.81,60.07,13.38,27.01,,,,33,34.68,33,45.06,,,34.37,,,,,,,,16.25,15.48,14.9,9.61,,,,,,,,,,,,,,,,,,0.4371,,,0.2978,,0.08113,,,5.78,13.36,,74.62,,,,10.83,9.903,106.8,27.31,3.92,1.3,2.5,3.63,1.56,3.6,,0.546,,33,33,28.49,110,71.87,,,12.36,13.89,2.704,,,0.9972,1.661,0.9804,,,1.56,2.23,2.54,3.286,3.685,2.657,9.696,36.44,5.839,0.5009,22,22,22,22,15.36,22,22,22,3.658,8.8,8.212,22,3.168,6.3,2.188,0.4665,2.668,10.55,7.152,1.494,8.352,0.4098,0.4629,6.6,,5.8,2.83,8.57,4.49,15.53,3.021,25.94,7.787,21.65,13.37,11.68,0.8564,0.888,22,37.41,33,33,33,33,33,,2.47,9,,5.515,4.696,,,4.156,13.35,16.43,36.31,13.85,44,44,10.27,,,,,10.63,4.45,6.957,2.317,,,0.08974,1.286,6.029,,0.77,15.95,72.83,48.83,66.31,26.4,,,,,7.608,13.01,78.74,8.839,12.11,10.26,2.912,12.91,9.219,11.62,15.64,18.92,1.73,0.8158,18.77,63.15,0.926,15.66,2.978,3.353,47.27,36.73,1.192,0.9884,1.205,0.915,2.308,0.5667,0.7036,0.2969,0.6104,48.93,110,110,14.49,28.1,24.2,44,19.79,34.13,12.16,,,,,9.482,28.53,17.89,42.34,5.036,3.81,2.5,7.473,,,,5.018,,13.58,44,44,44,23.39,10.7,9.995,,55,,55,,,,,,,3.048,22.51,22.23,14.06,12.22,17.33,,110,,,25.14,,65.83,110,20.1,17.62,24.26,55,4.376,15.26,55,33.17,10.11,55,2.518,6.462,13.27,7.827,24.93,26.15,7.08,5.536,9.439,12.04,41.63,32.76,19.63,55,0.3044,0.6,37.12,28.43,14.69,2.13,3.75,4.229,13.6,2.812,4.362,2.444,1.928,1.664,1.028,1.538,3.444,2.794,12.61,6.153,2.092,9.301,8.6,3.1,16.05,0.168,281.6,8.877,25.56,22.45,69.45,167,7.8,,,10.71,11.32,14.04,8.417,27.5,0.71,5.16,3.666,0.2639,,4.803,7.364,3.82,0.3875,4.4,3.646,7.853,,8.49,55,0.4909,0.7637,13.2,6.896,55,,55,,6.256,,0.2759,0.2317,10.6,2.31,8.221,3.738,18.27,22.64,17.8,,,23.93,189.5,2.814,41.36,2.15,2.83,3.45,11,5.68,11,,
3025-30-7,"Ethyl (2E,4Z)-deca-2,4-dienoate / Pear ester",,10.21,,0.84,1.08,,,,,3.573,10.25,5.322,3.7,3.677,0.9994,5.67,12.09,9.252,7.238,,,14.3,55,35.13,55,38.22,55,37.17,2.398,25.23,24.73,17.57,1.033,7.985,1.561,0.4538,0.2764,0.8297,3.738,0.5189,,,,,0.6629,,,27.49,27.73,29.19,6.86,15.79,14.91,29.76,8.695,67.39,10.96,21.25,,,,25.6,34.01,33,55,,,30.52,,,,,,,,18.04,17.15,7.93,12.84,,,,,,,,,,,,,,,,,,1.6,,,0.5,,0.13,,,5.78,12.7,,69.78,,,,8.152,9.821,83.97,24.08,3.92,1.3,2.5,3.63,1.56,3.6,,0.5191,,,,15.11,110,58.86,,,,,2.747,,,1.433,0.7323,1.35,,,1.56,2.23,2.54,3.369,3.872,2.475,15.8,55,18.43,0.3432,22,22,22,22,7.969,22,13.46,6.49,5.311,9.96,2.878,15.44,3.756,6.517,2.411,0.5353,2.893,10.52,6.113,1.539,9.009,0.6861,0.7622,6.6,,5.8,2.082,22.68,3.712,11.35,1.126,27.14,7.218,16.34,9.805,8.981,0.5535,0.3988,18.54,55,26.43,33,33,22.96,33,,,,,7,4.6,,,4.248,11.71,16.43,36.68,11.87,44,44,10.67,,,,,10.63,3.886,6.325,2.242,,9,0.08747,1.293,20.72,,0.7323,20.02,72.83,48.83,61.4,26.4,,,,,14.94,23.44,85.67,15.75,13.32,2.52,4.938,14.44,15.72,6.84,10.89,8.81,1.734,1.126,17.98,,0.9587,14.36,4.372,9.7,48.36,36.38,0.9455,0.7303,1.34,0.7612,1.03,0.6958,0.7902,0.4312,0.6545,47.93,,,46.61,,,,71.93,55,14.62,,,,,,,31.56,55,5.722,3.81,2.5,1.242,,,,15.34,,13.58,44,44,44,23.39,8.735,22.03,,55,,55,,,,,,,4.548,66.54,47.17,12.69,10.64,15.84,,110,,,,,65.83,110,28.48,32.22,33.71,55,4,13.2,55,55,9.3,55,2,7.008,26.83,8.5,40.4,26.31,7.64,19.75,11.51,12.23,25.14,35.35,17.35,55,0.2811,0.2686,44.96,23.95,24.41,3.872,3.7,5.875,13.6,5.5,4.355,2.73,1.944,1.692,1.07,2.405,22.54,44,8.282,5.252,2.401,,,,18.62,0.1898,281.6,6.171,22.31,15.53,35.44,175.1,7.8,,,11.43,11.19,13.9,6.007,27.5,0.71,5.16,3.591,0.2484,,4.596,8.8,,0.4903,3.669,3.57,55,,,55,0.5056,0.7525,13.2,6.401,10.84,,8.953,,55,,0.3761,0.2774,13.76,0.8554,5.541,4.568,20.22,23.97,20.91,,,23.93,189.5,3.22,48.24,2.15,2.83,3.45,11,5.68,11,,
116-26-7,safranal,,,,,,,,,,,,,,,,,,,,,,,,,,,,,0.4,3,27,3.2,55,,,,,,,,,,,,,,,,,,,,,,,,,,,,,,,,,,,,,,,,,,,,,,,,,,,,,,,,,,,,,,,,,,,,,,,,,,,,,,,,,,,,,,,,,,,,,,,,,,,,,,,,0.862,0.806,7.04,,,,,,,,,,,,,22,22,22,22,22,22,22,22,,22,22,22,,,,,,,,,,,,,,,,,,,,,,,,,,,,,,,,,,,,,,,,,,,,,,,,,,,,,,,,,,,,,,,,,,,,,,,,,,,,,,,,,,,,,,,,,,,,,,,,,,,,,,,,,,,,,,,,,,,,,,,,,,,,,,,,,,,,,,,,,,,,21.11,,,,,,,,,,,,,,,,,,,,,,,,,,,,,,,,,,,,,,,,,,,,,,34.03,,,,,,,,,,,,,,,,4.416,,,35.61,,,28.9,,35.4,,,,,,,,,,,,,,,,,,,,,,,,,,,,,,,15.85,,,,,,,,,,,,,,,,,,,,,,,,,,,,,,,,,
68279-24-3,(Z)-10-Hexadecenal / Z10-16:Ald,,9.781,,0.84,0.7281,,,,,3.301,9.685,7.25,33,3.99,0.96,10.7,13.06,9.779,6.526,,,13.05,47.33,41.13,55,49.33,43.07,36.71,0.1703,13.52,55,1.37,18.83,3.44,1.589,3.744,3.723,4.579,8.292,2.798,,,,,3.203,,,47.78,49.25,46.88,6.801,14.67,14.16,5.563,18.86,,11.9,,,,,25.07,28.23,33,55,,,,,,,,,,,15.87,23.17,12.9,6.609,,,,,,,,,,,,,,,,,,1.6,,,0.302,,0.05087,,,6.84,,,26.56,,,,39.48,9.689,81.81,23.81,3.899,1.275,2.48,3.612,1.548,3.6,,0.475,,33,33,110,110,110,,,,,3.07,,,1.142,1.06,1.094,9.807,10.1,1.412,2.117,2.407,4.289,4.064,2.306,18.57,55,11.34,0.3933,22,22,22,22,9.787,22,12.2,22,8.398,7.1,5.012,15.15,4.24,8.31,4.33,1.66,2.81,11,4.617,1.2,8.65,0.42,0.36,6.6,,5.8,5.658,26.11,5.934,14.85,2.077,24.57,10.28,11.2,9.083,7.945,0.4419,0.2906,17.1,43.39,23.79,33,33,19.34,33,,,,,7,4.6,,,3.788,12.44,14.55,35.56,19.24,44,44,10.43,,,,,10.63,3.419,6.101,2.267,,,0.08438,1.652,19.47,,0.8857,20.79,70.23,42.87,29.55,26.4,14.47,2.289,9.223,3.275,18.81,26.68,96.95,13.35,20.06,6.586,11.71,15.55,15.88,32.55,8.192,18.73,1.671,2.686,17.34,63.15,0.9491,16.68,3.228,,49.82,35.55,0.8025,0.5774,1.995,0.7833,1.281,3.097,1.278,1.069,1.105,48.14,26.95,28.92,35.82,,,,51.5,37.67,12.75,,,,,5.058,35.2,36.31,55,5.126,,,22,1.658,22,1.62,22,12.59,9.452,44,44,30.76,18.02,8.525,9.713,41.08,55,,55,,,,,,1.69,18.19,66.54,47.17,12.69,10.91,16.78,23.67,110,,,17.96,,57.43,110,28.48,32.22,33.71,55,6.2,14.1,55,55,55,55,22.6,6.182,,,,,,19.61,9.516,12.24,16.6,55,18.9,55,0.3781,0.3196,45.74,24.5,25.83,3,,3.3,,,4.61,2.353,1.97,2.13,1.14,1.959,4.052,0.5712,4.447,5.111,2.303,,,,19.79,0.3272,281.6,4.167,19.27,10.44,17.14,216.7,7.8,,,10.04,10.03,12.8,6.133,27.5,0.71,5.16,2.479,0.7218,,3.586,8.8,16.39,0.4783,1.995,3.19,12.76,12.89,,55,0.6673,1.157,0.8497,13.2,55,,55,,17.51,,0.369,0.3507,55,0.8997,5.888,5.179,19.63,22.44,18.61,,,20.86,87.25,3.268,44.52,2.15,2.83,3.45,11,5.68,11,195,37.22
3790-78-1,cis-Nerolidol,,5.309,,1.78,3.212,,174.3,9.961,20.69,5.943,22,,,,,,,,9.2,,1.8,,55,55,30.14,55,55,28.49,0.3882,3.71,40.45,3.544,7.704,20.1,20.1,,,,22,8.049,,,,,5.52,,,18.83,21.45,19.41,0.7734,13.53,18.18,27.16,,,,7,26.3,9.5,39.1,20.4,20,20.76,10.91,11.18,16.6,,,,,,,,,19.88,33.1,4.667,2.164,,,,,,,,,,,,,,,,,,0.5773,,,,,,,,4.088,,,,,,,,1.872,83.8,13.25,3.024,1.566,1.85,,1.445,,,1.467,,,,74.4,110,110,,,29.77,,1.335,,123,,,,,,,,,3.042,4.509,9.36,4.482,46.59,7.088,7.4,22,22,22,22,4.77,22,9.797,22,2.669,1.003,1.895,12.39,11,11,11,1.069,11,11,,0.7514,3.072,2.211,4.367,,,,2.12,3.458,1.346,2.799,12.55,27.08,21.61,11.07,13.43,22.59,22,10.67,15.31,11.02,33,33,24.74,18.72,17.97,,,2.43,,,,6.96,110,3.059,5.144,43.1,23.06,17.45,44,44,8.82,14.21,44.92,38.93,29.37,,,,,,,,,55,10.84,,,27.14,,,,,,,,,,69.43,,33.1,17.14,,,,38.5,,25.04,,11.77,,,,10.25,,4.959,55,18.39,,,,,,,5.788,4.963,5.283,47.38,35.53,35.89,19.79,44,21.8,44,48.46,55,23.5,,,,,7.153,16.95,55,55,86.5,,,22,,,,12.73,11,,,,,,14.03,,75.93,55,31.9,55,45.23,55,7.77,12.37,15.56,,11.38,,,,8.913,26.79,23.97,110,4.3,110,4.726,,25.57,110,9.032,1.641,8.428,55,4.431,18.76,55,43.01,3.127,55,7.812,6.855,,,,,,11.35,9.408,9.043,19.88,24.65,9.345,55,2.001,4.868,,,,1.736,,4.723,,6.75,,,,,,8.19,5.323,2.288,25.59,17.05,1.757,33.1,34.5,,16.33,,,,,,,,11.2,8.9,6.4,9.7,8.6,0.9659,10.77,,,,22,3.916,10.47,,8.862,25.38,7.653,33.4,44,1.458,13.46,10.4,22.54,8.339,,,,8.65,,10.7,,12.17,,25.7,1.711,55,4.925,,,,,,,,,,6.204,37.58,,,,,,,42.25,98.17
98-55-5,p-menth-1-en-8-ol / alpha Terpineol,,9.93,,,,,,,,,22,,,,,,,,,,,,,,,,,,,,,,,,,,,,22,22,,,,,6.79,,,,,,,,,55,,,,,,,,11.28,,33,18.21,,,,,,,,,,,,44,29.68,13.87,,,,,,,,,,,,,,,,,,,,,,,,,,9.25,,,,4.06,,,55,158.4,34.54,63.05,3.86,1.476,2.28,,1.886,,,,,,,69.49,110,110,,,25.01,,,,,,,,12.55,9.24,,,,12.07,2.53,22,6.205,55,12.29,55,22,22,22,22,22,22,22,22,22,13.86,22,22,11,11,11,5.36,11,11,,1.54,14.65,6.92,8.67,,5.3,9.6,,,,,,33,33,21.63,24.44,33,22,22,22,55,33,33,25.08,33,19.65,,,,,,,3.41,110,8.25,44,44,44,10.89,44,44,18.06,22.83,29.42,47.04,23.51,,,,,,,,,55,18.31,,,,,,,,,,,,,,,,,,,,,,,,,,,,14.64,,,55,30.9,,,,,,,,,,,46.83,39.43,,,,,,,,,,,,11,35.2,23.99,55,40.7,,,,,,,,,,,,,,,,,55,590.9,17.07,1.907,8.731,17.1,18.36,12.28,,18.28,,,,4.12,,,,,,18.23,,,,55,55,55,55,7,55,38.2,55,17.3,55,12.1,16.86,13.81,29.23,26.56,21.61,20.94,21.13,22.64,16.32,27.6,55,23.6,55,,35.2,,,,,,,,,,,,,,,,,19.26,,,,,,,,,,,,,,,10.5,18,13.5,7.8,8.3,22.31,,,,,,,,,,,,,1.57,,7.47,55,21.22,,,,,,,,,,,,55,,,,,,,,,18.74,58.05,,,,,,,,,,
6753-98-6,α-Humulene/ alpha-caryophyllene,,12.17,,,,,,,,,22,,,,,,,,,,,,,,,,,,,,,,,13.4,4.5,,,,22,22,,,,,22,,,9.96,55,8.94,1.3,33,33,55,,,,44,,,,33,,33,13.88,,,,2.43,3.52,33,2.24,4.19,2.2,33,,,,,,,,,,,,,,,,,,,,,,,,,,,,,,,,,,,,,,26.77,507.6,38.52,1.61,2.05,2.229,,2.024,,,,,,,110,110,110,,,,,,,,,,,,,,,,7.441,9.396,12.31,13.68,55,15.64,1.967,2.54,22,22,22,22,22,22,22,,22,1.4,22,11,11,11,11,11,11,,3.88,8.67,3.58,3.78,,,,,,,,,33,33,,,,,,,,,,,,,4.3,,,6.318,,,,40.32,8.31,7.27,9.32,39.85,11.61,44,44,2.54,144.7,1100,139.7,1100,,,,,,,,,,15.55,,,,,,,,,,,,,,,,38.5,,,,38.5,,38.5,,,,57.75,,,,,,,,,,,,,,,,,,,34.41,,,,110,,,,,,,,,55,55,391.1,,,,,,,,,,,,,,55,,,55,30.8,4.15,16.13,33.48,16.37,16.34,7.45,,6.53,41.41,41.95,66.16,19.06,,,,,,4.28,,22.97,,55,55,55,55,9.4,55,24.4,55,0.9,55,9.7,13.6,,,,,,55,10.33,15.84,55,25.9,26.7,55,,,,,,,,,,,,,,,,,,,,20.91,2.42,,,,,,,,,,,,,,,,,,46.58,,,,,,2.76,,,,,,,,2.16,,55,,,,,,,,,,,,,55,,,,,,,,27.19,,,,,,,,,,,,
112-06-1,heptyl acetate,,13.03,,1.243,4.085,,313.2,38.13,31.38,3.35,18.47,5.153,2.399,3.663,5.391,4.316,16.3,13.1,3.832,14.9,1.562,11.68,55,33.06,55,36.88,55,39.75,55,55,55,55,1.788,8.17,1.607,0.4416,0.2675,0.8135,3.674,0.5003,,,,,0.6406,,,24.5,32.56,39.2,2.701,15.26,25.4,27.33,13.17,56.46,12.99,26.02,,,,33,29.66,33,55,,,32.58,,,,,,,,16.06,18.03,16.44,9.946,,,,,,,,,,,,,,,,,,0.4406,,,1.048,,0.2443,,,5.626,11.97,,75.41,,,,8.975,5.447,76.34,7.603,,,,,,,,0.5121,,33,33,86.93,110,110,,,12.36,13.89,2.82,,,0.9834,3.097,2.034,9.807,10.1,2.88,3.07,3.53,4.524,4.76,5.022,8.606,38.51,6.75,0.7534,22,22,22,22,22,22,22,22,3.025,22,22,22,3.782,7.523,3.763,0.7009,5.225,10.48,6.106,2.805,23.94,3.711,4.058,5.355,,5.746,7.081,2.622,5.093,18.79,33,23.52,9.742,8.433,21.16,33,22,22,17.52,37.4,26.25,33,33,13.01,33,,2.47,,,5.558,4.664,,,5.097,12.4,15.09,39.41,12.08,44,44,9.217,,,,,10.63,6.55,7.384,2.333,,,0.09845,1.152,8.75,,0.663,14.02,75.49,,21.2,26.4,15.6,2.604,10.26,3.726,14.79,12.27,81.21,19.74,14.09,12.07,5.55,9.281,15.7,38.5,22.62,19.84,2.25,0.86,18.01,55.53,1.26,16.33,3.22,3.228,44.5,55,1.443,1.187,1.278,1.233,3.184,0.414,1.412,0.8202,1.223,50.57,40.32,44.69,10.38,28.1,24.2,44,11.01,55,10.76,,,,,5.478,29.35,16.08,41.72,5.116,3.81,2.5,0.6323,1.658,22,1.62,3.72,,9.444,44,44,44,18.1,7.335,31.73,,55,,55,,,,,,,6.059,25.57,24.29,22.07,12.69,17.31,,110,,,18.81,,28.21,110,20.69,18.54,28.5,55,3.567,10.98,55,37.48,8.366,55,1.491,6.299,13.88,7.449,25.71,26.05,6.763,5.151,6.655,12.09,29.43,32.13,13.91,55,0.3068,2.733,34.86,28.73,12.16,1.89,3.886,3.557,13.6,2.351,4.353,2.737,1.949,1.7,1.082,2.2,2.198,0.5751,36.89,8.455,2.38,9.101,8.6,3.1,29.27,0.21,281.6,18.92,33.91,48.29,281.6,182.2,,,,10.6,11.91,14.54,8.026,27.5,0.71,5.16,3.585,0.2797,12.59,4.057,7.417,3.82,0.3953,4.4,3.563,3.589,12.89,8.49,55,0.386,0.8432,13.2,6.959,55,,55,,5.82,,2.578,0.2458,11.08,0.9561,7.55,3.34,18.85,21.63,34.34,,,23.93,189.5,3.163,40.08,,,,,,,169.8,28.72
84-74-2,"phthalic acid, dibutyl ester  / dibutyl phthalate",3.97,55,150.3,9.15,51.85,64.18,39.41,8.29,50.58,4.063,22,4.854,2.386,1.94,8.193,3.374,,,1.602,9.913,1.138,,55,36.88,55,55,26.69,55,55,55,55,55,8.71,12.9,4.7,0.4517,0.2747,0.8309,4.4,0.65,,,,,0.77,,,26.17,30.51,37.23,2.749,10.94,26.72,39.03,10.2,67.1,12.38,25.96,,,,33,37.02,33,46.04,,,30.22,,,,,,,,18.04,9.499,18.6,10.45,,,,,,,,,,,,,,,,,,0.48,,,12.9,,2.5,,,5.78,24.22,,91.25,,,,,58.17,442.5,305.8,,,,,,,,0.7406,2.88,,,29.7,30.03,21.99,,,12.36,13.89,2.85,17.78,,3.34,8.53,,,,,,,4.357,4.351,4.31,12.1,18.1,1.42,0.7208,22,15.74,14.62,8.712,15.76,22,22,22,22,11.24,10.91,22,,,,,,,16.2,,,,,,,,9.857,2.285,4.802,15.66,33,,,21.54,21.21,21.92,22,22,22,37.75,33,33,33,33,33,,,,,,,,63.7,7.01,16.04,27.53,44,10.99,44,44,11.25,,,,,10.63,6.55,7.775,2.796,,9,0.11,1.18,4.35,,0.7284,14.83,35.03,37.19,,26.4,,,,,22.26,29.6,74.66,,,9.607,12.52,12.82,17.44,38.5,34,18.7,,0.9749,19.32,36.5,,17.53,3.45,3.16,48.5,33.88,2.14,1.85,1.44,1.5,22,0.64,,,,45.17,20.63,110,9.327,28.1,24.2,44,9.65,,,,,,,,,22.61,55,5.643,3.81,2.5,3.4,,,,4.47,,,,,,,10.1,,14.67,33.27,,,,,,,,,,,,,,39.22,,,,,,,,110,55,55,55,55,3.814,12.49,55,55,8.425,55,1.674,18.79,11.82,9.504,23.03,26.53,8.47,55,33.42,19.63,43.65,40.35,24.23,33.55,0.3055,2.889,35.49,34.49,13.54,7.719,3.7,5.566,13.6,5.5,,,,,,1.918,,,5.203,20.06,3.871,10.11,8.701,4.075,33.89,0.21,281.6,18.92,33.91,48.29,281.6,182.2,,11,13.5,,,,11.92,27.5,0.71,5.16,3.628,0.2709,,4.87,,,0.391,4.4,3.607,55,,,4.375,0.4949,0.8209,13.2,7.061,,,,,,,23.49,0.2379,46.19,0.9454,5.033,3.866,20.04,21.31,19.96,,,,,4.07,31.86,,,,,,,,
22679-54-5,p-tert-Butylbenzophenone,2.587,55,,,,,,,,,22,5.34,3.41,3.68,33,4.29,,,3.1,5.9,6,2.7,55,55,55,55,28.4,55,,,,,,33,33,,,,,,,,,,,,,55,55,55,15.58,14.81,33,34.18,,,,,,,,18.95,,33,55,,,,,,,,,,,,7.18,,,,,,,,,,,,,,,,,,,,,,,,,,,,,,,,,,,,58.17,442.5,305.8,,,,,,,,0.6641,2.52,,,,,,,,,,,,19.75,,,,,,,,,9.42,10.53,22,12.1,18.1,1.42,35.22,22,13.29,11.9,5.465,22,22,22,22,,22,22,22,,,,,,,,,,,,,,,,,,,,,,13.31,12.42,33,22,22,22,30.7,33,33,33,33,33,,,,,,,,,,,,,,,,,,,,,,,,,,,,,12.97,,,,,37.19,,,,,,,,,,,,,,,,,,,,,,,,28.27,3.4,2.6,,,,,,,,,,,,,,,7.571,28.1,24.2,44,11.81,,,,,,,,,55,55,,,,22,,,,,,,,,,,11.8,,,27.48,,,,,,,,,,,,,,,,,10.8,,,,,,,,,,,,,,,,,18.79,21.02,25.84,18.11,30.89,29.58,55,33.42,19.63,31.32,29.89,22.09,32.83,,,,,,,,,,,,,,,,,,,3.327,11.46,4.86,5,6.5,1.8,26.69,,,,,,,,,,,,,,11.53,,,,,,9.89,,8.03,,,,,55,,9.52,7.95,,,,,,,,,,,,,,,,,,,,,,,,,,,,,,,,,
117-39-5,Quercetin,,,,,,,,,,,0.9987,6.87,5.68,6.13,3.82,2.5,,,,,,,,,,,,,,,,,,,,,,,,,,,,,,,,,,,,,,,,,,,,,,8.61,,2.63,,,,,,,,,,,,7.33,9.4,,,,,,,,,,,,,,,,,,,,,,,,,,,,,,,,,,,,,,,,,,,,,,,,,,,,,,,,,,,,1.19,,3.7,,,,,,,,,,,,,,,,,,,,,,,,,,,,,,,,,,,,,,,,,,,,,,,,,,,,,,,,,,,,,,,,,,,,,,,,,,,,,,,,,,,,,,,,,,,,,,,,,,,,,,,,,,,,,,,,,,,,,,,,,,,,,,,,,,,,,,,,,,,,,,,,,,,,,,,,,,,,,,,,,,,,,,,,,,,,,,,,,,,,,,,,,,,,,,,,,,,,,,,,,,,,,,,,,,,,,,,,,,,,,,,,,,,,,,,,,,,,,,,,,,,2.2,,,,,,,,,,,,,,,,,,,,,,,,,,,,,,,,,,,,,,,,,,,,,,,,,,,,,,,
112-70-9,1-tridecanol / 13:OH,,12.67,,0.84,2.498,,312.7,47.69,31.35,2.489,22,7.25,33,3.99,0.96,10.7,12.82,10.07,8.175,,,11.34,55,51.6,55,55,55,55,6.508,55,55,22.14,1.384,11.49,1.307,33,33,33,22,22,,,,,11.47,,,49.3,39.49,49.11,5.645,16.27,17.62,38.53,9.358,59.53,12.57,19.53,,,,29.16,18.94,33,55,,,35.53,,,,,,,,15.55,14.04,3.838,1.874,,,,,,,,,,,,,,,,,,0.44,,,1.224,,0.6875,,,6.113,,,69.78,,,,55,11.76,282.8,26.43,3.92,1.3,2.5,3.63,1.56,3.6,,0.4517,,33,33,56.29,110,110,,,24.6,,2.85,,,1.98,6.202,8.008,9.807,10.1,1.868,2.45,2.798,7.742,9.049,22,12.59,55,11.3,27.31,22,22,22,22,22,22,22,3.34,4.443,4.104,22,22,4.41,11,11,1.435,11,11,3.335,2.96,24.36,1.98,2.4,6.6,,5.988,7.793,7.274,6.368,23.03,9.892,6.908,10.98,14.14,24.63,33,22,22,18.99,43.92,22.83,33,33,17.89,33,,,,,7,4.6,,,6.219,16.22,19.97,40.8,16.74,44,44,14.79,,,,,10.63,3.95,5.882,2.303,,,0.104,1.472,42.61,,1.21,20.73,75.37,48.83,10.57,3.379,15.39,2.8,10.95,3.966,5.465,0.8766,68.9,12.61,32.13,12.31,4.533,5.134,8.521,10.87,17.68,21.62,1.885,3.156,16.38,71.06,1.003,73.17,3.5,,47.14,34.15,0.7926,0.5206,1.368,0.75,0.93,7.2,1.567,0.9694,1.366,47.83,34.17,38.08,35.31,,,,73.97,55,8.565,,,,,5.2,35.2,20.88,55,4.328,3.81,2.5,3.48,3.37,22,3.02,22,11.17,7.73,44,44,44,16.42,5.15,14.74,,55,,55,,,,,,,18.52,66.54,47.17,12.69,11.05,17.03,,69.21,,,17.44,,30.27,110,55,14.19,20.68,55,4,13.2,55,55,9.3,55,2,9.547,26.83,8.5,40.4,26.31,7.64,7.139,7.271,12.33,55,55,55,55,0.3188,0.3962,46.33,17.09,22.49,2.995,,3.097,,,,13.88,,,,1.9,3.536,0.9267,10.03,5.14,3.69,,,,23.46,,,,,,,,7.8,,,11.59,11.34,16.03,6.734,,,,3.796,0.2715,12.59,2.759,8.8,16.39,0.8063,2.227,4.463,3.887,12.89,8.49,55,0.6268,0.967,1.031,8.78,55,,55,,4.57,,0.2045,0.1203,55,0.8362,3.924,3.686,20.92,26.53,15.26,,,23.93,189.5,3.532,40.4,,,,11,5.68,11,181.9,28.26
593-45-3,octadecane,,15.11,,0.84,2.707,,312.7,47.69,31.35,2.844,14.88,7.25,33,3.99,0.96,10.7,12.91,9.716,7.122,,,11.59,55,51.6,55,55,55,55,5.814,38.46,55,15.9,5.495,4.951,2.314,33,33,33,22,22,,,,,11.47,,,39.14,40.12,41.7,4.638,21.13,17.73,35.71,9.386,59.53,12.47,19.44,,,,27.38,23.26,33,55,,,35.58,,,,,,,,15.53,38.2,28.49,16.61,,,,,,,,,,,,,,,,,,0.44,,,2.713,,3.023,,,6.354,,,69.78,,,,55,46.1,160.5,27.96,3.92,1.3,2.5,3.63,1.56,3.6,,0.4517,,33,33,110,110,110,,,,,2.85,,,1.287,6.167,8.029,9.64,10.96,1.905,2.475,2.828,22,6.33,10.46,10.7,55,12.58,55,22,22,22,22,22,22,22,22,5.316,22,22,22,4.869,11,11,1.47,11,11,3.595,2.98,23.2,2.952,3.958,6.6,,5.722,10.5,9.163,7.046,22.22,5.966,33,9.801,8.401,18.6,33,22,22,16.66,38.25,23.97,33,33,13.36,33,,,,,7,4.6,,,4.846,13.85,15.98,38.47,15.18,44,44,10.83,,,,,10.63,,7.26,2.24,,,0.09,1.484,33.37,,1.183,20.51,77.09,48.83,12.53,26.4,15.28,2.789,10.91,3.943,5.399,3.237,73.14,21.69,31.31,12.31,6.166,5.33,13.32,10.87,10.86,21.62,2.25,3.608,16.49,57.93,0.9722,13.67,4.766,,48.08,35.32,0.7939,0.5499,1.523,0.7864,0.7577,6.627,1.816,1.271,1.594,48.28,33.86,38.42,32.81,,,,81.78,55,12.44,,,,,5.2,35.2,16.37,55,4.558,2.148,2.48,1.485,1.658,22,1.62,13.55,11.17,7.73,44,44,44,16.42,6.167,24.58,,55,,55,,,,,,,18.52,66.54,47.17,12.69,10.85,17.21,,77.92,,,16.58,,36.46,110,16.59,21.08,55,55,4,13.2,55,55,9.3,55,2,9.547,26.83,8.5,40.4,26.31,7.64,7.139,7.715,12.47,55,55,55,55,0.3203,0.8036,46.29,24.88,26.85,2.939,,3.059,,,,,,,,3.327,7.306,0.9127,11.33,5.14,4.198,,,,24.62,0.64,281.6,5.36,21.17,13.47,27.31,281.6,7.8,,,12.06,10.77,17.5,6.819,,,,7.817,5.061,12.59,2.818,8.8,,1.284,3.695,6.718,4.318,12.89,8.49,55,1.524,1.055,1.182,13.2,55,,55,,6.276,,0.2387,0.3785,55,5.764,4.08,3.978,20.53,24.64,18.22,,,23.93,189.5,3.532,40.99,2.15,2.83,3.45,11,5.68,11,188.7,30.01
112-40-3,dodecane,,33.07,,0.84,2.707,,312.7,47.69,31.35,2.844,14.88,7.25,33,3.99,0.96,10.7,12.91,9.716,7.122,,,11.59,55,51.6,55,55,55,55,5.814,38.46,55,15.9,5.495,4.951,2.314,33,33,33,22,22,,,,,11.47,,,39.14,40.12,41.7,4.638,21.13,17.73,25.55,9.386,59.53,12.47,19.44,,,,27.38,23.26,33,55,,,35.58,,,,,,,,15.53,44,77,44,,,,,,,,,,,,,,,,,,0.44,,,2.713,,3.023,,,6.354,,,69.78,,,,55,4.61,961.5,21.8,3.92,1.3,2.5,3.63,1.56,3.6,,0.4517,,33,33,110,110,110,,,,,2.85,,,1.287,6.167,8.029,9.807,10.1,1.905,2.475,2.828,6.55,9.821,22,9.108,55,9.727,24.22,22,22,22,22,22,22,22,1.95,5.316,1.34,22,22,4.869,11,11,1.47,11,11,3.595,2.98,23.2,2.952,3.958,6.6,,5.722,10.5,9.163,7.046,22.22,5.966,33,9.801,8.401,18.6,33,22,22,16.66,38.25,23.97,33,33,13.36,33,,,,,7,4.6,,,4.846,13.85,15.98,38.47,15.18,44,44,10.83,,,,,10.63,,7.26,2.24,,,0.09,1.484,33.37,,1.183,20.51,77.09,48.83,12.53,26.4,15.28,2.789,10.91,3.943,5.399,3.237,73.14,21.69,31.31,12.31,6.166,5.33,13.32,10.87,10.86,21.62,2.25,3.608,16.49,57.93,0.9722,13.67,4.766,,48.08,35.32,0.7939,0.5499,1.523,0.7864,0.7577,6.627,1.816,1.271,1.594,48.28,33.86,38.42,32.81,,,,81.78,55,12.44,,,,,5.2,35.2,40.6,55,4.558,2.148,2.48,1.485,1.658,22,1.62,13.55,11.17,7.73,44,44,44,16.42,6.167,24.58,,55,,55,,,,,,,18.52,66.54,47.17,12.69,10.85,17.21,,77.92,,,16.58,,36.46,110,16.59,21.08,55,55,4,13.2,55,55,9.3,55,2,9.547,26.83,8.5,40.4,26.31,7.64,55,7.715,12.47,55,55,55,55,0.3203,0.8036,46.29,24.88,26.85,2.939,,3.059,,,,,,,,3.327,7.306,0.9127,11.33,5.14,4.198,,,,24.62,0.64,281.6,5.36,21.17,13.47,27.31,281.6,7.8,,,12.06,10.77,17.5,6.819,,,,7.817,5.061,12.59,2.818,8.8,,1.284,3.695,6.718,4.318,12.89,8.49,55,1.524,1.055,1.182,13.2,55,,55,,6.276,,0.2387,0.3785,55,5.764,4.08,3.978,20.53,24.64,18.22,,,23.93,189.5,3.532,40.99,2.15,2.83,3.45,11,5.68,11,188.7,30.01
143-08-8,1-nonanol,,12.67,,0.84,2.498,,312.7,47.69,31.35,2.489,22,7.25,33,3.99,0.96,10.7,12.82,10.07,8.175,,,11.34,55,51.6,55,55,55,55,6.508,55,55,22.14,1.384,11.49,1.307,33,33,33,22,22,,,,,11.47,,,49.3,39.49,49.11,5.645,16.27,17.62,40.18,9.358,59.53,14.29,19.53,,,,29.16,18.94,33,55,,,35.53,,,,,,,,15.55,14.04,3.838,1.874,,,,,,,,,,,,,,,,,,0.44,,,1.224,,0.6875,,,6.113,,,69.78,,,,55,11.76,282.8,26.43,3.92,1.3,2.5,3.63,1.56,3.6,,0.4517,,33,33,56.29,110,110,,,24.6,,2.85,,,1.98,6.202,8.008,9.807,10.1,1.868,2.45,2.798,7.742,9.049,22,12.59,55,11.3,27.31,22,22,22,22,22,22,22,3.34,4.443,4.104,22,22,4.41,11,11,1.435,11,11,3.335,2.96,24.36,1.98,2.4,6.6,,5.988,7.793,7.274,6.368,23.03,9.892,6.908,10.98,14.14,24.63,33,22,22,18.99,43.92,22.83,33,33,17.89,33,,,,,7,4.6,,,6.219,16.22,19.97,40.8,16.74,44,44,14.79,,,,,10.63,3.95,5.882,2.303,,,0.104,1.472,42.61,,1.21,20.73,75.37,48.83,16.64,3.379,15.39,2.8,10.95,3.966,5.465,0.8766,68.9,12.61,32.13,12.31,4.533,5.134,8.521,10.87,17.68,21.62,1.885,3.156,16.38,71.06,1.003,15.8,4.766,,47.14,34.15,0.7926,0.5206,1.368,0.7864,0.7577,6.627,1.567,0.9694,1.366,47.83,34.17,38.08,28.45,,,,110,55,11.8,,,,,5.2,35.2,20.88,55,4.328,3.81,2.5,22,1.658,22,1.62,13.55,11.17,7.73,44,44,44,16.42,5.15,14.74,,55,,55,,,,,,,18.52,66.54,47.17,12.69,11.05,17.03,,69.21,,,17.44,,30.27,110,55,55,14.26,55,4,13.2,55,55,9.3,55,2,9.547,26.83,8.5,40.4,26.31,7.64,7.139,7.271,12.33,55,55,55,55,0.3188,0.3962,46.33,17.09,22.49,2.995,,3.097,,,,13.88,,,,1.9,3.536,0.9267,10.03,5.14,3.69,,,,23.46,,,,,,,,7.8,,,11.59,11.34,16.03,6.734,,,,3.796,0.2715,12.59,2.759,8.8,16.39,0.8063,2.227,4.463,3.887,12.89,8.49,55,0.6268,0.967,1.031,8.78,55,,55,,4.57,,0.2045,0.1203,55,0.8362,3.924,3.686,20.92,26.53,15.26,,,23.93,189.5,6.94,40.4,,,,11,5.68,11,181.9,28.26
629-78-7,heptadecane,,15.11,,0.84,2.707,,312.7,47.69,31.35,2.844,14.88,7.25,33,3.99,0.96,10.7,12.91,9.716,7.122,,,11.59,55,51.6,55,55,55,55,5.814,38.46,55,15.9,5.495,4.951,2.314,33,33,33,22,22,,,,,11.47,,,39.14,40.12,41.7,4.638,21.13,17.73,55,9.386,59.53,12.47,19.44,,,,27.38,23.26,33,55,,,35.58,,,,,,,,15.53,38.2,28.49,16.61,,,,,,,,,,,,,,,,,,0.44,,,2.713,,3.023,,,6.354,,,69.78,,,,55,11.76,282.8,26.43,3.92,1.3,2.5,3.63,1.56,3.6,,0.4517,,33,33,110,110,110,,,,,2.85,,,1.287,6.167,8.029,13.27,11.57,1.905,2.475,2.828,22,13.26,22,13.2,55,14.74,29.44,22,22,22,22,22,22,22,22,5.316,22,22,22,4.869,11,11,1.47,11,11,3.595,2.98,23.2,2.952,3.958,6.6,,5.722,10.5,9.163,7.046,22.22,5.966,33,9.801,8.401,18.6,33,22,22,16.66,38.25,23.97,33,33,13.36,33,,,,,7,4.6,,,4.846,13.85,15.98,38.47,15.18,44,44,10.83,,,,,10.63,,7.26,2.24,,,0.09,1.484,33.37,,1.183,20.51,77.09,48.83,12.53,26.4,15.28,2.789,10.91,3.943,5.399,3.237,73.14,21.69,31.31,12.31,6.166,5.33,13.32,10.87,10.86,21.62,2.25,3.608,16.49,57.93,0.9722,13.67,4.766,,48.08,35.32,0.7939,0.5499,1.523,0.7864,0.7577,6.627,1.816,1.271,1.594,48.28,33.86,38.42,32.81,,,,81.78,55,12.44,,,,,5.2,35.2,16.37,55,4.558,2.148,2.48,1.485,1.658,22,1.62,13.55,11.17,7.73,44,44,44,16.42,6.167,24.58,,55,,55,,,,,,,18.52,66.54,47.17,12.69,10.85,17.21,,77.92,,,16.58,,36.46,110,16.59,21.08,55,55,4,13.2,55,55,9.3,55,2,9.547,26.83,8.5,40.4,26.31,7.64,7.139,7.715,12.47,55,55,55,55,0.3203,0.8036,46.29,24.88,26.85,2.939,,3.059,,,,,,,,64.5,7.306,0.9127,20.14,5.14,4.198,,,,24.62,0.64,281.6,5.36,21.17,13.47,27.31,281.6,7.8,,,12.06,10.77,17.5,6.819,,,,7.817,5.061,12.59,2.818,8.8,,1.284,3.695,6.718,4.318,12.89,8.49,55,1.524,1.055,1.182,13.2,55,,55,,6.276,,0.2387,0.3785,55,5.764,4.08,3.978,20.53,24.64,18.22,,,23.93,189.5,3.532,40.99,2.15,2.83,3.45,11,5.68,11,188.7,30.01
623-37-0,3-hexanol,,,,,,,,,,,22,,,,,,,,,,,,,,,,,,,,,,,,,,,,22,22,,,,,22,,,44.98,40.1,36.46,6.22,33,33,13.68,,,,,,,,33,,33,55,,,,,,,,,,,,44,40.68,44,,,,,,,,,,,,,,,,,,,,,,,,,,,,,,,,,55,51.35,416.5,134.9,,,,,,,,,2.04,,,110,110,110,,,,,,19.58,,,,,,,,,,,,,40.27,55,,26.02,22,22,22,22,22,22,22,22,,22,22,22,3.73,11,11,1.87,11,11,,,,,,,,8.1,15.01,33,33,33,33,33,12.93,16.19,9.25,33,22,22,22,22.6,33,33,33,33,33,,,,,,,,,,,,,,,,,,,,,,,,,,,,,55,,,140.9,,,,,,,,,24.81,,,,,,20.54,,35.4,,33.86,,,,,59.67,,77.97,,,41.7,55,,,,,,,,,,,29.31,30.59,110,,,,49.95,55,29.4,,,,,,,,,,,,22,,,,22,11.17,,,,,,16.5,,,55,,,,,,,,,,,,,19.76,,,59.3,,,28.96,,20.13,,55,8.822,55,,,,,,,,,8.275,,,,,,5.606,12.45,15.59,55,55,55,55,,,40.27,9.84,12.25,,,,,,,,,,,18.65,,,20.36,,31.12,,,,,,,,,,,,,,,,,,9.64,,,,,,12.59,3.6,,,,,,55,,,55,,,,,,,,,,,,,,,9.32,3.33,13.28,26.05,22.13,,,,,,,,,,,,,,
96-17-3,2-methylbutanal / 2-Methylbutyraldehyde,,,,,,,,,,,,,,,,,,,,,,,,,,,,,,,,,,,,,,,,,,,,,,,,,,,,,,,,,,,,,,,,,,,,,,,,,,,,,,,,,,,,,,,,,,,,,,,,,,,,,,,,,,,,,,,,,35.59,606.1,25.4,,,,,,,,0.6,,,,,,,,,,,5.47,,,,,,,,,,,,,,,,,,,,,,,,,,,,,,,,,,,,,,,,,,,,,,,,,,,,,,,,,,,,,,,,,,,,,,,,,,,,,,,,,,,,,,,,,,,,,,,,,,,,,,,,,,,,,,,,,,,,,,,,,,,,,,,,,,,,,,,,,,,,,,,,,,,,,,,,,,,,,,,,,,,,,,,,,,,,,,,,,,,,,,,,,,,,,,,,,,,,,,,,,,,,17.77,3.81,24.24,18.14,8.35,13.53,,,,,,,,,37.95,37.69,47.34,,,,,,,,,,,,,,,,,,,,,,,,,,,,,,,,,,,,,,,,,,,,,,,,,,,,,,,,,,,,,,,55,,,,,,,,,,,4.2,,,,,,,,,
23192-82-7,(E)-9-Tetradecenyl acetate / E9-14:Ac,,11.24,,0.5779,1.306,,320,37.58,31.77,3.405,18.56,5.162,2.506,3.669,3.142,4.466,12.34,9.367,4.633,11.6,1.453,14.3,55,43.85,55,31.85,55,55,1.989,55,55,21.2,1.611,8.236,1.63,0.4352,0.2628,0.8208,3.154,0.3617,,,,,0.4718,,,13.68,23.02,21.82,2.533,17.18,25.58,27.18,13.81,60.07,13.38,27.01,,,,33,34.68,33,45.06,,,34.37,,,,,,,,16.25,15.48,14.9,9.61,,,,,,,,,,,,,,,,,,0.4371,,,0.2978,,0.08113,,,5.78,13.36,,74.62,,,,10.83,9.903,106.8,27.31,3.92,1.3,2.5,3.63,1.56,3.6,,0.546,,33,33,28.49,110,71.87,,,12.36,13.89,2.704,,,0.9972,1.661,0.9804,,,1.56,2.23,2.54,3.286,3.685,2.657,9.696,36.44,5.839,0.5009,22,22,22,22,15.36,22,22,22,3.658,8.8,8.212,22,3.168,6.3,2.188,0.4665,2.668,10.55,7.152,1.494,8.352,0.4098,0.4629,6.6,,5.8,2.83,8.57,4.49,15.53,3.021,25.94,7.787,21.65,13.37,11.68,0.8564,0.888,22,37.41,33,33,33,33,33,,2.47,9,,5.515,4.696,,,4.156,13.35,16.43,36.31,13.85,44,44,10.27,,,,,10.63,4.45,6.957,2.317,,,0.08974,6.3,6.029,,0.6596,15.95,72.83,48.83,66.31,26.4,,,,,7.608,13.01,78.74,8.839,12.11,10.26,2.912,12.91,9.219,11.62,15.64,18.92,1.73,0.8158,18.77,63.15,0.926,15.66,2.978,3.353,47.27,36.73,1.192,0.9884,1.205,0.915,2.308,0.5667,0.7036,0.2969,0.6104,48.93,110,110,14.49,28.1,24.2,44,19.79,34.13,12.16,,,,,9.482,28.53,17.89,42.34,5.036,3.81,2.5,7.473,,,,5.018,,13.58,44,44,44,23.39,10.7,9.995,,55,,55,,,,,,,3.048,22.51,22.23,14.06,12.22,17.33,,110,,,25.14,,65.83,110,20.1,17.62,24.26,55,4.376,15.26,55,33.17,10.11,55,2.518,6.462,13.27,7.827,24.93,26.15,7.08,5.536,9.439,12.04,41.63,32.76,19.63,55,0.5,0.6,37.12,28.43,14.69,2.13,3.75,4.229,13.6,2.812,4.362,2.444,1.928,1.664,1.028,1.538,3.444,2.794,12.61,6.153,2.092,9.301,8.6,3.1,16.05,0.168,281.6,8.877,25.56,22.45,69.45,167,7.8,,,10.71,11.32,14.04,8.417,27.5,0.71,5.16,4.4,0.67,,4.803,7.364,3.82,0.36,4.4,4.4,7.853,,8.49,55,0.76,2.71,13.2,13.2,55,,55,,6.256,,0.2759,0.34,10.6,1.62,8.221,3.738,18.27,22.64,17.8,,,23.93,189.5,2.814,41.36,2.15,2.83,3.45,11,5.68,11,,
106-23-0,Citronellal,,10.26,,1.917,3.638,,174.3,5.5,20.69,5.262,22,33,33,33,6.37,33,5.3,11.5,11.86,,6.328,15.1,55,55,26.9,55,55,55,1.2,55,55,7.2,55,20.1,20.1,,,,22,22,,,,,5.487,,,17.76,27.26,22.83,2.183,12.63,18.62,21.78,,,,31.43,,,,8.477,20,22.28,13.43,11.18,13.96,,,,,,,,,19.35,44,5.462,1.431,,,,,,,,,,,,,,,,,,2.1,,,,,,,,5.831,,,,,,,,12.96,61.54,20.24,2.73,1.54,1.91,,1.67,,,1.774,,,,56.63,110,110,,,,,1.63,,123,,,,,,,,,8.24,4.25,22,11.8,55,14.33,20.72,5.337,22,22,22,1.435,22,6.801,5.352,6.654,2.911,1.211,22,11,11,11,3.48,11,11,,0.35,1.64,,,,,,9.307,15.24,10.53,21.04,33,24.96,10.34,33,15.43,17.39,2.42,1.9,22,16.92,33,33,23.05,33,33,,,,,,,6.96,110,7.09,14,43.1,23.06,17.45,44,44,8.82,14.21,44.92,38.93,29.37,,,,,,,,,55,,,,70.12,,,,,,,,,,,,,,,,,,,,,,,,,14.93,,6.374,,,,,,,,,22,4.64,22,46.2,25.01,28.66,15.26,44,21.8,44,32.83,55,23.5,,,,,4.1,35.2,55,55,,,,22,,,,9.96,,,,,,,14.2,,75.93,55,31.9,55,45.23,55,7.77,12.37,15.56,,,,,,17.89,,,,4.3,110,14.82,,25.57,110,4.56,0.7887,13.14,55,8.235,19.03,55,55,13.11,55,20.06,,,,,,,5.721,,,15.29,20.94,4.89,55,0.69,1.14,,,,2.5,,9.2,,7.9,,,,,,4.505,1.115,0.6025,3.667,45.7,8.899,33.1,34.5,,39.75,,,,,,,,11.2,,,9.7,8.6,20.5,10.83,,,,22,1.297,10.47,,8.68,24.01,5.315,44,44,4.178,,,55,8.75,,,,8.65,,10.7,,12.17,,25.7,1.09,55,1.7,,,,,,,,,,4.431,37.58,,,,,,,42.25,98.17
53939-27-8,(Z)-9-tetradecenal / Z9-14:Ald,,9.772,,0.84,1.08,,,,,6.67,10.01,7.25,33,3.99,0.96,10.7,13.05,9.774,6.448,,,14.3,46.66,40.26,55,48.83,42.08,35.34,0.3,6.1,55,1.5,55,8.6,2,4.96,6.58,5.6,6.707,1.787,,,,,2.107,,,27.18,23.38,20.81,6.786,13.84,14.58,5.563,,,12.16,,,,,25.38,31.14,33,55,,,,,,,,,,,24.53,23.17,12.9,6.609,,,,,,,,,,,,,,,,,,1.6,,,0.2817,,0.04472,,,6.84,,,23.64,,,,38.74,9.683,81.73,23.8,3.896,1.275,2.48,3.612,1.548,3.6,,0.4744,,,,110,110,110,,,,,3.07,,,1.192,1.06,1.35,9.807,10.1,1.56,2.23,2.54,3.673,3.703,1.998,18.43,55,11.53,0.2705,22,22,22,22,9.706,22,12.19,22,10.18,7.094,5.007,15.15,3.226,6.408,2.298,0.4913,2.778,10.53,6.99,1.557,8.668,0.4218,0.4743,6.6,,5.8,5.541,26.04,5.875,14.77,2.051,23.65,10.2,11.83,8.967,7.517,0.3736,0.2618,17.15,44.59,23.89,33,33,19.46,33,,,,,7,4.6,,,4.28,13.46,16.44,36.78,28.17,44,44,12.8,,,,,10.63,3.425,6.038,2.326,,,0.08547,1.674,19.21,,0.8787,21.09,70.22,42.28,44.55,26.4,,,,,18.8,24.49,95.85,12.6,19.4,6.586,11.7,15.58,15.88,32.55,8.226,18.73,1.73,2.481,17.29,,0.9127,15.75,3.228,,51.7,35.45,0.7999,0.6209,1.952,0.7051,1.213,2.926,1.263,1.017,1.083,48.01,24.89,25.65,40.88,,,,46.39,34.12,11.8,,,,,10.7,35.2,33.01,55,5.039,,,22,,,,22,12.59,13.53,44,44,26.49,23.36,8.233,8.403,41.08,55,,55,,,,,,1.69,18.21,66.54,47.17,12.69,10.91,17.09,23.67,110,,,17.96,,56.22,,28.48,32.22,33.71,55,6.2,14.1,55,55,55,55,22.6,6.177,,,,,,19.61,9.639,12.22,16.73,55,16.75,55,0.47,0.2774,45.78,24.53,25.89,3,,,,,4.61,2.353,1.97,2.13,1.14,2.813,23.65,0.7547,4.457,5.095,2.236,,,,19.82,0.3279,281.6,4.165,19.27,10.43,17.13,216.9,7.8,,,9.924,9.974,12.33,6.131,27.5,0.71,5.16,2.895,0.5467,,5.03,8.8,16.39,0.5288,1.866,3.306,55,12.89,,55,0.6636,1.256,0.8413,9.507,55,,55,,55,,0.3951,0.3375,32.67,1.106,9.97,8.06,,,,,,20.51,79.17,3.436,48.24,2.15,2.83,3.45,11,5.68,11,195,37.22
20126-76-5,(-)-terpinen-4-ol,,,,,,,,,,,22,,,,,,,,,,,,,,,,,,,,,,,,,,,,,,,,,,,,,9.96,55,8.94,1.3,33,33,55,,,,44,,,,33,,33,13.88,,,,,,,,,,,,,,,,,,,,,,,,,,,,,,,,,,,,,,,,,,,,,,,,26.77,507.6,38.52,,2.05,3.42,,2.02,,,,,,,,,,,,,,,,,,,,,,,,,22,8.74,22,42.7,55,,26.51,,,,,,,,,,,,,,,,,,,,,,,,,,,,,,,,,,,,,,,,,,,,,,4.3,,,6.3,,,,40.32,,,,,,,,,,,,,,,,,,,,,,15.55,,,,,,,,,,,,,,,,,,,,,,,,,,57.75,,,,,,,,,,,,,,,,,,,34.41,,,,110,,,,,,,,,,,,,,,,,,,,,,,,,,,,,,,,,,,,,,,,,,,,,,,4.28,,22.97,,,,,,,,,,,,,13.6,,,,,,7.55,10.33,15.84,,,,,,,,,,,,,,,,,,,,,,,,,,,,,,,,,,,,,,,,,,,,,,,,,,,,,,,,,,,,,,,,,,,,,,,,,,,,,,,,,,,,,,,,,,,,
928-94-9,Z-2-hexen-1-ol,,27.31,,,,,,,,,22,,,,,,,,,,,,55,43.31,55,36.98,47.57,37.02,2.406,55,55,22.78,0.6246,14.93,1.807,4.105,3.752,2.863,,,,,,,,,,10.76,13.18,14.17,7.828,9.749,33,7.308,,108.8,22,44,,,,33,16.6,33,42.98,,,,,,,,,,,24.53,20.38,77,44,,,,,,,,,,,,,,,,,,,,,0.5,,0.13,,,,,,9.96,,,,40.46,23.29,150.5,49.13,3.88,1.43,2.6,3.72,1.62,,,,,,,60.85,110,110,,,,,,,,5.55,7.2,,9.93,9.94,1.56,2.23,2.54,5.937,5.937,2.903,9,55,11.47,2.541,22,22,22,22,22,22,22,22,,22,22,22,3.394,6.342,2.23,0.4772,2.71,10.54,6.99,1.528,8.695,0.8016,0.7994,,,,1.45,18.95,3.71,8.96,1.26,9.482,12.57,33,25.46,33,22,22,22,55,33,33,33,33,33,,,,,,,,,,,,,,,,,,,,,,3.95,6.02,2.36,,,0.22,1.728,32.65,,2.119,74.11,,46.8,,13.38,17.09,6.75,26.4,8.07,3.701,12.56,68.37,6.19,26.41,16.15,3.6,14.22,3.831,3.029,13.17,9.79,1.73,1.198,16.65,,0.9483,12.83,,,45.46,37.72,0.8973,0.6049,1.433,0.6374,0.5802,1.63,11.67,2.818,4.192,47.6,25.79,26.03,110,,,,110,55,10.3,,,,,10.7,35.2,29.23,55,23.3,,,9.285,,,,11.3,12.59,16.06,44,44,26.14,24.62,14.1,4.97,41.08,55,,55,,,,,,1.639,10.52,,,,6.895,17.28,23.67,,,,,,,,55,55,55,55,6.241,14.36,55,39.2,26.57,55,12.84,8.427,,,,,,8.348,5.845,21.27,55,28.44,20.74,55,0.2476,0.1343,37.9,19.43,13.87,8,,,,,,13.88,,,,7.92,,,27.41,5.475,4.288,,,,31.31,0.64,281.6,5.36,21.17,13.47,27.31,281.6,,9.2,15.8,11,12,17.1,10.15,,,,3.142,0.2837,,,,,0.3871,1.342,3.579,55,,,33.13,0.6256,0.9911,0.9135,7.784,9.984,,7.942,,55,,0.3648,0.2348,,0.5978,,,,,,,,16.21,31.35,,,2.15,2.83,3.45,,,,,
6909-30-4,(+) -limonene oxide,,,,,,,,,,,,,,,,,,,,,,,,,,,,,,,,,,,,,,,,,,,,,,,,,,,,,,,,,,,,,,,,,,,,,,,,,,,,,,,,,,,,,,,,,,,,,,,,,,,,,,,,,,,,,,,,,87.87,64.39,226.8,,,,,,,,,,,,,,,,,,,,,,,,,,,,,,,,,,,,,22,22,22,22,22,22,22,22,,22,22,22,,,,,,,,,,,,,,,,,,,,,,,,,,,,,,,,,,,,,,,,,,,,,,,,,,48.08,50.94,26.48,37.81,,,,,,,,,,,,,,,,,,,,,,,,,,,,,,,,,,,,,,,,,,,,,,,,,,,,,,,,,,,,,,,,,,,,,,,,,,,,,,,,,,,,,,,55,40.85,,5.13,15.02,43.34,19.7,23.7,,,,,,,,,,,,,,,,,,,,,,,,,,,,,,,,,22.73,,,,,,55,,,,,,,,,,,,,,,,7.46,,,75.66,,,,,,,,,,,,,,,,,,,,21.6,,,,,,,,,,,,,,,,55,,,,,,,,,,,,,,,,,,,,,,,,,,,,,,,,,
469-61-4,(-)-α-Cedrene,,7.21,,,,,,,,,22,,,,,,,,,,,,,,,,,,0.4,1.4,33.8,2,20,,,,,,22,22,,,,,6.45,,,31.71,30.62,27.19,33,19.05,16.25,21.15,,,,,,,,16.62,55,33,21.83,,,,,,,,,,,,44,77,18.48,,,,,,,,,,,,,,,,,,,,,,,,,,,,,,,,,55,40.82,1100,29.1,,,,,,,,,,,,110,110,110,,,21.91,,,,,,,,,,,,,22,9.03,4.38,16.7,55,23.45,2.6,22,22,22,22,11.49,22,22,22,22,17.72,5.151,22,11,11,11,11,11,11,,4.73,28.07,16.2,11.41,,,,,,,,,15.2,33,16.35,9.22,20.15,11.68,6.25,22,27.7,33,33,19.85,22.71,19.37,,,,,,,1.64,81.39,5.05,5.28,,,,,,,18.61,16.85,29.04,35.68,,,,,,,,,,,,,,,,26.4,,,,,14.85,42.64,122.1,,,11.91,12.18,,38.9,38.5,6.26,38.5,,2.02,,,,,,,,,,,,,,,22,4.9,7.53,,110,110,,,,,,,,,,,,16.8,35.2,22.41,55,,,,,,,,,,,,,,,,27.38,,55,23.97,18.67,3.29,17.75,21.1,13.29,31.29,,15.48,,,,26.6,,,,21.15,,14.72,,,,55,8.47,55,55,7,34.6,55,55,15,55,22.4,5.78,,,,,,10.65,,,24.95,27.8,11.94,55,,,,,,,,,,,,,,,,3.53,,,28.33,471.6,7.39,,,,26.6,,,,,,,,,9.7,16.5,,,,33.73,,,,,,,,,,,,,4.453,,,55,,,,,,,,,,,25.94,3.12,,,6.44,6.17,,,,19.4,13.52,,,,,,,,,,,,
18172-67-3,(1S)-(-)-beta-Pinene,,18.78,,,,,,,,,22,,,,,,,,,,,,,,,,,,,,,,,,,,,,22,22,,,,,6.45,,,55,55,55,33,33,20.93,35.71,,,,,,,,33,14.07,33,15.87,,,,,,,,,,,,44,77,18.74,,,,,,,,,,,,,,,,,,,,,,,,,,,,,,,,,40.49,45.06,91.76,176.7,,,,,,,,,,,,110,110,110,,,,,,,,,,,,,,,,11.95,7.18,22,7.1,55,9.38,27.72,22,22,22,22,22,22,22,22,22,19.69,22,22,11,11,11,11,11,11,,4.146,12.05,11.5,8.917,,,,,,,,,15.2,33,,,,,,,55,,,,,,,,,,5.8,3.7,3.83,81.39,5.05,5.28,,,,,,,19.61,22.21,22.94,19.93,,,,,,,,,,,,,,,,26.4,,,,,14.85,42.64,122.1,,,11.91,12.18,,38.9,38.5,6.26,38.5,,2.02,,,,91.28,,,55,30.9,,,,,,,,,,,69.11,110,,,,,,,,,,,,16.8,35.2,22.41,55,,,,,,,,,,,,,,,13.5,27.38,,55,21.95,18.77,2.959,15.38,20.75,18.94,32.17,,10.02,,,,12.98,,,,21.15,,14.72,,30.29,,55,8.47,55,55,9.8,14.9,55,55,29.2,55,21.6,5.78,,,,,,3.841,,,31.1,55,11.5,55,35.2,27.06,,,,,,,,,,,,,,3.53,,,15.75,471.6,6.7,,,,26.6,,,,,,,,,9.7,16.5,,,,33.25,,,,,,,,,,,,,2.679,,,55,,,,,,,,,,,,,,,6.44,6.17,,,,14.86,12.82,,,,,,,,,,,9.71,74.96
99-76-3,Methyl 4-hydroxybenzoate / HOB,3.97,55,13.39,6.2,24.08,64.18,14.34,7.58,11.04,1.35,22,,,,,,0.08,,,14.9,1.452,,55,55,55,55,28.4,55,,,,,,33,33,,,,,,,,,,,,,7.23,11.84,10.82,8.17,9.68,33,30.78,,,22,,,,,33,55,33,39.91,,,28.26,,,,,,,,,,,,,,,,,,,,,,,,,,,,,0.82,,,,,,,,,,,,,,,,58.17,442.5,305.8,,,,,,,,0.7156,,,,60.01,110,110,,,,,,17.78,19.75,,,,,,,,,9.42,10.53,22,12.1,18.1,1.42,35.22,22,13.44,12.06,5.632,22,22,22,22,22,22,22,22,,,,,,,,,,,,,,,,,,,,,,33,18.04,18.86,22,22,22,39.5,33,33,33,33,33,,,,,,,,63.7,7.01,16.04,27.53,44,10.99,44,44,11.25,,,,,,,,,,,,,43.51,,,,34.29,37.19,,26.4,,,,,45.77,77.31,73.07,,,9.81,18.79,,37.29,38.5,38.38,20.25,,7.55,,36.5,,14.23,5.2,,55,48.1,,,,,,,,,,53,22.03,110,19.74,,,,16.33,,,36.25,13.24,27.45,6.738,,,29.68,55,29.5,,,22,,,,5.03,,,,,,,11.54,,14.67,28.51,,,,,,,,,,,,,,39.22,,,,,,,,,55,55,55,55,6.5,23.3,55,55,25.5,55,12.3,18.79,15.81,20.7,18.43,26.82,19.71,55,33.42,19.63,55,37.23,31.1,37.15,,,,,,,,,,,,,,,,,,,3.445,,7.97,13.92,16.5,17.39,36.71,,,,,,,,,11,13.5,,,,11.92,,,,,,,,,,,,,55,,,8.329,,,,,,,,,,,,,55,,16.43,9.62,23.21,20.13,31.74,,,,,,,,,,,,,,
120-51-4,benzoic acid benzyl alcohol ester  / benzyl benzoate,2.787,55,13.43,4.007,17.98,21.26,14.36,2.716,11.04,1.352,22,6.019,2.591,2.758,33,4.211,,,1.539,10.46,2.489,2.7,55,36.36,55,38.92,30.03,26.37,,,,,,33,33,,,,,,,,,,,,,26.24,24.67,20.4,15.58,14.81,33,27.8,,,,,,,,18.95,,33,55,,,,,,,,,,,,7.18,,,,,,,,,,,,,,,,,,,,0.82,,,12.9,,2.5,,,,18.03,,15.69,,,,,58.17,442.5,305.8,,,,,,,,1.9,2.52,,,110,110,110,,,11.86,13.89,,17.78,19.75,5.02,,,,,,,,9.42,10.53,22,10.5,14.88,0.6665,28.87,22,14.27,12.98,6.652,22,22,22,22,22,22,22,22,,,,,,,,,,,,,,,33,33,33,33,33,23.4,33,19.08,18.3,33,22,22,22,29.63,33,33,33,33,33,,,,,,,,,,,,,,,,,,,,,,,,,390,9,,,5.762,,,15.98,57.4,37.19,,,,,,,,,,22.32,,38.5,,21.44,,38.5,,26.38,,,,36.5,,14.58,2.429,3.012,55,29.39,,,,,,,,,,20.71,23.02,52.39,9.102,28.1,24.2,44,11.16,,,,,,,,,55,55,,,,6.746,,,,4.868,,,,,,,11.8,16.88,14.67,19.37,23.8,,5.47,55,22.21,17.5,56.93,,,,,,,,,,10.8,,,,26.5,,55,55,55,55,6.5,23.3,55,55,25.5,55,12.3,18.79,17.59,26.17,23.78,27.39,25,55,33.42,19.63,35.54,37.76,23.1,29.49,,,40.3,37.94,14.82,10,,7.5,,,,,,,,,,,5.71,8.778,4.042,82.6,21.6,19.5,26.08,,,,,,,,,,,,,,11.53,,,,22,,9.89,,8.03,,12.76,22,22,55,,9.52,11.88,,,,,9.78,,9.811,,8.887,,,,42.52,13.26,,,,,,,,,,4.07,31.86,,,,,,,,
4748-78-1,4-ethyl Benzaldehyde,3.68,55,60.83,2.48,17.95,18.77,18.11,9.73,,4.76,22,,,,,,0.17,,,,,,,,,,,,,,,,,33,33,,,,22,22,,,,,22,,,26.94,27.43,23.4,6.896,12.08,33,55,,,22,,,,,33,55,33,55,,,,,,,,,,,,44,77,44,,,,,,,,,,,,,,,,,,,,,,,,,,,,,,,,,,,,,,,,,,,,,2.217,,,110,110,110,,,28.43,,,,,0.85,8.67,,,,,,,22,12.23,22,24.5,55,86,55,22,22,22,22,22,22,22,22,22,22,22,22,3.05,11,11,1.62,11,11,,8.79,31.86,11.56,20.36,,,,,,,,,,,8.9,24.49,12.75,22,22,22,22.3,33,33,33,16.26,33,,,,,,,,,,,,,,,,,,,,,,,,,,8.1,,,44.21,,,,13.55,,,26.4,,,,,32.16,75.41,80.66,,24.96,14.07,20.85,11.6,44.69,6.81,34.71,23.84,,10.53,,5.54,,15.75,7.891,,55,34.8,,,,,,,,,,49,23.35,19.47,40.46,,,,32.14,,,36.45,48.21,27.95,11.72,35.2,12.9,55,55,,,,22,,,,5.66,,18.75,21.7,44,18.93,18.06,11.2,,,55,,,,,,,,0.81,15.56,,,,,,13.83,,3.488,,,,,,55,55,55,,,,,,,,,,14.19,33.08,23.75,31.79,27.05,,,,55,33.3,29.3,55,,,40.3,37.94,14.82,,,,,,,,,,,,,,2.73,,,,,,16.94,,,,,,,,,,,9.5,10.5,16.2,96.51,,,,22,,,,,,22,22,22,55,,,55,,,,,7.75,,7.47,,16.22,,,,55,13.13,,,,,,,,,,3.827,20.23,,,,,,,192.9,523.1
14816-18-3,Phoxim,,,,,,,,,,,,,,,,,,,,,13.7,,55,55,55,55,28.4,55,,,,,,,,,,,3.27,4.17,4.92,4.58,4.73,4.85,,3.3,3.27,,,,,,,,,,,,,,,,,,,,,,,,,,,,,,,,,,,,,,,,,,,,,,,,,,,,,,,,,,,,,,,,,,,,,,,,,,,,,,,,,,,,,,,,,,,,,,,,,,,,,,,,,22,12.5,11.04,4.61,22,22,22,22,,22,22,22,,,,,,,,,,,,,,,,,,,,,,33,33,33,22,22,22,,33,33,33,33,33,,,,,,,,,,,,,,,,,,,,,,,,,,,,,,,,,,,,,,,,,,,,,,,,,,,,,,,,,,,,,,,,,,,,,,,,,,,,,,,,,,,,,,,,,,,,,,,,,,,,,,,,,,,55,,,,,,,,,,,,,,,,,,,,,,,,,,,,,,,,,,,,,,,,,,,55,55,27.9,55,,,,,,,,,,,,,,,,,,,2.71,,,,,,,,,,,,,,,,,,,,,,,,,,,,,,,,,55,,,55,,,,,,,,,,,,,,,,,,,,,,,,,,,,,,,,,
584-02-1,3-pentanol,,,,,,,,,,,22,,,,,,,,,,,,,,,,,,,,,,,,,,,,,,,,,,,,,45.36,55,37.09,6.22,33,33,40.59,,,,,,,,33,,33,55,,,,,,,,,,,,,,,,,,,,,,,,,,,,,,,,,,,,,,,,,,,,,,,55,73.53,1100,179.2,,,,,,,,,,,,110,110,110,,,,,5.506,19.58,,,,,,,,,,,,,42.4,55,,55,22,22,22,22,22,22,22,22,,22,22,22,,,,,,,,,,,,,,,,,,,,33,25.18,16.19,9.25,33,22,22,22,22.6,33,33,33,26.23,20.75,,,,,,,,,,,,,,,,,,,,,,,,,,,,,55,,,140.9,,,,,,,,,,,,,,,,,,,,,,,,,,77.97,,,41.7,55,,,,,,,,,,,,,,,,,,,,,,,,,,,,,,,22,,,,22,,,,,,,,,,55,,55,,,,,,,,,,,19.76,,,,,,,,,,,,,,,,,,,,,11.79,,,,,,5.87,13.99,19.55,55,55,55,55,,,,,,,,,,,,,,,,18.65,,,20.36,,31.12,,,,,,,,,,,,,,,,,,,,,,,,,,,,,,,55,,,55,,,,,,,,,,,,,55,,9.32,3.33,13.28,26.05,22.13,,,,,,,,,,,,,,
91-20-3,naphthalene,,,,,,,,,,,22,,,,,,,,15.3,,,16.8,,,,,,,,,,,,,,,,,,,,,,,,,,27.12,22.42,24.65,14.5,13.13,33,55,15.49,,,,,,,33,55,33,55,,,,,,,,,,,,,,,,,,,,,,,,,,,,,,,,,,,,,,,,,,,,,,,,,,,,,,,,,,,,,,,,,,,32.47,,6.15,66.11,68.86,,,,,,,,,,,,,,,,22,22,22,22,22,22,22,22,22,22,22,22,,,,,,,,,,,,,,,,,,,,,,,,,,,,,,,,,,,,,,,,,,,,,,,,,,,,,,,,,,,,,,,,,,,,,,,,,,,,,,,,,,,,,,,,,,,75.24,12.9,,,,,,,,,,,,,,110,110,,,,,,,,61.7,19.17,15.65,13.68,,,,,,,,,,,,22,,,,,,,,34.44,,55,,,,,,,,,,,,,,,,,,,,,,,,,,,,,,,,,,,,,,,,,,,55,33.7,26.6,55,,,39.32,38.01,31.63,,,,,,,,,,,15.03,,,13.65,,,,,,,,,,,,,,,,,,,,11.53,,,,,,,,,,,,,,,,55,,,,,8.07,,55,,10.03,,,,55,,,,,,,,,,,,,,,,,,,7.055,11.37
629-62-9,pentadecane,,15.11,,0.84,2.707,,312.7,47.69,31.35,2.844,14.88,7.25,33,3.99,0.96,10.7,12.91,9.716,7.122,,,11.59,55,51.6,55,55,55,55,5.814,38.46,55,15.9,5.495,4.951,2.314,33,33,33,22,22,,,,,11.47,,,39.14,40.12,41.7,4.638,21.13,17.73,55,9.386,59.53,12.47,19.44,,,,27.38,23.26,33,55,,,35.58,,,,,,,,15.53,38.2,28.49,16.61,,,,,,,,,,,,,,,,,,0.44,,,2.713,,3.023,,,6.354,,,69.78,,,,55,11.76,282.8,26.43,3.92,1.3,2.5,3.63,1.56,3.6,,0.4517,,33,33,110,110,110,,,,,2.85,,,1.287,6.167,8.029,17.31,17.18,1.905,2.475,2.828,6.55,9.821,22,9.108,55,9.727,24.22,22,22,22,22,22,22,22,3.34,5.316,4.104,22,22,4.869,11,11,1.47,11,11,3.595,2.98,23.2,2.952,3.958,6.6,,5.722,10.5,9.163,7.046,22.22,5.966,33,9.801,8.401,18.6,33,22,22,16.66,38.25,23.97,33,33,13.36,33,,,,,7,4.6,,,4.846,13.85,15.98,38.47,15.18,44,44,10.83,,,,,10.63,,7.26,2.24,,,0.09,1.484,33.37,,1.183,20.51,77.09,48.83,12.53,26.4,15.28,2.789,10.91,3.943,11.41,3.237,73.14,21.69,31.31,12.31,6.166,5.33,13.32,10.87,10.86,21.62,2.25,3.608,16.49,57.93,0.9722,24.57,4.766,,48.08,35.32,0.7939,0.5499,1.523,0.7864,0.7577,6.627,1.816,1.271,1.594,48.28,33.86,38.42,32.81,,,,81.78,55,12.44,,,,,5.2,35.2,13.84,55,4.558,2.148,2.48,1.485,1.658,22,1.62,13.55,11.17,7.73,44,44,44,16.42,6.167,24.58,,55,,55,,,,,,,18.52,66.54,47.17,12.69,10.85,17.21,,77.92,,,16.58,,36.46,110,55,55,55,55,4,13.2,55,55,9.3,55,2,9.547,26.83,8.5,40.4,26.31,7.64,7.139,7.715,12.47,55,55,55,55,0.3203,0.8036,46.29,24.88,26.85,2.939,,3.059,,,,,,,,3.327,7.306,0.9127,11.33,5.14,4.198,,,,24.62,0.64,281.6,5.36,21.17,13.47,27.31,281.6,7.8,,,12.06,10.77,17.5,11.39,,,,7.817,5.061,12.59,2.818,8.8,,1.284,3.695,6.718,4.318,12.89,8.49,55,1.524,1.055,1.182,13.2,55,,55,,6.276,,0.2387,0.3785,55,5.764,4.08,3.978,20.53,24.64,18.22,,,23.93,189.5,3.532,40.99,2.15,2.83,3.45,11,5.68,11,465.7,46.22
111-87-5,1-octanol,,12.67,,0.84,2.498,,312.7,47.69,31.35,2.489,22,7.25,33,3.99,0.96,10.7,12.82,10.07,8.175,,,11.34,55,51.6,55,55,55,55,6.508,55,55,22.14,1.384,11.49,1.307,33,33,33,22,22,,,,,11.47,,,49.3,39.49,49.11,5.645,16.27,17.62,26.03,9.358,59.53,12.57,19.53,,,,29.16,18.94,33,55,,,35.53,,,,,,,,15.55,14.04,3.838,1.874,,,,,,,,,,,,,,,,,,0.44,,,1.224,,0.6875,,,6.113,,,69.78,,,,55,11.76,282.8,26.43,3.92,1.3,2.5,3.63,1.56,3.6,,0.4517,,33,33,56.29,110,110,,,24.6,,2.85,,,1.98,6.202,8.008,9.807,10.1,1.868,2.45,2.798,7.742,9.049,22,12.59,55,11.3,27.31,22,22,22,22,22,22,22,3.34,4.443,4.104,22,22,4.41,11,11,1.435,11,11,3.335,2.96,24.36,1.98,2.4,6.6,,5.988,7.793,7.274,6.368,23.03,9.892,6.908,10.98,14.14,24.63,33,22,22,18.99,43.92,22.83,33,33,17.89,33,,,,,7,4.6,,,6.219,16.22,19.97,40.8,16.74,44,44,14.79,,,,,10.63,3.95,5.882,2.303,,,0.104,1.472,42.61,,1.21,20.73,75.37,48.83,10.57,3.379,15.39,2.8,10.95,3.966,5.465,0.8766,68.9,12.61,32.13,12.31,4.533,5.134,8.521,10.87,17.68,21.62,1.885,3.156,16.38,71.06,1.003,15.86,4.766,,47.14,34.15,0.7926,0.5206,1.368,0.7864,0.7577,6.627,1.567,0.9694,1.366,47.83,35.89,40.65,49.09,,,,73.97,55,8.565,,,,,5.2,35.2,25.26,55,4.328,3.81,2.5,1.485,1.658,22,1.62,13.55,11.17,7.73,44,44,44,16.42,5.15,14.74,,55,,55,,,,,,,18.52,66.54,47.17,12.69,11.05,17.03,,69.21,,,17.44,,30.27,110,55,14.19,20.68,55,4,13.2,55,55,9.3,55,2,9.547,26.83,8.5,40.4,26.31,7.64,7.139,7.271,12.33,55,55,55,55,0.3188,0.3962,46.33,17.09,22.49,2.995,,3.097,,,,13.88,,,,1.9,3.536,0.9267,10.03,5.14,3.69,,,,23.46,,,,,,,,7.8,,,11.59,11.34,16.03,6.734,,,,3.796,0.2715,12.59,2.759,8.8,16.39,0.8063,2.227,4.463,3.887,12.89,8.49,55,0.6268,0.967,1.031,8.78,55,,55,,4.57,,0.2045,0.1203,55,0.8362,3.924,3.686,20.92,26.53,15.26,,,23.93,189.5,6.67,40.4,,,,11,5.68,11,181.9,28.26
3658-80-8,dimethyl trisulfide,,,,,,,,,,,,,,,,,,,,,,,,,,,,,,,,,,,,,,,,,,,,,,,,,,,,,,,,,,,,,,,,,,,,,,,,,,,,,,,,,,,,,,,,,,,,,,,,,,,,,,,,,,,,,,,,,,,,,,,,,,,,,33,33,,,,,,,,,,,,,,,,,,,,,,,,,,,,,,,,,,,,,,,,,,,,,,,,,,,,,,,,,,,,,,,,,,,,,,,,,,,,,,,4.21,32.82,14.11,9.89,13.25,44,44,14.11,,,,,,,,,,,,,,,,,,31.01,,,,,,,,,,,,,,,,,,,,,,,,21.39,,,,,,,,,,,,,,,,,,,,,,,,,,,,,,,,,,,,,,,,,,,,,,,,,,,,,,,,,,,,,,,,,,,,,,,,,,,,,,,,,,,,,,,,,,,,,,,,,,,,,,,,,,,,,,,,,,,,,,,,,,,,,,,,,,,,,,,,,,,,,,,,,,,,,,,,,,,,,,,,,,,,,,,,,,,,,,,,,,,,,,,
1335-39-3,2-Hexen-1-al,,16.76,,,,,,,,,16.22,7.25,33,3.99,0.96,10.7,11.87,9.236,8.125,,,14.3,55,28.54,55,42.81,55,55,0.2588,10.86,16.99,2.244,4.216,7.105,3.786,3.096,2.741,1.81,22,22,,,,,22,,,11.32,13.16,14.52,10.69,15.24,33,12.56,,108.8,13.93,44,,,,33,10.88,33,55,,,23.14,,,,,,,,24.53,27.35,27.81,14.64,,,,,,,,,,,,,,,,,,,,,,,,,,,,,6.748,,,,37.1,20.8,390.2,30.69,3.872,1.374,2.558,3.682,1.595,3.6,,0.4815,,,,46.12,110,110,,,,,,,,1.39,,,,,,,,4.417,4.408,2.313,15.69,55,18.43,1.062,22,22,22,22,18.58,22,19,22,12.78,15.38,14.34,22,4.006,6.733,2.648,0.5934,3.133,10.5,6.99,1.633,9.636,2.855,2.497,6.6,,5.8,33,33,10.99,20.96,4.276,18.66,7.09,13,22.02,21.15,7.175,8.016,20.3,55,29.72,33,33,27.82,33,,,,,7,4.6,,,4.28,13.46,16.44,36.78,28.17,44,44,12.8,,,,,,3.527,5.955,2.398,,,0.22,3.15,23.23,,2.363,33.26,72.83,36.13,51.46,26.4,,,,,10.63,15.63,61.94,8.938,25.58,14.21,12.59,18.64,12.64,2.75,12.96,12.64,1.73,4.937,15.94,,0.92,9.259,3.228,,46.96,32.63,0.9,0.65,4,0.8181,1.374,3.51,13.11,9.316,8.419,49,24.89,25.65,18.66,,,,41.41,42.47,7.412,,,,,10.7,35.2,35.57,55,23.3,,,22,,,,11.07,12.59,16.06,44,44,26.14,24.62,5.403,22.03,41.08,55,,55,,,,,,1.69,5.113,66.54,47.17,12.69,10.98,17.24,23.67,110,,,,,65.83,,43.34,40.48,41.66,55,6.2,14.1,55,55,55,55,22.6,7.896,,,,,,9.921,12.48,17.08,55,55,24.1,55,0.54,35.2,37.84,28.28,24.88,3,,,,,,,,,,6.796,,,20.38,5.929,3.15,,,,20.99,0.64,281.6,5.36,21.17,13.47,27.31,281.6,7.8,,,9.204,12.19,13.53,14.26,,,,8.214,1.128,,5.03,8.8,,2.691,7.344,8.817,55,,,55,0.662,1.401,1.022,13.2,8.71,,7.007,,55,,,0.53,55,1.66,,8.06,,,,,,17.03,27.72,3.48,48.24,2.15,2.83,3.45,11,5.68,11,,
1211-29-6,Methyl jasmonate,,,,,,,,,,,,,,,,,,,,,,,,,,,,,,,,,,,,,,,,,,,,,,,,,,,,,,,,,,,,,,,,,,,,,,,,,,,,,,,,,,,,,,,,,,,,,,,,,,,,,,,,,,,,,,,,,,,,,,,,,,,,,,,,,,,,,,,,,,,,,,,,,,,,,,,,,,,,,,,,,,,,,,,,,,,,,,,,,,,,,,,,,,,,,,,,,,,,,,,,,,,,,,,,,,,,,,,,,,,,,,,,,,,,,,,,,,,,,35.82,60.81,,,23.78,13.05,14.24,,28,,30.87,,,,,,,,,,,,,,,,,,,,,,,,,,,,,,,,,,,,,,,,,,,,,,,,,,,,,,,,,,,,,,,,,,,,,,,,,,,,,,,,,,,,,,,,,,,,,,,,,,,,,,,,,,,,,,,,,,,,,,,,,,,,,,,,,,,,,,,,,,,,,,,,,,,,,,,,,,,,,,,,,,,,,,,,,,,,,,,,,,,,,,,,,,,,,,
16974-10-0,(Z)-7-Tetradecenyl acetate / Z7-14:Ac,,9.845,,0.5339,1.268,,313.8,38.07,31.41,3.435,18.49,5.221,2.55,3.679,2.821,4.475,12.36,9.375,4.688,11.6,1.581,12.17,55,44.09,55,32.37,55,55,2.151,55,55,10.17,1.265,8.161,1.61,0.4453,0.2703,0.8151,3.211,0.3759,,,,,0.4897,,,14.42,23.65,22.98,2.487,17.06,25.44,27.76,13.52,57.34,13.37,26.35,,,,33,36.95,33,45.83,,,34.12,,,,,,,,16.16,15.61,14.58,9.429,,,,,,,,,,,,,,,,,,0.425,,,0.2802,,0.07677,,,5.615,12.85,,72.91,,,,10.83,9.496,91.02,26.52,3.92,1.3,2.5,3.63,1.56,3.6,,0.5433,,33,33,27.94,110,71.43,,,12.36,13.89,2.69,,,0.9647,1.551,1.166,9.807,10.1,1.419,2.122,2.414,3.426,3.519,2.689,11.72,39.42,7.107,0.5054,22,22,22,22,15.36,22,22,22,3.711,8.804,8.217,22,3.186,6.332,2.221,0.4739,2.7,10.54,5.246,1.513,8.445,0.4161,0.4697,6.6,,5.8,2.695,8.222,4.271,15.24,2.847,26.46,7.803,19.62,14.28,15.36,2.266,1.778,22,37.06,33,33,33,33,33,,2.47,9,,5.551,4.668,,,4.327,13.02,14.75,37.24,14.69,44,44,9.727,,,,,10.63,4.495,6.902,2.171,,,0.08994,1.18,8.2,,0.6618,16.69,72.83,48.83,45.73,26.4,14.47,2.289,9.223,3.275,10.64,14.02,78.86,9.528,13.49,9.592,3.209,13.21,13.34,11.29,15.97,18.24,1.674,0.8193,18.74,63.15,0.9575,15.59,2.972,3.292,46.95,36.41,1.206,0.9906,1.23,0.9274,2.496,0.5596,0.7415,0.3251,0.6412,48.91,40.76,45.12,13,28.1,24.2,44,15.79,55,16.85,,,,,8.316,28.64,19.49,42.93,5.06,3.81,2.5,7.651,1.658,22,1.62,5.136,,10.68,44,44,44,19.7,10.77,11.57,,55,,55,,,,,,,3.2,23.27,22.75,13.59,12.13,17.38,,110,,,18.11,,65.39,110,40.98,37.65,39.02,55,4.174,14.14,55,33.8,9.674,55,2.231,6.299,13.83,7.472,25.66,26.06,6.783,6.08,9,12.02,31.11,33.55,19.48,55,0.34,0.6094,38.2,28.38,16.02,2.141,3.75,4.003,13.6,2.812,4.362,2.444,1.928,1.664,1.028,1.474,3.971,1.372,12.79,6.253,2.093,9.11,8.6,3.1,17.4,0.1677,281.6,9.033,25.73,22.85,71.72,166.9,7.8,,,9.864,11.2,14.25,7.954,27.5,0.71,5.16,3.19,0.5,,4.8,7.383,3.82,0.73,4.4,3.16,6.885,12.89,8.49,55,0.4968,0.7582,13.2,6.37,55,,55,,6.271,,0.2721,0.46,10.67,0.9546,6.098,3.696,18.36,22.55,18.25,,,23.93,189.5,2.479,41.34,2.15,2.83,3.45,11,5.68,11,167.8,29.15
5146-66-7,Geranyl nitrile / Citralva,,5.926,,1.926,3.666,,174.3,5.5,20.69,5.132,22,,,,,,,,9.2,,1.8,,55,55,27.49,55,55,31.44,0.4,9.1,18.9,1.5,6.8,20.1,20.1,,,,22,6.22,,,,,5.592,,,14.25,21.62,19.17,0.9224,12.99,15.28,23.15,,,,15.9,26.3,9.5,39.1,13.53,20,20.65,10.51,11.18,13.32,,,,,,,,,19.35,35.45,32.69,44,,,,,,,,,,,,,,,,,,0.28,,,,,,,,3.893,,,,,,,,1.11,39.98,9.461,2.73,1.54,1.91,,1.67,,,1.576,,,,54.62,110,110,,,,,1.031,,123,,,,,,,,,3.014,4.555,4.673,11.77,47.11,7.659,3.967,2.732,22,22,22,1.354,22,5.979,5.095,2.98,2.797,0.7305,22,11,11,11,4.004,11,11,,0.35,1.64,1.618,3.915,,,,3.084,4.419,1.997,3.63,13.88,15.97,19.45,16.31,13.9,19.05,3.68,2.425,17.4,13.85,33,33,24.23,22.88,27.47,,,2.68,,,,6.96,110,7.09,14,43.1,23.06,17.45,44,44,8.82,14.21,44.92,38.93,29.37,,,,,,,,,55,10.88,,,13.51,,,,,,,,,,,,,38.5,,,,38.5,,38.5,,,,,,11.7,,5.4,55,22.63,,,,,,,7.853,4.606,7.319,46.2,22.62,27.21,13.88,44,21.8,44,34.97,55,23.5,,,,,4.1,35.2,55,55,86.5,,,22,,,,9.568,,,,,,,13.2,,75.93,55,31.9,55,45.23,55,7.77,12.37,15.56,,9.073,,,,17.98,26.79,,110,4.3,110,8.257,,25.57,110,4.869,0.8499,9.198,55,3.427,18.5,55,46.94,2.026,55,5.779,7.596,,,,,,8.659,6.413,10.71,16.64,21.14,5.628,55,0.5884,1.875,,,,2.361,,6.634,,6.443,,,,,,4.031,1.275,0.6194,3.907,9.428,2.363,33.1,34.5,,18.46,,,,,,,,11.2,8.9,6.4,9.7,8.6,1.156,9.065,,,,22,1.709,10.47,,8.307,23.65,5.738,44,44,2.892,13.46,10.4,55,6.556,,,,8.65,,10.7,,12.17,,25.7,1.001,55,1.377,,,,,,,,,,5.101,37.58,,,,,,,42.25,98.17
7786-61-0,4-ethenyl-2-methoxyphenol / 2‐methoxy‐4‐vinylphenol / 4-vinylguaiacol,3.68,,13.9,,2.15,34.83,3.72,,,2.856,,,,,,,,,,,,,,,,,,,3.554,8.895,9.092,11.95,2.599,33,33,,,,,,,,,,,,,,,,,,,,,,,,,,,,,,,,,,,,,,,,,,23.91,77,44,,,,,,,,,,,,,,,,,,0.09,,,,,,,,,170.5,,,,,,,,,,,,,,,,,4.7,,,,110,110,110,,,36.05,,3.81,,,,8.67,,,,,,,,,,,,,,,,,,,,,,,,,,,,,,,,,,,11.56,20.36,,,7.4,,,,,,,,,,,,,,,,,,,,,,,,,,,,,,,,,,,,32.07,94.97,71.58,34.47,,,,,,8.1,,,,,,,88.87,,,,,,,,,,,,,,,,,,,,,,,,,,8.951,,,,,,,,,,,,,44.9,30.01,110,110,,,,32.15,,,,,,,,,,,,,,22,,,,,,,,,,,,,,,216.7,,,,,,2.95,,,,,,,,,,,,,,,,,,,,,,,,,,,,,,,,,13.53,,,,,,,,,,,,3.023,,9.2,,,,,,,,,,,,,,10.3,12.1,8,,,,,,,,,,,,,,,,,,,,,,,,,,,,,,,,,,,,55,,55,,23.4,,,,,,,,,,,,,,,3.73,20.23,,,,,,,,
68-26-8,Retinol,,,14.69,1.54,7.33,23.07,7.76,4.12,10.2,3.79,11.86,17.3,20.02,5.818,1.446,15.8,,,3.1,,4.2,,55,19,22.1,55,55,55,0.3,1.4,9.5,1,7.2,,,,,,,,,,,,,,,55,55,55,6.47,18.02,6.63,1.88,,,,17.7,,,,15.29,23.8,33,19.5,7.09,8.47,,4.7,7.61,5.8,6.56,11.63,8.11,18.03,7.34,,,,,,,,,,,,,,,,,,,,,0.54,,,,,,,,,30.06,,15.37,,,,,,,,,,,,,,2.7,0.6,,,,32.1,110,110,5.15,3.62,,,,,,2.888,0.8152,1.9,,,,,,7.67,22,22,13.2,28.9,5.32,7.13,22,22,22,22,6.101,22,9.854,22,22,10.62,4.383,6.937,,,,,,,,,,10.06,9.85,,,,,,,,,12.93,33,17.14,11.49,24.84,15.02,5.06,10.21,4.9,13.32,33,16.53,13.69,9.26,,,,,,,,,,,,,,,,,,,,,,,,,,1.294,,,12.59,,,7.92,,,,,,,,,,,49.36,,,,,,,,,,,6.66,20.15,,,,,,12.9,12.3,,,,,,,,,,6.9,4.3,4.47,13.38,35.6,9.7,44,5.36,55,55,,,,,,,,,,,,,,,,,9.22,,,,,,6.5,12.45,9.92,16.68,,,,,,,,0.26,8.97,,,,11.78,,25.12,40.69,10.6,51.28,4.37,110,5.79,15.51,3.43,2.47,7.14,,,,,,,,,5.06,,,,,,,,,21.5,22.2,6.1,13.92,,,,,,2.3,,6.3,13,9.1,,,,,,1.41,14.44,12.17,3.293,,,3.7,12.1,4.9,,,,,,,,,,,,,,,,,,,13.81,11.58,14.25,,16.79,,4.35,11.01,9.66,1.39,14.75,6.57,10.4,,,,,11.44,,5.07,,4.93,,,,55,,,,,,,,,,,,,,,,,,,,
106-25-2,"cis-3,7-Dimethyl-2,6-octadien-1-ol / nerol",,6.037,,9.1,49.9,,309.4,64.77,20.69,6.13,22,33,33,33,6.37,33,5.3,11.5,8.498,,1.216,15.1,55,55,23.55,55,55,37.25,0.2642,1.926,31.85,2.414,14.49,20.1,20.1,,,,22,6.302,,,,,5.657,,,19.33,26.35,24,0.7463,11.35,13.58,28.47,,,,18.68,26.3,9.5,39.1,16.53,20,18.59,10.06,11.18,12.8,,,,,,,,,19.16,36.72,4.063,1.021,,,,,,,,,,,,,,,,,,0.4928,,,,,,,,3.904,,,,,,,,1.036,39.94,9.194,2.634,1.531,1.869,,1.512,,,1.356,,,,45.7,110,110,,,29.77,,1.065,,123,,,,,,,,,3.084,4.072,4.955,5.907,47.63,7.463,4.057,2.542,22,22,22,0.7589,22,5.207,3.567,3.341,1.792,0.5255,22,11,11,11,3.836,11,11,,0.1933,1.007,1.372,3.172,,,,4.57,6.03,3.081,5.149,15.95,16.73,20.01,17.97,13.54,16.86,2.253,1.673,18.37,14.02,33,33,22.49,24.91,24.98,,,2.68,,,,6.96,110,3.982,7.043,43.1,23.06,17.45,44,44,8.82,14.21,44.92,38.93,29.37,,,,,,,,,55,10.88,,,11.16,,,17.58,,,,,12.44,44.06,69.43,32.27,32.55,11.09,11.06,10.89,16.79,38.5,,25.66,,11.77,,,,9.794,,5.4,55,22.74,,,,,,,7.533,4.623,7,45.43,22.17,24.97,14.98,44,21.8,44,50.61,55,23.5,,,,,2.661,27.26,55,55,86.5,,,22,,,,11.44,11,,,,,,12.61,,75.93,55,31.9,55,45.23,55,7.77,12.37,15.56,,9.577,,,,12.97,26.79,23.97,110,4.3,110,11.14,,25.57,110,3.516,0.7318,9.322,55,4.289,19.72,55,49,3.246,55,7.706,8.502,,,,,,9.883,6.525,11.24,18.57,21.12,5.474,55,0.4855,1.581,,,,2.182,,6.121,,6.507,,,,,,3.481,0.7131,0.3852,3.249,10.32,2.33,33.1,34.5,,26.97,,,,,,,,11.2,8.9,6.4,9.7,8.6,1.032,8.281,,,,22,1.555,10.47,,7.605,23.35,5.711,40.03,44,3.63,13.46,10.4,39.1,6.858,,,,8.65,,10.7,,12.17,,25.7,0.88,55,1.187,,,,,,,,,,5.054,37.58,,,,,,,42.25,98.17
544-12-7,E-3-hexen-1-ol / trans-3-Hexen-1-ol,,19.29,,,,,,,,,22,,,,,,,,,11.6,16.1,,47.37,55,55,48.24,34.78,18.47,3.8,55,55,17.6,55,11.76,2.409,6.782,7.367,9.486,,,,,,,,,,9.744,13.69,13.88,11.03,11.3,33,16.29,21.53,,22,,,,,33,55,33,45.97,,,,,,,,,,,,26.17,37.82,24.78,,,,,,,,,,,,,,,,,,,,,,,,,,,35,,,,,,45.3,37.25,170.2,23.28,,,,,,,,,,,,110,110,110,,,,,4.41,,,5.55,7.2,,9.93,9.94,1.56,2.23,2.54,22,22,9.792,9,55,11.47,1.705,22,22,22,22,22,22,22,22,3.72,22,22,22,4.08,11,11,1.51,11,11,97.03,33.53,21.21,19.99,14.87,,,,,,,,,5.843,12.91,33,33,33,22,22,22,31.4,33,33,33,33,33,,2.47,,,5.7,5,,,,,,,,,,,,,,,,3.95,6.02,2.36,,,0.22,1.652,55,,1.782,172.6,,46.8,75.61,6.711,17.09,6.75,26.4,8.07,7.848,12.79,63.69,6.19,,9.881,18.84,14.35,38.7,5.821,24.79,14.46,1.73,4.318,17.07,,0.97,57.42,,,55,40.7,0.9,0.65,1.6,0.68,0.56,1.8,5.153,2.126,5.041,47.6,110,47.84,28.6,,,,36,55,11.05,,,,,10.63,29.53,25.37,55,3.548,,,22,,,,8.89,,13.58,44,44,44,23.39,10.48,3.248,41.08,55,,55,,,,,,1.64,20.72,25.57,24.29,22.07,6.99,17.48,,,,,,,,,55,55,55,55,7.92,27.32,55,36.86,23.81,55,11.97,23.05,,,,,,9.741,10.9,22.18,55,55,21.1,55,1.402,1.222,37.95,19.72,14.13,8,,,,,4.61,3.23,1.97,2.13,1.14,8.436,22.54,44,20.4,9.174,3.821,,,,31.99,,,,,,,,,9.2,15.8,9.68,12.15,12.96,10.09,,,,5.776,0.2473,,,,16.39,1.918,4.357,6.245,55,,,14.66,0.5992,0.9578,0.876,7.474,55,,8.07,,55,,0.3648,0.2435,15.05,0.7989,14.27,7.18,18.68,31.36,14.32,,,15.37,33.44,,,,,,,,,922.8,619.6
1576-95-0,Z-2-penten-1-ol,,19.29,,,,,,,,,22,,,,,,,,,,,,43.82,55,55,43.31,33.87,19.93,,,,,,9.526,2.604,4.62,5.12,7.01,,,,,,,,,,8.514,15.04,13.17,11.41,11.69,33,16.61,21.53,,22,,,,,33,55,33,42.58,,,,,,,,,,,,20.16,60.29,44,,,,,,,,,,,,,,,,,,,,,,,,,,,,,,,,,42.95,34.59,99.8,41.67,,,,,,,,,,,,110,110,110,,,,,4.41,,,5.55,7.2,,9.93,9.94,,,,22,22,22,9,55,11.47,29.62,22,22,22,22,22,22,22,22,,22,22,22,4.08,11,11,1.51,11,11,5.634,33.53,21.21,19.99,14.87,,,,,,,,,6.89,13,33,18.45,33,22,22,22,31.4,33,33,33,33,33,,2.47,,,5.7,5,,,,,,,,,,,,,,,,,,,,,,,55,,1.7,172.6,,46.8,75.61,7.027,,,,,16,,65.35,,,12.06,18.69,14.35,27.33,6.822,22.5,24.4,,6.617,17.15,,,110,,,55,35.86,,,,,,,7.3,22,22,47.6,110,47.84,44.74,,,,46.03,55,10.52,,,,,8.987,30.95,20.79,47.73,3.548,,,22,,,,8.89,,13.58,44,44,44,23.39,10.97,3.568,41.08,55,,55,,,,,,1.64,6.252,25.57,24.29,22.07,6.114,18.77,,,,,,,,,55,55,55,55,7.97,27.92,55,35.79,22.56,55,12.15,11.55,,,,,,21.86,7.614,21.54,55,37.49,20.23,55,35.2,13,37.95,19.72,14.13,8,,,,,4.61,2.934,1.97,2.13,1.14,7.316,,,15.93,8.095,6.094,,,,31.83,,,,,,,,,9.2,15.8,10.17,11.75,13.09,10.47,,,,10.77,0.65,,,,,5.556,10.77,10.77,55,,,21.66,,,,,55,,8.07,,55,,,0.52,15.05,3.118,14.27,7.18,18.68,31.36,14.32,,,15.57,39.49,,,,,,,,,922.8,619.6
616-25-1,1-penten-3-ol,,,,,,,,,,,,,,,,,,,,,,,,,,,,,,,,,,,,,,,22,22,,,,,22,,,,,,,,,,,,,,,,,,,,,,,,,,,,,,,,,,,,,,,,,,,,,,,,,,,,,,,,,,,,,,,,,,,55,229.9,165.8,271.7,,,,,,,,,,,,110,110,110,,,,,,19.58,,,,,,,,,,,,,44.24,55,,21.59,22,22,22,22,22,22,22,22,,22,22,22,3.73,11,11,1.87,11,11,,,,,,,,8.1,,,,,,33,10.36,,,,,,22,,33,33,33,33,33,,,,,,,,,,,,,,,,,,,,,,,,,,,,,55,,,140.9,,,,,,,,,,,,,,,,,,,,,,,,,,77.97,,,41.7,55,,,,,,,,,,,48.08,110,110,,,,49.95,55,29.4,,,,,,,,,,,,22,,,,22,11.17,,,,,,,,,55,,,,,,,,,,,,,19.76,,,,,,,,,,,,,,,,,,,,,5.972,,,,,,23.49,14,19.35,,,,55,,,,,,,,,,,,,,,,18.65,,,,,,,,,,,,,,,,,,,,,,,21.53,,,,,,,,,,,,,,,,55,,,,,,,,,,,,,,,9.133,3.798,13.67,27.59,22.13,,,,,,,,,,,,,922.8,619.6
61301-56-2,(E)-11-hexadecen-1-ol / E11-16:OH,,10.65,,0.84,1.08,,,,,2.345,14.24,7.25,33,3.99,0.96,10.7,12.34,9.369,7.541,,,11.46,55,52.54,55,43.79,41.75,25.93,0.6312,18.19,55,4.462,2.707,19.35,1.499,16.68,14.29,16.93,4.195,0.6627,,,,,0.8334,,,20.92,23.43,24.86,6.853,15.26,15.77,18.84,,,12.62,,,,,26.81,23.33,33,55,,,,,,,,,,,,13.17,4.044,1.998,,,,,,,,,,,,,,,,,,1.6,,,0.2817,,0.04472,,,6.84,,,69.78,,,,43.07,9.3,93.08,18.94,3.92,1.3,2.5,3.63,1.56,3.6,,0.4517,,,,18.77,110,67.21,,,24.6,,3.07,,,1.751,1.103,2.041,9.784,9.683,1.4,2.108,2.397,4.617,4.207,2.69,10.6,55,13.92,0.2876,22,22,22,22,16.94,22,17.06,22,7.173,11.82,10.46,22,3.263,6.616,2.517,0.5091,3.001,10.51,4.031,1.438,10.4,0.4197,0.5043,6.6,,5.8,1.981,22.5,3.631,11.15,1.085,16.85,8.373,16.36,9.843,8.393,0.4668,0.3413,18.9,55,27.09,33,33,23.91,33,,,,,7,4.6,,,5.087,14.94,18.88,38.33,20.39,44,44,15.22,,,,,10.63,3.855,5.641,1.93,,,0.1006,1.454,31.09,,0.7667,24,71.31,46.67,10.42,4.576,15.31,2.854,11.15,4.028,3.258,2.686,72.81,6.601,19.18,13.51,3.448,5.316,3.586,3.39,12.62,9.73,1.696,2.138,16.21,113.1,0.9396,14.27,4.766,,55,44.91,0.7851,0.5643,1.307,0.5927,0.4245,1.375,1.048,0.5549,0.8353,46.75,35.87,41.17,33.49,,,,56.59,55,9.754,,,,,10.7,35.2,24.03,55,4.444,,,1.485,1.658,22,1.62,13.55,,8.098,44,44,44,16.59,6.006,4.708,41.08,55,,55,,,,,,1.64,5.341,66.54,47.17,12.69,8.801,17.26,,110,,,17.96,,51.68,,40.41,17.36,19.23,55,8.2,30.8,55,39.5,27,55,13,5.918,,,,,,13.02,8.468,13.44,27.49,55,17.43,55,0.77,0.33,43.65,22.48,22.21,3.062,,,,,4.61,3.794,1.97,2.13,1.14,3.405,23.65,0.7547,9.015,4.397,2.308,,,,23.64,0.2302,281.6,4.903,20.48,12.31,23.16,188.9,7.8,9.2,15.8,10.59,11.67,14.28,7.667,27.5,0.71,5.16,1.922,0.1983,,5.03,8.8,16.39,0.2712,1.018,1.922,55,12.89,,29.03,0.66,1.36,1.64,13.2,55,,7.092,,55,,0.56,0.26,24.33,0.6807,5.002,3.998,22.27,32.16,17.11,,,17.41,31.39,3.532,48.24,2.15,2.83,3.45,11,5.68,11,195,37.22
1139-30-6,(-)-Caryophyllene oxide,,12.17,,,,,,,,,22,,,,,,,,,,,,,,,,,,,,,,,13.4,4.5,,,,22,22,,,,,22,,,9.22,55,12.35,1.46,33,33,2.84,,,,,,,,33,,33,13.84,,,,2.43,3.52,33,2.24,4.19,2.2,33,,,,,,,,,,,,,,,,,,,,,,,,,,,,,,,,,,,,,,87.87,64.39,226.8,1.61,,2.29,,2.07,,,,,,,110,110,110,,,,,,,,,,,,,,,,7.97,22,12.77,14.7,55,15.64,2.32,1.96,22,22,22,22,22,22,22,,22,0.9612,22,11,11,11,11,11,11,,3.88,8.67,3.58,3.78,,,,,,,,,33,33,,,,,,,,,,,,,4.3,,,6.5,,,,64.82,8.31,7.27,9.32,39.85,11.61,44,44,2.54,48.08,50.94,26.48,37.81,,,,,,,,,,,,,,,,,,,,,,,,,,38.5,,,,38.5,,38.5,,,,,,,,,,,,,,,,,,,,,,,,,,,,,,,,,,,,55,55,391.1,,,,,,,,,,,,,,55,,,55,29.77,4.15,6.162,17.08,15.26,16.37,64.82,,6.53,41.41,41.95,66.16,19.06,,,,,,,,,,55,55,55,55,9.4,55,24.4,55,0.9,55,9.7,,,,,,,22.73,,,55,25.9,26.7,55,,,,,,,,,,,,,,,,7.46,,,75.66,20.91,2.42,,,,,,,,,,,,,,,,,,25.21,,,,,,2.76,,,,,,,,2.16,,55,,,,,,,,,,,,,55,,,,,,,,27.19,,,,,,,,,,,9.71,74.96
3779-61-1,trans-(3E)-beta-ocimene,,9.533,,,,,,25.19,,9.655,22,,,,,,,,,,,,55,55,24,55,55,55,55,55,55,55,9.6,20.1,20.1,,,,11.92,7.052,,,,,4.943,,,14.04,18.16,15.19,1.428,13.71,15.47,11.06,,206.4,,44,,,,33,20,33,13,,,,,,,,,,,9.951,26.73,12.89,10.14,7.83,21.1,18.4,10.7,27.6,9.43,23.1,12.6,15.7,13.9,7.94,13,4.17,6.59,18.9,21.7,11.9,5.026,17.8,16.9,8.35,9.79,8.38,13.9,13.4,4.253,,,,4.13,,,,0.5435,44,7.028,2.292,1.598,2.118,,1.662,,,,,,,110,110,110,,,29.77,,6.28,,,,,,,,,,,3.896,3.91,5.494,3.995,55,9.374,2.446,8.494,22,22,22,22,22,15.52,22,2.59,22,7.306,22,11,11,11,1.477,11,11,,6.7,18.53,1.653,3.085,,,,3.773,2.469,1.449,0.8734,6.247,12.7,15.24,23.27,23.78,28.7,22,13.39,22,45.5,33,33,30.31,33,26.27,,,2.68,,7.2,2.9,6.96,110,5.93,12.82,25.79,5.24,8.97,44,44,11.7,14.21,44.92,38.93,29.37,,,,,,,,,55,11.02,,,82.35,,,17.58,,,,,12.44,44.06,69.43,32.27,32.46,7.094,11.06,10.89,16.79,38.5,,22.53,,11.77,,,,9.127,,,,,,,,,,,5.74,22,22,50.3,22.25,26.22,12.05,44,21.8,44,21.03,,,,,,,35.2,27.39,55,55,86.5,,,22,,,,22,11,,,,,,14.55,,,55,31.9,55,45.23,55,7.77,12.37,15.56,,7.918,,,,13.61,26.79,23.97,,,110,14.69,,25.57,,14.44,2.282,19.14,55,2.404,16.8,55,55,0.9966,55,3.722,20.77,,,,,,14.93,5.175,26.97,15.14,27.5,6.007,55,0.8377,8.392,,,,1.8,,5,,7.7,,,,,,3.297,1.04,0.52,1.615,5.727,1.533,,,,,,,,,,,,,8.9,6.4,9.7,8.6,1.592,8.025,,,,22,110,,,17.63,,44,30.5,44,2.866,,,55,6.161,,,,,,,,,,,1.64,55,14.87,,8.24,,,,12.82,14.38,,,30.27,,,,,,,,,
3650-28-0,(+)-Sativene,,55,,,,,,,,,,,,,,,,,,,,,,,,,,,,,,,,,,,,,,,,,,,,,,,,,,,,,,,,,,,,,,,,,,,,,,,,,,,,,,,,,,,,,,,,,,,,,,,,,,,,,,,,,,,,,,,,,,,,,,,,,,,,,,,,,,,,,,,,,,,,,,,,,,,,,,,,,,,,,,,,,,,,,,,,,,,,,,,,,,,,,,,,,,,,,,,,,,,,,,,,,,,,,,,,,,,60.24,492.6,609.8,163.7,,,,,,,,,,,,,,,,,,,,,,,,,,,,,,,,,,,,,,,,,,,,,,,,,,,,,,,,,,,,,,,,,,,,,,,,,,,,,,,,,,,,,,,,,,,,19.47,16.51,9.28,,,,,,,,,,,,,,,,,,,,,,,,,,,,,,,,,,,,,,,,,,,,,,,,,,,,,,,,,,,,,,,,,,,,,,,,,,,,,,,,,,,,,,,,,,,,,,,,,,,,,,,,,,,,,,,,,,,,,,,,,,,,,,,
544-63-8,tetradecanoic acid  / myristic acid,,12.25,,0.84,2.616,,312.7,47.69,31.35,7.71,22,4.97,2.469,1.512,0.7871,2.547,12.78,10.04,4.287,7.3,1.753,11.66,55,30.88,55,55,55,31.85,55,55,55,55,1.7,6.924,1.264,33,33,33,22,22,,,,,12.39,,,43.23,41.82,36.91,3.435,12.84,21.66,44.46,9.376,60.99,11.45,21.38,,,,33,21.74,33,55,,,32.85,,,,,,,,15.76,13.7,57.29,26.47,,,,,,,,,,,,,,,,,,0.4968,,,0.2711,,0.04163,,,5.809,12.7,,69.66,,,,55,4.403,67.68,6.233,3.92,1.3,2.5,3.63,1.56,3.6,,0.7002,2.88,33,33,18.02,110,70.5,,,,,2.85,,,0.9143,3.29,3.258,9.807,10.1,2.88,3.07,3.53,6.627,11.14,22,8.255,37.3,6.485,25.7,15.53,22,22,22,2.035,22,3.007,1.969,2.839,2.885,0.8976,10.81,4.938,11,11,1.479,11,11,4.671,3.017,23.14,4.754,4.201,6.6,,5.665,2.647,1.17,2.995,10.9,5.313,33,9.279,17.66,22.83,33,8.718,13.6,18.86,55,17.87,33,33,22.15,33,,,,,7,4.6,,,5.439,13.29,14.68,40.97,11.3,44,44,8.455,,,,,10.63,,7.26,2.24,,,0.0882,1.303,39.82,,0.7472,27.64,73.46,48.83,13.09,26.4,15.29,2.81,10.99,3.971,6.933,6.509,73.66,21.34,31.2,19.96,7.389,5.643,15.22,12.83,34.05,15.93,2.25,3.608,16.5,55.38,1.26,11.95,3.97,2.63,48.05,34.64,0.922,0.6538,1.331,0.7864,0.7577,6.627,1.047,0.5385,0.919,48.6,40.82,49.23,34.03,28.1,24.2,44,78.95,55,10.9,,,,,5.2,35.2,23.01,41.96,4.846,3.81,2.5,2.194,1.658,22,1.62,11.49,11.17,7.73,44,44,44,16.42,6.385,23.6,,55,,55,,,,,,,18.45,66.54,47.17,12.69,11.06,18.45,,110,,,18.64,,29.91,110,29.4,17.19,55,55,4,13.2,55,55,9.3,55,2,5.689,13.49,7.672,25.22,26.11,6.95,4.901,6.067,12.08,11.46,30.29,5.969,55,0.3147,1.32,43.55,28.42,23.72,2.956,,2.695,,,,,,,,1.26,1.717,0.5288,9.49,9.21,3.594,9.211,8.6,3.1,22.14,0.21,281.6,18.92,33.91,48.29,281.6,182.2,7.8,,,11.65,10.77,17.5,6.713,,,,22,9.27,12.59,2.059,8.8,,2.3,4.92,9.54,2.791,12.89,8.49,55,1.749,0.7815,1.824,7.304,55,,55,,3.714,,0.4745,0.5427,55,8.89,8.257,5.525,16.27,27.36,22.39,,,23.93,189.5,5.093,39.4,,,,11,5.68,11,162.4,30.91
93-89-0,Ethyl benzoate,2.775,18.99,12.45,6.127,23.53,64.18,13.91,7.56,10.54,1.553,22,5.474,2.454,2.578,33,4.18,0.05666,,1.593,10.43,13.7,2.7,55,55,55,55,28.4,55,55,55,55,55,8,17.65,9.007,,,,3.27,4.17,4.92,4.58,4.73,4.85,,3.3,3.27,17.59,20.03,17.6,6.84,11.15,33,27.77,9.22,143.5,22,18.51,,,,19.16,55,33,44.16,,,28.3,,,,,,,,,5.75,,,,,,,,,,,,,,,,,,,,0.82,,,12.9,,2.5,,,,17.7,,,,,,8.07,43.5,384.6,66.83,,,,,,,,0.7196,2.146,,,60.01,110,110,,,12.36,13.89,2.85,17.78,19.75,,,,,,,,,9.42,10.53,22,12.1,18.1,1.42,35.22,22,12.5,11.04,4.61,22,22,22,22,22,22,22,22,,,,,,,,,,,,,,,,,,,,24.17,10.12,33,33,33,22,22,22,29.7,33,33,33,33,33,,,,,,,,63.7,7.012,11.63,17.3,44,11,44,44,10.63,,,,,,,,,,9,,,4.868,,,14.83,39.47,37.19,,26.4,,,,,32.34,73.39,73.07,,,9.81,16.18,,23.5,38.5,35.71,20.25,,7.55,,36.5,,15.03,2.642,3.019,55,28.98,,,,,,,,,,44.9,24.19,50.32,9.231,28.1,24.2,44,10.14,,,,,,,,,33.55,55,29.5,,,3.23,,,,2.713,,,,,,,10.76,,14.67,55,,,,,,,,,,,,,,32.77,,,10.8,,,,,,8.728,4.187,13.47,55,6.5,23.3,55,55,25.5,55,12.3,9.432,15.89,25.78,23.39,27.14,21.45,25.39,33.42,19.63,55,55,27.9,55,,,40.3,37.94,14.82,8.305,3.7,6.055,13.6,5.5,,,,,,6.02,,,2.71,9.868,5.08,10.4,8.346,3.848,27.26,,,,,,,,,11,13.5,,,,11.48,,,,,,9.89,,8.03,,,,,55,,9.52,55,,,,,,,,,,,,,47.22,,12.56,7.391,23.2,19.81,31.05,,,,,4.07,31.86,,,,,,,,
131-11-3,Dimethyl phthalate,2.987,55,25.74,6.888,29.63,64.18,18.84,7.766,16.66,2.092,22,5.34,3.41,3.68,33,4.29,0.07679,,2.047,10.17,2.532,,55,36.1,55,55,27.29,55,,,,,,17.03,8.36,,,,,,,,,,,,,7.698,11.98,10.35,7.172,8.883,33,32.81,,,22,26,,,,23.85,55,33,37.41,,,28.26,,,,,,,,,7.18,,,,,,,,,,,,,,,,,,,,0.82,,,12.9,,2.5,,,,15.24,,,,,,,58.17,442.5,305.8,,,,,,,,0.6862,2.52,,,60.01,110,110,,,12.36,13.89,,17.78,19.75,,,,,,,,,9.42,10.53,22,12.1,18.1,1.42,35.22,22,16.71,15.73,10.28,22,22,22,22,22,22,22,22,,,,,,,,,,,,,,,,,,,,,,19.01,15.97,19.41,22,22,22,34.08,33,33,33,33,33,,,,,,,,63.7,7.01,16.04,27.53,44,10.99,44,44,11.25,,,,,,,,,,,,,7.515,,,14.83,28.65,37.19,,26.4,,,,,45.77,77.31,73.07,,,9.81,18.79,,37.29,38.5,38.38,20.25,,7.55,,36.5,,14.56,18.1,3.1,55,34.34,,,,,,,,,,,22.27,110,31.42,28.1,24.2,44,48.33,,,,,,,,,22.18,55,29.5,,,22,,,,5.03,,,,,,,11.8,,14.67,55,,,,,,,,,,,,,,39.22,,,10.8,,,,,,55,55,55,55,6.5,23.3,55,55,25.5,55,12.3,18.79,21.2,26.51,23.89,31.26,30.15,55,33.42,19.63,42.21,30.11,26.57,55,,,,,,,,,,,,,,,,,,,5.952,22.25,6.471,11.12,11.49,6.233,31.27,,,,,,,,,11,13.5,,,,11.69,,,,,,9.89,,8.03,,,,,55,,9.52,18.09,,,,,,,,,,,,,49.09,,16.43,9.62,23.21,20.13,31.74,,,,,4.07,31.86,,,,,,,,
112-12-9,2-undecanone,,12.25,,0.84,5.69,,312.7,47.69,31.35,3.849,22,5.039,2.614,1.568,0.7162,2.658,12.78,10.04,4.582,7.3,5.2,11.66,55,32.51,55,55,55,35.35,55,55,55,55,1.399,8.738,1.675,33,33,33,22,22,,,,,22,,,29.98,30.13,29.65,5.761,12.18,21.23,55,9.656,60.99,11.57,21.38,,,,33,21.74,33,55,,,36.31,,,,,,,,15.81,13.02,22.39,13.57,,,,,,,,,,,,,,,,,,0.3961,,,0.3963,,0.08435,,,5.809,12.7,,69.66,,,,55,23.8,128.7,9.51,3.92,1.3,2.5,3.63,1.56,3.6,,0.5264,2.88,33,33,49.73,110,110,,,,,2.85,,,0.8267,4.635,4.422,9.807,10.1,2.88,3.07,3.53,7.617,10.16,22,6.682,31.9,5.295,29.97,15.33,22,22,22,1.853,22,2.757,2.029,2.23,2.64,0.7968,10.48,4.938,11,11,1.479,11,11,4.671,3.017,23.14,3.965,4.048,6.6,,5.665,5.642,1.079,2.68,15.2,33,33,9.279,7.552,20.16,33,13.52,22,17.03,24.23,21.38,33,33,11.75,33,,,,,7,4.6,,,5.17,12.85,14.87,39.83,11.86,44,44,8.892,,,,,10.63,,7.26,2.24,,,0.08905,1.275,35.12,,0.7341,27.64,73.46,48.83,13.09,26.4,15.29,2.81,10.99,3.971,8.091,7,74.22,21.34,31.2,19.96,12.56,5.643,16.01,12.83,34.24,15.93,2.25,3.608,16.65,55.59,1.26,20.44,4.93,2.629,48.98,33.59,0.973,0.7029,1.308,0.7864,0.7577,6.627,1.119,0.6571,0.9829,48.81,43.85,48.24,34.03,28.1,24.2,44,78.95,55,10.9,,,,,5.2,35.2,19.94,45.21,4.923,3.81,2.5,22,1.658,22,1.62,8.3,11.17,7.73,44,44,44,16.42,6.385,23.6,,55,,55,,,,,,,18.45,66.54,47.17,12.69,11.06,18.27,,110,,,20.21,,29.91,110,28.61,21.87,55,55,4,13.2,55,55,9.3,55,2,8.56,13.49,7.672,25.22,26.11,6.95,8.28,5.128,11.97,15.45,20.01,7.36,55,0.3073,1.448,42.1,28.38,21.45,2.612,,2.907,,6.14,,,,,,1.146,1.164,0.6121,10.8,9.21,3.182,9.9,8.6,3.1,22.14,0.21,281.6,18.92,33.91,48.29,281.6,182.2,7.8,,,11.65,10.77,17.5,6.713,27.5,0.71,5.16,13.19,6.554,12.59,3.179,8.8,,0.9816,3.031,11.25,2.649,12.89,8.49,55,1.712,0.6924,3.871,7.028,20.54,,23,,4.23,,2.312,0.8786,55,2.363,10.12,5.235,17.43,24.82,22.8,,,23.93,189.5,3.978,38.26,,,,11,5.68,11,162.4,30.91
124-76-5,Isoborneol,,,,,,,,,44.35,4.3,,,,,,,,,,,,,,,,,,,,,,,,,,,,,,,,,,,,,,24.16,21.11,28.59,,,,55,,,,,,,,,,,,,,,,,,,,,,16.66,,,,,,,,,,,,,,,,,,,,,,,,,,,,,,,,,,,,,60.72,178.9,1100,,,,,,,,,,,,50.63,110,110,,,,,,,,,,,,,,,,,,,,,,,22,22,22,22,22,22,22,22,,22,22,22,,,,,,,,,,,,,,,,,,,,,,,,,,,,,,,,,,,,,,,,,,,,,,,,,,20.36,33.39,49.73,40.29,,,,,,,,,,,,55.69,85.17,,,,,,,,,,,,,,,,,,,,,,,61.35,,83.39,,,,,,,,,,,,,,,,,,,,,,,,,,,,,,,,,,,,,,,,,,,,,,8.2,28.91,,55,27.61,,10.12,35.19,25.88,26.21,17.37,,,,,,,,,,,,,,,,,,,,,,,,,,,5.79,,,,,,5.01,,,55,55,55,55,35.2,35.2,,,,12,,10,,,,,,,,13.97,,,2.531,,27.12,,,,,,,,,,,,,,,11.8,11.8,18.7,42.79,,,,,,,,,,,,,,,,55,,,,,,,,,,,,,55,,,,,,,,,,,,,,,,,,,40.17,163.7
629-76-5,pentadecanol / 15:OH,,12.67,,0.84,2.498,,312.7,47.69,31.35,2.489,22,7.25,33,3.99,0.96,10.7,12.82,10.07,8.175,,,11.34,55,51.6,55,55,55,55,6.508,55,55,22.14,1.384,11.49,1.307,33,33,33,22,22,,,,,11.47,,,49.3,39.49,49.11,5.645,16.27,17.62,55,9.358,59.53,12.57,19.53,,,,29.16,18.94,33,55,,,35.53,,,,,,,,15.55,14.04,3.838,1.874,,,,,,,,,,,,,,,,,,0.44,,,1.224,,0.6875,,,6.113,,,69.78,,,,55,11.76,282.8,26.43,3.92,1.3,2.5,3.63,1.56,3.6,,0.4517,,33,33,56.29,110,110,,,24.6,,2.85,,,1.98,6.202,8.008,9.807,10.1,1.868,2.45,2.798,7.742,9.049,22,12.59,55,11.3,27.31,22,22,22,22,22,22,22,3.34,4.443,4.104,22,22,4.41,11,11,1.435,11,11,3.335,2.96,24.36,1.98,2.4,6.6,,5.988,7.793,7.274,6.368,23.03,9.892,6.908,10.98,14.14,24.63,33,22,22,18.99,43.92,22.83,33,33,17.89,33,,,,,7,4.6,,,6.219,16.22,19.97,40.8,16.74,44,44,14.79,,,,,10.63,3.95,5.882,2.303,,,0.104,1.472,42.61,,1.21,20.73,75.37,48.83,10.57,3.379,15.39,2.8,10.95,3.966,5.465,0.8766,68.9,12.61,32.13,12.31,4.533,5.134,8.521,10.87,17.68,21.62,1.885,3.156,16.38,71.06,1.003,91.23,27.5,,47.14,34.15,0.7926,0.5206,1.368,1.47,1.41,22,1.567,0.9694,1.366,47.83,34.17,38.08,35.31,,,,73.97,55,8.565,,,,,5.2,35.2,20.88,55,4.328,3.81,2.5,0.59,3.01,22,1.96,11.99,11.17,7.73,44,44,44,16.42,5.15,14.74,,55,,55,,,,,,,18.52,66.54,47.17,12.69,11.05,17.03,,69.21,,,17.44,,30.27,110,55,14.19,20.68,55,4,13.2,55,55,9.3,55,2,9.547,26.83,8.5,40.4,26.31,7.64,7.139,7.271,12.33,55,55,55,55,0.3188,0.3962,46.33,17.09,22.49,2.995,,3.097,,,,13.88,,,,1.9,3.536,0.9267,10.03,5.14,3.69,,,,23.46,,,,,,,,7.8,,,11.59,11.34,16.03,6.734,,,,3.796,0.2715,12.59,2.759,8.8,16.39,0.8063,2.227,4.463,3.887,12.89,8.49,55,0.6268,0.967,1.031,8.78,55,,55,,4.57,,0.2045,0.1203,55,0.8362,3.924,3.686,20.92,26.53,15.26,,,23.93,189.5,3.532,40.4,,,,11,5.68,11,181.9,28.26
112-42-5,1‐undecanol,,12.67,,0.84,2.498,,312.7,47.69,31.35,2.489,22,7.25,33,3.99,0.96,10.7,12.82,10.07,8.175,,,11.34,55,51.6,55,55,55,55,6.508,55,55,22.14,1.384,11.49,1.307,33,33,33,22,22,,,,,11.47,,,49.3,39.49,49.11,5.645,16.27,17.62,22.21,9.358,59.53,12.57,19.53,,,,29.16,18.94,33,55,,,35.53,,,,,,,,15.55,14.04,3.838,1.874,,,,,,,,,,,,,,,,,,0.44,,,1.224,,0.6875,,,6.113,,,69.78,,,,55,11.76,282.8,26.43,3.92,1.3,2.5,3.63,1.56,3.6,,0.4517,,33,33,56.29,110,110,,,24.6,,2.85,,,1.98,6.202,8.008,9.807,10.1,1.868,2.45,2.798,7.742,9.049,22,12.59,55,11.3,27.31,22,22,22,22,22,22,22,3.34,4.443,4.104,22,22,4.41,11,11,1.435,11,11,3.335,2.96,24.36,1.98,2.4,6.6,,5.988,7.793,7.274,6.368,23.03,9.892,6.908,10.98,14.14,24.63,33,22,22,18.99,43.92,22.83,33,33,17.89,33,,,,,7,4.6,,,6.219,16.22,19.97,40.8,16.74,44,44,14.79,,,,,10.63,3.95,5.882,2.303,,,0.104,1.472,42.61,,1.21,20.73,75.37,48.83,13.08,3.379,15.39,2.8,10.95,3.966,5.465,0.8766,68.9,12.61,32.13,12.31,4.533,5.134,8.521,10.87,17.68,21.62,1.885,3.156,16.38,71.06,1.003,14.27,4.766,,47.14,34.15,0.7926,0.5206,1.368,0.7864,0.7577,6.627,1.567,0.9694,1.366,47.83,34.17,38.08,35.31,,,,73.97,55,8.565,,,,,5.2,35.2,20.88,55,4.328,3.81,2.5,9.41,1.658,22,1.62,22,11.17,7.73,44,44,44,16.42,5.15,14.74,,55,,55,,,,,,,18.52,66.54,47.17,12.69,11.05,17.03,,69.21,,,17.44,,30.27,110,55,14.19,20.68,55,4,13.2,55,55,9.3,55,2,9.547,26.83,8.5,40.4,26.31,7.64,7.139,7.271,12.33,55,55,55,55,0.3188,0.3962,46.33,17.09,22.49,2.995,,3.097,,,,13.88,,,,1.9,3.536,0.9267,10.03,5.14,3.69,,,,23.46,,,,,,,,7.8,,,11.59,11.34,16.03,6.734,,,,3.796,0.2715,12.59,2.759,8.8,16.39,0.8063,2.227,4.463,3.887,12.89,8.49,55,0.6268,0.967,1.031,8.78,55,,55,,4.57,,0.2045,0.1203,55,0.8362,5.27,4.39,22.27,32.16,17.11,,,23.93,189.5,3.532,40.4,,,,11,5.68,11,181.9,28.26
1120-21-4,undecane / hendecane,,20.37,,0.84,2.707,,312.7,47.69,31.35,2.844,22,7.25,33,3.99,0.96,10.7,12.91,9.716,7.122,,,11.59,55,51.6,55,55,55,55,5.814,38.46,55,15.9,5.495,4.951,2.314,33,33,33,22,22,,,,,22,,,38.45,39.55,55,4.55,33,33,55,9.386,59.53,12.47,19.44,,,,33,23.26,33,55,,,35.58,,,,,,,,15.53,38.2,28.49,16.61,,,,,,,,,,,,,,,,,,0.44,,,2.713,,3.023,,,6.354,,,69.78,,,,55,11.76,282.8,26.43,3.92,1.3,2.5,3.63,1.56,3.6,,0.4517,,33,33,110,110,110,,,,,2.85,,,1.287,6.167,8.029,9.807,10.1,1.905,2.475,2.828,6.55,9.821,22,9.108,55,9.727,24.22,22,22,22,22,22,22,22,2.8,5.316,22,22,22,4.869,11,11,1.47,11,11,3.595,2.98,23.2,2.952,3.958,6.6,,5.722,10.5,9.163,7.046,22.22,5.966,33,9.801,8.401,18.6,33,22,22,16.66,38.25,23.97,33,33,13.36,33,,,,,7,4.6,,,4.846,13.85,15.98,38.47,15.18,44,44,10.83,,,,,10.63,,7.26,2.24,,,0.09,1.484,33.37,,1.183,20.51,77.09,48.83,12.53,26.4,15.28,2.789,10.91,3.943,5.399,3.237,73.14,21.69,31.31,12.31,6.166,5.33,13.32,10.87,10.86,21.62,2.25,3.608,16.49,57.93,0.9722,110,4.766,,48.08,35.32,0.7939,0.5499,1.523,0.7864,0.7577,6.627,1.816,1.271,1.594,48.28,33.86,38.42,32.81,,,,81.78,55,12.44,,,,,5.2,35.2,16.37,55,4.558,2.148,2.48,1.485,1.658,22,1.62,13.55,11.17,7.73,44,44,44,16.42,6.167,24.58,,55,,55,,,,,,,18.52,66.54,47.17,12.69,10.85,17.21,,77.92,,,16.58,,69.87,110,55,55,55,55,4,13.2,55,55,9.3,55,2,9.547,26.83,8.5,40.4,26.31,7.64,7.139,7.715,12.47,55,55,55,55,0.3203,0.8036,46.29,24.88,26.85,2.939,,3.059,,,,,,,,3.327,7.306,0.9127,11.33,5.14,4.198,,,,24.62,0.64,281.6,5.36,21.17,13.47,27.31,281.6,7.8,,,12.06,10.77,17.5,6.819,,,,7.817,5.061,12.59,2.818,8.8,,1.284,3.695,6.718,4.318,12.89,8.49,55,1.524,1.055,1.182,13.2,55,,55,,6.276,,0.2387,0.3785,55,5.764,4.08,3.978,20.53,24.64,18.22,,,23.93,189.5,3.532,40.99,2.15,2.83,3.45,11,5.68,11,188.7,30.01
624-92-0,dimethyl disulfide,,,,,,,,,,,,,,,,,,,,,,,,,,,,,,,,,,,,,,,,,,,,,,,,,,,,,,,,,,,,,,,,,,,,,,,,,,,,,,,,,,,,,,,,,,,,,,,,,,,,,,,,,,,,,,,,,,,,,,,,,,,,,33,33,,,,,,,,,,,,,,,,,,,,,,,,,,,,,,,,,,,,,,,,,,,,,,,,,,,,,,,,,,,,,,,,,,,,,,,,,,,,,,,5.11,44,23.77,44,25.75,44,44,15.69,,,,,,,,,,,,,,,,,,31.64,,,,,,,,,,,,,,,,,,,,,,,,21.39,,,,,,,,,,,,,,,,,,,,,,,,,,,,,,,,,,,,,,,,,,,,,,,,,,,,,,,,,,,,,,,,,,,,,,,,,,,,,,,,,,,,,,,,,,,,,,,,,,,,,,,,,,,,,,,,,,,,,,,,,,,,,,,,,,,,,,,,,,,,,,,,,,,,,,,,,,,,,,,,,,,,,,,,,,,,,,,,,,,,,,,
89-78-1,l-(-)-Menthol /  5-methyl-2-(1-methylethyl)cyclohexanol,,,,1.84,16.93,,,,,4.34,,,,,,,20.2,13.9,4.6,,,5,,,,,,,,,,,,,,,,,,,,,,,,,,,,,,,,,,,,,,,,,,,,,,,,,,,,,,,,,,,,,,,,,,,,,,,,,,,,,,,,,,,,,,,,,,,,,,,,,,,,,,,,,,,,,,,,,,,,,,,,,,,,,,,,,,,,,,,,,,,,,,,,,,,,,,,,,,5.3,9.6,,,,,,,,,,,,,,,,,,,,,,,,,,,,,,,,,,,,,,,,,,,,,,,,,,,,,,,,,,,,,,,,,,,,,,,,,,,,,,,,,,,,,,,,22,5.63,22,,,,,,,,,,,,,,,,,,,,,,,,,,,,,,,,,,,,55,,,,,,,,,,,,,,,,,,,,,,,,,,,,,,,,,,,,,,,,,,,55,55,55,55,,,,,,,,,,,,,,,,,,,,,,,,,,,,,,,,,,,,,,,,,,,,,,,,,,,,,,,55,,,,,9.9,,55,,6.99,,,,,,,,,,,,,,,,,,,,,,,,
490-10-8,"(4aSR,7SR,7aRS)-nepetalactone / Nepetalactone",,,,,,,,,,,,,,,,,,,,,,,,,,,,,,,,,,,,,,,,,,,,,,,,,,,,,,,,,,,,,,,,,,,,,,,,,,,,,,,,,,,,,,,,,,,,,,,,,,,,,,,,,,,,,,,,,,,,,,,,,,,,,,,,,,,,,,,,,,,,,,,,,,,,,,,,,,,,,,,,,,,,,,,,,,,,,,,,,,,,,,,,,,,,,,,,,,,,,,,,,,,,,,,,,,,,,,,,,,,,,,,,,,,,,,,,,,,,,,,,,,,,,,,,,,,,,,,,,,,,,,,,,,,,,,,,,,,,,,,,,,,,,,,,,,,,,,,,,,,,,,,,,,,,,,,,,,,,,,,,,,,,,,,,,55,8.8,20.3,55,55,13.7,55,12.4,,,,,,,,,,,,,,,,,,,,,,,,,,,,,,,,,,,,,,,,,,,,,,,12.2,18.7,,,,,,,,,,,,,,,,,,,,,,,,,,,,,,,,,,,,,,,,,,,,,,,,,,,,,
38363-29-0,(E)-8-Dodecenyl acetate / E8-12:AC,,10.25,,0.6371,0.7334,,414.7,38.17,36.93,3.295,22,5.535,2.619,3.728,2.439,4.375,12.31,9.358,4.573,11.6,2.169,14.3,55,39.41,55,31.21,55,55,5.949,55,55,55,1.073,7.918,1.546,0.4869,0.3014,0.7976,3.157,0.3624,,,,,0.4727,,,12.85,22.13,20.77,2.665,13.38,27.9,13.36,14.14,63.29,14.3,28.08,,,,33,34.1,33,41.74,,,35.58,,,,,,,,15.98,15.34,15.29,9.833,,,,,,,,,,,,,,,,,,0.5294,,,0.3229,,0.08734,,,5.78,13.61,,22.32,,,,16.68,22,287.8,34.77,3.88,1.43,2.6,3.72,1.62,,,0.5491,,33,33,30.65,110,73.54,,,12.36,13.89,2.664,,,1.429,1.31,1.35,,,1.56,2.23,2.54,4.4,4.4,3.147,55,55,,0.4441,22,22,22,22,15.35,22,22,22,3.599,8.795,8.207,22,3.149,6.262,2.152,0.4582,2.631,10.55,7.514,1.473,8.245,0.3968,0.4555,6.6,,5.8,2.832,8.628,4.502,15.52,3.017,17.09,8.445,18.34,13.05,11.1,1.15,1.246,22,37,33,33,33,33,33,,2.47,9,,5.487,4.726,,,4.28,13.46,16.44,36.78,28.17,44,44,12.8,,,,,10.63,5.042,6.971,2.254,,,0.08965,1.23,6.533,,0.6572,18.81,72.83,38.5,70.02,26.4,,,,,8.85,11.09,83,6.609,12.51,38.5,2.18,12.76,12.44,38.5,13.85,38.5,1.73,1.1,22.7,63.15,0.9408,15.77,2.985,3.1,45.95,37.19,1.225,1.021,1.21,0.946,2.599,0.5554,0.8242,0.4216,0.6884,48.97,24.89,25.65,20.16,28.1,24.2,44,22.64,55,9.239,,,,,13.55,28.71,18.17,42.84,4.929,3.81,2.5,7.273,,,,4.62,12.59,13.12,44,44,34.35,23.14,9.642,9.931,41.08,55,,55,,,,,,1.69,3.236,21.9,21.81,14.59,12.28,17.67,23.67,110,,,,,65.83,110,20.5,17.65,25.86,55,4.668,14.11,55,34.04,10.76,55,3.507,7.982,13.33,7.782,25.01,26.14,7.042,4.681,8.466,12.72,38.5,29.68,20.55,55,0.3055,0.6746,35.75,27.83,14.09,2.12,6.3,7.424,,2.35,4.362,2.444,1.928,1.664,1.028,2.269,3.876,3.214,12.74,6.345,2.117,9.274,8.6,3.1,18.82,0.1674,281.6,9.214,25.92,23.31,74.4,166.7,7.8,,,10.38,12.59,14.02,13.25,27.5,0.71,5.16,3.628,0.2709,,4.81,7.353,3.82,0.391,4.4,3.607,55,,,55,0.4948,0.7592,13.2,6.614,9.74,,7.94,,55,,0.2917,0.2379,10.66,0.9454,8.379,3.788,18.17,22.75,17.32,,,17.13,28.6,3.22,48.24,2.15,2.83,3.45,11,5.68,11,,
5949-05-3,(−)-citronella,,10.26,,1.917,3.638,,174.3,5.5,20.69,5.262,22,33,33,33,6.37,33,5.3,11.5,13.7,,12.9,15.1,55,55,26.9,55,55,55,0.6111,12.53,40.99,4.296,21.4,20.1,20.1,,,,22,22,,,,,5.487,,,17.76,27.26,22.83,2.183,12.63,18.62,21.78,,,,31.43,,,,8.477,20,22.28,13.43,11.18,13.96,,,,,,,,,19.35,44,5.462,1.431,,,,,,,,,,,,,,,,,,1.447,,,,,,,,6.26,,,,,,,,12.96,61.54,20.24,2.73,1.54,1.91,,1.67,,,1.774,,,,56.63,110,110,,,,,1.63,,123,,,,,,,,,8.24,4.25,22,11.8,55,14.33,20.72,5.337,22,22,22,1.435,22,6.801,5.352,6.654,2.911,1.211,22,11,11,11,3.48,11,11,,0.35,1.64,,,,,,9.307,15.24,10.53,21.04,33,24.96,10.34,33,15.43,17.39,2.42,1.9,22,16.92,33,33,23.05,33,33,,,,,,,6.96,110,7.09,14,43.1,23.06,17.45,44,44,8.82,14.21,44.92,38.93,29.37,,,,,,,,,55,,,,42.88,,,,,,,,,,,,,,,,,,,,,,,,,14.93,,6.374,,,,,,,,,22,4.64,22,46.2,25.01,28.66,15.26,44,21.8,44,32.83,55,23.5,,,,,4.1,35.2,55,55,,,,22,,,,9.96,,,,,,,14.2,,75.93,55,31.9,55,45.23,55,7.77,12.37,15.56,,,,,,17.89,,,,4.3,110,14.82,,25.57,110,4.56,0.7887,13.14,55,8.235,19.03,55,55,13.11,55,20.06,,,,,,,5.721,,,15.29,20.94,4.89,55,0.69,1.14,,,,2.5,,7.968,,7.205,,,,,,4.505,1.115,0.6025,3.667,45.7,8.899,33.1,34.5,,39.75,,,,,,,,11.2,,,9.7,8.6,20.5,10.83,,,,22,1.297,10.47,,8.68,24.01,5.315,44,44,4.178,,,55,8.75,,,,8.65,,10.7,,12.17,,25.7,1.09,55,1.7,,,,,,,,,,4.431,37.58,,,,,,,42.25,98.17
562-74-3,4-Carvomenthenol / Terpinen-4-ol / p-Menth-1-en-4-ol,,,,,,,,,,,22,,,,,,,,,,,,,,,,,,,,,,,,,,,,,,,,,,,,,9.96,55,8.94,1.3,33,33,55,,,,44,,,,33,,33,13.88,,,,,,,,,,,,,,,,,,,,,,,,,,,,,,,,,,,,,,,,,,,,,,,,26.77,507.6,38.52,,2.05,3.42,,2.02,,,,,,,,,,,,,,,,,,,,,,,,,22,8.74,22,42.7,55,,26.51,,,,,,,,,,,,,,,,,,,,,,,,,,,,,,,,,,,,,,,,,,,,,,4.3,,,6.3,,,,40.32,,,,,,,,,,,,,,,,,,,,,,15.55,,,,,,,,,,,,,,,,,,,,,,,,,,57.75,,,,,,,,,,,,,,,,,,,34.41,,,,110,,,,,,,,,,,,,,,,,,,,,,,,,,,,,,,,,,,,,,,,,,,,,,,4.28,,22.97,,,,,,,,,,,,,13.6,,,,,,5.111,10.33,15.84,,,,,,,,,,,,,,,,,,,,,,,,,,,,,,,,,,,,,,,,,,,,,,,,,,,,,,,,,,,,,,,,,,,,,,,,,,,,,,,,,,,,,,,,,,,,
93-15-2,4-Allylveratrole / Methyleugenol,,,10.83,,2.15,34.83,3.72,,,2.67,,,,,,,,,,,,,,,,,,,6,22.7,55,55,55,33,33,,,,,,,,,,,,,,,,,,,,,,,,,,,,,,,,,,,,,,,,,,,,,,,,,,,,,,,,,,,,,,0.09,,,,,,,,,,,,,,,,,,,,,,,,,,4.7,,,,110,110,110,,,,,3.81,,,,,,,,,,,,,,,,,,,,,,,,,,,,,,,,,,,,,,,,,,,7.4,,,,,,,,,,,,,,,,,,,,,,,,,,,,,,,,,,,,32.07,94.97,71.58,34.47,,,,,,,,,,,,,88.87,,,,,,,,,,,,,,,,,,,,,,,,,,16.7,,,,,,,,,,,,,44.9,30.01,110,110,,,,32.15,,,29.13,,16.16,46.23,,,,,,,,22,,,,,,,,,,,,,,,216.7,,,,,,2.95,,,,,,,,,,,,,,,,,,,,,,,,,,,,,,,,,13.53,,,,,,,,,,,,3,,9.2,,,,,,,,,,,,,,,,,,,,,,,,,,,,,,,,,,,,,,,,,,,,,,,,,,,,,,,,,,,,,,,,,,,,,,,,,,,,,,,,
1135-66-6,(-)-isolongifolene,,,,,,,,,,,,,,,,,,,,,,,,,,,,,,,,,,,,,,,,,,,,,,,,,,,,,,,,,,,,,,,,,,,,,,,,,,,,,,,,,,,,,,,,,,,,,,,,,,,,,,,,,,,,,,,,,21.31,35.56,32.36,,,,,,,,,,,,,,,,,,,,,,,,,,,,,,,,,,,,,,,,,,,,,,,,,,,,,,,,,,,,,,,,,,,,,,,,,,,,,,,,,,,,,,,,,,,,,,,,,,367.6,1100,1100,1100,,,,,,,,,,,,,,,,,,,,,,,,,,,,,,,,,,,,,,,,,,,,,,,,,,,,,,,,,,,,,,,,,,,,,,,,,,,,,,,,,,,,,,,,44.2,55,5.16,55,27.75,22.72,27.07,,,,,,,,,,,,,,,,,,,,,,,,,,,,,,,,,17.97,,,,,,,,,,,,,,,,,,,,,,,,,,,,,,,,,,,,,,,,,,,,,,,,,,,,,,,,,,,,,,,,,,,,,,,,,,,,,,,,,,,,,,,,,,,,,,
121-33-5,4-hydroxy-3-methoxybenzaldehyde / vanillin,3.68,55,62.69,2.48,17.95,18.77,18.11,9.73,,4.766,22,10.7,33,8.59,12.7,33,,,,,,,,,,,,,3.341,7.962,7.35,9.974,1.812,33,33,,,,22,22,,,,,22,,,31.36,31.81,28.07,6.571,10.92,33,21.76,,,22,,,,,33,55,33,55,,,,,,,,,,,,44,77,44,,,,,,,,,,,,,,,,,,0.07047,,,,,,,,,170.5,,,,,,21.45,1100,302.1,1100,,,,,,,,4.382,2.114,,,110,110,110,,,28.43,,,,,0.85,8.67,,,,,,,22,12.23,22,24.5,55,86,55,22,22,22,22,22,22,22,22,22,22,22,22,3.05,11,11,1.62,11,11,,8.79,31.86,11.56,20.36,,,7.4,,,,,,,,8.9,24.49,12.75,22,22,22,22.3,33,33,33,16.26,33,,,,,,,,,,,,,,,,,32.07,94.97,71.58,34.47,,,,,,8.1,,,44.21,,,,12.43,,,26.4,,,,,32.16,75.41,80.66,,24.96,14.07,20.85,11.6,44.69,6.81,34.71,23.84,,10.53,,5.792,,12.96,8.223,9.7,55,34.8,,,,,,,,,,44.26,24.92,30.53,52.47,,,,32.14,,,,,,,35.2,12.9,55,55,,2.93,5.32,22,,,,5.66,,18.75,21.7,44,18.93,18.06,11.2,,,55,216.7,,,,,,2.95,0.81,15.56,,,,,,12.57,,3.361,,,,,,55,55,55,,,,,,,,,,14.34,24.34,23.37,25.57,21.47,11.83,,,55,33.3,29.3,55,,,,,,3.105,,9.2,,,,,,,,,,,2.73,,,10.3,12.1,8,16.94,,,,,,,,,,,9.5,10.5,16.2,96.51,,,,22,,,,,,22,22,22,55,,,55,,,,,7.75,,7.47,,16.22,,,,55,13.13,,,,,,,,,,3.73,20.23,,,,,,,192.9,523.1
104-67-6,γ-Undecanolactone / C14Ald,,,,,,,,,,,,,,,,,,,,,,,,,,,,,4.7,30.3,55,15.2,8,,,,,,,,,,,,,,,,,,,,,,,,,,,,,,,,,,,,,,,,,,,,44,21.01,18.94,,,,,,,,,,,,,,,,,,,,,,,,,,,,,,,,,,,,,,,,,,,,,,,,,,,,,,,,,,,,,,,,,,,,,,,,,,,,,,,,,,,,,,,,,,,,,,,,5.3,,7.2,,,,,,,,,,,,,,,,,,,,,,,,,,,,,,,,,,,,,,,,,,,,,,,,,,,,,,,,,,,,,,,,,,,,,,,,,,,,,,,,,,,,,,,,,,,,,,,,,,,,,,,,,,,,,,2.12,2.48,,,,,,,,,,,,,,,,,,,,,,,,,,,,,,,,,,,,,,,,,,,,,,,,,,,,,,,,,,,,,,,,,,,3.7,,9.2,,,,,,,,,,,,,,,,,,,,,,,,,,,,,,,,,,,,,,,,,,,,,,,,,,,,,,,,,,,,,,,,,,,,,,,,,,,,,,,,
136-60-7,Butyl benzoate,2.775,55,13.39,6.2,24.08,,14.34,7.58,11.04,1.626,22,5.108,2.38,2.118,11.07,3.572,,,1.66,10.81,1,2.7,55,40.59,55,55,25.12,55,55,55,55,55,1.198,9.234,3.265,0.4516,0.2747,0.8307,4.4,0.65,,,,,0.77,,,31.84,34.99,37.8,2.881,12.62,26.8,39.01,10.19,66.96,11.78,25.93,,,,23.71,34.72,33,55,,,36.1,,,,,,,,18.04,6.767,18.59,10.45,,,,,,,,,,,,,,,,,,0.4727,,,12.9,,2.5,,,5.78,15.08,,91.25,,,,,58.17,442.5,305.8,,,,,,,,1,2.189,,,26.16,27.91,20.09,,,12.36,13.89,2.85,17.78,19.75,3.34,8.53,,,,,,,5.245,5.382,6.379,12.1,18.1,1.42,1.322,22,13.48,12.11,5.681,22,22,22,22,,22,22,22,,,,,,,16.2,,,8.27,5.89,,,,9.845,2.276,4.791,15.64,33,,,19.81,19.05,33,22,22,22,32.39,23.48,33,33,33,33,,,,,,,,,6.44,15.09,16.53,44,12.97,44,44,10.06,,,,,10.63,6.55,7.635,2.624,,9,0.11,1.18,3.167,,0.7284,14.83,45.34,37.19,,26.4,,,,,22,25.78,84.72,,,10.68,12.4,12.82,17.07,38.5,33.3,19.22,,1.09,19.32,36.5,,18.63,3.201,3.144,48.62,30.36,2.14,1.85,1.44,1.5,22,0.64,3.6,2.59,3.43,44.79,22.27,110,17.96,28.1,24.2,44,15.98,,,,,,,5.2,35.2,44.64,46.52,6.048,3.81,2.5,3.625,,,,2.295,,,,,,,11.8,,14.67,55,,,,,,,,,,,,,,22.2,,,10.8,,,,,110,55,55,55,55,3.902,12.82,55,55,8.834,55,1.823,18.79,13.39,13.6,21.59,26.68,12.01,55,33.42,19.63,37.98,39.56,23,55,0.3055,2.867,35.62,34.59,13.58,7.728,3.7,4.275,13.6,5.5,,,,,,1.918,,,3,6.802,2.851,41.3,8.339,3.652,26.45,0.21,281.6,18.92,33.91,48.29,281.6,182.2,,,,,,,11.53,27.5,0.71,5.16,3.628,0.2709,9.89,2.983,8.03,,0.391,4.4,3.607,55,,9.52,3.78,0.4477,0.82,13.2,7.055,55,,55,,5.82,,23.49,0.2379,45.63,0.9454,4.726,3.742,20.04,23.51,19.59,,,,,3.183,30.79,,,,,,,,
4695-62-9,(+)-fenchone,,,,,,,,,,,,,,,,,,,,,,,,,,,,,,,,,,,,,,,,,,,,,,,,,,,,,,,,,,,,,,,,,,,,,,,,,,,,,,,,,,,,,,,,,,,,,,,,,,,,,,,,,,,,,,,,,162.3,1100,29.96,,,,,,,,,,,,50.83,110,110,,,,,,,,,,,,,,,,,,,,,,,22,22,22,22,22,22,22,22,,22,22,22,,,,,,,,,,,,,,,,,,,,,,,,,,,,,,,,,,,,,,,,,,,,,,,,,,11.29,53.76,13.1,17.77,,,,,,,,,,,,,,,,,,,,,,,,,,,,,,,,,,,,,,83.39,,,,,,,,,,,,,,,,,,,,,,,,,,,,,,,,,,,,,,,,,,,,,,8.2,28.91,,55,27.2,55,5.278,34.7,27.75,22.72,27.07,,,,,,,,,,,,,,,,,,,,,,,,,,,,,,,,,17.97,,,,,,55,,,,,,,,,,,,,,,,,,,2.55,,,,,,,,,,,,,,,,,11.8,11.8,18.7,42.79,,,,,,,,,,,,,,,,55,,,,,,,,,,,,,,,,,,,,,,,,,,,,,,,,,
937-30-4,4'-Ethylacetophenone / p-Ethylacetophenone / 1-(4-ethylphenyl)-ethanone,2.457,55,13.39,6.2,24.08,,14.34,7.58,11.04,1.35,22,,,,,,0.17,,,14.9,1.093,,55,36.08,55,55,27.31,55,,,,,,33,33,,,,,,,,,,,,,55,55,55,15.58,14.81,33,55,,,,,,,,18.95,,33,55,,,,,,,,,,,,,,,,,,,,,,,,,,,,,,,,0.82,,,,,,,,,,,,,,,,58.17,442.5,305.8,,,,,,,,0.9886,2.52,,,110,110,110,,,,,,,,,,,,,,,,9.42,10.53,22,12.1,18.1,1.42,35.22,22,15.76,14.64,8.744,22,22,22,22,,22,22,22,,,,,,,,,,,,,,,,,,,,,,13.14,13.03,33,22,22,22,30.7,33,33,33,33,33,,,,,,,,,,,,,,,,,,,,,,,,,,,,,12.97,,,,55.48,37.19,,,,,,,,,,,,,,,,,,,,,,5.54,,41.48,5.2,,55,30.2,,,,,,,,,,,,,17.96,,,,16.63,,,36.45,48.21,27.95,11.72,,,55,55,,,,22,,,,,,,,,,,,,,55,,,,,,,,,,,,,,,13.83,,10.8,,,,,,,,,,,,,,,,,18.79,17.05,29.77,24.88,26.79,24.23,55,33.42,19.63,28.66,27.14,20.72,55,,,40.3,37.94,14.82,,,,,,,,,,,,,,3.886,,,20.01,17.2,17.7,,,,,,,,,,,,,,,11.53,,,,,,9.89,,8.03,,,,,55,,9.52,15.57,,,,,,,,,,,,,55,,,,,,,,,,,,,,,,,,,,
4340-84-5,4-hydroxy-4′isopropyl-azobenzene / Benzaldehyde 4-hydroxy-4′-isopropylazobenzene,,,,,,,,,,,,,,,,,,,1.9,1.1,4.2,1.2,,,,,,,,,,,,,,,,,,,,,,,,,,,,,,,,32.21,,,,,,,,,,,,,,,,,,,,,,,,,,,,,,,,,,,,,,,,,,,,,,,,,,,,,,,,,,,55.52,1100,276.2,,,,,,,5,0.5,,,,,,,,,,,,,54.53,,,,,,,,,9.44,8.06,22,16.7,9.2,1.42,46.6,22,22,22,22,22,22,22,22,,22,22,22,,,,,,,,,,,,,,,,,,,,33,13.34,,,,,,,,,,,,,,,,,,,,,4.71,27.7,15.13,44,7.63,44,44,4.96,,,,,,,,,,,,,,,,,,,,,,,,,,,,,,,,,,,,,,,,64.94,,110,7.672,,,,,,,,,,,,,53,,,,,,,,,,37.36,12.17,30.36,6.5,,,,,,,,22,,,,,,,,,,,,,,55,34.32,,15.14,16.51,11.73,23.79,,,,,,,,,,,,,,,,,,,,55,8.1,23.8,55,55,55,55,29.4,20.7,,,,,,29.82,,16.89,55,33.7,26.6,55,,,,,,,,,,,,,,,,19.21,,,16.07,,,,,,,,,,,,,,,,,,,,,,,,,,,,,,,,,,,,55,,,,,,,,,,,,,,,,,,,,,,,,,,,,,,,,,
83-34-1,3-methyl-indole / skatole,,,,,,,,,,,22,,,,,,,,15.3,,,16.8,,,,,,,,,,,,,,,,,,,,,,,,,,27.12,22.42,24.65,14.5,13.13,33,25.41,,,,,,,,33,55,33,55,,,,,,,,,,,,,,,,,,,,,,,,,,,,,,,,,,,,,,,,,,,,,,,,,,,,,,,,,,,,,,,,,,,32.9,,6.15,,,,,,,,,,,,,,,,,,22,22,22,22,22,22,22,22,22,22,22,22,,,,,,,,,,,,,1.4,10.1,,,,,,,,,,,,,,,,,,,,,,,,,,,,,,,,,,,,,,,,,,,,,,,,,,,,,,,,,,,,,,,,,,,,,,,,,,,,,,,,,,,,,,,,,,,,110,110,,,,,,,,21.4,15.57,26.37,31.28,,,,,,,,,,,,,,,,,,,,,,55,,,,,,,,,,,,,,,,,,,,,,,,,,,,,,,,,,,10.87,55,19.66,21.25,22.03,,,,,,,55,,,39.32,38.01,31.63,,,,,,,,,,,,,,6.53,,,,,,,,,,,,,,,,,,,,,,,,,,,,,,,,,,,,55,,,,,,,,,,,,,55,,,,,,,,,,,,,,,,,,,170.3,78.69
141-93-5,"1,3-diethylbenzene",,,,,,,,,,,,,,,,,,,,,,,55,55,55,28.3,55,13.4,,,,,,,,,,,,,,,,,,,,27.31,25.26,24.4,,,,40.59,,,,,,,,,,,,,,,,,,,,,,,,,,,,,,,,,,,,,,,,,,,,,,,,,,,,,,,,,,,,,,,,,,,,,,,,,55.51,110,110,,,34.28,,,,,,,,,,,,,,,,,,,,22,22,22,22,22,22,22,22,,22,22,22,,,,,,,,,,,,,,,,,,,,24.11,33,33,33,33,22,22,22,,33,33,33,33,33,,,,,,,,,,,,,,,,,,,,,,,,,,,,,55,,,230.9,51.7,,,,,,,,,,,22.32,,38.5,,21.44,,38.5,,26.38,,,,5.54,,99.33,,,,,,,,,,,,,,,34.89,54.78,,,,,,,,36.45,48.21,27.95,11.72,,,55,55,,,,22,,,,22,,,,,,,,,,55,,,,,,,,,,,,,,,13.72,,,,,,,,,,,,,,,,,,,,28.81,22.4,29.73,31.27,22.93,,,,,,,55,,,40.3,37.94,14.82,,,,,,,,,,,,,,,,,,,,,,,,,,,,,,,,,,,,,,,,,,,,,,,,,,55,,,,,55,,11.2,,8.97,,,,55,,,,,,,,,,,,,,,,,,,,
109-66-0,pentane,,15.02,,,60.59,,312.7,47.69,31.35,2.75,22,7.25,33,3.99,0.96,10.7,16.3,10.05,6.881,,,11.61,55,51.6,55,55,55,55,5.814,38.46,55,15.9,5.495,4.898,2.334,33,33,33,22,22,,,,,11.47,,,42.21,39.46,35.62,4.8,13.89,23.99,36.17,,,12.29,,,,,33,25.1,33,55,,,55.13,,,,,,,,15.84,37.95,27.18,15.87,,,,,,,,,,,,,,,,,,0.44,,,12.9,,55,,,6.84,,,69.78,,,,55,11.29,328.2,19.5,3.92,1.3,2.5,3.63,1.56,3.6,,0.4517,,33,33,110,110,110,,,,,,,,1.334,5.595,8.055,9.807,10.1,1.765,2.378,2.714,6.55,9.821,22,9.108,55,9.727,24.22,22,22,22,22,22,22,22,3.34,5.298,4.104,22,22,5.018,11,11,1.469,11,11,4.14,2.738,25.32,2.977,3.999,6.6,,5.8,21.49,33,13.58,23.13,6.097,5.71,21.02,12.16,13.94,33,22,22,18.48,18.86,26.32,33,33,22.8,33,,,,,7,4.6,,,4.829,13.82,15.92,38.44,15.13,44,44,10.77,,,,,,,,,,,,2.36,55,,1.73,28.07,78.6,48.83,12.62,26.4,15.38,3.129,12.17,4.378,5.775,2.63,74.54,20.23,31.07,12.31,6.533,5.338,14.92,10.87,9.345,21.62,2.25,4.242,16.49,60.95,0.9408,17.04,4.766,,55,36.95,0.8972,0.6087,1.625,0.7864,0.7577,6.627,3.643,2.758,3.463,47.71,31.68,35.15,32.24,,,,63.9,55,12.29,,,,,5.2,35.2,16.2,55,4.4,,,1.485,1.658,22,1.62,13.55,,7.73,44,44,44,16.42,5.371,24.4,,55,,55,,,,,,,17.56,,,,11.65,16.95,,69.73,,,17.05,,45.42,,55,55,55,,,,,,,,,6.558,,,,,,5.737,8.224,12.63,55,55,55,55,0.3365,0.5334,44.71,23.78,23.96,3,,3.3,,,,,,,,3.744,6.572,0.9136,11.09,5.14,3.762,,,,23.05,0.64,281.6,5.36,21.17,13.47,27.31,281.6,,,,11.43,10.31,17.5,6.619,,,,7.793,5.067,12.59,2.683,8.8,,1.273,3.668,6.681,4.807,12.89,8.49,55,1.466,0.8693,0.8241,13.2,55,,55,,8.083,,0.3824,0.4338,55,1.898,6.076,4.978,15.14,30.59,17.88,,,23.93,189.5,3.532,40.98,2.15,2.83,3.45,,,,185.1,28.82
65-85-0,benzoic acid,2.568,55,105,4.01,17.99,21.26,38.78,2.72,,3.75,22,6,2.577,2.744,33,4.2,,,2.749,7.027,2.784,2.7,55,39.91,55,34.32,29.08,20.19,,,,,,14.92,13.92,,,,22,22,,,,,22,,,28.83,28.12,23.71,10.8,13.83,33,33.76,,,22,26,,,,17.12,55,33,55,,,,,,,,,,,,6.797,77,44,,,,,,,,,,,,,,,,,,,,,12.9,,2.5,,,,35,,15.69,,,,,58.17,442.5,305.8,,,,,,,,0.6938,2.412,,,73.91,110,110,,,29.02,,,17.78,19.75,0.7871,,,,,,,,8.268,10.29,22,10.86,15.26,0.7553,32.89,22,15.31,14.13,8.068,22,22,22,22,22,22,22,22,3.05,11,11,1.62,11,11,,8.79,31.86,,,,,,33,33,33,33,33,33,33,11.71,14.69,21.17,22,22,22,24.02,33,33,33,23.72,33,,,,,,,,,,,,,,,,,,,,,,,,,390,,,,11.44,,,33.44,55.21,37.19,,26.4,,,,,32.16,75.41,80.66,22.32,24.96,14.07,20.85,11.6,44.69,6.81,34.71,23.84,,10.53,,36.5,,98.67,4.843,2.628,55,30.18,,,,,,,,,,20.46,21.48,24.04,10.33,28.1,24.2,44,12.49,,,,,,,35.2,12.9,55,55,,,,22,,,,6.394,,18.75,21.7,44,18.93,18.06,11.3,16.88,14.67,26.85,,,,,,,,0.81,15.56,,,,,,24.63,,10.8,,,,,,55,55,55,55,6.5,23.3,55,55,25.5,55,12.3,18.79,18.44,24.2,19.41,27.65,25.7,55,33.42,19.63,31.44,29.85,22.02,32.89,,,,,,,,,,,,,,,,,,,3.067,11.46,4.86,6.674,7.183,2.586,26.69,,,,,,,,,,,9.5,10.5,16.2,7.808,,,,19.81,,9.89,,8.03,,12.38,19.81,19.81,55,,9.52,8.342,,,,,5.823,,7.733,,8.755,,,,41.1,13.12,,,,,,,,,,4.44,,,,,,,,192.9,523.1
35153-20-9,Z-12-Tetradecen-1-ol acetate / Z12-14:Ac,,12.3,,0.8284,1.059,,414.7,38.17,36.93,3.378,18.41,,,,,,,,,,,,55,55,55,31.9,55,55,5.741,55,55,55,1.014,8.08,1.586,0.4562,0.2784,0.808,4.4,0.65,,,,,0.77,,,12.89,22.18,20.63,2.505,17.4,25.29,26.14,18.68,53.78,13.23,44,,,,33,36.67,33,44.48,,,35.56,,,,,,,,18.04,14.64,15.28,9.825,,,,,,,,,,,,,,,,,,0.5201,,,0.4076,,0.108,,,5.78,,,92.38,,,,8.953,53.77,1100,43.7,,,,,,,,,,,,28.06,110,71.52,,,,,2.537,,,1.56,1.151,1.35,,,,,,4.4,4.4,4.4,,,,0.75,22,22,22,22,15.34,22,22,22,3.72,8.783,8.196,22,,,,,,,16.2,,,,,,,,2.83,7.708,4.354,15.8,3.189,24.53,11.34,33,22.98,33,8.208,12.86,22,34.45,33,33,33,33,33,,2.47,9,,5.7,5,,,,,,,,,,,,,,,10.63,6.55,7.515,2.482,,,0.09666,1.142,,,0.6584,,,,104.6,26.4,,,,,10.56,13.1,82.21,15.75,13.32,10.74,3.13,12.67,13.97,11.21,17.59,19.51,1.88,0.7803,19.37,,,16.32,3.9,,46.72,37.2,2.14,1.85,1.44,1.5,22,0.64,0.76,0.35,0.7,53,,,110,,,,72.49,,,,,,,30,29.5,18.13,38.5,4.851,3.81,2.5,5.55,,,,4.097,,13.58,44,44,44,23.39,10.68,88.91,,55,,,,,,,,,4,25.57,24.29,22.07,15.43,18.41,,,,,,,,110,15.99,13.26,21.39,55,4.412,15.46,55,33.08,10.18,55,2.572,8.375,13.41,7.731,25.11,26.13,6.999,3.557,16.76,,36.55,32.73,21.47,55,0.3281,2.503,36.15,34.97,13.72,2,6.3,7.5,,2.5,4.24,4.19,2.86,9.19,6.64,1.828,23.16,32.21,12.8,8.507,2.124,,,,13.97,0.21,281.6,18.92,33.91,48.29,281.6,182.2,,,,10.85,11.44,13.67,26.41,27.5,0.71,5.16,4.4,0.1699,,4.87,7.58,2.842,0.4912,3.387,4.4,55,,,55,0.4949,0.7638,13.2,6.648,,,,,,,1.206,0.1991,10.56,0.6278,8.582,3.765,18.16,22.77,17.09,,,,,,,,,,,,,,
16491-36-4,cis-3-Hexenyl butyrate,,12.3,,0.84,1.08,,,,,3.82,17.91,,,,,,,,,11.6,16.1,,55,30.9,55,37.26,43.66,23.91,6.263,55,55,55,0.714,9.523,3.895,0.4679,0.2869,0.823,3.254,0.3869,,,,,0.77,,,13.76,23.5,19.64,5.634,10.33,26.99,3.913,12.49,75.55,13.23,44,,,,33,33.79,33,39.67,,,31.63,,,,,,,,18.04,16,16.24,11.3,,,,,,,,,,,,,,,,,,,,,0.5,,0.13,,,5.78,35,,74.51,,,,47.99,41.79,171.5,34.32,,,,,,,,0.4278,,,,34.2,110,76.13,,,,,2.868,,,1.487,1.265,1.35,9.93,9.94,,,,4.409,4.409,4.409,9,55,11.47,0.75,22,22,22,22,0.36,22,22,22,3.72,22,10.85,22,4.08,11,11,1.51,11,11,20.76,33.53,21.21,19.99,14.87,,,,5.749,1.103,3.146,15.39,33,,,33,23.93,33,11.08,22,22,31.4,33,33,33,33,33,,2.47,,,5.7,5,,,7.13,11.69,17.43,44,11.71,44,44,10.64,,,,,10.63,6.55,7.497,2.461,,,0.09,1.18,55,,1.03,172.6,,,55.27,16.24,,,,,18.89,18.61,74,,,10.41,13.3,13.49,18.17,6.759,23.76,21.95,,1.464,18.57,,,15.38,3.3,,55,48.8,2.14,1.85,1.44,1.5,22,0.64,0.7741,0.3951,0.7216,,110,47.84,46.62,,,,47.53,55,12.5,,,,,30,29.5,18.62,40.05,4.911,3.81,2.5,1.498,,,,10.92,,13.58,44,44,44,23.39,11.38,14.01,,55,,,,,,,,1.64,3.009,25.57,24.29,22.07,8.747,17.97,,,,,,,,,55,13.62,55,55,5.165,18.76,55,32.88,12.11,55,3.871,9.146,12.22,8.874,23.56,26.39,7.95,3.66,16.23,22.88,55,26.42,22.07,55,0.4879,35.2,36.37,18.64,13.77,8,,,,,4.396,2.26,1.867,1.586,0.882,6.95,22.54,44,7.34,11.25,2.363,,,,37.41,0.21,281.6,18.92,33.91,48.29,281.6,182.2,,9.2,15.8,10.16,13.14,14.11,14.78,27.5,0.71,5.16,4.414,0.297,,,7.58,3.82,0.9731,4.414,4.414,55,,,55,0.4949,0.7116,13.2,6.262,55,,8.07,,55,,0.5738,0.2514,14.22,1.326,6.404,5.03,18.13,29.26,12.61,,,15.57,39.49,9.92,,,,,,,,,
67446-07-5,(Z)-5-Decenyl acetate / Z5-10:Ac,,11.24,,0.6391,1.279,,319.9,37.59,31.77,3.283,18.75,5.101,2.471,3.658,3.5,4.466,12.32,9.326,4.586,11.6,1.335,14.3,55,43.88,55,31.83,55,55,2.083,55,55,21.61,1.67,9.4,8.5,3.94,4.35,2.41,3.153,0.3614,,,,,0.4712,,,12.76,21.66,20.05,2.682,17.3,25.98,24.87,14.18,63.21,13.57,27.79,,,,33,35.22,33,44.55,,,34.66,,,,,,,,16.44,23.33,15.54,10.01,,,,,,,,,,,,,,,,,,0.4277,,,0.3219,,0.0871,,,5.78,13.93,,76.44,,,,10.79,14.35,194,32.06,3.92,1.3,2.5,3.63,1.56,3.6,,0.7788,,33,33,31.21,110,73.97,,,12.36,13.89,2.703,,,1.002,1.859,1.015,,,1.56,2.23,2.54,3.284,3.686,2.673,9.063,35.67,5.843,0.4629,22,22,22,22,15.47,22,22,22,3.467,8.959,8.372,22,3.498,6.282,2.171,0.4758,2.65,10.55,7.505,1.439,8.369,0.4282,0.4833,6.6,,5.8,3.035,9.048,4.81,15.95,3.284,25.39,7.795,22.14,14,12.33,0.995,1.043,22,37.34,33,33,33,33,33,,2.47,9,,5.487,4.726,,,4.28,13.46,16.44,36.78,28.17,44,44,12.8,,,,,10.63,4.456,7,2.398,,,0.09005,1.285,4.47,,0.658,15.15,72.83,48.83,65.59,26.4,,,,,10.97,13.07,81.53,9.033,12.13,9.605,3.308,12.85,14.34,10.92,17.95,18.25,1.73,0.8204,18.83,63.15,0.9253,15.73,3.562,3.431,47.62,37.07,1.211,1.007,1.203,0.9261,2.443,0.5631,0.5986,0.2287,0.5183,48.98,,,16.21,28.1,24.2,44,15.85,32.87,10.97,,,,,30,29.5,17.55,41.99,5.042,3.81,2.5,4.479,,,,3.753,,13.58,44,44,44,23.39,9.117,11.69,,55,,55,,,,,,,3.342,21.88,21.8,14.6,11.66,17.55,,110,,,25.14,,65.83,110,20.74,17.89,26.1,55,4.613,16.61,55,32.61,10.61,55,2.884,6.651,12.73,8.278,24.24,26.26,7.455,5.1,9.81,12.11,42.47,32.34,19.82,55,0.3044,0.6459,35.11,25.02,12.2,2.12,3.754,6.089,13.6,2.809,4.363,2.451,1.927,1.662,1.025,1.669,4.19,3.599,12.21,6.26,2.092,9.57,8.6,3.1,15.68,0.1676,281.6,9.064,25.76,22.93,72.18,166.8,7.8,,,10.68,11.37,14.04,8.673,27.5,0.71,5.16,3.667,0.2638,,4.81,7.358,3.82,0.3875,4.4,3.647,9.117,,8.49,55,0.4907,0.7627,13.2,6.894,55,,55,,55,,0.3083,0.2315,10.69,0.9371,8.267,3.766,18.18,22.82,17.05,,,23.93,189.5,3.471,48.24,2.15,2.83,3.45,11,5.68,11,,
141-32-2,"2-Propenoic acid, butyl ester",,11.02,,,10.03,,312.7,47.69,31.35,3.651,17.91,4.668,3.514,3.581,33,4.69,,,2.7,14.9,1.116,,55,30.28,55,55,55,31.26,55,55,55,55,1.477,8.764,2.069,0.4526,0.2754,0.8313,4.181,0.6578,,,,,0.8276,,,38.54,28.14,40.17,2.66,13.44,24.3,40.25,10.24,72.88,11.8,26.97,,,,33,36.06,33,55,,,32.76,,,,,,,,18.04,14.5,15.06,9.219,,,,,,,,,,,,,,,,,,0.44,,,,,,,,5.78,13.08,,91.25,,,,,4.563,52.44,4.6,,,,,,,,0.5432,,33,33,56.76,110,110,,,12.36,13.89,2.85,,,1.146,1.954,1.096,,,,,,3.858,3.94,3.637,8.555,31.96,5.73,0.7651,22,22,22,22,15.73,22,22,22,3.055,11.2,10.87,22,3.73,11,11,1.87,11,11,16.2,,,8.27,5.89,,,8.1,9.9,2.316,4.842,15.72,33,,,8.928,21.76,33,22,22,17.8,23.26,19.49,33,33,13.8,33,,,,,,,,,6.44,11.69,16.53,44,11.71,44,44,10.06,,,,,10.63,6.55,7.63,2.617,,,0.11,1.18,3.065,,0.7201,14.83,,,420,26.4,,,,,15.38,24.18,84.16,15.75,13.32,10.82,6.091,12.84,14.74,38.5,23.75,19.35,,1.09,19.32,63.15,,17.55,3.62,3.919,47.98,35.93,2.14,1.85,1.44,1.5,22,0.64,3.6,2.59,3.43,53,48.08,110,7.17,28.1,24.2,44,8.592,55,29.4,,,,,5.2,35.2,39.54,42.2,4.536,3.81,2.5,1.314,,,,3.255,11.17,13.58,44,44,44,23.39,10.6,,,55,,,,,,,,,,,,,,18.59,,110,,,25.14,,,110,55,20.1,55,55,4,13.2,55,55,9.3,55,2,5.604,11.78,9.568,22.99,26.54,8.522,6.412,6.804,12.62,18.14,30.06,9.976,55,0.3055,3.413,36.15,34.97,13.72,8,3.7,3.821,13.6,5.5,4.357,2.724,1.94,1.684,1.059,1.84,2.285,1.664,8.778,9.21,2.38,10.44,8.6,3.1,,0.21,281.6,18.92,33.91,48.29,281.6,182.2,,,,,,,21.53,27.5,0.71,5.16,3.628,0.2709,,3.397,,,0.391,4.4,3.607,4.09,,8.49,55,0.3786,0.8055,13.2,6.951,55,,55,,5.82,,22.41,0.2379,13.44,0.9454,4.788,3.738,20.03,23.49,19.6,,,,,24.15,40.78,,,,,,,186.2,243.1
35237-64-0,(Z)-11-tetradecenal  / Z11-14:Ald,,10.5,,0.84,1.08,,,,,6.67,9.771,7.25,33,3.99,0.96,10.7,13.04,9.772,6.453,11.6,16.1,14.3,40.89,51.87,55,55,32.02,19.81,0.1596,12.25,55,1.33,20.47,7.8,2.1,4.62,5.12,7.01,6.894,1.894,,,,,2.224,,,47.76,49.23,46.85,6.798,14.44,14.27,5.563,21.53,,12.12,,,,,25.15,55,33,55,,,,,,,,,,,,23.17,12.9,6.609,,,,,,,,,,,,,,,,,,1.6,,,0.5,,0.13,,,,35,,69.78,,,,47.96,9.669,81.53,23.78,3.92,1.3,2.5,3.63,1.56,3.6,,0.4815,,,,110,110,110,,,,,,,,1.131,1.381,1.35,9.93,9.94,1.56,2.23,2.54,3.888,3.812,2.218,10.45,55,12.55,0.3736,22,22,22,22,10.45,22,12.18,22,8.61,7.08,4.994,15.13,3.201,6.361,2.249,0.4804,2.729,10.54,6.725,1.529,8.528,0.4057,0.4546,6.6,,5.8,5.357,25.92,5.778,14.63,2.011,33,10.31,11.56,8.966,7.625,0.3933,0.2665,17.31,44.19,24.16,33,33,19.83,33,,2.47,,,6.03,4.535,,,4.28,13.46,16.44,36.78,28.17,44,44,12.8,,,,,10.63,3.341,6.026,2.315,,,0.08675,1.662,20.1,,1.185,22.55,72.83,48.83,45.2,26.4,,,,,18.78,22.27,86.63,11.86,30.93,6.586,11.69,15.05,15.86,32.55,8.896,18.73,1.73,3.364,17.69,,0.9292,16.09,3.228,,55,35.19,0.7984,0.6115,1.999,0.7298,1.222,2.917,1.01,0.6399,0.8922,48.02,110,47.84,38.66,,,,45.54,36.85,11.47,,,,,30,29.5,30.95,55,3.402,,,22,,,,22,,13.58,44,44,44,23.39,8.454,5.282,,55,,55,,,,,,1.64,18.27,28.25,26.03,12.1,9.331,17.15,,110,,,,,65.83,,28.48,32.22,33.71,55,8.118,29.76,55,34.82,21.45,55,12.69,4.981,,,,,,19.59,12.61,11.67,16.01,39.94,18.24,55,0.211,0.5958,45.87,24.59,26.06,2.618,,,,,4.61,2.412,1.97,2.13,1.14,3.622,22.54,44,6.221,4.878,2.382,,,,20.36,0.3279,281.6,4.165,19.27,10.43,17.13,216.9,7.8,9.2,15.8,10.42,10.68,11.36,6.344,27.5,0.71,5.16,2.469,0.6108,,5.03,8.8,16.39,0.3837,1.991,2.788,55,,,55,0.6659,1.173,0.8235,13.2,55,,10.74,,55,,0.3829,0.3591,18.3,1.213,9.985,7.411,18.68,31.36,14.32,,,17.95,66.34,3.382,48.24,2.15,2.83,3.45,11,5.68,11,,
2548-87-0,"2-octenal, (E)-",,12,,0.84,1.08,,,,,,10.73,7.25,33,3.99,0.96,10.7,11.88,9.8,7.98,,,14.3,55,29.83,55,55,55,55,0.4676,17.31,17.55,3.405,3.749,2.642,3.591,4.146,4.115,4.995,6.742,1.807,,,,,2.128,,,16.83,18.89,20.12,6.825,13.82,15.57,8.434,,,11.85,44,,,,26.01,14.14,33,55,,,23.14,,,,,,,,24.53,23.38,14.78,7.537,,,,,,,,,,,,,,,,,,,,,0.3764,,0.07664,,,6.84,,,8.111,,,,36.82,10.37,98.62,25.04,3.876,1.314,2.511,3.64,1.566,3.6,,0.4685,,,,60.19,110,110,,,,,3.07,,,1.221,1.06,1.35,9.807,10.1,1.56,2.23,2.54,4.874,4.441,2.742,18.42,55,10.83,0.4909,22,22,22,22,11.51,22,12.83,22,8.563,10.28,8.425,15.66,3.826,6.579,2.477,0.5512,2.96,10.51,6.99,1.565,9.185,7.15,9.89,6.6,,5.8,3.862,24.79,5.016,13.52,1.647,33,6.365,10.57,13.99,15.28,3.089,1.979,18.61,43.8,26.55,33,33,23.14,33,,,,,7,4.6,,,4.28,13.46,16.44,36.78,28.17,44,44,12.8,,,,,10.63,3.615,5.988,2.347,,,0.08958,1.479,19.47,,1.032,22.71,71.08,36.95,44.32,26.4,,,,,18.55,22.29,74.66,11.86,17.2,7.773,12.39,15.67,16.52,6.439,9.321,12.82,1.725,3.945,16.41,,0.9557,13.04,3.228,,48.61,34.47,0.7958,0.5644,1.666,1.319,1.871,4.769,2.331,2.616,2.011,47.65,24.89,25.65,22.31,,,,45.31,39.45,7.829,,,,,,,38.94,55,6.309,,,22,,,,14.17,12.59,16.06,44,44,26.14,24.62,6.557,7.76,,55,,55,,,,,,1.69,13.63,66.54,47.17,12.69,11.93,17.21,23.67,110,,,17.96,,53.5,,37.18,33.33,34.84,55,6.2,14.1,55,55,55,55,22.6,6.905,,,,,,14.61,13.67,12.47,27.46,33.43,19.64,55,0.3463,0.2117,40.33,23.82,22.66,3,,,,,,13.88,,,,3.97,23.65,0.7547,8.774,4.994,2.226,,,,19.35,0.263,281.6,4.485,19.81,11.25,19.64,198.9,7.8,,,9.646,10.75,14,7.466,27.5,0.71,5.16,3.282,0.6297,,5.03,8.8,,0.3296,1.771,3.711,55,12.89,,55,0.667,1.078,0.7496,13.2,55,,55,,55,,0.3689,0.3116,55,0.7208,9.97,8.06,,,,,,23.93,189.5,3.378,48.24,2.15,2.83,3.45,11,5.68,11,195,37.22
3913-71-1,(E)-dec-2-enal / E2-10-Ald,,11.67,,0.84,1.08,,,,,2.796,10.25,7.25,33,3.99,0.96,10.7,11.9,9.228,7.94,,,12.57,55,29.84,55,55,55,55,1.3,16.7,16.2,9.6,3.8,2.505,3.438,4.162,4.134,5.021,22,22,,,,,12.88,,,18.66,20.76,21.91,6.813,14.7,14.91,7.975,,,12.72,44,,,,25.6,14.27,33,55,,,23.14,,,,,,,,18.75,22.86,13.61,6.955,,,,,,,,,,,,,,,,,,,,,0.327,,0.05898,,,6.84,,,8.94,,,,36.81,9.963,86.68,27.6,3.876,1.313,2.511,3.64,1.566,3.6,,0.4805,,33,33,62.56,110,110,,,,,3.07,,,1.211,1.06,1.155,9.807,10.1,1.438,2.137,2.431,5.511,5.577,3.118,19.91,55,10.42,0.5335,22,22,22,22,11.04,22,12.5,22,8.078,7.383,5.275,15.4,3.313,6.57,2.467,0.5297,2.95,10.51,4.948,1.654,9.16,1.105,1.155,6.6,,5.8,3.643,24.6,4.835,13.21,1.589,33,6.4,10.4,13.33,14.58,2.74,1.709,18.36,43.26,26.1,33,33,22.49,33,,,,,7,4.6,,,3.97,12.64,14.6,36.15,16.94,44,44,10.12,,,,,10.63,3.618,6.013,2.232,,,0.08972,1.478,18.68,,0.9882,22.07,70.68,36.95,23.33,26.4,14.47,2.289,9.223,3.275,17.25,22.07,76.62,11.73,17.71,6.923,11.91,15.65,16.14,8.522,9.799,16.51,1.717,3.688,16.55,63.15,0.9549,13.87,3.228,,48.61,34.47,0.7958,0.5642,1.658,1.329,1.889,4.84,1.493,1.235,1.302,47.65,22.22,22.96,23.41,,,,46.86,40.16,8.519,,,,,5.2,35.2,39.67,55,5.896,,,22,1.658,22,1.62,14.76,12.59,10.73,44,44,25.25,19.37,6.962,8.547,,55,,55,,,,,,1.69,3.658,66.54,47.17,12.69,12.11,16.87,23.67,110,,,17.96,,65.29,,36.6,32.7,34.21,55,6.2,14.1,55,55,55,55,22.6,6.6,,,,,,14.54,13.99,12.19,25.71,34.34,20.02,55,0.3457,0.2237,44.64,29.14,35.09,3,,3.3,,,4.61,2.325,1.97,2.13,1.14,2.651,2.7,0.9374,7.206,4.99,2.323,,,,20.1,0.262,281.6,4.495,19.82,11.27,19.72,198.6,7.8,,,9.014,10.55,13.39,7.349,27.5,0.71,5.16,3.08,0.6263,,3.075,8.8,,0.2997,1.66,3.492,15.05,12.89,,55,0.6667,1.075,0.7444,13.2,55,,55,,10.87,,0.3695,0.3102,55,0.717,5.664,5.36,22.27,32.16,17.11,,,23.93,189.5,2.769,43.08,2.15,2.83,3.45,11,5.68,11,195,37.22
2244-16-8,(S)-carvone  / (+)-carvone / (S)-2-methyl-5-(1-methylethenyl)-2-cyclohexen-1-one,,9.93,,,,,,,,,22,,,,,,,,,,,,,,,,,,2.3,13.6,55,19.2,9.6,,,,,,22,22,,,,,6.79,,,,,,,,,25.8,13.47,,,,,,,11.28,,33,18.21,,,,,,,,,,,,44,29.68,13.87,,,,,,,,,,,,,,,,,,,,,,,,,,9.25,,,,4.06,,,55,123.2,1100,195.3,,1.36,2.28,,1.85,,,,,,,53.17,110,110,,,25.01,,,,,,,,,,,,,22,17.24,22,55,55,,11.8,22,22,22,22,22,22,22,22,22,22,22,22,11,11,11,5.36,11,11,,1.54,14.65,6.92,8.67,,,,,,,,,,,21.63,24.44,33,22,22,22,55,33,33,25.08,33,19.65,,,,,,,3.41,110,8.25,44,44,44,10.89,44,44,18.06,22.83,29.42,47.04,23.51,,,,,,,,,,,,,,,,,,,,,,,,,,,,,,,,,,,,,,14.64,,,55,30.9,,,,,,,,,,,110,110,,,,,,,,,,,,11,35.2,23.99,55,40.7,,,,,,,,,,,,,,,,,55,590.9,17.07,1.907,8.731,17.1,18.36,12.28,,18.28,,,,4.12,,,,,,18.23,,,,55,55,55,55,7,55,38.2,55,17.3,55,12.1,7.11,13.81,29.23,26.56,21.61,20.94,16.99,22.37,13.22,27.6,55,23.6,55,,35.2,,,,,,,,,,,,,,15.57,,,19.26,,,,,,,,,,,,,,,10.5,18,,,,28.52,,,,,,,,,,,,,1.57,,,55,21.22,,,,,,,,,,,,55,,,,,,,,,18.74,58.05,,,,,,,,,,
63408-45-7,(Z)‐7‐Nonadecen‐11‐one,,9.714,,0.84,0.9256,,312.7,47.69,31.35,3.985,10.3,7.25,33,3.99,0.96,10.7,12.37,9.378,7.051,,,12.17,55,51.77,55,34.82,55,55,2.27,55,55,55,0.7397,3.169,1.328,2.207,1.735,1.607,4.948,0.9393,,,,,1.155,,,28.65,31.96,30.37,7.118,15.84,14.97,31.18,9.588,58.54,10.88,21.01,,,,25.63,27.25,33,55,,,34.87,,,,,,,,15.61,18.91,8.369,5.222,,,,,,,,,,,,,,,,,,0.429,,,0.5,,0.13,,,5.753,,,69.78,,,,43.2,4.599,63.77,7.61,3.92,1.3,2.5,3.63,1.56,3.6,,0.5656,,33,33,9.814,110,53.6,,,,,2.848,,,0.9116,1.221,1.567,9.807,10.1,1.419,2.123,2.414,4.29,4.173,2.635,10.92,38.01,6.729,0.2715,15.92,22,22,22,1.989,22,3.114,1.935,3.639,2.672,0.8352,10.15,3.186,6.332,2.221,0.4739,2.7,10.54,4.898,1.513,8.445,0.4318,0.4823,6.6,,5.8,1.45,18.95,3.71,8.96,1.26,20.39,8.136,17.21,10.35,9.837,0.6541,0.5012,18.43,55,27.61,33,33,15.82,33,,,,,7,4.6,,,4.495,13.14,14.65,37.8,13.45,44,44,9.29,,,,,10.63,3.817,6.205,1.989,,,0.08172,1.356,22.92,,0.7536,22.11,72.83,47.1,18.67,26.4,14.47,2.289,9.223,3.275,6.797,15.49,88.85,9.384,14.81,6.606,7.594,14.11,6.13,7.488,12.23,10.87,1.675,1.105,17.91,63.15,0.9579,13.21,5.022,,45.91,35.95,0.8004,0.5633,1.474,0.6408,0.4793,0.9908,0.6952,0.3462,0.6629,47.52,42.52,46.86,35.33,,,,71.7,55,16.86,,,,,4.629,35.2,42.01,46.39,5.122,3.81,2.5,1.694,1.658,22,1.62,10.81,,8.93,44,44,44,17.46,9.105,6.426,41.08,55,,55,,,,,,,5.575,66.54,47.17,12.69,10.73,17.08,,110,,,18.06,,65.41,110,26.24,25.75,34.35,55,4,13.2,55,55,9.3,55,2,6.097,26.83,8.5,40.4,26.31,7.64,7.727,7.874,12,13.22,25.13,7.325,55,0.3122,0.1693,45.92,24.63,26.16,3,,3.3,,,4.355,2.456,1.944,1.692,1.07,1.294,2.358,0.7601,6.242,5.172,2.234,,,,21.21,0.213,281.6,5.275,21.04,13.26,26.52,183.2,7.8,,,10.76,10.62,14.58,6.208,27.5,0.71,5.16,2.856,0.7255,,2.825,7.689,3.774,0.3681,1.726,3.789,2.994,12.89,8.49,55,0.715,0.8642,0.8988,6.813,19.53,,17.29,,6.285,,0.3829,0.3385,18.08,0.4994,10.88,6.727,14.13,24.75,27.87,,,18.66,46.38,2.632,40.52,2.15,2.83,3.45,11,5.68,11,153.3,37.14
106-22-9,"beta-Citronellol / 3,7-dimethyl-6-octen-1-ol  / citronellol",,10.89,,1.922,3.654,,174.3,6.868,20.69,5.437,22,33,33,33,6.37,33,5.3,11.5,10.18,,2.967,15.1,55,55,24.34,55,55,55,0.5154,5.683,31.19,2.089,21.09,20.1,20.1,,,,22,22,,,,,5.241,,,25.67,33.91,28.21,1.63,11.7,16.95,55,,,,29.81,,,,9.956,20,20.89,12.01,11.18,13.96,,,,,,,,,19.26,36.47,8.245,2.702,,,,,,,,,,,,,,,,,,1.029,,,,,,,,5.741,,,,,,,,12.96,61.54,20.24,2.707,1.538,1.862,,1.486,,,1.499,,,,55.75,110,110,,,29.77,,2.202,,123,,,,,,,,,5.111,4.044,22,3.64,55,9.038,20.12,4.95,22,22,22,1.326,22,6.791,4.965,5.702,2.759,1.167,22,11,11,11,1.784,11,11,,0.2722,1.334,12.76,13.73,,,,9.981,15.2,10.49,21.01,33,15.92,12.33,19.55,16.67,18.05,3.029,2.009,22,16.38,33,33,22.65,33,19.41,,,,,,,6.96,110,3.59,6.226,43.1,23.06,17.45,44,44,8.82,14.21,44.92,38.93,29.37,,,,,,,,,55,,,,39.29,,,6.32,,,,,10.68,,63.74,,33.1,15.15,22.55,,42.13,38.5,41.08,38.5,,11.82,20.94,,,9.859,,5.4,,,,,,,,,22,4.64,22,45.82,26.5,27.66,15.9,44,21.8,44,37.96,55,23.5,,,,,3.414,20.06,55,55,,,,22,,,,11.76,11,,,,,,14.1,,75.93,55,31.9,55,45.23,55,7.77,12.37,15.56,,16.17,,,,9.804,,23.97,,4.3,110,15.43,,25.57,110,6.911,1.211,11.59,55,8.3,20.3,55,55,13.5,55,25.6,25.85,,,,,,6.837,22.09,19.52,17.4,22.88,5.436,55,0.5456,1.626,,,,2.117,,6.234,,6.918,,,,,,2.828,0.6939,0.4392,3.457,44.08,4.884,33.1,34.5,,44.06,,,,,,,,11.2,,,9.7,8.6,20.5,10.61,,,,22,1.913,10.47,,8.68,24.01,6.618,34.3,44,5.744,,,55,9.089,,,,8.65,,10.7,,12.17,,25.7,1.09,55,1.413,,,,,,,,,,5.115,37.58,,,,,,,42.25,98.17
40716-66-3,trans-nerolidol,,5.309,,1.78,3.212,,174.3,9.961,20.69,5.943,22,,,,,,,,9.2,,1.8,,55,55,55,55,55,55,0.3882,3.71,40.45,3.544,7.704,20.1,20.1,,,,22,8.049,,,,,5.52,,,18.83,21.45,19.41,0.7734,13.53,18.18,27.16,,,,6.307,26.3,9.5,39.1,20.4,20,19.03,10.91,11.18,16.6,,,,,,,,,19.88,33.1,4.667,2.164,,,,,,,,,,,,,,,,,,0.5773,,,,,,,,4.088,,,,,,,,1.872,83.8,13.25,3.024,1.566,1.85,,1.445,,,1.467,,,,74.4,110,110,,,29.77,,1.335,,123,,,,,,,,,3.042,4.509,9.36,4.482,46.59,7.088,7.4,9.234,22,22,22,4.844,22,22,22,2.669,2.87,1.2,10.08,11,11,11,1.069,11,11,,0.7514,3.072,2.211,4.367,,,,2.12,3.458,1.346,2.799,12.55,27.08,21.61,11.07,13.43,22.59,8.624,5.3,15.31,11.02,33,33,24.74,18.72,17.97,,,2.43,,,,6.96,110,3.059,5.144,43.1,23.06,17.45,44,44,8.82,14.21,44.92,38.93,29.37,,,,,,,,,55,10.84,,,27.14,,,,,,,,,,69.43,,33.1,17.14,,,,38.5,,25.04,,11.77,,,,10.25,,4.959,55,21.8,,,,,,,5.788,4.963,5.283,47.38,35.53,35.89,19.79,44,21.8,44,48.46,55,23.5,,,,,7.153,16.95,55,55,86.5,,,22,,,,12.73,11,,,,,,14.03,,75.93,55,31.9,55,45.23,55,7.77,12.37,15.56,,11.38,,,,8.913,26.79,23.97,110,4.3,110,4.726,,25.57,110,9.032,1.641,8.428,55,4.431,18.76,55,43.01,3.127,55,7.812,6.855,,,,,,11.35,9.408,9.043,19.88,24.65,9.345,55,2.001,4.868,,,,1.736,,4.723,,6.75,,,,,,3.141,44,12.57,7.302,17.05,1.757,33.1,34.5,,16.33,,,,,,,,11.2,8.9,6.4,9.7,8.6,0.9659,10.77,,,,22,3.916,10.47,,8.862,25.38,7.653,33.4,44,1.458,13.46,10.4,22.54,8.339,,,,8.65,,10.7,,12.17,,25.7,1.711,55,4.925,,,,,,,,,,6.204,37.58,,,,,,,42.25,98.17
3387-41-5,4-methylene-1-(1-methylethyl)-bicyclo[3.1.0]hexane / Sabinene,,23.35,,,,,,,,,22,,,,,,,,,,,,,,,,,,,,,,,,,,,,,,,,,,,,,7.07,11.07,12.37,33,33,20.93,55,,,,,,,,33,17.75,33,15.87,,,,,,,,,,,,44,,,,,,,,,,,,,,,,,,,,,,,,,,,,,,,,,,,42.66,42.18,609.8,85.47,,,,,,,,,,,,110,110,110,,,,,,,,,,,,,,,,11.34,7.05,22,7.1,55,9.38,27.72,22,22,22,22,22,22,22,22,22,22,22,22,11,11,11,11,11,11,,4.24,13.92,12.19,9.3,,,,,,,,,,,,,,,,,,,,,,,,,,,,,3.8,,,,,,,,,,20.36,37.88,34.28,25.82,,,,,,,,,,,,,,,,,,,,,,,,,,,,,,,,,,,,,,,,,,,,,,,,,,,,,110,110,,,,,,,,,,,,,,,,,,,,,,,,,,,,,,,,,55,22.28,23.3,4.24,15.91,21.04,25.77,32.82,,10.79,,,,14.67,,,,,,,,30.29,,,,,55,9.8,14.9,55,55,29.2,55,21.6,,,,,,,4.62,,,,,,55,,35.2,,,,,,,,,,,,,,,,,15.75,,,,,,,,,,,,,,,,,,,,33.25,,,,,,,,,,,,,2.8,,,55,,,,,,,,,,,,,,,,,,,,15.57,14.51,,,,,,,,,,,,
876-02-8,4-hydroxy-3-methylacetophenone,2.64,,13.39,6.2,24.08,,14.34,7.58,11.04,1.35,22,,,,,,,,,,,,,,,,,,,,,,,,,,,,,,,,,,,,,55,55,55,15.58,14.81,33,35.18,,,,,,,,18.95,,33,55,,,,,,,,,,,,,,,,,,,,,,,,,,,,,,,,0.82,,,,,,,,,,,,,,,,,,,,,,,,,,,2.52,,,110,110,110,,,,,,,,,,,,,,,,,,,,,,,22,22,22,22,22,22,22,22,,22,22,22,,,,,,,,,,,,,,,,,,,,,,14.19,12.86,33,22,22,22,30.7,33,33,33,33,33,,,,,,,,,,,,,,,,,,,,,,,,,,,,,12.97,,,,,,,,,,,,,,,,,,,,,,,,,,,64.94,,29.02,,,,,,,,,,,,,,,,,,,,,,,,,,,,,,55,55,,,,22,,,,,,,,,,,,,,55,,,,,,,,,,,,,,,,,10.8,,,,,,,,,55,8.1,23.8,55,55,55,55,29.4,,18.27,17.07,22.98,27.48,20.41,,,,29.3,27.8,23.1,55,,,,,,,,,,,,,,,,,,,30.86,,,,,,,,,,,,,,,,,,,,11.53,,,,,,9.89,,8.03,,,,,55,,9.52,55,,,,,,,,,,,,,,,,,,,,,,,,,,,,,,,,,
81-13-0,D‐panthenol / Dexpanthenol,,,,,,,,,,,,,,,,,,,,,,,,,,,,,,,,,,,,,,,,,,,,,,,,,,,,,,,,,,,,,,,,,,,,,,,,,,,,,,,,,,,,,,,,,,,,,,,,,,,,,,,,,,,,,,,,,,,,,,,,,,,,,,,,,,,,,,,,,,,,,,,,,,,,,,,,,,,,,,,,,,,,,,,,,,,,,,,,,,,,,,,,,,,,,,,,,,,,,,,,,,,,,,,,,,,,,,,,,,,,,,,,,,,,,,,,,,,,,,,,,,,,,,,,,,,,,,,,,,,,,,,,,,,,,,,,,,,,,,,,,,,,,,,,,,,,,,,,,,,,,,,,,,,,,,,,,,,,,,,,,,,,,,,,,,,,,,,,,,,,,,,,,,,,,,,,,,,,,,,,,,,,,,,,,,,,,,,,,,,,,,,,,,,,,,,,,,,,,,,,,,,,,,,,,,,,,,,,,,,6.82,4.07,20.11,28.55,18,,,,,,,,,,,,,,
110-39-4,Butanoic acid octyl ester,,12.34,,0.84,1.904,,312.7,47.69,31.35,3.285,16.37,5.146,2.398,3.662,5.514,4.315,16.3,13.1,3.807,14.9,1.558,11.68,55,29.06,55,55,55,29.36,55,55,55,55,1.345,7.698,2.284,0.4384,0.2652,0.8113,4.77,0.8693,,,,,1.074,,,34.25,39.08,41.91,2.399,13.95,22.37,19.38,9.801,60.02,11.53,28.72,,,,33,32.05,33,55,,,32.36,,,,,,,,16.07,10.23,14.66,9.013,,,,,,,,,,,,,,,,,,0.44,,,0.4088,,0.08938,,,5.584,11.97,,75.14,,,,55,4.599,72.36,6.622,,,,,,,,0.4832,,33,33,61.54,110,110,,,12.36,13.89,2.812,,,0.9813,2.319,1.98,9.807,10.1,2.88,3.07,3.53,5.551,6.261,6.997,8.541,38.28,6.701,1.284,22,22,22,22,10.4,22,22,22,2.789,10.16,6.245,22,4.61,11,11,1.503,11,11,8.174,2.814,23.96,3.86,4.084,6.6,,5.8,5.146,1.057,3.013,15.21,33,33,33,8.829,21.53,33,10.1,22,17.7,33.02,19.22,33,33,13.49,33,,,,,7,4.6,,,5.472,11.42,15.08,40.44,10.79,44,44,8.826,,,,,10.63,6.55,7.373,2.321,,,0.09192,1.066,9.275,,0.7408,13.98,72.99,,14.21,26.4,15.6,2.604,10.26,3.726,21.53,12.36,75.01,19.58,13.91,10.76,11.94,10.47,16.14,38.5,32.29,17.91,2.25,1.019,17.54,55.49,,15.46,3.106,3.232,47.73,36.1,2.134,1.875,1.448,1.168,1.805,0.5718,1.339,0.7529,1.157,50.84,44.55,48.86,8.36,28.1,24.2,44,10.03,55,10.69,,,,,5.2,35.2,19.72,45.94,5.136,3.81,2.5,1.127,1.658,22,1.62,15.28,,8.727,44,44,44,17.22,6.367,23.29,,55,,55,,,,,,,21.85,,,,12.51,18.92,,110,,,18.9,,27.87,110,34.55,13.62,55,55,4,13.2,55,55,9.3,55,2,5.768,26.83,8.5,40.4,26.31,7.64,4.87,6.313,12.08,16.83,28.52,9.132,55,0.3069,6.348,38.34,28.37,16.19,3.07,3.7,3.07,13.6,5.5,4.342,2.786,1.981,1.763,1.17,1.451,3.085,0.9207,6.527,9.21,2.496,9.104,8.6,3.1,29.22,0.21,281.6,18.92,33.91,48.29,281.6,182.2,,,,11.6,10.76,17.5,6.727,27.5,0.71,5.16,3.582,0.2803,12.59,3.38,7.528,3.82,0.3956,4.4,3.56,2.692,12.89,8.49,55,0.3869,0.8311,13.2,6.853,55,,55,,5.82,,2.589,0.2464,23.97,0.9569,4.625,3.813,20.76,24.41,17.9,,,23.93,189.5,3.312,39.82,,,,,,,164.7,30.03
112-14-1,Octyl acetate,,13.03,,1.243,4.085,,313.2,38.13,31.38,3.35,18.47,5.153,2.399,3.663,5.391,4.316,16.3,13.1,3.832,14.9,1.562,11.68,55,33.06,55,36.88,55,39.75,55,55,55,55,1.788,8.17,1.607,0.4416,0.2675,0.8135,3.674,0.5003,,,,,0.6406,,,24.5,32.56,39.2,2.701,15.26,25.4,27.33,13.17,56.46,12.99,26.02,,,,33,29.66,33,55,,,32.58,,,,,,,,16.06,28.41,10.56,7.09,,,,,,,,,,,,,,,,,,0.4406,,,1.048,,0.2443,,,5.626,11.97,,75.41,,,,8.975,5.447,76.34,7.603,,,,,,,,0.5121,,33,33,86.93,110,110,,,12.36,13.89,2.82,,,0.9834,3.097,2.034,9.807,10.1,2.88,3.07,3.53,4.524,4.76,5.022,8.606,38.51,6.75,0.7534,22,22,22,22,22,22,22,22,3.025,9.77,8.73,22,3.782,7.523,3.763,0.7009,5.225,10.48,6.106,2.805,23.94,3.711,4.058,5.355,,5.746,7.081,2.622,5.093,18.79,33,23.52,9.742,8.433,21.16,33,22,22,17.52,35.49,26.25,33,33,13.01,33,,2.47,,,5.558,4.664,,,5.097,12.4,15.09,39.41,12.08,44,44,9.217,,,,,10.63,6.55,7.384,2.333,,,0.09845,1.152,8.75,,0.663,14.02,75.49,,21.2,26.4,15.6,2.604,10.26,3.726,14.79,12.27,81.21,19.74,14.09,12.07,5.55,9.281,15.7,38.5,22.62,19.84,2.25,0.86,18.01,55.53,1.26,16.33,3.22,3.228,46.06,35.93,1.443,1.187,1.278,1.233,3.184,0.414,1.412,0.8202,1.223,50.57,40.32,44.69,10.38,28.1,24.2,44,11.01,55,10.76,,,,,5.478,29.35,16.08,41.72,5.116,3.81,2.5,0.6323,1.658,22,1.62,3.72,,9.444,44,44,44,18.1,7.335,31.73,,55,,55,,,,,,,6.059,25.57,24.29,22.07,12.69,17.31,,110,,,18.81,,28.21,110,20.69,18.54,28.5,55,3.567,10.98,55,37.48,8.366,55,1.491,6.299,13.88,7.449,25.71,26.05,6.763,5.151,6.655,12.09,29.43,32.13,13.91,55,0.3068,2.733,34.86,28.73,12.16,1.89,3.886,3.557,13.6,2.351,4.353,2.737,1.949,1.7,1.082,1.222,2.198,0.5751,10.44,8.455,2.38,9.101,8.6,3.1,29.27,0.21,281.6,18.92,33.91,48.29,281.6,182.2,,,,10.6,11.91,14.54,8.026,27.5,0.71,5.16,3.585,0.2797,12.59,4.057,7.417,3.82,0.3953,4.4,3.563,3.589,12.89,8.49,55,0.386,0.8432,13.2,6.959,55,,55,,5.82,,2.578,0.2458,11.08,0.9561,5.837,3.559,19.06,22.15,22.82,,,23.93,189.5,3.163,40.08,,,,,,,169.8,28.72
2445-76-3,"propanoic acid, hexyl ester",,12.8,,0.84,1.871,,312.7,47.69,31.35,3.223,17.12,5.149,2.399,3.662,5.454,4.315,16.3,13.1,3.819,14.9,1.56,11.68,55,33.5,55,55,55,36.68,55,55,55,55,1.349,7.352,2.036,0.4383,0.2651,0.8114,4.467,0.7569,,,,,0.9437,,,31.62,37.95,45.53,2.227,14.67,22.86,22.78,10.16,56.56,11.34,27.12,,,,33,30.06,33,55,,,32.62,,,,,,,,16.15,11.63,18.83,10.91,,,,,,,,,,,,,,,,,,0.44,,,0.5,,0.13,,,5.594,11.97,,73.35,,,,55,4.993,82.58,7.473,,,,,,,,0.5002,,33,33,64.53,110,110,,,12.36,13.89,2.821,,,1.008,2.161,1.851,9.807,10.1,2.88,3.07,3.53,4.374,6.148,6.895,9.108,55,9.727,1.197,22,22,22,22,11.62,22,22,22,3.074,9.119,6.59,22,4.608,11,11,1.503,11,11,7.145,2.809,23.95,3.722,4.069,6.6,,5.8,5.069,1.213,2.875,15.38,33,33,33,8.823,21.52,33,22,22,17.69,35.79,19.21,33,33,13.47,33,,,,,7,4.6,,,5.154,12.15,15.08,39.56,11.79,44,44,9.136,,,,,10.63,6.55,7.37,2.317,,,0.09307,1.065,8.634,,0.7254,14,73.07,,14.1,26.4,15.6,2.604,10.26,3.726,21.29,10.32,75.02,19.66,14,11.41,11.97,9.31,16.08,38.5,33.08,17.29,2.25,1.027,17.53,55.81,,23.04,3.057,3.23,46.7,35.59,2.134,1.875,1.448,1.167,1.784,0.5774,1.4,0.8122,1.212,47.19,39.79,41.59,8.434,28.1,24.2,44,10.13,55,10.73,,,,,5.2,35.2,19.19,46.92,5.139,3.81,2.5,1.127,1.658,22,1.62,5.131,,8.711,44,44,44,17.2,6.352,23.34,,55,,55,,,,,,,21.85,,,,12.51,17.82,,110,,,18.53,,28.03,110,34.78,27.12,55,55,4,13.2,55,55,9.3,55,2,5.929,13.73,7.53,25.52,26.08,6.831,4.824,6.627,12.12,18.09,30.08,9.903,55,0.3069,5.394,38.31,28.37,16.16,3.055,3.7,3.138,13.6,5.5,4.356,2.727,1.942,1.688,1.065,1.266,3.161,0.7507,8.223,9.21,2.513,9.103,8.6,3.1,29.24,0.21,281.6,18.92,33.91,48.29,281.6,182.2,,,,11.61,10.76,17.5,6.724,27.5,0.71,5.16,3.581,0.2804,12.59,3.549,7.59,3.82,0.3957,4.4,3.56,2.781,12.89,8.49,55,0.3828,0.8328,13.2,6.862,55,,55,,5.82,,2.988,0.2465,25.2,0.9571,3.47,5.9,25.45,32.36,30.85,,,23.93,189.5,3.166,40.08,,,,,,,165.1,29.92
2173-56-0,Pentyl pentanoate,,11.98,,0.84,1.926,,312.7,47.69,31.35,3.333,17.11,4.955,3.455,3.625,33,4.458,,,3.179,14.9,1.429,11.8,55,30.06,55,55,55,31.03,55,55,55,55,1.471,7.921,2.528,0.4526,0.2755,0.8316,5.247,1.063,,,,,1.297,,,43.69,45.96,41.03,2.06,14.42,22.41,21.71,9.017,62.35,11.09,26.61,,,,33,33.89,33,55,,,32.49,,,,,,,,16.27,10.39,15.22,9.251,,,,,,,,,,,,,,,,,,0.44,,,0.5,,0.13,,,5.582,12.27,,77.54,,,,55,4.648,70.09,5.093,,,,,,,,0.4785,,33,33,55.41,110,110,,,12.36,13.89,2.811,,,1.168,2.674,2.1,9.807,10.1,2.88,3.07,3.53,5.575,6.083,6.945,7.933,36.21,6.244,1.186,22,22,22,22,7.378,22,15.74,7.842,3.132,11.55,3.315,22,5.23,11,11,1.98,11,11,9.063,3.162,25.83,2.787,3.201,,,,5.259,1.088,3.062,15.46,33,,,8.932,21.77,33,10.33,22,17.8,22.81,19.5,33,33,13.81,33,,,,,,,,,6.388,11.51,15.19,44,10.91,44,44,8.563,,,,,10.63,6.55,7.493,2.457,,,0.09095,1.09,8.049,,0.7653,14.83,86.85,,9.776,26.4,15.95,2.706,10.62,3.89,20.38,15.14,78.51,15.47,13.01,11.45,11.35,10.73,15.08,38.5,33,17.68,2.25,0.9831,17.6,59.43,,15.28,3.138,3.278,47.56,34.39,2.134,1.876,1.448,1.177,1.955,0.5373,1.113,0.7047,0.9458,47.72,43.51,44.72,8.544,28.1,24.2,44,9.67,55,10.62,,,,,5.2,35.2,20.53,44.76,5.151,3.536,2.236,1.127,1.658,22,1.62,15.28,,8.788,44,44,44,17.29,6.017,58.11,,55,,,,,,,,,,,,,,18.55,,110,,,19.09,,69.87,110,55,15.47,55,55,4,13.2,55,55,9.3,55,2,5.259,13.09,7.962,24.7,26.18,7.192,5.016,5.64,12.23,17.6,29.41,9.634,55,0.307,5.988,36.15,34.97,13.72,8,3.7,3.138,13.6,5.5,4.342,2.786,1.981,1.763,1.17,1.444,3.788,1.399,8.197,9.21,2.424,9.301,8.6,3.1,32.45,0.21,281.6,18.92,33.91,48.29,281.6,182.2,,,,11.91,10.85,17.5,7.551,27.5,0.71,5.16,3.58,0.2808,,3.427,7.58,3.82,0.3959,4.4,3.558,4.09,12.89,8.49,55,0.3861,0.8312,13.2,6.841,55,,55,,5.82,,2.988,0.2468,18.6,0.9575,8.74,4.24,34.66,30.64,14.51,,,,,3.357,40.78,,,,,,,159.1,32.52
101-97-3,Ethyl phenylacetate,2.657,13.19,98.79,4.01,17.99,21.26,38.78,2.72,,3.627,22,4.8,3.481,3.601,33,4.561,0.06122,,1.535,11.59,2.6,,55,34.02,55,40.59,33.96,25.88,55,55,55,55,8,12.3,6.923,,,,,,,,,,,,,27.31,25.26,24.4,5.6,15.17,33,28.3,9.22,143.5,,17.64,,,,20.23,55,33,55,,,30.58,,,,,,,,,6.776,,,,,,,,,,,,,,,,,,,,,,,12.9,,2.5,,,,16.26,,15.69,,,,8.07,60.35,450.4,40.81,,,,,,,,0.5617,2.52,,,75.46,110,110,,,12.36,13.89,2.798,17.78,,5.02,,,,,,,,9.42,10.53,22,12.1,18.1,1.42,35.22,22,14.82,13.59,7.383,22,22,22,22,22,22,22,22,,,,,,,,,,,,,,,33,33,33,33,33,23.15,13.8,18.21,19.87,33,22,22,22,30.7,33,33,33,33,33,,,,,,,,,7.13,11.69,17.43,44,11.71,44,44,10.64,,,,,,,,,390,9,,,5.017,,,14.54,54.19,37.19,,26.4,,,,,33.32,73.19,,22.32,,38.5,15.71,21.44,22.51,38.5,35.66,26.38,,,,36.5,,17.43,5.173,3.524,55,29.39,,,,,,,,,,23.13,26.15,37.96,10.46,28.1,24.2,44,13.23,,,,,,,,,55,55,,,,1.03,,,,15.47,,,,,,,11.8,16.88,14.67,31.54,,,,,,,,,,,,,,32.87,,,10.8,,,,,,16.12,7.373,21.53,55,6.5,23.3,55,55,25.5,55,12.3,7.542,18.08,5.524,23.26,20.23,10.42,19.75,33.42,19.63,34.48,37.53,22.56,39.46,,,40.3,37.94,14.82,8.291,3.7,6.156,13.6,5.5,,,,,,6.02,,,3.233,12.74,4.065,12.22,10.56,4.882,26.94,,,,,,,,,,,,,,11.53,,,,22,,9.89,,8.03,,12.76,22,22,55,,9.52,24.31,,,,,55,,11.2,,8.97,,,,47.06,13.26,12.38,7.29,23.51,28.76,51.57,,,,,4.07,31.86,,,,,,,,
5445-77-2,2-methyl-3-phenylpropanal,,55,105,4.01,17.99,21.26,38.78,2.72,,3.75,22,,,,,,,,,,,,55,35,55,28.3,55,13.4,,,,,,8.64,7.679,,,,22,22,,,,,22,,,26.98,25.9,22.52,9.1,21.53,33,17.6,,,22,,,,,33,55,33,55,,,,,,,,,,,,44,77,44,,,,,,,,,,,,,,,,,,0.09,,,12.9,,2.5,,,,,,15.69,,,,,35.59,606.1,25.4,,,,,,,,0.6,3.2,,,110,110,110,,,28.43,,,,,0.7996,,,,,,,,22,12.23,22,24.42,55,85.46,27.29,22,22,22,22,14.51,22,22,22,22,22,10.09,22,3.05,11,11,1.62,11,11,,8.79,31.86,,,,,,33,33,33,33,33,18.77,33,8.9,24.49,12.75,22,22,22,21.62,33,33,33,16.26,33,,,,,,,,,,,,,,,,,,,,,,,,,390,,,,44.21,,,23.24,51.96,,,26.4,,,,,32.16,75.41,80.66,22.32,24.96,14.07,20.85,11.6,44.69,6.81,34.71,23.84,,10.53,,36.5,,15.65,7.896,,55,30.19,,,,,,,,,,17.87,23.35,19.47,42.14,,,,33.29,,,,,,,35.2,12.9,55,55,,,,22,,,,7.174,,18.75,21.7,44,18.93,18.06,11.31,16.88,,55,23.8,,5.47,55,22.21,17.5,56.93,0.81,15.56,,,,,,24.63,,,,,,26.5,,55,55,55,55,6.5,23.3,55,55,25.5,55,12.3,,17.77,3.81,24.24,18.14,8.35,13.53,,,38.13,30.99,26,55,,,37.95,37.69,14.82,,,,,,,,,,,19.21,,,4.32,,4.18,,,,16.94,,,,,,,,,,,9.5,10.5,16.2,96.51,,,,22.1,,,,,,12.1,22.1,22.1,55,,,55,,,,,7.75,,7.47,,8.97,,,,39.58,13.13,,,,,,,,,,4.185,,,,,,,,192.9,523.1
10486-19-8,tridecanal / 13:Ald,,9.727,,0.84,1.232,,312.7,47.69,31.35,3.067,9.674,7.25,33,3.99,0.96,10.7,13.64,10.22,6.39,,,13.09,55,41.61,55,55,55,55,5.814,38.46,55,15.9,5.495,2.347,2.498,3.885,3.857,4.715,22,22,,,,,14.59,,,47.78,49.25,46.88,6.801,14.69,14.15,39.96,9.343,59.53,11.86,19.57,,,,25.06,31.52,33,55,,,35.81,,,,,,,,16.04,23.17,12.9,6.609,,,,,,,,,,,,,,,,,,0.44,,,0.4875,,0.124,,,6.053,,,32.03,,,,41.3,9.689,81.81,23.81,3.903,1.275,2.48,3.612,1.548,3.6,,0.4756,,33,33,110,110,110,,,,,2.85,,,1.056,0.975,1.952,9.807,10.1,1.537,2.213,2.52,6.165,5.589,4.595,18.57,55,11.34,1.305,22,22,22,22,9.787,22,12.2,22,10.04,7.1,5.012,15.15,4.312,7.576,3.838,0.7349,5.298,10.48,4.263,1.282,8.214,2.194,5.272,6.6,,5.8,9.969,28.13,7.608,17.08,2.862,33,13.06,10.57,10.1,9.77,0.748,0.5133,16.69,40.74,23.06,33,33,18.37,33,,,,,7,4.6,,,3.775,12.43,14.56,35.53,19.58,44,44,10.49,,,,,10.63,3.389,6.094,2.314,,,0.08494,1.681,22.33,,0.903,20.05,70.23,43.76,31.53,26.4,15.57,2.595,10.22,3.712,18.81,19.79,94.59,16.43,22.34,6.586,11.71,12.56,15.88,32.55,8.382,18.73,1.753,4.108,16.96,56.23,0.9505,23.94,3.7,,49.96,38.31,0.8037,0.5794,2.075,1.43,0.59,22,2.293,3.304,1.975,48.6,28.58,30.89,43.49,,,,53.27,37.8,12.78,,,,,5.2,35.2,36.43,55,5.647,3.81,2.5,1.38,1.658,22,1.62,22,12.59,8.47,44,44,30.18,16.83,8.536,18.04,,55,,55,,,,,,1.69,18.19,66.54,47.17,12.69,11.05,16.62,23.67,110,,,16.61,,43.35,110,28.48,32.22,33.71,55,4.065,13.23,55,55,9.931,55,2.187,6.182,26.83,8.5,40.4,26.31,7.64,19.61,9.516,12.24,16.6,55,18.9,55,0.3929,0.9314,45.74,24.5,25.83,3,,3.3,,,,,,,,1.921,3.072,0.9319,4.424,5.065,2.425,,,,19.52,0.3393,281.6,4.146,19.23,10.39,16.98,219.8,7.8,,,10.04,10.04,14.22,6.133,27.5,0.71,5.16,2.664,0.9038,12.59,3.63,8.8,,0.5241,2.188,3.249,12.92,12.89,8.49,55,0.6763,1.174,0.878,13.2,55,,55,,18.6,,0.3674,0.3608,55,0.8338,5.932,5.347,20.4,23.98,20.63,,,23.93,189.5,3.271,44.71,2.15,2.83,3.45,11,5.68,11,180.1,28.09
124-25-4,tetradecanal,,9.727,,0.84,1.232,,312.7,47.69,31.35,3.067,9.674,7.25,33,3.99,0.96,10.7,13.64,10.22,6.39,,,13.09,55,41.61,55,55,55,55,5.814,38.46,55,15.9,5.495,2.347,2.498,3.885,3.857,4.715,22,22,,,,,14.59,,,47.78,49.25,46.88,6.801,14.69,14.15,55,9.343,59.53,11.86,19.57,,,,25.06,31.52,33,55,,,35.81,,,,,,,,16.04,23.17,12.9,6.609,,,,,,,,,,,,,,,,,,0.44,,,0.4875,,0.124,,,6.053,,,32.03,,,,41.3,9.689,81.81,23.81,3.903,1.275,2.48,3.612,1.548,3.6,,0.4,,33,33,110,110,110,,,,,2.85,,,1.056,0.975,1.952,9.807,10.1,1.537,2.213,2.52,6.165,5.589,4.595,18.57,55,11.34,1.305,22,22,22,22,9.787,22,12.2,22,10.04,7.1,5.012,15.15,4.312,7.576,3.838,0.7349,5.298,10.48,4.263,1.282,8.214,2.194,5.272,6.6,,5.8,9.969,28.13,7.608,17.08,2.862,33,13.06,10.57,10.1,9.77,0.748,0.5133,16.69,40.74,23.06,33,33,18.37,33,,,,,7,4.6,,,3.775,12.43,14.56,35.53,19.58,44,44,10.49,,,,,10.63,3.389,6.094,2.314,,,0.08494,1.681,22.33,,0.903,20.05,70.23,43.76,31.53,26.4,15.57,2.595,10.22,3.712,18.81,19.79,94.59,16.43,22.34,38.5,11.71,21.86,15.88,38.5,8.382,38.5,1.753,4.108,16.96,56.23,0.9505,23.94,2.4,,49.96,38.31,0.8037,0.5794,2.075,0.75,1.85,22,2.293,3.304,1.975,48.6,28.58,30.89,43.49,,,,53.27,37.8,12.78,,,,,5.2,35.2,36.43,55,5.647,3.81,2.5,22,1.658,22,1.62,22,12.59,8.47,44,44,30.18,16.83,8.536,18.04,,55,,55,,,,,,1.69,18.19,66.54,47.17,12.69,11.05,16.62,23.67,110,,,16.61,,43.35,110,28.48,32.22,33.71,55,4.065,13.23,55,55,9.931,55,2.187,6.182,26.83,8.5,40.4,26.31,7.64,19.61,9.516,12.24,16.6,55,18.9,55,0.3929,0.9314,45.74,24.5,25.83,3,,3.3,,,,,,,,1.921,3.072,0.9319,4.424,5.065,2.425,,,,19.52,0.3393,281.6,4.146,19.23,10.39,16.98,219.8,7.8,,,10.04,10.04,14.22,6.133,27.5,0.71,5.16,2.664,0.9038,12.59,3.63,8.8,,0.5241,2.188,3.249,12.92,12.89,8.49,55,0.6763,1.174,0.878,13.2,55,,55,,18.6,,0.3674,0.3608,55,0.8338,5.932,5.347,20.4,23.98,20.63,,,23.93,189.5,3.271,44.71,2.15,2.83,3.45,11,5.68,11,180.1,28.09
1009-61-6,"1,4-diacetyl benzene",2.429,55,13.39,6.2,24.08,,14.34,7.58,11.04,1.35,22,,,,,,,,3.1,5.9,6,2.7,,,,,,,,,,,,,,,,,,,,,,,,,,55,55,55,15.58,14.81,33,41.13,,,,,,,,18.95,,33,55,,,,,,,,,,,,,,,,,,,,,,,,,,,,,,,,0.82,,,,,,,,,,,,,,,,58.17,442.5,305.8,,,,,,,,,2.52,,,110,110,110,,,,,,,,,,,,,,,,9.42,10.53,22,12.1,18.1,1.42,35.22,22,22,22,22,22,22,22,22,,22,22,22,,,,,,,,,,,,,,,,,,,,,,13.77,11.35,33,22,22,22,30.7,33,33,33,33,33,,,,,,,,,5.31,6.84,,,,,,,,,,,,,,,,,,,12.97,,,,47.93,37.19,,,,,,,,,,,,,,,,,,,,,,,,26.55,3.4,2.6,,,,,,,,,,,,,,,,,,,,,,,,,,,,55,55,,,,22,,,,,,,,,,,,,,55,,,,,,,,,,,,,,,,,10.8,,,,,,,,,,,,,,,,,18.79,22.72,32.86,17.18,30.82,35.36,55,33.42,19.63,25.77,24.19,19.36,55,,,39.57,29.03,55,,,,,,,,,,,,,,30.86,11.46,4.86,5,6.5,1.8,26.69,,,,,,,,,,,,,,11.53,,,,,,9.89,,8.03,,,,,55,,9.52,24.02,,,,,,,,,,,,,55,,,,,,,,,,,4.356,39.82,,,,,,,,
27465-51-6,4-ethylpropiophenone,,,13.39,6.2,24.08,,14.34,7.58,11.04,1.35,,,,,,,0.17,,,14.9,0.8091,,55,55,55,55,28.4,55,,,,,,,,,,,,,,,,,,,,,,,,,,55,,,,,,,,,,,,,,,,,,,,,,,,,,,,,,,,,,,,,,,,,,,0.82,,,,,,,,,,,,,,,,,,,,,,,,,,1,,,,,,,,,,,,,,,,,,,,,,,,,,,,,22,13.08,11.67,5.231,22,22,22,22,,22,22,22,,,,,,,,,,,,,,,,,,,,,,33,33,33,22,22,22,,33,33,33,33,33,,,,,,,,,,,,,,,,,,,,,,,,,,,,,,,,,58.47,,,,,,,,,,,,,,,,,,,,,,,5.54,,20.44,5.2,,,,,,,,,,,,,44.9,,,17.96,,,,16.61,,,36.45,48.21,27.95,11.72,,,55,55,,,,,,,,,,,,,,,,,,55,,,,,,,,,,,,,,,13.83,,,,,,,,,,,,,,,,,,,,15.21,26.04,23.24,27.85,19.89,,,,55,55,27.9,55,,,40.3,37.94,14.82,,,,,,,,,,,,,,2.71,,,41.3,,,,,,,,,,,,,,,,,,,,,,,,,,,,,,55,,,8.785,,,,,,,,,,,,,55,,,,,,,,,,,,,,,,,,,,
502-56-7,5‐nonanone,,11.94,,0.84,3.114,,312.7,47.69,31.35,3.333,22,7.25,33,3.99,0.96,10.7,16.3,13.1,6.82,,,11.65,55,31.26,55,55,55,33.4,55,55,55,55,1.399,8.809,1.664,33,33,33,22,22,,,,,22,,,24.88,25.73,26.55,14.77,11.4,19.92,31.37,10.68,72.18,11.74,23.89,,,,33,19.31,33,55,,,34.51,,,,,,,,16.06,13.94,55.94,25.41,,,,,,,,,,,,,,,,,,0.44,,,0.5692,,0.1655,,,5.768,24.22,,73.15,,,,55,4.726,70.94,5.186,3.92,1.3,2.5,3.63,1.56,3.6,,0.5264,,33,33,46.27,110,110,,,12.36,13.89,2.825,,,1.207,5.217,8.171,9.807,10.1,2.88,3.07,3.53,6.773,10.95,22,7.924,36.17,6.237,25.47,16.5,22,22,22,3.116,22,4.376,3.298,2.916,4.232,1.569,12.36,4.754,11,11,1.518,11,11,4.428,2.695,25.22,3.879,4.026,6.6,,6.238,1.58,7.57,2.82,11.36,1.153,33,33,8.942,21.79,33,10.75,22,17.81,20.03,19.53,33,33,13.84,33,,,,,7,4.6,,,5.252,12.32,14.95,39.97,11.54,44,44,8.895,,,,,,,,,,,0.09,1.58,14.71,,1.38,14.9,74.8,48.83,13.04,11.98,15.37,3.083,12,4.321,23.26,6.547,75.09,20.18,31.03,12.16,12.4,8.129,16.8,38.5,33.33,16.7,2.25,4.287,16.5,59.24,,14.16,3.97,,49.86,34.89,,,,0.7864,0.7577,6.627,1.385,0.7763,1.201,50.04,39.8,49.37,33.5,,,,57.45,55,10.78,,,,,5.2,35.2,20.46,44.62,4.356,3.81,2.5,2.318,1.658,22,1.62,7.587,11.17,7.73,44,44,44,16.42,5.395,23.68,,55,,55,,,,,,,17.64,,,,11.63,18.6,,110,,,19.74,,47.28,110,33.09,25.12,55,55,4,13.2,55,55,9.3,55,2,5.253,12.16,8.953,23.48,26.41,8.015,5.026,5.891,12.4,13.12,24.59,5.928,55,,35.2,37.74,23.34,14.84,3,,3.3,,,,,,,,1.762,1.882,0.54,8.425,,5.88,,,,21.03,,,,,,,,,,,10.98,10.32,17.5,6.967,,,,15.54,7.327,,2.776,8.8,,0.9816,3.031,11.25,2.958,12.89,8.49,55,1.816,1.711,2.055,13.2,55,,55,,4.125,,2.295,0.6335,55,2.363,18.68,6.72,13.47,30.19,29.57,,,23.93,189.5,3.757,39.67,,,,,,,151.2,39.67
111-13-7,2-octanone,,12.25,,0.84,5.69,,312.7,47.69,31.35,3.849,22,5.039,2.614,1.568,0.7162,2.658,12.78,10.04,4.582,7.3,5.2,11.66,55,32.51,55,55,55,35.35,55,55,55,55,1.399,8.738,1.675,33,33,33,22,22,,,,,22,,,55,55,39.49,16.06,16.65,33,55,9.656,60.99,11.57,21.38,,,,33,21.74,33,55,,,36.31,,,,,,,,15.74,13.02,22.39,13.57,,,,,,,,,,,,,,,,,,0.3961,,,0.3963,,0.08435,,,5.809,12.7,,69.66,,,,55,3.5,50.09,4.812,3.92,1.3,2.5,3.63,1.56,3.6,,0.5264,2.88,33,33,49.73,110,110,,,,,2.85,,,0.8267,4.635,4.422,9.807,10.1,2.88,3.07,3.53,7.617,10.16,22,6.682,31.9,5.295,29.97,15.33,22,22,22,1.853,22,2.757,2.029,2.23,2.64,0.7968,10.48,4.938,11,11,1.479,11,11,4.671,3.017,23.14,3.965,4.048,6.6,,5.665,5.642,1.079,2.68,15.2,33,33,9.279,7.552,20.16,33,13.52,22,17.03,24.23,21.38,33,33,11.75,33,,,,,7,4.6,,,5.17,12.85,14.87,39.83,11.86,44,44,8.892,,,,,10.63,,7.26,2.24,,,0.08905,1.275,35.12,,0.7341,27.64,73.46,48.83,13.09,26.4,15.29,2.81,10.99,3.971,8.091,7,74.22,21.34,31.2,19.96,12.56,5.643,16.01,12.83,34.24,15.93,2.25,3.608,16.65,55.59,1.26,15.93,4.93,2.629,48.98,33.59,0.973,0.7029,1.308,0.7864,0.7577,6.627,1.119,0.6571,0.9829,48.81,43.85,48.24,34.03,28.1,24.2,44,78.95,55,10.9,,,,,5.2,35.2,19.94,45.21,4.923,3.81,2.5,0.6323,1.658,22,1.62,8.775,11.17,7.73,44,44,44,16.42,6.385,23.6,,55,,55,,,,,,,18.45,66.54,47.17,12.69,11.06,18.27,,110,,,20.21,,29.91,110,55,55,55,55,4,13.2,55,55,9.3,55,2,5.376,13.49,7.672,25.22,26.11,6.95,5.197,5.128,11.97,15.45,20.01,7.36,55,0.3073,1.448,42.1,28.38,21.45,2.612,,2.907,,6.14,,,,,,1.146,1.164,0.6121,10.8,9.21,3.182,9.9,8.6,3.1,22.14,0.21,281.6,18.92,33.91,48.29,281.6,182.2,7.8,,,11.65,10.77,17.5,6.713,27.5,0.71,5.16,13.19,6.554,12.59,3.179,8.8,,0.9816,3.031,11.25,2.649,12.89,8.49,55,1.712,0.6924,3.871,7.028,20.54,,23,,4.23,,2.312,0.8786,55,2.363,10.12,5.235,17.43,24.82,22.8,,,23.93,189.5,3.978,38.26,,,,11,5.68,11,162.4,30.91
499-75-2,2-methyl-5-(1-methylethyl)- phenol / Carvacrol,,,,,,,,,,,,13,13.6,33,33,9.64,,,1.731,1.1,4.2,1.2,,,,,,,,,,,,,,,,,,,,,,,,,,,,,,,,32.21,,,,,,,,,,,,,,,,,,,,,,,,,,,,,,,,,,,,,,,,,,,,,,,,,,,,,,,,,,,55.52,1100,276.2,,,,,,,5,0.5,,,,,,,,,,,,,52.68,,,,,,,,,9.44,8.06,22,16.7,9.2,1.42,46.6,22,22,22,22,22,22,22,22,,22,22,22,,,,,,,,,,,,,,,,,,,,33,13.34,,,,,,,,,,,,,,,,,,,,,4.71,27.7,15.13,44,7.63,44,44,4.96,,,,,,,,,,,,,,,,,,,,,,,,,,,,,,,,,,,,,,,,64.94,,110,7.672,,,,,,,,,,,,,,,,,,,,,,,,,,,,,,,,,,22,,,,,,,,,,,,,,55,34.32,,15.14,16.51,11.73,23.79,,,,,,,,,,,,,,,,,,,,55,8.1,23.8,55,55,55,55,29.4,20.7,18.27,17.07,22.98,27.48,20.41,29.82,,16.89,55,33.7,26.6,55,,,,,,,,,,,,,,,,19.21,,,16.07,,,,,,,,,,,,,,,,,,,,,,,,,,,,,,,,,,,,55,,,,,,,,,,,,,,,,,,,,,,,,,,,,,,,,,
106-21-8,"DMO / 3,7-dimethyl octanol",,,,,,,,,,,,16.8,33,33,33,13.6,,,2.3,19.8,1.4,,,,,,,,1.7,21.2,27,1.3,55,,,,,,,,,,,,,,,55,55,43.47,,,,55,,,,,,,,,,,,,,,,,,,,,,,36.97,77,17.69,,,,,,,,,,,,,,,,,,1.16,,,,,,,,,,,,,,,,,,,,,,,,,,0.7,,,,,,,,,24.6,,6.77,,,,,,,,,,,,,,,,,,,,,,,,,,,,,,,,,,,,,,,6.38,6.64,,,,,,,,,,,,,,,,,,,,,,,,,,,,,,,,,,,,,,,,,,,,,,,,,,,,,,,69.86,,,6.32,,,,,10.68,,64.21,,,,22.55,,42.13,,41.08,,,12.24,20.94,,,13.74,2.7,4.7,,,,,,,,,,,,,,,,,,,,,,,,,,,,,,,,,22,,,,22,,,,,,,,,,,,,,,,,,,55,,,,36.57,,,,,,,,,,55,55,16.25,55,8.3,20.3,55,55,13.5,55,25.6,,,,,,,,,,,,,,,,,,,2,6.3,7.5,,2.5,,,,,,,,,,,,11.6,9.5,17.7,44.06,,,,,,,,,,,,,,,,,,,,,,,,,,,,,,,,,,,,,,,,,,,,,18.59,,,,,,,,,,,,,,,,,,
91-57-6,2-Methylnaphthalene,,,,,,,,,,,,,,,,,,,,,,,,,,,,,,,,,,,,,,,,,,,,,,,,,,,,,,27.91,15.49,,,,,,,,,,,,,,,,,,,,,,,,,,,,,,,,,,,,,,,,,,,,,,,,,,,,,,,,,,55.52,1100,276.2,,,,,,,,,,,,50.27,110,110,,,32.43,,,66.11,56.53,,,,,,,,,9.44,8.06,22,16.7,9.2,1.42,46.6,22,22,22,22,22,22,22,22,,22,22,22,,,,,,,,,,,,,,,,,,,,33,13.34,,,,,,,,,,,,,,,,,,,,,4.71,27.7,15.13,44,7.63,44,44,4.96,,,,,,,,,,,,,,,,,,22.91,,,,,,,,,,,,,,,,,,,,,,,,17.45,12.9,,,,,,,,,,,,,,,,,,,,,,,56.11,13.02,118.1,6.69,,,,,,,,,,,,,,,,,,,,34.44,,55,34.32,,15.14,16.51,11.73,23.79,,,,,,,,,24.78,,,,,,,,,,,,,,,,,,,20.7,18.01,55,36.23,24.63,27.87,29.82,,16.89,,,,55,,,38.39,31.76,16.09,,,,,,,,,,,15.03,,,13.65,,,,,,,,,,,,,,,,,,,,11.53,,,,,,,,,,,,,,,,55,,,,,,,,,,,,,,,,,,,,,,,,,,,,,,,,9.06,13.24
105-05-5,"1,4-diethylbenzene",,,,,,,,,,,,,,,,,0.17,,,,,,,,,,,,,,,,,,,,,,,,,,,,,,,,,,,,,55,,,,,,,,,,,,,,,,,,,,,,,,,,,,,,,,,,,,,,,,,,,,,,,,,,,,,,,,,,,,,,,,,,,,,,,,,,,,,,,,,,,,,,,,,,,,,,,,,,22,22,22,22,22,22,22,22,,22,22,22,,,,,,,,,,,,,,,,,,,,,,,,,,,,,,,,,,,,,,,,,,,,,,,,,,,,,,,,,,,,,,,,,,58.47,,,,,,,,,,,,,,,,,,,,,,,5.54,,17.9,,,,,,,,,,,,,,,,,,,,,,,,36.45,48.21,27.95,11.72,,,55,55,,,,,,,,,,,,,,,,,,55,,,,,,,,,,,,,,,13.83,,,,,,,,,,,,,,,,,,,,19.21,27.09,24.94,25.71,19.98,,,,,,,55,,,40.3,37.94,14.82,,,,,,,,,,,,,,,,,,,,,,,,,,,,,,,,,,,,,,,,,,,,,,,,,,55,,,,,,,,,,,,,55,,,,,,,,,,,,,,,,,,,,
629-94-7,heneicosane,,15.11,,0.84,2.707,,312.7,47.69,31.35,2.844,14.88,7.25,33,3.99,0.96,10.7,12.91,9.716,7.122,,,11.59,55,51.6,55,55,55,55,5.814,38.46,55,15.9,5.495,4.951,2.314,33,33,33,22,22,,,,,11.47,,,39.14,40.12,41.7,4.638,21.13,17.73,35.71,9.386,59.53,12.47,19.44,,,,27.38,23.26,33,55,,,35.58,,,,,,,,15.53,38.2,28.49,16.61,,,,,,,,,,,,,,,,,,0.44,,,2.713,,3.023,,,6.354,,,69.78,,,,55,11.76,282.8,26.43,3.92,1.3,2.5,3.63,1.56,3.6,,0.4517,,33,33,110,110,110,,,,,2.85,,,1.287,6.167,8.029,11.92,11.49,1.905,2.475,2.828,22,22,22,8.5,24.5,2.73,24.22,22,22,22,22,22,22,22,3.34,5.316,4.104,22,22,4.869,11,11,1.47,11,11,3.595,2.98,23.2,2.952,3.958,6.6,,5.722,10.5,9.163,7.046,22.22,5.966,33,9.801,8.401,18.6,33,22,22,16.66,38.25,23.97,33,33,13.36,33,,,,,7,4.6,,,4.846,13.85,15.98,38.47,15.18,44,44,10.83,,,,,10.63,,7.26,2.24,,,0.09,1.484,33.37,,1.183,20.51,77.09,48.83,12.53,26.4,15.28,2.789,10.91,3.943,5.399,3.237,73.14,21.69,31.31,12.31,6.166,5.33,13.32,10.87,10.86,21.62,2.25,3.608,16.49,57.93,0.9722,13.67,4.766,,48.08,35.32,0.7939,0.5499,1.523,0.7864,0.7577,6.627,1.816,1.271,1.594,48.28,33.86,38.42,32.81,,,,81.78,55,12.44,,,,,5.2,35.2,16.37,55,4.558,2.148,2.48,1.485,1.658,22,1.62,13.55,11.17,7.73,44,44,44,16.42,6.167,24.58,,55,,55,,,,,,,18.52,66.54,47.17,12.69,10.85,17.21,,77.92,,,16.58,,36.46,110,16.59,21.08,55,55,4,13.2,55,55,9.3,55,2,9.547,26.83,8.5,40.4,26.31,7.64,7.139,7.715,12.47,55,55,55,55,0.3203,0.8036,46.29,24.88,26.85,2.939,,3.059,,,,,,,,3.327,7.306,0.9127,11.33,5.14,4.198,,,,24.62,0.64,281.6,5.36,21.17,13.47,27.31,281.6,7.8,,,12.06,10.77,17.5,6.819,,,,7.817,5.061,12.59,2.818,8.8,,1.284,3.695,6.718,4.318,12.89,8.49,55,1.524,1.055,1.182,13.2,55,,55,,6.276,,0.2387,0.3785,55,5.764,4.08,3.978,20.53,24.64,18.22,,,23.93,189.5,3.532,40.99,2.15,2.83,3.45,11,5.68,11,188.7,30.01
71-36-3,1-butanol,,20.27,,,60.59,,312.7,47.69,31.35,2.414,22,,,,,,,,10.7,,,11.8,55,52.25,55,44.27,42.31,26.89,5.827,55,55,21.12,1.488,10.84,1.729,33,33,33,22,22,,,,,11.47,,,46.42,38.54,44.22,5.53,15.74,18.95,22.55,,,12.69,,,,,33,19.84,33,55,,,55.13,,,,,,,,15.83,14.04,3.931,1.914,,,,,,,,,,,,,,,,,,0.44,,,12.9,,55,,,6.84,,,,,,,45.86,11.07,330,19.14,3.92,1.3,2.5,3.63,1.56,3.6,,0.4517,,33,33,57.53,110,110,,,24.6,,,,,2.197,5.502,8.01,9.807,10.1,1.765,2.378,2.714,7.577,9.192,8.908,12.51,55,11.12,4.501,22,22,22,22,22,22,22,3.34,3,4.104,22,22,4.235,11,11,1.749,11,11,3.72,3.216,24.54,1.66,2.236,,,,15.9,33,33,33,10.21,4.186,14.6,11.47,16.49,33,22,22,18.91,18.78,28.34,33,33,20.84,22.32,,,,,,,,,7.475,17.5,21.44,44,16.11,44,44,15.52,,,,,,3.95,6.02,2.36,,,0.22,1.656,55,,2.96,,86.85,46.8,13.08,6.65,17.09,6.75,26.4,8.07,5.111,0.8059,69.53,10.16,31.91,12.31,4.814,5.193,8.15,10.87,13.84,21.62,1.869,3.058,16.31,72.89,0.97,13.06,4.766,,55,37.42,0.9,0.65,1.6,0.7864,0.7577,6.627,4.576,2.592,3.038,47.6,32.56,37.49,34.84,,,,67.21,55,8.593,,,,,5.017,35.2,20.74,50.18,4.221,,,1.485,1.658,22,1.62,13.55,,7.73,44,44,44,16.42,5.381,12.96,41.08,55,,55,,,,,,1.64,16.43,,,,6.99,16.93,,57.84,,,18.12,,29.21,,55,13.99,22.07,55,8.2,30.8,55,39.5,27,55,13,6.647,,,,,,5.733,7.647,12.58,55,55,55,55,0.2398,0.3554,37.01,11.22,12.41,8,,3.3,,,,13.88,,,,2.923,3.299,0.9291,13.42,4.31,3.667,,,,23.71,,,,,,,,,9.2,15.8,11.57,10.96,14.87,7.941,,,,3.245,0.2472,12.59,2.379,,,0.6272,1.796,3.708,4.343,12.89,8.49,55,0.6664,0.8971,1.008,8.439,55,,12.52,,7.838,,0.2159,0.1236,55,0.7813,4.811,4.148,16.59,31.02,15.64,,,17.52,32.52,3.532,40.78,,,,,,,177.1,28
100-41-4,"Phenylethane, ethyl benzene",2.668,55,105,4.01,17.99,21.26,38.78,2.72,,3.75,22,5.34,3.41,3.68,33,4.29,0.17,,2.7,4.7,2.362,,55,39.45,55,29.72,33.83,14.86,,,,,,9.324,5.696,,,,,,,,,,,,,25.54,23.93,19.74,15.58,14.81,33,55,,,,,,,,18.95,,33,55,,,,,,,,,,,,7.18,,,,,,,,,,,,,,,,,,,,,,,12.9,,2.5,,,,24.22,,15.69,,,,,58.17,442.5,305.8,,,,,,,,0.7967,2.014,,,110,110,110,,,12.72,13.89,,,,5.02,,,,,,,,9.42,10.53,22,13.8,21.69,2.851,25.68,22,22,22,22,22,22,22,22,22,22,22,22,,,,,,,,,,,,,,,33,33,33,33,33,18.83,33,20.04,19.28,33,22,22,22,34.35,33,33,33,33,33,,,,,,,,,,,,,,,,,,,,,,,,,390,,,,7.89,,,20.99,58.47,37.19,,,,,,,,,,22.32,,38.5,,21.44,,38.5,,26.38,,,,4.973,,15.3,18.9,3.1,55,29.84,,,,,,,,,,21.78,29.55,33.32,20.54,28.1,24.2,44,16.35,,,36.45,48.21,27.95,11.72,,,55,55,,,,7.668,,,,9.015,,,,,,,11.8,16.88,,55,23.8,,5.47,55,22.21,17.5,56.93,,,,,,,,13.83,,10.8,,,,26.5,,55,55,55,55,6.5,23.3,55,55,25.5,55,12.3,18.79,15.25,23.39,23.52,25.94,19.91,55,33.42,19.63,33.46,34.75,22.28,55,,,40.3,37.94,14.82,,,,,,,,,,,19.21,,,3.729,,4.18,12.45,10.65,4.974,,,,,,,,,,,,,,,11.53,,,,22,,9.89,,8.03,,12.76,22,22,55,,9.52,55,,,,,8.83,,6.279,,8.807,,,,55,13.26,,,,,,,,,,,,,,,,,,,
3777-69-3,2-pentylfuran,,,,,,,,,,,,,,,,,,,,,,,,,,,,,,,,,,,,,,,,,,,,,,,,,,,,,,55,,,,,,,,,,,,,,,,,,,,,,,,,,,,,,,,,,,,,,,,,,,,,,12.9,,55,,,,,,,,,,55,432.9,311.5,1100,,,,,,,,,,,,110,110,110,,,,,,,,,,,,,,,,,,,,,,,,,,,,,,,,,,,,,,,,,,,,,,,,,,,,,,,,,,,,,,,,,,,,,,,,,,,,,,,,,,,,,,,,,,,,,,,,,,,,86.85,,,,,,,,,,,,,,,,,,,,,,,,,,,,,,,,,,,,,,,,,,40.46,,,,110,,,,,,,,,,,,,,,,,,,,,,,,,,,,,,,,,,,,,16.61,,,,15.66,,,,,,,,,,,,,,,,,,,,,5.89,,,,,,9.9,,,,,,,,,,,,,,,,,,,,,,,,,,,,,,,,,,,,,,,,,,12.5,10.8,,,,,,,,,,,,,,,,,,,,,,,,,,,,,,,,,,,,,,,,,,,,,,,,,,214.6,187.2
629-99-2,pentacosane,,15.11,,0.84,2.707,,312.7,47.69,31.35,2.844,14.88,7.25,33,3.99,0.96,10.7,12.91,9.716,7.122,,,11.59,55,51.6,55,55,55,55,5.814,38.46,55,15.9,5.495,4.951,2.314,33,33,33,22,22,,,,,11.47,,,39.14,40.12,41.7,4.638,21.13,17.73,35.71,9.386,59.53,12.47,19.44,,,,27.38,23.26,33,55,,,35.58,,,,,,,,15.53,38.2,28.49,16.61,,,,,,,,,,,,,,,,,,0.44,,,2.713,,3.023,,,6.354,,,69.78,,,,55,529.1,268.1,81.37,3.92,1.3,2.5,3.63,1.56,3.6,,0.4517,,33,33,110,110,110,,,,,2.85,,,1.287,6.167,8.029,9.807,10.1,1.905,2.475,2.828,6.55,9.821,22,9.108,55,9.727,24.22,22,22,22,22,22,22,22,3.34,5.316,4.104,22,22,4.869,11,11,1.47,11,11,3.595,2.98,23.2,2.952,3.958,6.6,,5.722,10.5,9.163,7.046,22.22,5.966,33,9.801,8.401,18.6,33,22,22,16.66,38.25,23.97,33,33,13.36,33,,,,,7,4.6,,,4.846,13.85,15.98,38.47,15.18,44,44,10.83,,,,,10.63,,7.26,2.24,,,0.09,1.484,33.37,,1.183,20.51,77.09,48.83,12.53,26.4,15.28,2.789,10.91,3.943,5.399,3.237,73.14,21.69,31.31,12.31,6.166,5.33,13.32,10.87,10.86,21.62,2.25,3.608,16.49,57.93,0.9722,13.67,4.766,,48.08,35.32,0.7939,0.5499,1.523,0.7864,0.7577,6.627,1.816,1.271,1.594,48.28,33.86,38.42,32.81,,,,81.78,55,12.44,,,,,5.2,35.2,16.37,55,4.558,2.148,2.48,1.485,1.658,22,1.62,13.55,11.17,7.73,44,44,44,16.42,6.167,24.58,,55,,55,,,,,,,18.52,66.54,47.17,12.69,10.85,17.21,,77.92,,,16.58,,36.46,110,16.59,21.08,55,55,4,13.2,55,55,9.3,55,2,9.547,26.83,8.5,40.4,26.31,7.64,26.47,7.715,12.47,55,55,55,55,0.3203,0.8036,46.29,24.88,26.85,2.939,,3.059,,,,,,,,3.327,7.306,0.9127,11.33,5.14,4.198,,,,24.62,0.64,281.6,5.36,21.17,13.47,27.31,281.6,7.8,,,12.06,10.77,17.5,6.819,,,,7.817,5.061,12.59,2.818,8.8,,1.284,3.695,6.718,4.318,12.89,8.49,55,1.524,1.055,1.182,13.2,55,,55,,6.276,,0.2387,0.3785,55,5.764,4.08,3.978,20.53,24.64,18.22,,,23.93,189.5,3.532,40.99,2.15,2.83,3.45,11,5.68,11,188.7,30.01
155569-91-8,Emamectin benzoate,,,,,,,,,,,,,,,,,,,,,,,,,,,,,,,,,,,,,,,,,,,,,,,,,,,,,,,,,,,,,,,,,,,,,,,,,,,,,,,,,,,,,,,,,,,,,,,,,,,,,,,,,,,,,,,,,,,,,,,,,,,,,,,,,,,,,,,,,,,,,,,,,,,,,,,,,,,,,,,,,,,,,,,,,,,,,,,,,,,,,,,,,,,,,,,,,,,,,,,,,,,,,,,,,,,,,,,,,,,,,,,,,,,,,,,,,,,,,,,,,,,,,,,,,,,,,,,,,,,,,,,,,,,,,,,,,,,,,,,,,,,,,,,,,,,,,,,,,,,,,,,,,,,,,,,,,,,,,,,,,,,,,,,,,,,,,,,,,,,,,,,,,,,,,,,,,,,,,,,,,,,,,,,,,,,,,,,,,,,,,,,,,,,,,,,,,,,,,,,,,,,,,,,,,,17.95,24.62,29.21,,22.2,,,,,,,,,,,,,,,,,,,,,,,
35153-21-0,E-12-Tetradecen-1-ol acetate / E12-14:Ac,,12.3,,0.8284,1.059,,414.7,38.17,36.93,3.378,18.41,,,,,,,,,,,,55,55,55,31.9,55,55,5.741,55,55,55,1.014,8.08,1.586,0.4562,0.2784,0.808,4.4,0.65,,,,,0.77,,,12.89,22.18,20.63,2.505,17.4,25.29,26.14,18.68,53.78,13.23,44,,,,33,36.67,33,44.48,,,35.56,,,,,,,,18.04,14.64,15.28,9.825,,,,,,,,,,,,,,,,,,0.5201,,,0.4076,,0.108,,,5.78,,,92.38,,,,8.953,53.77,1100,43.7,,,,,,,,,,,,28.06,110,71.52,,,,,2.537,,,1.56,1.151,1.35,,,,,,4.4,4.4,4.4,,,,0.75,22,22,22,22,15.34,22,22,22,3.72,8.783,8.196,22,,,,,,,16.2,,,,,,,,2.83,7.708,4.354,15.8,3.189,24.53,11.34,33,22.98,33,8.208,12.86,22,34.45,33,33,33,33,33,,2.47,9,,5.7,5,,,,,,,,,,,,,,,10.63,6.55,7.515,2.482,,,0.09666,1.142,,,0.6584,,,,104.6,26.4,,,,,10.56,13.1,82.21,15.75,13.32,10.74,3.13,12.67,13.97,11.21,17.59,19.51,1.88,0.7803,19.37,,,16.32,3.9,,46.72,37.2,2.14,1.85,1.44,1.5,22,0.64,0.76,0.35,0.7,53,,,110,,,,72.49,,,,,,,30,29.5,18.13,38.5,4.851,3.81,2.5,5.55,,,,4.097,,13.58,44,44,44,23.39,10.68,88.91,,55,,,,,,,,,4,25.57,24.29,22.07,15.43,18.41,,,,,,,,110,15.99,13.26,21.39,55,4.412,15.46,55,33.08,10.18,55,2.572,8.375,13.41,7.731,25.11,26.13,6.999,3.557,16.76,,36.55,32.73,21.47,55,0.3281,2.503,36.15,34.97,13.72,2,6.3,7.5,,2.5,5.01,4.12,2.85,2.146,6.8,1.828,23.16,32.21,12.8,8.507,2.124,,,,13.97,0.21,281.6,18.92,33.91,48.29,281.6,182.2,,,,10.85,11.44,13.67,26.41,27.5,0.71,5.16,4.4,0.1699,,4.87,7.58,2.842,0.4912,3.387,4.4,55,,,55,0.4949,0.7638,13.2,6.648,,,,,,,1.206,0.1991,10.56,0.6278,8.582,3.765,18.16,22.77,17.09,,,,,,,,,,,,,,
30562-09-5,"(Z9,E11)‐tetradecadienyl acetate / Z9,E11–14:Ac",,,,0.8138,1.033,,414.7,38.17,36.93,3.268,18.8,5.34,3.41,3.68,33,4.29,12.5,9.8,4.266,11.6,6.401,,55,55,55,31.9,55,55,3.853,30.52,30.07,23.22,1.297,8.081,1.587,0.4565,0.2786,0.8084,4.4,0.65,,,,,0.77,,,10.98,20.07,17.87,2.8,17.73,26.08,24.03,18.89,59.53,14.15,44,,,,33,37.34,33,42.58,,,35.81,,,,,,,,18.04,18.39,13.07,10.85,,,,,,,,,,,,,,,,,,0.5719,,,0.4101,,0.1085,,,5.78,12.41,,106.7,,,,8.845,54.3,1100,43.54,,,,,,,,0.8,,,,33.36,110,75.53,,,,,3.069,,,1.56,1.394,1.35,,,1.56,2.23,2.54,4.4,4.4,3.201,,,,0.5483,22,22,22,22,15.46,22,22,22,3.72,8.936,8.349,22,3.11,5.34,1.43,0.28,2.67,11,6.67,1.2,8.65,0.5266,0.5869,,,,3.105,8.36,4.808,16.4,3.588,24.7,8.222,24.02,16.63,15.72,2.625,3.644,22,33.87,33,33,33,33,33,,2.47,,,5.7,5,,,,,,,,,,,,,,,10.63,4.439,7.067,2.56,,,0.09057,1.221,20.72,,0.6672,25.14,,,133.7,26.4,,,,,10.9,11.25,82.25,7.465,13.32,8.256,3.367,13.37,14.3,8.619,18.22,17.07,1.743,0.838,19.02,,0.9408,16.3,3.9,3.1,47.84,37.38,1.265,1.061,1.208,0.9704,2.923,0.5496,0.7497,0.3366,0.6967,49.36,,,18.17,28.1,24.2,44,17.64,,,,,,,30,29.5,17.91,37.82,4.79,3.81,2.5,5.355,,,,2.903,,13.58,44,44,44,23.39,10.25,9.348,,55,,,,,,,,,2.771,22.02,21.9,14.46,12.52,17.87,,,,,,,,110,15.41,12.71,20.8,55,5.081,19.41,55,31.89,11.6,55,3.694,8.783,26.83,8.5,40.4,26.31,7.64,3.343,16.76,,37.84,31.57,21.28,55,1.19,1.509,36.15,34.97,13.72,2,6.3,7.5,,2.5,4.372,2.39,1.907,1.632,0.975,2.272,22.54,44,13.01,6.819,2.145,9.9,8.6,3.1,45.75,0.1669,281.6,9.622,26.34,24.36,80.61,166.6,7.8,,,10.69,13.2,14.5,26.41,27.5,0.71,5.16,4.4,0.42,,4.87,7.58,3.82,1.15,3.24,4.4,55,,,55,0.4946,0.765,13.2,6.657,,,,,,,0.3398,0.3171,10.53,0.8517,8.663,3.913,17.97,23.06,16.24,,,,,,,2.15,2.83,3.45,11,5.68,11,,
1504-74-1,α-Metoxy-cinnamaldehyde,,,,,,,,,,,,10.7,33,8.59,12.7,33,,,,,,,,,,,,,3.6,9.1,9.5,12.4,2.8,,,,,,,,,,,,,,,,,,,,,,,,,,,,,,,,,,,,,,,,,,,,,,,,,,,,,,,,,,,,,,,,0.48,,,,,,,,,79.26,,,,,,21.45,1100,302.1,1100,,,,,,,,4.3,2.24,,,,,,,,,,,,,,8.67,,,,,,,,,,,,,,,,,,,,,,,,,,,,,,,,,,,11.56,20.36,,,,,,,,,,,,,,,,,,,,,,,,,,,,,,,,,,,,,,,,,,,,,,,,8.1,,,,,,,10.5,,,,,,,,,,,,,,,,,,,,,,,,,,11.1,9.7,,,,,,,,,,,,,19.54,16.22,10.85,37.5,16.1,44,48.33,,,,,,,,,,,,2.93,5.32,,,,,,,10.82,20.45,44,16.22,19.7,10,14.82,16.31,,,,,,,,,,,,,,,,,,,,,,,,,,,,,,,,,,,,15.49,22.87,25.97,26.84,21.2,26.03,,,,,,,,,,,,12,14.7,7.1,,,,,,,,,,,,,,10.3,12.1,8,,,,,,,,,,,,8.7,9.3,11,,,,,,,,,,,,,,,,,,,,,,,,,,,,,,,,,,,,,,,,,3.73,20.23,,,,,,,,
432-25-7,β-Cyclocitral,,,14.69,1.54,7.33,23.07,7.76,4.12,10.2,3.79,11.86,14.55,17.51,5.403,1.687,17.96,,,3.1,,4.2,,55,19,22.1,55,55,55,0.2869,1.244,8.082,0.8352,5.256,,,,,,,,,,,,,,,55,55,55,6.47,18.02,6.63,1.88,,,,17.7,,,,15.29,23.8,33,19.5,7.09,8.47,,4.7,7.61,5.8,6.56,11.63,8.11,18.03,7.34,,,,,,,,,,,,,,,,,,,,,0.54,,,,,,,,,30.06,,15.37,,,,,,,,,,,,,,2.7,0.1813,,,,32.1,110,110,5.15,3.62,,,,,,1.13,0.77,1.9,,,,,,7.67,22,22,13.2,28.9,5.32,7.13,22,22,22,22,22,22,22,22,22,22,22,22,,,,,,,,,,10.06,9.85,,,,,,,,,12.93,33,17.14,11.49,24.84,15.02,5.06,10.21,4.9,13.32,33,16.53,13.69,9.26,,,,,,,,,,,,,,,,,,,,,,,,,,1.292,,,12.59,,,7.92,,,,,,,,,,,49.36,,,,,,,,,,,6.66,20.15,,,,,,12.9,12.3,,,,,,,,,,6.9,4.3,4.47,5.735,35.6,9.7,44,5.36,55,55,,,,,,,,,,,,,,,,,9.22,,,,,,6.5,12.45,9.92,55,,,,,,,,0.26,8.97,,,,11.78,,25.12,40.69,10.6,51.28,4.37,110,5.79,15.51,3.43,2.47,7.14,,,,,,,,,5.06,,,,,,,,,21.5,22.2,6.1,55,,,,,,2.3,,6.3,13,9.1,,,,,,4.6,14.44,12.17,35.61,,,6.655,13.42,4.594,,,,,,,,,,,,,,,,,,,13.81,11.58,14.25,,16.79,,4.35,11.01,9.66,1.39,14.75,6.57,55,,,,,11.44,,5.07,,4.93,,,,55,,,,,,,,,,,,,,,,,,,41.89,219.9
23696-85-7,Damascenone,,,,,,,,,,,,,,,,,,,,,,,,,,,,,0.4,3,27,3.2,55,,,,,,,,,,,,,,,,,,,,,,,,,,,,,,,,,,,,,,,,,,,,,,,,,,,,,,,,,,,,,,,,,,,,,,,,,,,,,,,,,,,,,,,,,,,,,,,,,,,,,,,,0.88,1.22,7.04,,,,,,,,,,,,,22,22,22,22,22,22,22,22,,22,22,22,,,,,,,,,,,,,,,,,,,,,,,,,,,,,,,,,,,,,,,,,,,,,,,,,,,,,,,,,,,,,,,,,,,,,,,,,,,,,,,,,,,,,,,,,,,,,,,,,,,,,,,,,,,,,,,,,,,,,,,,,,,,,,,,,,,,,,,,,,,,21.11,,,,,,,,,,,,,,,,,,,,,,,,,,,,,,,,,,,,,,,,,,,,,,34.03,,,,,,,,,,,,,,,,4.43,,,,,,28.9,,35.4,,,,,,,,,,,,,,,,,,,,,,,,,,,,,,,15.85,,,,,,,,,,,,,,,,,,,,,,,,,,,,,,,,,
6485-40-1,(-)-Carvone,,9.93,,,,,,,,,22,,,,,,,,,,,,,,,,,,3,15.2,55,19.2,9.6,,,,,,22,22,,,,,6.79,,,,,,,,,25.8,13.47,,,,,,,11.28,,33,18.21,,,,,,,,,,,,44,29.68,13.87,,,,,,,,,,,,,,,,,,,,,,,,,,9.25,,,,4.06,,,55,123.2,1100,195.3,,1.36,2.28,,1.85,,,,,,,53.17,110,110,,,25.01,,,,,,,,,,,,,22,17.24,22,55,55,,11.8,22,22,22,22,22,22,22,22,22,17.35,22,22,11,11,11,5.36,11,11,,1.54,14.65,6.92,8.67,,,,,,,,,,,21.63,24.44,33,22,22,22,55,33,33,25.08,33,19.65,,,,,,,3.41,110,8.25,44,44,44,10.89,44,44,18.06,22.83,29.42,47.04,23.51,,,,,,,,,,,,,,,,,,,,,,,,,,,,,,,,,,,,,,14.64,,,55,30.9,,,,,,,,,,,110,110,,,,,,,,,,,,11,35.2,23.99,55,40.7,,,,,,,,,,,,,,,,,55,590.9,17.07,1.907,8.731,17.1,18.36,12.28,,18.28,,,,4.12,,,,,,18.23,,,,55,55,55,55,7,55,38.2,55,17.3,55,12.1,7.11,13.81,29.23,26.56,21.61,20.94,16.99,22.37,13.22,27.6,55,23.6,55,,35.2,,,,,,,,,,,,,,15.57,,,19.26,,,,,,,,,,,,,,,10.5,18,,,,28.52,,,,,,,,,,,,,1.57,,,55,21.22,,,,,,,,,,,,55,,,,,,,,,18.74,58.05,,,,,,,,,,
63408-44-6,(Z)‐7‐Eicosen‐11‐one,,9.714,,0.84,0.9256,,312.7,47.69,31.35,3.985,10.3,7.25,33,3.99,0.96,10.7,12.37,9.378,7.051,,,12.17,55,51.77,55,34.82,55,55,2.27,55,55,55,0.7397,3.169,1.328,2.207,1.735,1.607,4.948,0.9393,,,,,1.155,,,28.65,31.96,30.37,7.118,15.84,14.97,31.18,9.588,58.54,10.88,21.01,,,,25.63,27.25,33,55,,,34.87,,,,,,,,15.61,18.91,8.369,5.222,,,,,,,,,,,,,,,,,,0.429,,,0.5,,0.13,,,5.753,,,69.78,,,,43.2,4.599,63.77,7.61,3.92,1.3,2.5,3.63,1.56,3.6,,0.5656,,33,33,9.814,110,53.6,,,,,2.848,,,0.9116,1.221,1.567,9.807,10.1,1.419,2.123,2.414,4.29,4.173,2.635,10.92,38.01,6.729,0.2715,15.92,22,22,22,1.989,22,3.114,1.935,3.639,2.672,0.8352,10.15,3.186,6.332,2.221,0.4739,2.7,10.54,4.898,1.513,8.445,0.4318,0.4823,6.6,,5.8,2.98,33,4.24,17.41,1.35,20.39,8.136,17.21,10.35,9.837,0.6541,0.5012,18.43,55,27.61,33,33,15.82,33,,,,,7,4.6,,,4.495,13.14,14.65,37.8,13.45,44,44,9.29,,,,,10.63,3.817,6.205,1.989,,,0.08172,1.356,22.92,,0.7536,22.11,72.83,47.1,18.67,26.4,14.47,2.289,9.223,3.275,6.797,15.49,88.85,9.384,14.81,6.606,7.594,14.11,6.13,7.488,12.23,10.87,1.675,1.105,17.91,63.15,0.9579,13.21,5.022,,45.91,35.95,0.8004,0.5633,1.474,0.6408,0.4793,0.9908,0.6952,0.3462,0.6629,47.52,42.52,46.86,35.33,,,,71.7,55,16.86,,,,,4.629,35.2,42.01,46.39,5.122,3.81,2.5,1.694,1.658,22,1.62,10.81,,8.93,44,44,44,17.46,9.105,6.426,41.08,55,,55,,,,,,,5.575,66.54,47.17,12.69,10.73,17.08,,110,,,18.06,,65.41,110,26.24,25.75,34.35,55,4,13.2,55,55,9.3,55,2,6.097,26.83,8.5,40.4,26.31,7.64,7.727,7.874,12,13.22,25.13,7.325,55,0.3122,0.1693,45.92,24.63,26.16,3,,3.3,,,4.355,2.456,1.944,1.692,1.07,1.294,2.358,0.7601,6.242,5.172,2.234,,,,21.21,0.213,281.6,5.275,21.04,13.26,26.52,183.2,7.8,,,10.76,10.62,14.58,6.208,27.5,0.71,5.16,2.856,0.7255,,2.825,7.689,3.774,0.3681,1.726,3.789,2.994,12.89,8.49,55,0.715,0.8642,0.8988,6.813,19.53,,17.29,,6.285,,0.3829,0.3385,18.08,0.4994,10.88,6.727,14.13,24.75,27.87,,,18.66,46.38,2.632,40.52,2.15,2.83,3.45,11,5.68,11,153.3,37.14
109215-55-6,"(1RS,4aSR,7SR,7sRS)-nepetalactol",,,,,,,,,,,,,,,,,,,,,,,,,,,,,,,,,,,,,,,,,,,,,,,,,,,,,,,,,,,,,,,,,,,,,,,,,,,,,,,,,,,,,,,,,,,,,,,,,,,,,,,,,,,,,,,,,,,,,,,,,,,,,,,,,,,,,,,,,,,,,,,,,,,,,,,,,,,,,,,,,,,,,,,,,,,,,,,,,,,,,,,,,,,,,,,,,,,,,,,,,,,,,,,,,,,,,,,,,,,,,,,,,,,,,,,,,,,,,,,,,,,,,,,,,,,,,,,,,,,,,,,,,,,,,,,,,,,,,,,,,,,,,,,,,,,,,,,,,,,,,,,,,,,,,,,,,,,,,,,,,,,,,,,,,55,8.8,14.4,55,55,26.7,55,16.2,,,,,,,,,,,,,,,,,,,,,,,,,,,,,,,,,,,,,,,,,,,,,,,12.2,18.7,,,,,,,,,,,,,,,,,,,,,,,,,,,,,,,,,,,,,,,,,,,,,,,,,,,,,
928-92-7,4-hexen-1-ol,,,,,,,,,,2.79,22,,,,,,,,10.7,,,11.8,55,55,55,55,39.7,22.6,2.374,55,55,20.86,0.7264,16.06,1.718,33,33,33,,,,,,,,,,17.05,19.98,21.01,7.104,14.11,20.82,15.75,,,14.29,,,,,33,23.15,33,55,,,,,,,,,,,,13.39,4.392,2.123,,,,,,,,,,,,,,,,,,,,,0.5,,0.13,,,,,,,,,,47.96,75.87,454.5,34.6,,,,,,,,0.4517,,,,56.69,110,110,,,,,,,,4.957,7.2,8.09,9.93,9.94,1.429,2.13,2.423,22,9.53,4.502,9.278,55,11.44,0.512,22,22,22,22,22,22,22,22,,22,22,22,4.037,11,11,1.493,11,11,4.151,4.511,20.71,2.522,3.087,,,,,,,,,,,33,17.46,33,9.679,22,22,55,33,33,33,33,33,,,,,,,,,9.05,21.16,29.93,44,21.29,44,44,27.09,,,,,,3.95,6.02,2.36,,,0.22,1.644,55,,2.96,,,,13.08,4.039,15.37,3.074,11.96,4.309,3.213,1.981,70.2,4.897,32.95,11.06,4.626,5.654,3.677,3.188,12.94,9.374,1.723,2.251,16.21,113.1,0.97,15.71,4.766,,55,48.8,0.9,0.65,1.6,0.6055,0.4366,1.475,22,6.21,22,47.6,39.69,41.76,31.04,,,,47.33,55,9.801,,,,,,,21.78,55,3.785,,,1.86,1.658,22,1.62,16.59,,7.73,44,44,44,16.42,15.3,3.495,,55,,,,,,,,1.64,20.72,,,,6.99,17.45,,,,,,,,,55,17,22.7,55,8.2,30.8,55,39.5,27,55,13,89.75,,,,,,21.86,16.03,22.88,55,55,21.1,55,0.2332,0.1271,37.95,19.72,14.13,8,,,,,4.24,3.659,2.85,9.19,6.64,,,,71.64,4.368,2.737,,,,34.49,,,,,,,,,9.2,15.8,12.4,11,13.9,11.75,,,,1.97,0.1681,,,7.58,6.273,0.2455,1.3,2.157,55,,,15.67,0.6187,0.7491,0.9077,7.75,55,,8.07,,55,,0.3648,0.2299,14.4,0.4793,5.27,4.39,22.27,32.16,17.11,,,,,3.532,,,,,,,,,
1195-92-2,(-) -limonene oxide,,,,,,,,,,,,,,,,,,,,,,,,,,,,,,,,,,,,,,,,,,,,,,,,,,,,,,,,,,,,,,,,,,,,,,,,,,,,,,,,,,,,,,,,,,,,,,,,,,,,,,,,,,,,,,,,,87.87,64.39,226.8,,,,,,,,,,,,,,,,,,,,,,,,,,,,,,,,,,,,,22,22,22,22,22,22,22,22,,22,22,22,,,,,,,,,,,,,,,,,,,,,,,,,,,,,,,,,,,,,,,,,,,,,,,,,,48.08,50.94,26.48,37.81,,,,,,,,,,,,,,,,,,,,,,,,,,,,,,,,,,,,,,,,,,,,,,,,,,,,,,,,,,,,,,,,,,,,,,,,,,,,,,,,,,,,,,,55,40.85,,5.13,15.02,27.67,18.19,19.31,,,,,,,,,,,,,,,,,,,,,,,,,,,,,,,,,22.73,,,,,,55,,,,,,,,,,,,,,,,7.46,,,75.66,,,,,,,,,,,,,,,,,,,,21.6,,,,,,,,,,,,,,,,55,,,,,,,,,,,,,,,,,,,,,,,,,,,,,,,,,
26560-14-5,"(Z,E)‐α‐Farnesene",,5.781,,1.922,3.654,,174.3,6.474,20.69,5.44,22,,,,,,,,9.2,,1.8,,55,55,26.68,55,55,31.3,0.2433,2.302,26.25,1.421,9.072,20.1,20.1,,,,14.43,6.038,,,,,5.382,,,12.61,18.03,15.46,0.8712,13.3,15,9.061,,206.4,,13.83,26.3,9.5,39.1,16.7,20,21.23,10.42,11.18,13.79,,,,,,,,,10.63,30.25,5.399,2.041,7.83,21.1,18.4,10.7,27.6,9.43,23.1,12.6,15.7,13.9,7.94,13,4.17,6.59,18.9,21.7,11.9,0.5002,17.8,16.9,8.35,9.79,8.38,13.9,13.4,3.349,,,,4.13,,,,0.597,33.15,7.098,2.345,1.561,1.916,,1.597,,,1.514,,,,62.47,110,110,,,29.77,,1.522,,123,,,,,,,,,3.132,4.032,4.86,5.887,48.03,7.652,2.421,2.677,22,22,22,2.061,22,6.638,6.373,2.553,3.813,0.8882,22,11,11,11,2.085,11,11,,0.2271,1.149,1.641,3.146,,,,33,2.92,2.43,1.1,7.12,23.83,25.05,18.43,16.39,24.14,8.389,5.814,22,16.54,33,33,33,33,33,,,2.086,,7.2,2.9,6.96,110,4.639,8.914,24.33,4.429,8.317,44,44,9.198,14.21,44.92,38.93,29.37,,,,,,,,,55,10.93,,,16.59,,,17.58,,,,,12.44,44.06,69.43,32.27,32.45,7.921,11.06,10.89,16.79,38.5,,23.65,,11.77,,,,11.56,,5.4,55,20.99,,,,,,,4.781,5.182,9.358,45.59,22.88,25.5,13.45,44,21.8,44,31.91,55,23.5,,,,,6.598,25.68,55,55,86.5,,,22,,,,10.28,11,,,,,,13.38,,75.93,55,31.9,55,45.23,55,7.77,12.37,15.56,,7.686,,,,15.41,26.79,23.97,110,4.3,110,7.534,,25.57,110,6.25,0.9988,9.867,55,2.992,17.05,55,46.53,1.508,55,4.862,12.03,,,,,,13.19,5.516,18.27,16.79,22.42,5.947,55,0.7363,3.044,,,,2.087,,5.753,,6.501,,,,,,3.516,0.6324,0.3367,3.036,6.573,0.8657,33.1,34.5,,16.58,,,,,,,,11.2,8.9,6.4,9.7,8.6,1.076,7.967,,,,22,2.101,10.47,,9.185,23.92,6.309,36.89,44,2.549,13.46,10.4,33.53,5.876,,,,8.65,,10.7,,12.17,,25.7,1.163,55,2.004,,8.24,,,,12.82,14.38,,,6.826,37.58,,,,,,,42.25,98.17
306-08-1,Homovanillic acid / HVA,3.68,,98.44,,2.15,34.83,3.72,,,4.85,,,,,,,,,,,,,,,,,,,3.883,10.42,12.32,15.46,4.354,33,33,,,,,,,,,,,,,27.61,25.67,22.03,,,,28.32,,,,,,,,,,,,,,,,,,,,,,,,,,,,,,,,,,,,,,,,,,,0.09,,,,,,,,,170.5,,,,,,,,,,,,,,,,,4.7,,,,110,110,110,,,,,3.81,,,,8.67,,,,,,,,,,,,,,,,,,,,,,,,,,,,,,,,,,,11.56,20.36,,,7.4,,,,,,,,,,,,,,,,,,,,,,,,,,,,,,,,,,,,32.07,94.97,71.58,34.47,,,,,,8.1,,,,,,,88.87,,,,,,,,,,,,,,,,,,,,,,,36.5,,13.49,16.7,,,,,,,,,,,,,44.9,30.01,110,110,,,,32.15,,,,,,,,,,,,,,22,,,,,,,,,,,,,,,216.7,,,,,,2.95,,,,,,,,,,,,,,,,55,55,55,55,6.5,23.3,55,55,25.5,55,12.3,,,,,,,13.53,,,,,,,,,,,,2.904,,9.2,,,,,,,,,,,,,,10.3,12.1,8,,,,,,,,,,,,,,,,,,,,,,,,,,,,,,,,,,,,,,,,,,,,,,,,,,,,,,,3.73,20.23,,,,,,,,
303-45-7,Gossypol,,,,,,,,,,,1.14,,,,,,,,,,,,,,,,,,,,,,,,,,,,,,,,,,,,,,,,,,,,,,,,,,,9.05,,3.43,,,,,,,,,,,,4.3,,,,,,,,,,,,,,,,,,,,,,,,,,,,,,,,,,,,,,,,,,,,,,,,,,,,,,,,,,,,,,,,,,,,,,,,,,,,,,,,,,,,,,,,,,,,,,,,,,,,,,,,,,,,,,,,,,,,,,,,,,,,,,,,,,,,,,,,,,,,,,,,,,,,,,,,,,,,,,,,,,,,,,,,,,,,,,,,,,,,,,,,,,,,,,,,,,,,,,,,,,,,,,,,,,,,,,,,,,,,,,,,,,,,,,,,,,,,,,,,,,,,,,,,,,,,,,,,,,,,,,,,,,,,,,,,,,,,,,,,,,,,,,,,,,,,,,,,,,,,,,,,,,,,,,,,,,,,,,,,,,,,,,,,,,,,,,,,,,,,,,,,,,,,,,,,,,,,,,,,,
103-45-7,"acetic acid, 2-phenylethyl ester  / phenylethylester acetic acid / Phenethyl acetate",2.59,55,105,4.534,20.33,21.26,46.85,3.358,36.93,3.271,22,5.188,2.462,2.547,33,4.284,,,1.397,10.81,2.693,,55,33.68,55,37.66,36.05,24.59,55,55,55,55,55,10.18,5.926,0.4677,0.2868,0.8228,4.4,0.65,,,,,0.77,,,25.86,27.58,22.98,4.729,14.95,33,27.83,18.79,,22,,,,,22.45,55,33,43.94,,,,,,,,,,,,11.94,19.09,11.7,,,,,,,,,,,,,,,,,,0.58,,,12.9,,2.5,,,,16.26,,18.28,,279.5,422,8.07,60.35,450.4,40.81,,,,,,,,0.7275,2.52,,,110,110,110,,,12.36,13.89,,17.78,,5.02,8.53,,,,,,,4.55,4.573,4.724,12.61,19.17,1.771,1.502,22,22,22,22,22,22,22,22,22,22,22,22,,,,,,,,,,,,,,,18.2,33,33,33,33,23.72,15,17.16,18.82,33,22,22,22,32.6,33,33,33,33,33,,2.47,,,5.7,5,,,,,,,,,,,,,,,10.63,6.55,7.634,2.622,390,9,0.11,1.18,5.193,,0.68,14.54,70.51,37.19,66.6,26.4,,,,,15.27,16.9,83.65,22.32,,13.58,6.359,13.09,17.64,10.73,24.4,21.07,,0.9241,19.46,36.5,,14.86,3.35,3.487,55,30.2,2.14,1.85,1.44,1.5,22,0.64,,,,28.25,22.99,52.46,11.07,28.1,24.2,44,14.04,,,,,,,30,29.5,22.79,42.21,3.901,,,5.95,,,,3.896,,13.58,44,44,44,23.39,10.61,14.62,14.67,55,23.8,,5.47,55,22.21,17.5,56.93,,4,25.57,24.29,22.07,15.43,18.77,,,10.8,,,,26.5,110,16.93,14.16,22.35,55,6.259,21.48,55,36.44,21.57,55,11.78,8.407,18.09,4.64,23.86,19.17,9.514,5.846,16.61,19.63,29.61,37.25,23.66,55,0.1685,4.007,35.94,34.82,13.66,2.792,3.651,6.076,13.6,2.553,4.342,2.785,1.98,1.761,1.168,2.045,,,3.948,7.139,3.166,10.7,9.483,5.67,26.94,0.21,281.6,18.92,33.91,48.29,281.6,182.2,,,,10.8,13.2,17,11.2,27.5,0.71,5.16,6.089,0.1808,9.89,4.87,7.616,3.82,1.55,5.181,6.089,55,,9.52,55,0.4949,0.8209,13.2,7.061,10.25,,6.424,,8.966,,23.49,0.2043,43.06,0.9323,8.978,3.869,18.27,22.09,17.32,,,,,4.07,31.86,,,,,,,,
20780-49-8,"3,7-Dimethyloctyl acetate",,,,18.68,83.17,,414.7,38.17,36.93,3.3,22,16.8,33,33,33,13.6,,,1.562,13.32,1.164,,55,40.9,55,55,55,55,1.054,18.6,24.48,0.777,55,7.422,2.369,0.4677,0.2868,0.8228,4.4,0.65,,,,,0.77,,,12.79,22.27,20.61,3.609,16.75,33,29.66,18.67,,22,,,,,33,55,33,43.12,,,,,,,,,,,,22.5,18.42,11.32,,,,,,,,,,,,,,,,,,0.5256,,,12.9,,2.5,,,,,,82.33,,,,8.07,384.6,1100,42.35,,,,,,,,0.7,,,,110,110,110,,,24.6,,,,,,8.53,,,,,,,4.4,4.4,4.4,,,,0.75,22,22,22,22,16.48,22,22,22,,12.29,11.98,22,,,,,,,,,,6.38,6.64,,,,17.62,33,33,33,33,24.53,11.34,33,33,33,22,22,22,37.4,33,33,33,33,33,,2.47,,,5.7,5,,,,,,,,,,,,,,,10.63,6.55,7.634,2.622,,,0.11,1.18,,,0.6637,,,,72.31,26.4,,,,,16.74,16.9,83.68,,,12.17,7.642,13.42,18.42,10.19,26.38,20.56,,0.8712,19.44,,,13.78,2.57,4.7,46.3,40.55,2.14,1.85,1.44,1.5,22,0.64,,,,53,,,110,,,,72.49,,,,,,,30,29.5,18.51,39.65,3.811,,,22,,,,8.723,,13.58,44,44,44,23.39,10.61,88.91,,55,,,,,,,,,5.221,25.57,24.29,22.07,15.43,18.77,,,,,,,,110,12.31,9.809,17.51,55,9.7,55,55,34.5,21.1,55,19.4,7.659,,,,,,4.339,16.76,,29.39,43.26,29.15,55,0.1658,3.816,36.15,34.97,13.72,2,6.3,7.5,,2.5,4.342,2.785,1.98,1.761,1.168,1.816,,,6.634,9.215,2.382,11.6,9.5,17.7,,0.21,281.6,18.92,33.91,48.29,281.6,182.2,,,,10.8,13.2,17,26.41,27.5,0.71,5.16,3.19,0.2905,,4.87,7.58,3.82,0.4216,3.19,3.19,55,,,55,0.4949,0.8209,13.2,7.061,,,,,,,23.49,0.2419,12.46,0.9792,10.15,3.782,18.34,21.91,18.28,,,,,,,,,,,,,,
123-66-0,"hexanoic acid, ethyl ester  / ethyl hexanoate",,11.97,,0.84,2.007,,312.7,47.69,31.35,3.351,17.89,4.528,3.381,1.45,2.244,2.478,0.06,,2.659,7.3,1.995,11.8,55,29.92,55,55,41.97,31.19,55,55,55,55,2.001,13.3,6.613,9.44,10.01,7.067,22,22,,,,,22,,,42.65,40.33,36.55,2.368,13.31,23.3,9.062,8.092,76.14,11.08,19,,,,33,36.36,33,55,,,30.47,,,,,,,,16.07,11.05,14.47,8.998,,,,,,,,,,,,,,,,,,0.44,,,0.4282,,0.09744,,,5.611,12.58,,76.68,,,,6.937,5.831,64.01,4.713,,,,,,,,0.4476,2.88,33,33,46.96,110,110,,,12.36,13.89,2.648,,,0.8954,2.953,2.627,9.807,10.1,2.88,3.07,3.53,6.983,10.7,22,7.521,34.81,5.934,26.33,22,22,22,22,8.1,22,15.41,7.342,3.046,22,3.945,22,5.23,11,11,1.98,11,11,7.478,3.165,25.84,3.069,3.379,,,,5.762,1.107,3.152,15.41,33,24.53,11.34,8.935,21.77,33,10.45,22,17.81,43.92,19.51,33,33,13.81,33,,,,,,,,,6.45,11.08,15.24,44,10.73,44,44,8.573,,,,,10.63,6.55,7.474,2.435,,9,0.0877,1.077,12.51,,0.8114,14.83,86.85,,13.08,26.4,15.95,2.707,10.62,3.892,35.04,18.72,75.47,14.6,12.08,8.166,20.48,9.952,26.74,19.22,39.37,13.88,2.25,3.634,16.42,58.09,,10.72,3.477,2.765,49.22,34.75,2.133,1.881,1.449,1.004,1.101,1.643,1.132,0.7178,0.9631,53,42.33,41.94,17.32,28.1,24.2,44,24.61,55,10.65,,,,,5.2,35.2,21.15,43.89,5.07,3.486,2.188,1.127,1.658,22,1.62,15.28,,7.73,44,44,44,16.42,6.2,58.11,,55,,,,,,,,,,,,,,20.86,,110,,,18.56,,69.87,110,33.36,9.37,55,55,4,13.2,55,55,9.3,55,2,5.822,12.67,8.338,24.16,26.27,7.506,6.492,5.407,12.18,13.34,25.14,5.958,55,0.3072,7.043,36.15,34.97,13.72,7.994,3.7,3.158,13.6,5.5,,,,,,1.776,2.792,1.012,7.564,9.21,2.934,9.536,8.6,3.1,32.45,0.21,281.6,18.92,33.91,48.29,281.6,182.2,,,,11.91,10.84,17.5,7.551,27.5,0.71,5.16,15.54,7.327,,2.923,,,0.9478,2.965,11.29,2.664,12.89,8.49,55,1.172,0.6555,4.742,6.794,55,,55,,5.82,,2.115,0.611,55,2.258,6.231,4.385,21.01,25.52,20.75,,,,,3.582,40.78,,,,,,,155.5,35.05
5454-28-4,Butyl heptanoate,,12.09,,0.84,1.824,,312.7,47.69,31.35,3.349,17.29,5.077,2.404,3.652,5.035,4.373,16.3,13.1,3.976,14.9,1.304,11.68,55,30.09,55,55,55,31.08,55,55,55,55,1.622,9.327,2.664,0.4371,0.2643,0.8107,5.68,1.258,,,,,1.517,,,34.53,38.36,39.46,1.932,14.19,22.27,23.51,8.519,65.07,10.98,24.74,,,,33,34.88,33,55,,,32.76,,,,,,,,16.07,10.16,15.57,9.366,,,,,,,,,,,,,,,,,,0.3687,,,0.3552,,0.06879,,,5.586,12.3,,75.34,,,,55,4.293,65.16,6.024,,,,,,,,0.4652,,33,33,56.87,110,110,,,12.36,13.89,2.807,,,1.069,2.621,2.155,9.807,10.1,2.88,3.07,3.53,6.049,6.831,7.979,8.097,36.76,6.367,1.738,22,22,22,22,7.01,22,15.22,7.063,2.607,11.63,3.002,22,4.61,11,11,1.503,11,11,8.683,2.814,23.96,4.003,4.095,6.6,,5.8,6.54,2.98,6.58,21.17,33,33,33,8.834,21.54,33,10.16,22,17.7,36.6,19.24,33,33,13.51,33,,,,,7,4.6,,,5.354,11.94,14.95,40.25,11.13,44,44,8.792,,,,,10.63,6.55,7.364,2.311,,,0.08919,1.061,8.676,,0.7794,13.67,72.99,,13.6,26.4,15.6,2.604,10.26,3.726,19.87,15.19,74.24,19.58,13.91,11.84,11.04,10.5,14.59,38.5,32.97,17.52,2.25,1.114,17.41,55.31,,14.57,3.199,3.345,47.75,36.29,2.134,1.876,1.448,1.151,1.562,0.65,1.303,0.7212,1.124,50.67,49.57,53.76,9.185,28.1,24.2,44,10.79,55,10.69,,,,,5.2,35.2,20.26,45.04,5.203,3.575,2.273,1.127,1.658,22,1.62,15.28,,8.566,44,44,44,17.04,6.283,23.29,,55,,55,,,,,,,21.85,,,,12.51,18.24,,110,,,18.9,,27.87,110,32.19,25.73,55,55,4,13.2,55,55,9.3,55,2,5.645,12.58,8.43,24.04,26.29,7.582,4.921,6.028,12.05,15.01,26.13,8.07,55,0.307,6.194,37.32,28.41,14.92,3.237,3.7,3.06,13.6,5.5,4.342,2.786,1.98,1.762,1.169,1.332,3.087,1.109,8.184,9.21,2.634,9.597,8.6,3.1,29.22,0.21,281.6,18.92,33.91,48.29,281.6,182.2,,,,11.6,10.76,17.5,6.727,27.5,0.71,5.16,15.54,7.327,12.59,3.11,7.585,3.82,0.9868,4.24,6.976,2.654,12.89,8.49,55,0.5275,0.8297,13.2,6.833,55,,55,,5.82,,2.625,0.5042,55,3.442,4.995,3.929,20.99,24.84,17.85,,,23.93,189.5,3.506,39.63,,,,,,,160.6,31.71
106-32-1,"octanoic acid, ethyl ester / Ethyl octanoate ",,12.17,,0.84,1.845,,312.7,47.69,31.35,3.326,17.68,4.828,2.358,1.724,1.38,2.819,0.06308,13.1,4.41,7.3,2.169,11.68,55,29.96,55,55,41.84,31.26,55,55,55,55,8,13.55,4.335,33,33,33,22,22,,,,,22,,,42.46,40.03,35.43,2.249,14.45,22.92,55,7.964,71.92,10.98,18.6,,,,33,35.77,33,55,,,30.64,,,,,,,,15.87,10.15,14.08,8.822,,,,,,,,,,,,,,,,,,0.3682,,,0.3613,,0.07104,,,5.624,12.18,,72.33,,,,6.895,4.43,63.66,6.368,,,,,,,,0.4485,2.88,33,33,47.09,110,110,,,12.36,13.89,2.85,,,0.9156,2.586,2.437,9.807,10.1,2.88,3.07,3.53,6.683,11.07,22,8.123,36.85,6.387,25.95,16.58,22,22,22,2.446,22,4.138,2.435,2.669,4.356,0.9795,12.48,4.608,11,11,1.503,11,11,7.145,2.809,23.95,3.996,4.087,6.6,,5.8,5.643,1.074,3.099,15.16,33,23.84,10.24,8.834,21.54,33,10.22,22,17.7,43.92,19.24,33,33,13.51,33,,,,,7,4.6,,,5.576,11.36,15.09,40.77,10.64,44,44,8.758,,,,,10.63,,7.26,2.24,,,0.08779,1.05,14.16,,0.7868,14.94,73.07,,13.26,26.4,15.6,2.604,10.26,3.726,24.46,17.73,75.09,18.09,12.73,8.737,12.79,9.338,17.28,19.8,33.61,13.92,2.25,3.608,16.71,55.32,,18.79,3.485,2.79,48.69,34.58,2.133,1.879,1.449,1.003,1.079,1.749,1.313,0.7278,1.134,50.33,42.75,43,15.55,28.1,24.2,44,23.13,55,10.73,,,,,5.2,35.2,20.21,45.07,5.044,3.51,2.211,1.17,1.658,22,1.62,22,,7.73,44,44,44,16.42,6.448,23.34,,55,,55,,,,,,,21.85,,,,12.51,20.22,,110,,,18.85,,28.03,110,32.15,10.19,55,55,4,13.2,55,55,9.3,55,2,5.587,13.21,7.867,24.86,26.16,7.113,5.166,6.034,12.06,13.8,25.01,7.112,55,0.3071,6.736,40.71,28.36,19.4,2.904,3.7,2.976,13.6,5.5,,,,,,1.596,2.545,0.8203,7.437,9.21,3.002,9.245,8.6,3.1,29.24,0.21,281.6,18.92,33.91,48.29,281.6,182.2,,,,11.61,10.76,17.5,6.724,27.5,0.71,5.16,15.54,7.327,12.59,2.895,8.8,,0.9478,2.965,11.29,2.866,12.89,8.49,55,1.173,0.6584,4.577,6.84,55,,55,,5.82,,1.918,0.611,55,2.258,6.149,4.431,20.88,25.34,21.87,,,23.93,189.5,3.506,39.63,,,,,,,160.9,31.57
106-33-2,"dodecanoic acid, ethyl ester, Ethyl dodeconoate / Ethyl laurate",,12.17,,0.84,1.845,,312.7,47.69,31.35,3.326,17.68,4.828,2.358,1.724,1.38,2.819,0.06308,13.1,4.41,7.3,2.169,11.68,55,29.96,55,55,41.84,31.26,55,55,55,55,1.955,13.55,4.335,33,33,33,22,22,,,,,22,,,42.46,40.03,35.43,2.249,14.45,22.92,10.32,7.964,71.92,10.98,16.5,,,,33,35.77,33,55,,,30.64,,,,,,,,15.87,10.15,14.08,8.822,,,,,,,,,,,,,,,,,,0.3682,,,0.3613,,0.07104,,,5.624,12.18,,72.33,,,,6.895,4.43,63.66,6.368,,,,,,,,0.4,2.88,33,33,47.09,110,110,,,12.36,13.89,2.645,,,0.9156,2.586,2.437,9.807,10.1,2.88,3.07,3.53,6.683,11.07,22,8.123,36.85,6.387,25.95,16.58,22,22,22,2.446,22,4.138,2.435,2.669,4.356,0.9795,12.48,4.608,11,11,1.503,11,11,7.145,2.809,23.95,3.996,4.087,6.6,,5.8,5.643,1.074,3.099,15.16,33,23.84,10.24,8.834,21.54,33,10.22,22,17.7,43.92,19.24,33,33,13.51,33,,,,,7,4.6,,,5.576,11.36,15.09,40.77,10.64,44,44,8.758,,,,,10.63,,7.26,2.24,,,0.08779,1.05,14.16,,0.7868,14.94,73.07,,13.26,26.4,15.6,2.604,10.26,3.726,24.46,17.73,75.09,18.09,12.73,8.737,12.79,9.338,17.28,19.8,33.61,13.92,2.25,3.608,16.71,55.32,,10.73,3.3,2.79,48.69,34.58,2.133,1.879,1.449,1.003,1.079,1.749,1.313,0.7278,1.134,50.33,42.75,43,15.55,28.1,24.2,44,23.13,55,10.73,,,,,5.2,35.2,20.21,45.07,5.044,3.51,2.211,1.11,1.658,22,1.62,22,,7.73,44,44,44,16.42,6.448,23.34,,55,,55,,,,,,,21.85,,,,12.51,20.22,,110,,,18.85,,28.03,110,32.15,10.19,55,55,4,13.2,55,55,9.3,55,2,5.587,13.21,7.867,24.86,26.16,7.113,5.166,6.034,12.06,13.8,25.01,7.112,55,0.3071,6.736,40.71,28.36,19.4,2.904,3.7,2.976,13.6,5.5,,,,,,1.596,2.545,0.8203,7.437,9.21,3.002,9.245,8.6,3.1,29.24,0.21,281.6,18.92,33.91,48.29,281.6,182.2,,,,11.61,10.76,17.5,6.724,27.5,0.71,5.16,15.54,7.327,12.59,2.895,8.8,,0.9478,2.965,11.29,2.866,12.89,8.49,55,1.173,0.6584,4.577,6.84,55,,55,,5.82,,1.918,0.611,55,2.258,6.149,4.431,20.88,25.34,21.87,,,23.93,189.5,3.506,39.63,,,,,,,160.9,31.57
124-10-7,"tetradecanoic acid, methyl ester / Methyl myristate / Methyl tetradecanoate",,12.11,,0.84,1.632,,312.7,47.69,31.35,3.487,17.76,5.576,2.786,3.737,1.915,4.481,16.3,13.1,4.192,,5.2,11.68,55,30.2,55,55,55,31.1,55,55,55,55,1.476,10.06,2.255,33,33,33,22,22,,,,,22,,,42.42,40.75,36.22,2.532,13.04,23.01,40.75,8.682,62.6,11.01,20.87,,,,33,29.82,33,55,,,32.02,,,,,,,,15.82,10.41,14.07,8.81,,,,,,,,,,,,,,,,,,0.3676,,,0.3684,,0.07363,,,5.686,12.7,,70.99,,856.8,573.6,55,4.33,66.01,6.094,,,,,,,,0.8,,33,33,46.27,110,110,,,,,2.808,,,0.9152,2.856,2.768,9.807,10.1,2.88,3.07,3.53,6.671,11.08,22,8.152,36.95,6.408,25.89,15.79,22,22,22,1.923,22,3.134,1.948,2.741,3.217,0.7572,11.23,3.782,7.523,3.763,0.7009,5.225,10.48,6.106,2.805,23.94,3.989,4.078,6.6,,5.8,5.634,1.072,3.095,15.14,33,33,33,8.834,21.54,33,10.28,22,17.7,43.92,19.24,33,33,13.51,33,,,,,7,4.6,,,5.245,12.39,14.9,40,11.5,44,44,8.839,,,,,10.63,,7.26,2.24,,,0.08637,1.285,55,,0.7743,28.07,73.15,,13.23,26.4,15.6,2.604,10.26,3.726,21.89,10.7,74.43,29.46,32.95,38.5,11.95,6.503,15.94,38.5,33.61,15.16,2.25,3.608,16.51,45.64,1.26,11.78,3.5,3.1,47.88,34.11,0.9794,0.7092,1.305,0.7864,0.7577,6.627,1.325,0.7349,1.145,48.79,61.84,65.57,34.12,28.1,24.2,44,78.86,55,10.76,,,,,5.2,35.2,20.15,45.1,4.956,3.81,2.5,1.7,1.658,22,1.62,22,,7.73,44,44,44,16.42,6.434,23.4,,55,,55,,,,,,,21.85,,,,12.51,18.43,,110,,,18.81,,28.21,110,29.44,19.21,55,55,3.632,11.79,55,55,7.611,55,1.394,5.66,13.33,7.782,25.01,26.14,7.042,4.914,6.041,12.06,13.62,24.61,7.092,55,0.3072,1.022,42.06,28.38,21.38,3,,3.3,,,,,,,,1.327,2.131,0.6469,8.734,9.21,3.241,9.9,8.6,3.1,29.27,0.21,281.6,18.92,33.91,48.29,281.6,182.2,,,,11.62,10.76,17.5,6.721,27.5,0.71,5.16,15.54,7.327,12.59,2.769,8.8,,0.9553,2.98,11.28,2.653,12.89,8.49,55,1.252,0.679,4.019,6.953,55,,55,,5.82,,0.8409,0.6159,55,2.281,5.339,4.095,20.65,24.66,20.02,,,23.93,189.5,3.506,39.62,,,,,,,161.2,31.42
628-63-7,Amyl acetate / pentyl acetate,,12.37,,1.564,5.118,,313,38.14,31.37,3.316,22,4.959,3.454,3.625,33,4.456,,,3.196,14.9,1.43,11.8,55,34.1,55,38.08,55,40.78,55,55,55,55,1.893,8.198,1.654,0.4553,0.2774,0.8323,3.777,0.5306,,,,,0.6769,,,55,55,55,7.33,20.23,33,28,13.4,59.86,13.1,26.67,,,,33,30.71,33,55,,,32.64,,,,,,,,16.27,44,77,44,,,,,,,,,,,,,,,,,,0.4404,,,1.367,,0.3374,,,5.613,12.28,,81.97,,,,8.947,8.707,87.42,6.609,3.92,1.3,2.5,3.63,1.56,3.6,,0.5139,,33,33,110,110,110,,,12.36,13.89,2.827,,,1.101,3.453,2.16,9.807,10.1,2.88,3.07,3.53,4.495,4.633,4.92,7.987,36.39,6.284,0.7056,22,22,22,22,22,22,22,22,2.958,8.985,8.398,22,5.083,11,11,1.975,11,11,6.376,2.561,24.23,2.515,3.022,,,,7.186,5.971,7.73,27.44,33,24.53,11.34,8.932,21.77,33,22,22,17.8,28.06,26.68,33,33,13.81,33,,2.47,,,5.7,5,,,6.378,12.28,15.44,44,11.36,44,44,8.839,,,,,10.63,6.55,7.495,2.459,,,0.09882,1.078,7.574,,0.6663,14.83,86.63,48.83,21.44,26.4,15.49,2.968,11.57,4.191,15.28,13.33,81.61,14.74,15.25,11.57,5.869,9.933,15.85,38.5,23.5,19.36,2.25,0.8696,18.15,59.51,,18,3.197,3.273,46.3,36.23,2.134,1.874,1.447,1.245,3.534,0.4,3.6,2.59,3.43,53,40.79,45.15,10.14,28.1,24.2,44,11.4,55,10.69,,,,,6.215,29.06,16.44,40.98,5.124,3.81,2.5,1.216,1.658,22,1.62,3.385,,9.571,44,44,44,18.26,7.729,62.9,,55,,,,,,,,,3.212,25.57,24.29,22.07,14.15,17.32,,110,,,18.54,,47.06,110,21.9,17.02,27.2,55,3.676,11.52,55,36.46,8.601,55,1.61,5.872,13.27,7.827,24.93,26.15,7.08,5.026,6.83,12.41,55,55,55,55,0.3068,4.9,35.47,28.83,13.24,1.79,3.892,3.745,13.6,2.347,4.354,2.735,1.947,1.698,1.079,1.293,2.313,0.6451,12.42,8.553,2.379,9.301,8.6,3.1,19.45,0.21,281.6,18.92,33.91,48.29,281.6,182.2,,,,10.33,11.09,14.43,7.271,27.5,0.71,5.16,3.584,0.28,,4.114,7.58,3.82,0.3955,4.4,3.562,3.288,12.89,8.49,55,0.3876,0.8433,13.2,6.952,55,,55,,4.675,,22.36,0.246,11.47,0.9565,5.539,3.552,18.59,22.24,19.63,,,,,3.185,40.78,,,,,,,164.2,30.23
84-69-5,diisobutyl phthalate,3.97,55,150.3,8.45,49.19,64.18,30.31,6.992,38.65,3.667,22,6.617,3.13,3.316,33,4.612,,,1.448,11.39,1.469,,55,35.93,55,55,27.45,55,,,,,,12.8,4.623,,,,,,,,,,,,,9.537,14.03,12.47,8.17,9.68,33,27.68,,,22,,,,,33,55,33,39.91,,,28.26,,,,,,,,,7.18,,,,,,,,,,,,,,,,,,,,0.58,,,12.9,,2.5,,,,26.77,,106.7,,,,,58.17,442.5,305.8,,,,,,,,0.6893,,,,60.01,110,110,,,12.36,13.89,,17.78,,,,,,,,,,9.42,10.53,22,12.1,18.1,1.42,35.22,22,15.04,13.84,7.693,22,22,22,22,22,22,22,22,,,,,,,,,,,,,,,,,,,,,,21.11,20.79,21.51,22,22,22,39.5,33,33,33,33,33,,,,,,,,63.7,7.01,16.04,27.53,44,10.99,44,44,11.25,,,,,,,,,,9,,,3.272,,,14.83,32.36,37.19,,26.4,,,,,28.8,77.31,73.07,,,9.81,18.66,,25.4,38.5,38.19,20.25,,7.55,,36.5,,13.82,2.7,3.455,50.74,30.26,,,,,,,,,,44.9,20.6,110,12.18,28.1,24.2,44,12.62,,,,,,,,,22.61,55,29.5,,,4.867,,,,2.233,,,,,,,10.07,,14.67,30.89,,,,,,,,,,,,,,39.22,,,,,,,,,55,55,55,55,6.5,23.3,55,55,25.5,55,12.3,18.79,,,,,,55,33.42,19.63,39.59,36.7,28.2,38.97,,,,,,10,,7.5,,,,,,,,,,,3.146,203.1,9.26,9.671,8.829,5.937,34.21,,,,,,,,,11,13.5,,,,11.92,,,,,,,,,,,,,55,,,8.854,,,,,,,,,,,,,45.94,,16.43,9.62,23.21,20.13,31.74,,,,,4.07,31.86,,,,,,,,
89-74-7,"1-(2,4-Dimethylphenyl)-ethanone / 2',4'-Dimethylacetophenone",2.64,,,,,,,,,,22,,,,,,0.14,,,,,,,,,,,,,,,,,,,,,,,,,,,,,,,55,55,55,15.58,14.81,33,34.94,15.49,,,26,,,,18.95,,33,55,,,,,,,,,,,,,,,,,,,,,,,,,,,,,,,,,,,,,,,,,,,,,,,,,,,,,,,,,,,2.52,,,110,110,110,,,34.28,,,,117,,,,,,,,,,,,,,,,22,22,22,22,22,22,22,22,,22,22,22,,,,,,,,,,,,,,,,,,,,,,15.29,17.56,33,22,22,22,30.7,33,33,33,33,33,,,,,,,,,,,,,,,,,,,,,,,,,,,,,12.97,,,,,22.91,,,,,,,,,,,,,,,,,,,,,,,,21.57,12.9,,,,,,,,,,,,,,,,,,,,,,,56.11,13.02,118.1,6.69,,,55,55,,,,22,,,,,,,,,,,,,,55,,,,,,,,,,,,,,,24.78,,10.8,,,,,,,,,,,,,,,,,,18.01,55,36.23,24.63,27.87,,,,29.3,27.8,23.1,55,,,,,,,,,,,,,,,,,,,30.86,,,,,,,,,,,,,,,,,,,,11.53,,,,,,9.89,,8.03,,,,,55,,9.52,55,,,,,,,,,,,,,,,,,,,,,,,,,,,,,,,,9.06,13.24
1195-79-5,(-)-Fenchone,,,,,,,,,,,,,,,,,,,,,,,,,,,,,,,,,,,,,,,,,,,,,,,,,,,,,,,,,,,,,,,,,,,,,,,,,,,,,,,,,,,,,,,,,,,,,,,,,,,,,,,,,,,,,,,,,73.64,284.1,27.6,,,,,,,,,,,,50.83,110,110,,,,,,,,,,,,,,,,,,,,,,,22,22,22,22,22,22,22,22,,22,22,22,,,,,,,,,,,,,,,,,,,,,,,,,,,,,,,,,,,,,,,,,,,,,,,,,,20.11,111.1,25.61,34.65,,,,,,,,,,,,,,,,,,,,,,,,,,,,,,,,,,,,,,83.39,,,,,,,,,,,,,,,,,,,,,,,,,,,,,,,,,,,,,,,,,,,,,,8.2,28.91,,55,27.2,55,5.278,34.7,26.89,22.06,22.15,,,,,,,,,,,,,,,,,,,,,,,,,,,,,,,,,17.97,,,,,,55,,,,,,,,,,,,,,,,,,,2.55,,,,,,,,,,,,,,,,,11.8,11.8,18.7,42.79,,,,,,,,,,,,,,,,55,,,,,,,,,,,,,,,,,,,,,,,,,,,,,,,,,
6175-49-1,2-dodecanone,,12.25,,0.84,5.69,,312.7,47.69,31.35,3.849,22,5.039,2.614,1.568,0.7162,2.658,12.78,10.04,4.582,7.3,5.2,11.66,55,32.51,55,55,55,35.35,55,55,55,55,1.399,8.738,1.675,33,33,33,22,22,,,,,22,,,29.98,30.13,29.65,5.761,12.18,21.23,38.58,9.656,60.99,11.57,21.38,,,,33,21.74,33,55,,,36.31,,,,,,,,15.81,13.02,22.39,13.57,,,,,,,,,,,,,,,,,,0.3961,,,0.3963,,0.08435,,,5.809,12.7,,69.66,,,,55,3.5,50.09,4.812,3.92,1.3,2.5,3.63,1.56,3.6,,0.5264,2.88,33,33,49.73,110,110,,,,,2.85,,,0.8267,4.635,4.422,9.807,10.1,2.88,3.07,3.53,7.617,10.16,22,6.682,31.9,5.295,29.97,15.33,22,22,22,1.853,22,2.757,2.029,2.23,2.64,0.7968,10.48,4.938,11,11,1.479,11,11,4.671,3.017,23.14,3.965,4.048,6.6,,5.665,5.642,1.079,2.68,15.2,33,33,9.279,7.552,20.16,33,13.52,22,17.03,24.23,21.38,33,33,11.75,33,,,,,7,4.6,,,5.17,12.85,14.87,39.83,11.86,44,44,8.892,,,,,10.63,,7.26,2.24,,,0.08905,1.275,35.12,,0.7341,27.64,73.46,48.83,13.09,26.4,15.29,2.81,10.99,3.971,8.091,7,74.22,21.34,31.2,19.96,12.56,5.643,16.01,12.83,34.24,15.93,2.25,3.608,16.65,55.59,1.26,110,13.6,2.629,48.98,33.59,0.973,0.7029,1.308,0.7864,0.7577,6.627,1.119,0.6571,0.9829,48.81,43.85,48.24,34.03,28.1,24.2,44,78.95,55,10.9,,,,,5.2,35.2,19.94,45.21,4.923,3.81,2.5,4.45,1.658,22,1.62,10.66,11.17,7.73,44,44,44,16.42,6.385,23.6,,55,,55,,,,,,,18.45,66.54,47.17,12.69,11.06,18.27,,110,,,20.21,,29.91,110,28.61,21.87,55,55,4,13.2,55,55,9.3,55,2,5.376,13.49,7.672,25.22,26.11,6.95,5.197,5.128,11.97,15.45,20.01,7.36,55,0.3073,1.448,42.1,28.38,21.45,2.612,,2.907,,6.14,,,,,,1.146,1.164,0.6121,10.8,9.21,3.182,9.9,8.6,3.1,22.14,0.21,281.6,18.92,33.91,48.29,281.6,182.2,7.8,,,11.65,10.77,17.5,6.713,27.5,0.71,5.16,13.19,6.554,12.59,3.179,8.8,,0.9816,3.031,11.25,2.649,12.89,8.49,55,1.712,0.6924,3.871,7.028,20.54,,23,,4.23,,2.312,0.8786,55,2.363,10.12,5.235,17.43,24.82,22.8,,,23.93,189.5,3.978,38.26,,,,11,5.68,11,162.4,30.91
120068-37-3,fipronil,,,,,,,,,,,,,,,,,,,,,,,,,,,,,,,,,,,,,,,22,22,,,,,,,,,,,,,,,,,,,,,,,,,,,,,,,,,,,,,,,,,,,,,,,,,,,,,,,,,,,,,,,,,,,,,,,,,,,,,,,,,,,,,,,,,,,,,,,,,,,,,,,,,,,,,,,,,,,,,,,,,,,,,,,,,,,,,,,,,,,,,,,,,,,,,,,,,,,,,,,,,,,,,,,,,,,,,,,,,,,,,,,,,,,,,,,,,,,,,,,,,,,,,,,,,,,,,,,,,,,,,,,,,,,,,,,,,,,,,,,,,,,,,,,,,,,,,,,,,,,,,,,,,,,,,,,,,,,,,,,,,,,,,,,,,,,,,,,,,,,,,,,,,,,,,,,,,,,,,,,,,,,,,,,,,,,,,,,,,,,,,,,,,,,,,,,,,,,,,,,,,,,,,,,,,,18,31.02,25.89,,18.02,,,,,,,,,,,,,,,,,,,,,,,
95-16-9,"1,3-benzothiazole / benzothiazole",,,,,,,,,,,,,,,,,,,,,,,,,,,,,,,,,,,,,,,,,,,,,,,,,,,,,,,,,,,,,,,,,,,,,,,,,,,,,,,,,,,,,,,,,,,,,,,,,,,,,,,,,,,,,,,,,,,,,,,,,,,,,,,,,,,,9.82,7.31,,,,,,,,,,,,,,,,,,,,,,,,,,,,,,,,,,,,,,,,,,,,,,,,,,,,,,,,,,,,,,,,,,,,,,,,,,,,,,,,,,,,,,,,,,,,,,,,,,,,,,,,,,,,,,,,,,,,,,,,,,,,,,,,,,,,,,,,,,,,,,,,,,,,,,,,,,,,,,,,,10.37,,,,,,12.9,,,,,,,,,,,,,,,,,,,,,,,,,,,,,,,,,,,,,,,,,,,,,,,,,,,,,,,,,,,,,,,,,,,,,,,,,,,,,,,,,,,,,,,,,,,,,,,,,,,,,,,,,,,,,,,,,,,,,,,,,,,,,,,,,,,,,,,,,
128-39-2,"2,6-di-tert-butylphenol",,,,,,,,,,,,,,,,,,,,,,,,,,,,,,,,,,,,,,,,,,,,,,,,,,,,,,,,,,,,,,,,,,,,,,,,,,,,,,,,,,,,,,,,,,,,,,,,,,,,,,,,,,,,,,,,,,,,,,,,,,,,,,,,,,,,,,,,,,,,,,,,,,,,,,,,,,,,,,,,,,,,,,,,,,,,,,,,,,,,,,,,,,,,,,,24,,,,,,,,,,,,,,,,,,,,,,33.84,43.98,67.57,17.53,,,,,,,,,,,,,,,,,,,,,,,,,,,,,,,,,,,,,,,,,,,,,,,,,,,,,,,8.31,,,,80.92,,,,,,,,,,,,,,,,,,,,,,,,,11.8,,,55,33.8,,14.43,49.85,9.58,20.09,0.77,,,,,,,,,,,,,,,,,,,,,,,,,,,,,,,,,,,,19,55,9.5,55,,,,,,,,,,,,,,,,,,,,20.05,,,,,,,,,,,,,,,,,,,40.49,,,,,,,,,,,,,,,,55,20.43,,,,,,,,,,,,,,,,,,,,,,,,,,,,,,,,
106-44-5,4-methylphenol  / p-cresol,,,13.39,6.2,24.08,,14.34,7.58,11.04,1.35,,,,,,,,,1.9,1.1,4.2,1.2,,,,,,,,,,,,,,,,,,,,,,,,,,,,,,,,28.27,15.49,,,,,,,,,,,,,,,,,,,,,,,,,,,,,,,,,,,,,,,,,,0.82,,,,,,,,,,,,,,,,55.52,1100,276.2,,,,,,,5,0.5,,,,55.03,110,110,,,34.6,,,,52.5,,,,,,,,,9.44,8.06,22,16.7,9.2,1.42,46.6,,,,,,,,,,,,,,,,,,,,,,,,,1.9,,,,,,,33,13.34,,,,,,,,,,,,,,,,,,,,,4.71,27.7,15.13,44,7.63,44,44,4.96,,,,,,,,,,,,,,,,,,22.91,,,,,,,,,,,,,,,,,,,,,,,,13.95,12.9,,,,,,,,,,,,,53,,,,,,,,,,56.11,13.02,118.1,6.69,,,,,,,,,,,,22,,,,,,,,,,,34.32,,15.14,16.51,11.73,23.79,,,,,,,,,24.78,,4.1,,,,,,,,,,,,,,,,,20.7,18.01,55,36.23,24.63,27.87,29.82,,16.89,,,,,,,38.34,31.44,15.48,,,,,,,,,,,,,,,,,,,,,,,,,,,,,,,,,,,,,,,,,,,,,,,,,,,,,,,8.07,,55,,10.03,,,,,,,,,,,,,,,,,,,,,,,9.06,13.24
123-07-9,4-ethylphenol,,,13.39,6.2,24.08,,14.34,7.58,11.04,1.35,,,,,,,0.17,,1.9,1.1,4.2,1.2,,,,,,,,,,,,,,,,,,,,,,,,,,,,,,,,55,,,,,,,,,,,,,,,,,,,,,,,,,,,,,,,,,,,,,,,,,,,0.82,,,,,,,,,,,,,,,,,,,,,,,,,5,0.5,,,,,,,,,36.55,,,,,,,,,,,,,,,,,,,,22,22,22,22,22,22,22,22,,22,22,22,,,,,,,,,,,,,,,,,,,,,,,,,,,,,,,,,,,,,,,,,,,,,,,,,,,,,,,,,,,,,,,,,,58.47,,,,,,,,,,,,,,,,,,,,,,,5.54,,18.55,,,,,,,,,,,,,,53,,,,,,,,,,36.45,48.21,27.95,11.72,,,55,55,,,,,,,,22,,,,,,,,,,55,,,,,,,,,,,,,,,13.83,,,,,,,,,,,,,,,,,,,,14.68,24.68,23.26,25.61,19.65,,,,,,,55,,,40.3,37.94,14.82,,,,,,,,,,,,,,,,,,,,,,,,,,,,,,,,,,,,,,,,,,,,,,,,,,55,,,,,8.07,,55,,10.03,,,,55,,,,,,,,,,,,,,,,,,,,
2380-94-1,1H-indol-4-ol / 4-Hydroxyindole,,,,,,,,,,,22,,,,,,,,15.3,,,16.8,,,,,,,,,,,,,,,,,,,,,,,,,,27.12,22.42,24.65,14.5,13.13,33,25.41,,,,,,,,33,55,33,55,,,,,,,,,,,,,,,,,,,,,,,,,,,,,,,,,,,,,,,,,,,,,,,,,,,,,,,,,,,,,,,,,,,32.9,,6.15,,,,,,,,,,,,,,,,,,22,22,22,22,22,22,22,22,22,22,22,22,,,,,,,,,,,,,1.4,10.1,,,,,,,,,,,,,,,,,,,,,,,,,,,,,,,,,,,,,,,,,,,,,,,,,,,,,,,,,,,,,,,,,,,,,,,,,,,,,,,,,,,,,,,,,,,,110,110,,,,,,,,24.51,15.99,14.84,12.58,,,,,,,,,,,,,,,,,,,,,,55,,,,,,,,,,,,,,,,,,,,,,,,,,,,,,,,,,,10.87,55,19.66,21.25,22.03,,,,,,,55,,,,,,,,,,,,,,,,,,,6.53,,,,,,,,,,,,,,,,,,,,,,,,,,,,,,,,,,,,55,,,,,,,,,,,,,55,,,,,,,,,,,,,,,,,,,,
98-52-2,4-tert-butylcyclohexanol,,,,,,,,,,,,,,,,,,,,,,,,,,,,,,,,,,,,,,,,,,,,,,,,,,,,,,,,,,,,,,,,,,,,,,,,,,,,,,,,,,,,,,,,,,,,,,,,,,,,,,,,,,,,,,,,,62.07,617.3,471.7,,,,,,,,,,,,,,,,,,,,,,,,,,,,,,22,4.25,9.51,55,55,,2.56,,,,,,,,,,,,,,,,,,,,,,,,,,,,,,,,,,,,,,,,,,,,,,,,,,,,,,,,,,,,,,,,,,,,,,,,,,,,,,,,,,,,,,,,,,,,,,,,,,,,,,,,,,,,,,,,,,,,,,34.6,50.68,19.68,,,,,55,14,,,,,,,,,,,,22,,,,22,,,,,,,,,,,,,,,,,,,,,,,,,,,,,,,,,,,,,,,,,,,,54,,,,,,9.82,31.39,42.68,,,,,,,,,,,,,,,,,,,,,,,,,,,,,,,,,,,,,,,,,,,,,,,,,,,,,,,,,,,,,,,,,,,,,,,,,,,,,,,,,,,,,,,,,,,,
1490-04-6,2-isopropyl-5-methyl-cyclohexanol / Menthol / dl-Menthol,,,,1.84,16.93,,,,,4.34,,,,,,,20.2,13.9,4.6,,,5,,,,,,,,,,,,,,,,,,,,,,,,,,,,,,,,,,,,,,,,,,,,,,,,,,,,,,,,,,,,,,,,,,,,,,,,,,,,,,,,,,,,,,,,,,,,,,,,,,,,,,,,,,,,,,,,,,,,,,,,,,,,,,,,,,,,,,,,,,,,,,,,,,,,,,,,,,5.3,9.6,,,,,,,,,,,,,,,,,,,,,,,,,,,,,,,,,,,,,,,,,,,,,,,,,,,,,,,,,,,,,,,,,,,,,,,,,,,,,,,,,,,,,,,,22,5.63,22,,,,,,,,,,,,,,,,,,,,,,,,,,,,,,,,,,,,55,,,,,,,,,,,,,,,,,,,,,,,,,,,,,,,,,,,,,,,,,,,55,55,55,55,,,,,,,,,,,,,,,,,,,,,,,,,,,,,,,,,,,,,,,,,,,,,,,,,,,,,,,55,,,,,9.9,,55,,6.99,,,,,,,,,,,,,,,,,,,,,,,,
626-93-7,2-hexanol,,20.37,,,,,,,,2.79,22,,,,,,,,10.7,,,11.8,55,40.9,55,55,55,55,,,,,,10.02,1.525,33,33,33,22,22,,,,,11.71,,,45.36,55,37.09,6.22,33,33,40.59,,,14.29,,,,,33,22.2,33,55,,,55.13,,,,,,,,,44,48.59,44,,,,,,,,,,,,,,,,,,,,,12.9,,55,,,6.84,,,,,,,55,50.68,448.7,59.16,,,,,,,,0.4091,,,,110,110,110,,,,,,,,4.808,5.64,8.09,9.807,10.1,2.88,3.07,3.53,6.55,9.821,22,14.57,55,9.727,20.81,8.954,22,22,22,22,22,3.705,2.565,,22,4.705,22,3.628,11,11,1.861,11,11,4.14,3.181,25.92,2.28,2.86,,,8.1,15.01,33,33,33,33,33,9.33,13.97,7.109,33,22,22,22,18.83,33,33,33,33,33,,,,,,,,,9.05,21.16,29.93,44,21.29,44,44,27.09,,,,,,,,,,,,,55,,,,86.85,,13.08,11.16,15.37,3.078,11.98,4.315,7.101,1.22,71.93,31.78,32.95,12.31,6.858,5.102,16.41,10.87,33.67,21.62,2.25,3.634,16.42,52.31,,29.27,4.766,,40.58,37.74,,,,0.7864,0.7577,6.627,,,,,31.08,32.56,39.08,,,,57.95,55,15.92,,,,,,,17.36,55,4.4,2.12,2.48,22,1.658,22,1.62,22,11.17,7.73,44,44,44,16.42,7.029,58.11,,55,,,,,,,,,,,,,36.57,,,59.3,,,22.36,,16.93,,55,8.894,55,,,,,,,,,8.628,,,,,,8.368,12.9,12.79,55,55,55,55,,35.2,40.27,9.84,12.25,,,,,,,,,,,17.82,44,0.96,19.66,,7.142,,,,32.45,,,,,,,,,,,11.9,10.82,17.5,7.811,,,,22,,12.59,3.266,,,25.99,44,44,55,12.89,,55,1.062,13.2,2,13.2,,,,,,,,,55,,6.402,3.935,13.4,27.74,19.61,,,,,3.532,,,,,,,,195,37.22
2425-77-6,2-Hexyl-1-decanol,,13.01,,,10.01,,312.7,47.69,31.35,2.823,22,7.25,33,3.99,0.96,10.7,16.3,13.1,7.201,,,11.44,55,40.9,55,55,55,55,55,55,55,55,1.399,11.84,1.271,33,33,33,22,22,,,,,11.47,,,47.42,37.66,47.23,4.99,17,21.63,9.215,9.334,,13.66,16.5,,,,33,22.2,33,55,,,,,,,,,,,15.55,15.24,6.195,3.15,,,,,,,,,,,,,,,,,,0.44,,,12.9,,55,,,6.84,,,69.78,,,,55,11.6,363.4,27.2,,,,,,,,0.4517,,33,33,67.87,110,110,,,24.6,,2.85,,,1.182,21.6,8.026,9.807,10.1,1.789,2.395,2.734,6.666,10.34,22,12.12,55,10.12,24.53,2.8,22,22,22,22,22,0.37,0.28,4.443,22,0.64,22,3.763,11,11,1.389,11,11,3.865,2.965,23.62,2.805,3.262,6.6,,6.624,13.07,33,16.46,25.05,13.11,33,33,10.18,11.91,33,22,22,18.45,26.08,27.65,33,33,14.64,17.65,,,,,7,4.6,,,5.226,14.37,16.63,39.34,14.95,44,44,11.24,,,,,,,,,,,,1.639,55,,,28.07,74.5,,11.3,3.379,15.3,2.828,11.05,3.994,7.673,2.127,70.17,29.8,32.95,12.31,7.747,5.226,16.99,10.87,24.62,21.62,2.25,3.611,16.46,55.36,0.9893,22.73,4.766,,44.5,33.8,0.9051,0.6529,1.606,0.7864,0.7577,6.627,3.52,2.302,3.369,47.84,28.86,31.53,39.73,,,,61.86,55,9.149,,,,,5.2,35.2,19.03,55,4.357,2.12,2.48,1.485,1.658,22,1.62,13.55,11.17,7.73,44,44,44,16.42,6.731,28.07,,55,,55,,,,,,,21.85,,,,12.51,17.71,,54.14,,,18.71,,22.09,110,55,12.76,26.9,,,,,,,,,9.743,,,,,,6.282,9.765,12.81,55,55,55,55,0.3119,0.3332,40.06,9.1,11.85,3.003,,3.131,,,,,,,,1.664,2.862,0.9348,15.56,5.14,3.786,,,,29.64,,,,,,,,,,,11.69,10.93,17.5,7.737,,,,16.05,7.327,12.59,2.846,8.8,,2.079,4.984,12.15,5.458,12.89,8.49,55,0.9942,0.8757,0.999,8.606,55,,55,,5.82,,0.2108,0.2736,55,1.821,5.62,4.177,17.36,25.06,21.79,,,23.93,189.5,3.532,40.4,,,,,,,195,37.22
1653-30-1,2-undecanol,,13.11,,,10.05,,312.7,47.69,31.35,2.939,22,7.25,33,3.99,0.96,10.7,16.3,13.1,7.001,,,11.53,,,,,,,55,55,55,55,1.399,5.292,2.199,33,33,33,22,22,,,,,11.51,,,44.79,39.45,40.06,4.908,19.83,24.51,42.42,9.339,59.53,12.13,19.59,,,,33,20.65,33,55,,,35.81,,,,,,,,15.55,35.63,17.45,10.28,,,,,,,,,,,,,,,,,,0.44,,,12.9,,55,,,6.036,,,69.78,,,,55,22.98,495.6,44.46,,,,,,,,0.4106,,33,33,68.85,110,110,,,24.6,,2.85,,,1.058,21.6,8.042,9.807,10.1,2.88,3.07,3.53,6.55,9.821,22,14.06,55,9.727,20.95,7.755,22,22,22,22,22,2.786,1.867,4.443,22,3.676,22,3.618,11,11,1.381,11,11,3.806,2.976,23.37,3.146,3.605,6.6,,6.798,7.757,7.443,6.613,23.45,10.51,33,9.879,10.94,8.189,33,22,22,19.65,20.39,29.46,33,33,17.11,14.37,,,,,7,4.6,,,5.016,13.98,15.96,38.97,14.51,44,44,10.56,,,,,,,,,,,,2.36,55,,,28.07,74.63,,11.99,26.4,15.29,2.81,10.99,3.971,6.336,2.988,71.44,29.64,32.95,12.31,6.831,5.285,15.23,10.87,22.23,21.62,2.25,3.609,16.48,59.67,1.26,98.25,4.766,,41.28,37.62,0.97,0.69,1.68,0.7864,0.7577,6.627,3.52,2.302,3.369,48.13,33.14,39.59,42.06,,,,58.04,55,15.68,,,,,5.2,35.2,18.3,55,4.352,1.952,2.477,2.217,1.658,22,1.62,17.5,11.17,7.73,44,44,44,16.42,6.167,25.79,,55,,55,,,,,,,21.85,,,,11.49,22.2,,64.99,,,28.96,,20.13,110,55,55,55,55,4,13.2,55,55,9.3,55,2,9.127,26.83,8.5,40.4,26.31,7.64,7.672,12.14,12.78,55,55,55,55,0.28,0.7265,44.99,15.09,19.77,3.001,,3.125,,,,,,,,1.868,2.959,0.9334,16.67,,5.348,,,,29.67,,,,,,,,,,,11.76,10.84,17.5,7.651,,,,15.79,7.327,12.59,2.883,8.8,,1.924,4.652,11.61,11.79,12.89,8.49,55,1.135,1.162,1.01,13.2,55,,55,,5.82,,0.3606,0.4427,55,7.224,5.768,3.803,14.39,24.55,18.79,,,23.93,189.5,3.532,40.4,,,,,,,179.6,28.06
112-92-5,octadecanol,,12.67,,0.84,2.498,,312.7,47.69,31.35,2.489,22,7.25,33,3.99,0.96,10.7,12.82,10.07,8.175,,,11.34,55,51.6,55,55,55,55,6.508,55,55,22.14,1.384,11.49,1.307,33,33,33,22,22,,,,,11.47,,,49.3,39.49,49.11,5.645,16.27,17.62,22.21,9.358,59.53,12.57,19.53,,,,29.16,18.94,33,55,,,35.53,,,,,,,,15.55,14.04,3.838,1.874,,,,,,,,,,,,,,,,,,0.44,,,1.224,,0.6875,,,6.113,,,69.78,,,,55,11.76,282.8,26.43,3.92,1.3,2.5,3.63,1.56,3.6,,1.9,,33,33,56.29,110,110,,,24.6,,2.85,,,1.98,6.202,8.008,9.807,10.1,1.868,2.45,2.798,7.742,9.049,22,12.59,55,11.3,27.31,22,22,22,22,22,22,22,3.34,4.443,4.104,22,22,4.41,11,11,1.435,11,11,3.335,2.96,24.36,1.98,2.4,6.6,,5.988,7.793,7.274,6.368,23.03,9.892,6.908,10.98,14.14,24.63,33,22,22,18.99,43.92,22.83,33,33,17.89,33,,,,,7,4.6,,,6.219,16.22,19.97,40.8,16.74,44,44,14.79,,,,,10.63,3.95,5.882,2.303,,,0.104,1.472,42.61,,1.21,20.73,75.37,48.83,10.57,3.379,15.39,2.8,10.95,3.966,5.465,0.8766,68.9,12.61,32.13,12.31,4.533,5.134,8.521,10.87,17.68,21.62,1.885,3.156,16.38,71.06,1.003,14.27,27.5,,47.14,34.15,0.7926,0.5206,1.368,7.52,14.81,22,1.567,0.9694,1.366,47.83,34.17,38.08,35.31,,,,73.97,55,8.565,,,,,5.2,35.2,20.88,55,4.4,3.81,2.5,1.485,1.658,22,1.62,22,11.17,7.73,44,44,44,16.42,5.15,14.74,,55,,55,,,,,,,18.52,66.54,47.17,12.69,11.05,17.03,,69.21,,,17.44,,30.27,110,55,14.19,20.68,55,4,13.2,55,55,9.3,55,2,9.547,26.83,8.5,40.4,26.31,7.64,7.139,7.271,12.33,55,55,55,55,0.3188,0.3962,46.33,17.09,22.49,2.995,,3.097,,,,13.88,,,,1.9,3.536,0.9267,10.03,5.14,3.69,,,,23.46,,,,,,,,7.8,,,11.59,11.34,16.03,6.734,,,,3.796,0.2715,12.59,2.759,8.8,16.39,0.8063,2.227,4.463,3.887,12.89,8.49,55,0.6268,0.967,1.031,8.78,55,,55,,4.57,,0.2045,0.1203,55,0.8362,3.924,3.686,20.92,26.53,15.26,,,23.93,189.5,3.532,40.4,,,,11,5.68,11,181.9,28.26
98-82-8,cumene,2.64,,,,,,,,,,22,,,,,,,,2.451,1.364,4.239,1.2,,,,,,,,,,,,,,,,,,,,,,,,,,55,55,55,15.58,14.81,33,37.9,,,,,,,,18.95,,33,55,,,,,,,,,,,,,,,,,,,,,,,,,,,,,,,,,,,,,,,,,,,,,,,,55.52,1100,276.2,,,,,,,5,0.5,1.991,,,,,,,,32.17,,,66.11,52.83,,,,,,,,,9.44,8.06,22,16.7,9.2,1.42,46.6,22,22,22,22,22,22,22,22,,22,22,22,,,,,,,,,,,,,,,,,,,,33,13.34,14.34,13.45,33,22,22,22,30.7,33,33,33,33,33,,,,,,,,,4.71,27.7,15.13,44,7.63,44,44,4.96,,,,,,,,,,,,,12.97,,,,58.47,,,,,,,,,,,,,,,,,,,,,,,64.94,,110,7.612,,,,,,,,,,,,,,28.36,29.47,28.45,,,,,,,,,,,,,,,,,,22,,,,22,,,,,,,,34.44,,55,34.32,,15.14,16.51,11.73,23.79,,,,,,,,,,,10.8,,,,,,,,,55,8.1,23.8,55,55,55,55,29.4,20.7,17.63,3.503,23.91,17.72,7.898,29.82,,16.89,55,33.7,26.6,55,,,39.32,37.94,14.82,,,,,,,,,,,19.21,,,16.07,,,,,,,,,,,,,,,,,,,,11.53,,,,,,9.89,,8.03,,,,,55,,9.52,55,,,,,8.07,,55,,10.03,,,,55,,,,,,,,,,,,,,,,,,,,
1137-12-8,(+) -longicyclene,,55,,,,,,,,,,,,,,,,,,,,,,,,,,,,,,,,,,,,,,,,,,,,,,,,,,,,,,,,,,,,,,,,,,,,,,,,,,,,,,,,,,,,,,,,,,,,,,,,,,,,,,,,,,,,,,,62.27,1100,43.31,,,,,,,,,,,,,,,,,,,,,,,,,,,,,,,,,,,,,,,,,,,,,,,,,,,,,,,,,,,,,,,,,,,,,,,,,,,,,,,,,,,,,,,,,,,,,,,,,,1100,963.2,152.6,1100,,,,,,,,,,,,,,,,,,,,,,,,,,,,,,,,,,,,,,,,,,,,,,,,,,,,,,,,,,,,,,,,,,,,,,,,,,,,,,,,,,,,,,,,,,,,12.51,11.62,31.31,,,,,,,,,,,,,,,,,,,,,,,,,,,,,,,,,30.6,,,,,,,,,,,,,,,,,,,,,,,,,,,,,,,,,,,,,,,,,,,,,,,,,,,,,,,,,,,,,,,,,,,,,,,,,,,,,,,,,,,57.79,136.2,,,,,,,,,116.8,385
98-19-1,"5-Tert-Butyl-m-xylene / 1-(1,1-Dimethylethyl)-3,5-dimethylbenzene",,,,,,,,,,,,,,,,,,,,,,,,,,,,,,,,,,,,,,,,,,,,,,,,,,,,,,55,,,,,,,,,,,,,,,,,,,,,,,,,,,,,,,,,,,,,,,,,,,,,,,,,,,,,,,,,,,,,,,,,,,,,,,,,55.51,110,110,,,34.28,,,,,,,,,,,,,,,,,,,,,,,,,,,,,,,,,,,,,,,,,,,,1.9,,,,,,,,,,,,,,,,,,,,,,,,,,,,,,,,,,,,,33.84,43.98,67.57,17.53,,,,,,,,,,,,,,,,,,,,,,,,,,,,,,,,,,,,,,13.95,,,,,,,,,,,,,,,,,8.31,,,,80.92,,,,,,,,,,,,,,,,,,,,,,,,,11.8,,,,33.8,,14.43,49.85,9.58,20.09,0.77,,,,,,,,24.78,,,,,,,,,,,,,,,,,,,,16.78,55,27.12,32.14,18.84,,,,,,,,,,38.34,31.44,15.48,,,,,,,,,,,,,,,20.05,,,,,,,,,,,,,,,,,,,40.49,,,,,,,,,,,,,,,,15.14,,,,,,,,,,,,,,,,,,,,,,,,,,,,,,,,,
108-38-3,m-xylene,,,,,,,,,,,,,,,,,,,,,,,,,,,,,,,,,,,,,,,,,,,,,,,,,,,,,,55,15.49,,,,,,,,,,,,,,,,,,,,,,,,,,,,,,,,,,,,,,,,,,,,,,,,,,,,,,,,,,,,,,,,,,,,,,,,55.51,110,110,,,34.28,,,,117,,,,,,,,,,,,,,,,,,,,,,,,,,,,,,,,,,,,,,,,1.9,,,,,,,,,,,,,,,,,,,,,,,,,,,,,,,,,,,,,,,,,,,,,,,,,,,,,,22.91,,,,,,,,,,,,,,,,,,,,,,,,13.95,12.9,,,,,,,,,,,,,,,,,,,,,,,56.11,13.02,118.1,6.69,,,,,,,,,,,,,,,,,,,,,,,,,,,,,,,,,,,,,24.78,,,,,,,,,,,,,,,,,,,,16.23,26.09,27.12,26.21,19.37,,,,,,,,,,38.2,30.6,13.98,,,,,,,,,,,,,,,,,,,,,,,,,,,,,,,,,,,,,,,,,,,,,,,,,,,,,,,,,,,,,,,,,,,,,,,,,,,,,,,,,,6.042,10.35
142-82-5,n-heptane,,15.11,,0.84,2.707,,312.7,47.69,31.35,2.844,14.88,7.25,33,3.99,0.96,10.7,12.91,9.716,7.122,,,11.59,55,51.6,55,55,55,55,5.814,38.46,55,15.9,5.495,4.951,2.314,33,33,33,22,22,,,,,11.47,,,39.14,40.12,41.7,4.638,21.13,17.73,55,9.386,59.53,12.47,19.44,,,,27.38,23.26,33,55,,,35.58,,,,,,,,15.53,38.2,28.49,16.61,,,,,,,,,,,,,,,,,,0.44,,,2.713,,3.023,,,6.354,,,69.78,,,,55,11.76,282.8,26.43,3.92,1.3,2.5,3.63,1.56,3.6,,0.4517,,33,33,110,110,110,,,,,2.85,,,1.287,6.167,8.029,9.807,10.1,1.905,2.475,2.828,6.55,9.821,22,9.108,55,9.727,24.22,22,22,22,22,22,22,22,3.34,5.316,4.104,22,22,4.869,11,11,1.47,11,11,3.595,2.98,23.2,2.952,3.958,6.6,,5.722,10.5,9.163,7.046,22.22,5.966,33,9.801,8.401,18.6,33,22,22,16.66,38.25,23.97,33,33,13.36,33,,,,,7,4.6,,,4.846,13.85,15.98,38.47,15.18,44,44,10.83,,,,,10.63,,7.26,2.24,,,0.09,1.484,33.37,,1.183,20.51,77.09,48.83,12.53,26.4,15.28,2.789,10.91,3.943,5.399,3.237,73.14,21.69,31.31,12.31,6.166,5.33,13.32,10.87,10.86,21.62,2.25,3.608,16.49,57.93,0.9722,17.44,4.766,,48.08,35.32,0.7939,0.5499,1.523,0.7864,0.7577,6.627,1.816,1.271,1.594,48.28,33.86,38.42,32.81,,,,81.78,55,11.8,,,,,5.2,35.2,16.37,55,4.558,2.148,2.48,1.485,1.658,22,1.62,13.55,11.17,7.73,44,44,44,16.42,6.167,24.58,,55,,55,,,,,,,18.52,66.54,47.17,12.69,10.85,17.21,,77.92,,,16.58,,36.46,110,55,55,55,55,4,13.2,55,55,9.3,55,2,9.547,26.83,8.5,40.4,26.31,7.64,7.139,7.715,12.47,55,55,55,55,0.3203,0.8036,46.29,24.88,26.85,2.939,,3.059,,,,,,,,3.327,7.306,0.9127,11.33,5.14,4.198,,,,24.62,0.64,281.6,5.36,21.17,13.47,27.31,281.6,7.8,,,14.3,12.2,17.5,6.819,,,,7.817,5.061,12.59,2.818,8.8,,1.284,3.695,6.718,4.318,12.89,8.49,55,1.524,1.055,1.182,13.2,55,,55,,6.276,,0.2387,0.3785,55,5.764,4.08,3.978,20.53,24.64,18.22,,,23.93,189.5,3.532,40.99,2.15,2.83,3.45,11,5.68,11,188.7,30.01
111-84-2,n-nonane ,,15.11,,0.84,2.707,,312.7,47.69,31.35,2.844,14.88,7.25,33,3.99,0.96,10.7,12.91,9.716,7.122,,,11.59,55,51.6,55,55,55,55,5.814,38.46,55,15.9,5.495,4.951,2.314,33,33,33,22,22,,,,,22,,,39.14,40.12,41.7,4.638,21.13,17.73,55,9.386,59.53,12.47,19.44,,,,27.38,23.26,33,55,,,35.58,,,,,,,,15.53,38.2,28.49,16.61,,,,,,,,,,,,,,,,,,0.44,,,2.713,,3.023,,,6.354,,,69.78,,,,55,11.76,282.8,26.43,3.92,1.3,2.5,3.63,1.56,3.6,,0.4517,,33,33,110,110,110,,,,,2.85,,,1.287,6.167,8.029,9.807,10.1,1.905,2.475,2.828,6.55,9.821,22,9.108,55,9.727,24.22,22,22,22,22,22,22,22,3.34,5.316,4.104,22,22,4.869,11,11,1.47,11,11,3.595,2.98,23.2,2.952,3.958,6.6,,5.722,10.5,9.163,7.046,22.22,5.966,33,9.801,8.401,18.6,33,22,22,16.66,38.25,23.97,33,33,13.36,33,,,,,7,4.6,,,4.846,13.85,15.98,38.47,15.18,44,44,10.83,,,,,10.63,,7.26,2.24,,,0.09,1.484,33.37,,1.183,20.51,77.09,48.83,12.53,26.4,15.28,2.789,10.91,3.943,5.399,3.237,73.14,21.69,31.31,12.31,6.166,5.33,13.32,10.87,10.86,21.62,2.25,3.608,16.49,57.93,0.9722,14,4.766,,48.08,35.32,0.7939,0.5499,1.523,0.7864,0.7577,6.627,1.816,1.271,1.594,48.28,33.86,38.42,32.81,,,,81.78,55,55,,,,,5.2,35.2,16.37,55,4.558,2.148,2.48,1.485,1.658,22,1.62,13.55,11.17,7.73,44,44,44,16.42,6.167,24.58,,55,,55,,,,,,,18.52,66.54,47.17,12.69,10.85,17.21,,77.92,,,16.58,,36.46,110,4.89,3.83,7.65,55,4,13.2,55,55,9.3,55,2,9.547,26.83,8.5,40.4,26.31,7.64,7.139,7.715,12.47,55,55,55,55,0.3203,0.8036,46.29,24.88,26.85,2.939,,3.059,,,,,,,,3.327,7.306,0.9127,11.33,5.14,4.198,,,,24.62,0.64,281.6,5.36,21.17,13.47,27.31,281.6,7.8,,,12.06,10.77,17.5,6.819,,,,7.817,5.061,12.59,2.818,8.8,,1.284,3.695,6.718,4.318,12.89,8.49,55,1.524,1.055,1.182,13.2,55,,55,,6.276,,0.2387,0.3785,55,5.764,4.08,3.978,20.53,24.64,18.22,,,23.93,189.5,3.532,40.99,2.15,2.83,3.45,11,5.68,11,188.7,30.01
100-42-5,styrene,,55,105,4.01,17.99,21.26,38.78,2.72,,3.75,22,,,,,,,,,,,,,,,,,,,,,,,13.63,12.61,,,,22,22,,,,,22,,,27.53,28.02,24.02,9.1,21.53,33,13.64,,,22,,,,,33,55,33,55,,,,,,,,,,,,23.91,77,44,,,,,,,,,,,,,,,,,,0.09,,,,,,,,,79.26,,15.69,,,,,,,,,,,,,,,,3.2,,,79.19,110,110,,,36.05,,,,,0.85,,,,,,,,22,12.23,22,24.5,55,86,55,22,22,22,22,14.68,22,22,22,22,22,10.3,22,3.05,11,11,1.62,11,11,,8.79,31.86,,,,,,,,,,,,,8.9,24.49,12.75,22,22,22,22.3,33,33,33,16.26,33,,,,,,,,,,,,,,,,,32.07,94.97,71.58,34.47,,,,,,,,,44.21,,,30.37,48.37,,,26.4,,,,,32.16,75.41,80.66,,24.96,14.07,20.85,11.6,44.69,6.81,34.71,23.84,,10.53,,,,86.99,8.15,,55,34.8,,,,,,,,,,24.11,20.76,17.68,13.86,37.5,16.1,44,31.04,,,,,,,35.2,12.9,55,55,,,,22,,,,5.383,,11.45,20.58,44,16.48,17.93,10.24,14.82,16.31,55,216.7,,,,,,2.95,0.81,15.56,,,,,,24.63,,,,,,,,55,55,55,,,,,,,,,,16.63,55,23.63,25.48,22.93,13.53,,,55,33.3,29.3,55,,,,,,12,14.7,7.1,,,,,,,,,,,2.59,,4.18,,,,16.94,,,,,,,,,,,8.779,9.417,11.45,96.51,,,,19.66,,,,,,15.25,19.66,19.66,55,,,55,,,,,55,,55,,23.4,,,,39.93,13.13,,,,,,,,,,4.44,,,,,,,,192.9,523.1
108-95-2,phenol,2.571,55,,,,,,,,,22,10.7,33,8.59,12.7,33,,,,,,,55,36.71,55,26.71,55,11.85,,,,,,33,33,,,,22,22,,,,,22,,,28.58,29.06,25.12,9.368,14.54,33,23.24,,,22,,,,,18.45,55,33,55,,,,,,,,,,,,23.91,77,44,,,,,,,,,,,,,,,,,,,,,,,,,,,,,,,,,21.45,62.19,299.6,314.8,,,,,,,,1.9,2.491,,,76,110,110,,,36.55,,,66.11,68.86,0.9354,,,,,,,,9.571,10.56,22,12.26,18.48,1.534,35.52,22,22,22,22,22,22,22,22,22,22,22,22,3.05,11,11,1.62,11,11,,8.79,31.86,,,,,,33,33,33,33,33,24.3,33,10.25,15.45,16.81,22,22,22,23.77,33,33,33,19.97,33,,,,,,,,,,,,,,,,,,,,,,,,,,,,,16.97,,,230.9,54.66,37.19,,26.4,,,,,32.16,75.41,71.31,21.71,24.96,12.36,20.85,11.88,44.69,10.77,32.56,16.77,,10.53,18.46,,,44.91,8.022,,55,31.12,,,,,,,,,,42.8,24.81,22.07,31.09,,,,32.7,,,37.85,11.82,31.69,6.418,35.2,12.9,55,55,,2.93,5.32,22,,,,22,,18.75,21.7,44,18.93,18.06,11.2,17,,55,,,,,,,,0.81,15.56,,,,,,24.63,,10.8,,,,,,55,55,55,,,,,,,,,18.79,15.53,21.83,23.45,25.6,21.25,25.61,33.42,19.63,32.23,29.4,22.07,55,,,39.33,37.94,14.76,,,,,,,,,,,14.82,,,5.231,11.46,4.86,82.6,21.6,19.5,17.84,,,,,,,,,,,9.5,10.5,16.2,8.097,,,,22,,9.89,,8.03,,12.43,22,22,55,,9.52,21.67,,,,,8.07,,55,,10.03,,,,55,13.14,,,,,,,,,,4.44,,,,,,,,192.9,523.1
64-19-7,acetic acid,2.64,,,,,,,,,,22,,,,,,,,,,,,,,,,,,,,,,,,,,,,,,,,,,,,,55,55,55,15.58,14.81,33,55,,,,,,,,18.95,,33,55,,,,,,,,,,,,,,,,,,,,,,,,,,,,,,,,1.33,,,,,,,,,,,,,,,8.07,384.6,1100,42.35,,,,,,,,,2.52,,,,,,,,,,,,,,,,,,,,,,,,,,,,22,22,22,22,22,22,22,22,,22,22,22,,,,,,,,,,,,,,,,,,,,24.53,11.34,14.34,13.45,33,22,22,22,30.7,33,33,33,33,33,,,,,,,,,5.31,6.84,,,,,,,,,,,,,,,,,,,12.97,,,,,,,,,,,,,,,,,,,,,,,,,,,,,29.11,,,,,,,,,,,,,,,,,,,,,,,,,,,,,,,,,,,22,,,,,,,,,,,,,,55,,,,,,,,,,,,,,,,,10.8,,,,,,6.21,4.46,10.38,,,,,,,,,7.67,21.16,26.35,17.35,30.83,30.02,20.13,,,29.3,27.8,23.1,55,,,39.48,28.89,30.02,,,,,,,,,,,,,,30.86,,,,,,,,,,,,,,,,,,,,11.53,,,,,,9.89,,8.03,,,,,55,,9.52,55,,,,,,,,,,,,,55,,,,,,,,,,,15.74,39.82,,,,,,,,
821-55-6,2-nonanone,,12.25,,0.84,5.69,,312.7,47.69,31.35,3.849,22,5.039,2.614,1.568,0.7162,2.658,12.78,10.04,4.582,7.3,5.2,11.66,55,32.51,55,55,55,35.35,55,55,55,55,1.399,8.738,1.675,33,33,33,22,22,,,,,22,,,55,42.43,55,5.761,12.18,21.23,55,9.656,60.99,11.57,21.38,,,,33,21.74,33,55,,,36.31,,,,,,,,15.81,13.02,22.39,13.57,,,,,,,,,,,,,,,,,,0.3961,,,0.3963,,0.08435,,,5.809,12.7,,69.66,,,,55,3.5,50.09,4.812,3.92,1.3,2.5,3.63,1.56,3.6,,0.5264,2.88,33,33,49.73,110,110,,,,,2.85,,,0.8267,4.635,4.422,9.807,10.1,2.88,3.07,3.53,7.617,10.16,22,6.682,31.9,5.295,29.97,15.33,22,22,22,1.853,22,2.757,2.029,2.23,2.64,0.7968,10.48,4.938,11,11,1.479,11,11,4.671,3.017,23.14,3.965,4.048,6.6,,5.665,5.642,1.079,2.68,15.2,33,33,9.279,7.552,20.16,33,13.52,22,17.03,24.23,21.38,33,33,11.75,33,,,,,7,4.6,,,5.17,12.85,14.87,39.83,11.86,44,44,8.892,,,,,10.63,,7.26,2.24,,,0.08905,1.275,35.12,,0.7341,27.64,73.46,48.83,13.09,26.4,15.29,2.81,10.99,3.971,8.091,7,74.22,21.34,31.2,19.96,12.56,5.643,16.01,12.83,34.24,15.93,2.25,3.608,16.65,55.59,1.26,12.86,4.93,2.629,48.98,33.59,0.973,0.7029,1.308,0.7864,0.7577,6.627,1.119,0.6571,0.9829,48.81,43.85,48.24,34.03,28.1,24.2,44,78.95,55,10.9,,,,,5.2,35.2,19.94,45.21,4.923,3.81,2.5,0.6323,1.658,22,1.62,8.775,11.17,7.73,44,44,44,16.42,6.385,23.6,,55,,55,,,,,,,18.45,66.54,47.17,12.69,11.06,18.27,,110,,,20.21,,29.91,110,21.96,23.77,55,55,4,13.2,55,55,9.3,55,2,5.376,13.49,7.672,25.22,26.11,6.95,5.197,5.128,11.97,15.45,20.01,7.36,55,0.3073,1.448,42.1,28.38,21.45,2.612,,2.907,,6.14,,,,,,1.146,1.164,0.6121,10.8,9.21,3.182,9.9,8.6,3.1,22.14,0.21,281.6,18.92,33.91,48.29,281.6,182.2,7.8,,,11.65,10.77,17.5,6.713,27.5,0.71,5.16,13.19,6.554,12.59,3.179,8.8,,0.9816,3.031,11.25,2.649,12.89,8.49,55,1.712,0.6924,3.871,7.028,20.54,,23,,4.23,,2.312,0.8786,55,2.363,10.12,5.235,17.43,24.82,22.8,,,23.93,189.5,3.978,38.26,,,,11,5.68,11,162.4,30.91
108-67-8,"1,3,5-trimethylbenzene / Mesitylene",,,,,,,,,,,,,,,,,,,,,,,,,,,,,,,,,,,,,,,,,,,,,,,,,,,,,,34.39,15.49,,,,,,,,,,,,,,,,,,,,,,,,,,,,,,,,,,,,,,,,,,,,,,,,,,,,,,,,,,,,,,,,,,,,,,,,55.51,110,110,,,34.28,,,,,,,,,,,,,,,,,,,,,,,,,,,,,,,,,,,,,,,,,,,,1.9,,,,,,,,,,,,,,,,,,,,,,,,,,,,,,,,,,,,,33.84,43.98,67.57,17.53,,,,,,,,,,,,,,22.91,,,,,,,,,,,,,,,,,,,,,,,,13.95,12.9,,,,,,,,,,,,,,,,,,,,,,,56.11,13.02,118.1,6.69,,,,,,,,,,,,,,,,,,,,,,,33.8,,14.43,49.85,9.58,20.09,0.77,,,,,,,,24.78,,,,,,,,,,,,,,,,,,,,16.78,55,27.12,32.14,18.84,,,,,,,,,,38.34,31.44,15.48,,,,,,,,,,,,,,,20.05,,,,,,,,,,,,,,,,,,,40.49,,,,,,,,,,,,,,,,15.14,,,,,,,,,,,,,,,,,,,,,,,,,,,,,,,,9.06,13.24
116-09-6,1-hydroxy-2-propanone / Hydroxyacetone / Acetol,,,,,60.59,,312.7,47.69,31.35,4.32,22,,,,,,,,,,,,,,,,,,,,,,,,,,,,22,22,,,,,12.98,,,27.02,27.84,28.2,14.03,11.85,20.21,33.48,,,,,,,,12.81,,33,55,,,55.13,,,,,,,,16.46,,,,,,,,,,,,,,,,,,,,,0.428,,,,,,,,,,,,,,,8.07,3.729,48.73,5.28,,,,,,,,,,33,33,61.95,110,110,,,,,6.41,,,0.9588,5.444,8.5,,,,,,13.35,11.18,22,8.5,31.9,5.73,55,16.31,22,22,22,2.875,22,4.085,3.054,3,3.944,1.41,12.06,,,,,,,,,,,,,,,10.77,33,33,33,33,4.83,11.34,7.777,19.44,33,22,22,16.61,17.04,24.88,33,33,10.89,33,,,,,,,,,5.31,6.84,,,,,,,,,,,,,,,,,,,,,,,,,,,,,,,,,,,,,,,,,,,,,,63.15,,12.33,7.3,,55,35.8,,,,,,,22,4.64,22,,110,56.91,110,,,,68.67,55,23.5,,,,,,,,,,,,1.224,,,,6.889,,,,,,,16.5,,,55,,55,,,,,,,,,,,,,,110,,,25.14,,,,13.9,10.14,21.95,,,,,,,,,5.88,,,,,,6.129,6.7,12.51,20.5,17,8.6,55,,,40.3,30.23,26.75,,,,,,,,,,,1.921,1.85,1.23,6.99,,33.93,,,,,,,,,,,,,,,,,,,,,,12.33,7.24,,5.77,,,,,,4.09,,8.49,55,5.67,,,,,,,,,,30.18,1.56,55,,14.11,10.25,37.67,32.61,,,,,,4.848,37.9,,,,,,,,
95-47-6,o-xylene,2.64,,60.83,2.48,17.95,18.77,18.11,9.73,,4.76,22,,,,,,,,,,,,,,,,,,,,,,,,,,,,,,,,,,,,,55,55,55,6.671,11.76,33,37.03,15.49,,,26,,,,19.27,55,33,55,,,,,,,,,,,,,,,,,,,,,,,,,,,,,,,,,,,,,,,,,,,,,,,,,,,,,,,,,,,2.52,,,55.51,110,110,,,32.58,,,66.11,68.86,,,,,,,,,,,,,,,,22,22,22,22,22,22,22,22,,22,22,22,,,,,,,,,,,,,1.4,10.1,,,,,,,,15.07,16.55,33,22,22,22,30.7,33,33,33,33,33,,,,,,,,,,,,,,,,,,,,,,,,,,,,,12.97,,,,58.47,22.91,,,,,,,,,,,,,,,,,,,,,,7.89,,19.16,12.9,,,,,,,,,,,,,,28.36,29.47,28.45,,,,,,,21.4,15.57,26.37,31.28,,,,,,,,22,,,,22,,,,,,,,34.44,,55,,,,,,,,,,,,,,,14.8,,3.29,,,,,,,,,,,,,,,,,,21.2,26.51,23.89,31.26,30.15,,,,30.34,28.1,23.28,55,,,39.32,38.01,31.63,,,,,,,,,,,14.79,,,10.09,,,,,,,,,,,,,,,,,,,,11.53,,,,,,9.89,,8.03,,,,,55,,9.52,55,,,,,8.07,,55,,10.03,,,,55,,,,,,,,,,,,,,,,,,,16.35,18.96
463-40-1,"(Z,Z,Z) 9,12,15-Octadecatrienoic acid / Z9,Z12,Z15-18Ald",,19.29,,0.84,1.08,,,,,6.731,22,,,,,,12.5,9.8,15.3,11.6,16.1,,37.9,55,55,55,30,20.2,2.448,55,55,55,0.6321,6.365,1.342,0.5296,0.3334,1.041,3.284,0.3944,,,,,0.5123,,,8.957,14.97,13.47,13.06,13.43,33,16.47,21.53,,22,,,,,33,55,33,40.61,,,,,,,,,,,15.74,20.79,17.46,12.66,,,,,,,,,,,,,,,,,,1.329,,,0.5,,0.13,,,,35,,,,,,47.96,6.909,61.97,7.603,,,,,,,,3.6,,33,33,6.078,110,45.19,,,,,3.066,,,1.662,1.166,1.35,9.93,9.94,1.56,2.23,2.54,3.526,3.526,2.439,9,55,11.47,0.2814,22,22,22,22,1.416,22,14.55,6.148,3.122,22,3.415,22,3.291,5.857,1.782,0.394,2.268,10.65,7.874,1.028,7.763,0.6756,0.6983,,,,1.45,18.95,3.71,8.96,1.26,33,8.28,33,19.4,33,6.885,9.747,22,55,22.82,33,33,33,33,,2.47,,,5.7,5,,,6.44,15.09,16.53,44,12.97,44,44,10.06,,,,,10.63,,7.26,2.24,,,0.08246,1.337,30.01,,0.8784,53.43,,,77.95,13.41,,,,,4.816,12.8,72.6,6.19,,14.55,3.284,14.35,5.349,4.347,13.38,13.23,1.73,1.101,17.72,63.15,0.9408,14.08,8.332,,55,35.49,0.87,0.6745,1.385,0.7199,0.7454,0.7746,0.76,0.35,0.7,47.6,110,47.84,33.47,,,,40.38,55,12.5,,,,,4.277,30.26,20.5,40.43,3.43,,,6.294,,,,13.51,,13.58,44,44,44,23.39,9.976,3.485,,55,,,,,,,,1.64,2.837,23.78,23.1,13.34,7.76,17.32,,,,,,,,,27.83,29.52,55,55,8.209,30.92,55,34.47,21.07,55,13.03,5.946,,,,,,5.042,8.867,13.31,12.37,38.94,7.169,55,0.2037,4.958,37.95,19.72,14.13,8,,3.3,,,4.393,2.387,1.871,1.589,0.8905,2.715,2.935,2.381,10.73,5.709,2.444,,,,33.94,0.2085,281.6,5.405,21.24,13.58,27.73,181.7,7.8,9.2,15.8,10,11.4,11.76,11.81,27.5,0.71,5.16,4.724,0.7385,,1.832,7.58,3.865,0.4814,1.764,7.698,5.84,,,33.04,0.4826,0.7839,3.931,6.842,55,,10.81,,4.487,,0.4352,0.3236,11.88,0.5293,9.985,7.18,18.68,31.36,14.32,,,15.57,39.49,24.15,40.78,2.15,2.83,3.45,11,5.68,11,,
50767-79-8,"(Z9,E11)-Tetradecenyl acetate / Z9,E11-14:Ald / Prodlure",,,,0.8138,1.033,,414.7,38.17,36.93,3.268,18.8,5.34,3.41,3.68,33,4.29,12.5,9.8,4.266,11.6,6.401,,55,55,55,31.9,55,55,3.853,30.52,30.07,23.22,1.297,8.081,1.587,0.4565,0.2786,0.8084,4.4,0.65,,,,,0.77,,,10.98,20.07,17.87,2.8,17.73,26.08,24.03,18.89,59.53,14.15,44,,,,33,37.34,33,42.58,,,35.81,,,,,,,,18.04,18.39,13.07,10.85,,,,,,,,,,,,,,,,,,0.5719,,,0.4101,,0.1085,,,5.78,12.41,,106.7,,,,8.845,54.3,1100,43.54,,,,,,,,0.8,,,,33.36,110,75.53,,,,,3.069,,,1.56,1.394,1.35,,,1.56,2.23,2.54,4.4,4.4,3.201,,,,0.5483,22,22,22,22,15.46,22,22,22,3.72,8.936,8.349,22,3.11,5.34,1.43,0.28,2.67,11,6.67,1.2,8.65,0.5266,0.5869,,,,3.105,8.36,4.808,16.4,3.588,24.7,8.222,24.02,16.63,15.72,2.625,3.644,22,33.87,33,33,33,33,33,,2.47,,,5.7,5,,,,,,,,,,,,,,,10.63,4.439,7.067,2.56,,,0.09057,1.221,20.72,,0.6672,25.14,,,133.7,26.4,,,,,10.9,11.25,82.25,7.465,13.32,8.256,3.367,13.37,14.3,8.619,18.22,17.07,1.743,0.838,19.02,,0.9408,16.3,3.9,3.1,47.84,37.38,1.265,1.061,1.208,0.9704,2.923,0.5496,0.7497,0.3366,0.6967,49.36,,,18.17,28.1,24.2,44,17.64,,,,,,,30,29.5,17.91,37.82,4.79,3.81,2.5,5.355,,,,2.903,,13.58,44,44,44,23.39,10.25,9.348,,55,,,,,,,,,2.771,22.02,21.9,14.46,12.52,17.87,,,,,,,,110,15.41,12.71,20.8,55,5.081,19.41,55,31.89,11.6,55,3.694,8.783,26.83,8.5,40.4,26.31,7.64,3.343,16.76,,37.84,31.57,21.28,55,0.3412,1.509,36.15,34.97,13.72,2,6.3,7.5,,2.5,4.372,2.39,1.907,1.632,0.975,2.272,22.54,44,13.01,6.819,2.145,9.9,8.6,3.1,45.75,0.1669,281.6,9.622,26.34,24.36,80.61,166.6,7.8,,,10.69,13.2,14.5,26.41,27.5,0.71,5.16,4.4,0.2543,,4.87,7.58,3.82,0.5717,3.449,4.4,55,,,55,0.4946,0.765,13.2,6.657,,,,,,,0.3398,1.06,13.88,1.07,8.663,3.913,17.97,23.06,16.24,,,,,,,2.15,2.83,3.45,11,5.68,11,,
72922-19-1,"(5E,7Z)-5,7-dodecadien-1-ol acetate / E5,Z7-12:Ac",,10.25,,0.7135,1.559,,320,37.58,31.77,3.302,18.66,5.094,2.463,3.657,3.597,4.46,12.06,9.246,4.9,,1.496,14.3,55,36.85,55,34.46,55,55,2.919,31.78,31.34,24.63,1.313,8.256,1.669,0.4469,0.2711,0.8361,3.16,0.3634,,,,,0.474,,,14.24,23.76,22.44,2.613,17.19,25.79,27.65,18.6,62.32,13.37,44,,,,33,38.15,33,45.3,,,34.65,,,,,,,,17.62,19.8,11.88,10.33,,,,,,,,,,,,,,,,,,0.4285,,,0.3594,,0.09627,,,5.78,12.63,,23.55,,,,11.78,18.3,335.4,35.72,3.881,1.298,2.499,3.629,1.559,3.6,,0.778,,,,33.33,110,75.51,,,12.36,13.89,2.666,,,0.8845,2.011,1.052,,,1.56,2.23,2.54,3.296,3.695,2.694,9.061,35.66,5.836,0.4613,22,22,22,22,15.47,22,22,22,4.772,8.954,8.367,22,3.721,6.486,2.379,0.5273,2.86,10.52,6.649,1.526,8.923,0.7023,0.7675,6.6,,5.8,3.298,8.702,5.085,16.78,3.852,26.02,7.321,22.23,14.12,12.45,1.019,1.073,22,36.86,33,33,33,33,33,,2.47,9,,5.506,4.705,,,4.28,13.46,16.44,36.78,28.17,44,44,12.8,,,,,10.63,6.55,9.42,5.26,,,0.08999,1.28,5.971,,0.6576,16.39,72.83,37.95,84.45,26.4,,,,,11.46,13.93,81.76,10.06,12.43,7.012,3.553,12.77,14.72,9.797,18.52,15.32,1.734,0.8195,18.47,,0.9249,16.02,3.573,3.434,46.89,36.98,1.224,1.02,1.202,0.934,2.541,0.5605,1.01,0.782,0.8375,49.21,24.89,25.65,14.77,28.1,24.2,44,14.39,34.94,8.554,,,,,30,29.5,17.89,42.42,5.093,3.81,2.5,4.287,,,,3.398,12.59,13.12,44,44,32.93,23.15,8.928,32.09,,55,,55,,,,,,1.69,3.352,24.1,23.31,13.2,11.35,17.57,23.67,110,,,25.14,,65.83,110,20.51,17.66,25.88,55,4.497,13.2,55,34.78,10.38,55,3.185,7.408,12.74,8.269,24.25,26.26,7.448,5.309,13.51,12.16,42.11,33.44,19.83,55,0.3075,0.7039,34.66,24.95,12.4,2.123,3.747,6.083,13.6,2.815,4.352,2.743,1.953,1.707,1.093,2.152,21.12,33.79,12.13,6.298,2.04,9.566,8.6,3.1,14.63,0.1674,281.6,9.187,25.89,23.24,73.99,166.8,7.8,,,10.14,11.47,13.8,10.65,27.5,0.71,5.16,4.4,0.2517,,4.79,7.367,3.82,0.3879,3.692,4.4,55,,8.49,55,0.4908,0.7693,13.2,6.934,55,,55,,55,,0.4114,0.24,10.53,0.8419,8.254,3.72,18.29,22.72,17.47,,,23.93,189.5,3.469,48.24,2.15,2.83,3.45,11,5.68,11,,
16676-96-3,(Z)-Dodec-5-enyl acetate / Z5-12:Ac,,9.845,,0.5339,1.268,,313.8,38.07,31.41,3.435,18.49,5.221,2.55,3.679,2.821,4.475,12.36,9.375,4.688,11.6,1.581,12.17,55,44.09,55,32.37,55,55,2.151,55,55,10.17,1.265,8.161,1.61,0.4453,0.2703,0.8151,3.211,0.3759,,,,,0.4897,,,14.42,23.65,22.98,2.487,17.06,25.44,27.76,13.52,57.34,13.37,26.35,,,,33,36.95,33,45.83,,,34.12,,,,,,,,16.16,15.61,14.58,9.429,,,,,,,,,,,,,,,,,,0.425,,,0.2802,,0.07677,,,5.615,12.85,,72.91,,,,10.83,9.496,91.02,26.52,3.92,1.3,2.5,3.63,1.56,3.6,,0.5433,,33,33,27.94,110,71.43,,,12.36,13.89,2.69,,,0.9647,1.551,1.166,9.807,10.1,1.419,2.122,2.414,3.426,3.519,2.689,11.72,39.42,7.107,0.5054,22,22,22,22,15.36,22,22,22,3.711,8.804,8.217,22,3.186,6.332,2.221,0.4739,2.7,10.54,5.246,1.513,8.445,0.4161,0.4697,6.6,,5.8,2.695,8.222,4.271,15.24,2.847,26.46,7.803,19.62,14.28,15.36,2.266,1.778,22,37.06,33,33,33,33,33,,2.47,9,,5.551,4.668,,,4.327,13.02,14.75,37.24,14.69,44,44,9.727,,,,,10.63,4.495,7.26,2.24,,,0.08994,1.193,8.2,,0.6618,16.69,72.83,48.83,45.73,26.4,14.47,2.289,9.223,3.275,10.64,14.02,78.86,9.528,13.49,9.592,3.209,13.21,13.34,11.29,15.97,18.24,1.674,0.8193,18.74,63.15,0.9575,15.59,2.972,3.292,46.95,36.41,1.206,0.9906,1.23,0.9274,2.496,0.5596,0.7415,0.3251,0.6412,48.91,40.76,45.12,13,28.1,24.2,44,15.79,55,16.85,,,,,8.316,28.64,19.49,42.93,5.06,3.81,2.5,7.651,1.658,22,1.62,5.136,,10.68,44,44,44,19.7,10.77,11.57,,55,,55,,,,,,,3.2,23.27,22.75,13.59,12.13,17.38,,110,,,18.11,,65.39,110,40.98,37.65,39.02,55,4.174,14.14,55,33.8,9.674,55,2.231,6.299,13.83,7.472,25.66,26.06,6.783,6.08,9,12.02,31.11,33.55,19.48,55,0.3066,0.6094,38.2,28.38,16.02,2.141,3.75,4.003,13.6,2.812,4.362,2.444,1.928,1.664,1.028,1.474,3.971,1.372,12.79,6.253,2.093,9.11,8.6,3.1,17.4,0.1677,281.6,9.033,25.73,22.85,71.72,166.9,7.8,,,9.864,11.2,14.25,7.954,27.5,0.71,5.16,3.591,0.2784,,4.8,7.383,3.82,0.3947,4.4,3.569,6.885,12.89,8.49,55,0.4968,0.7582,13.2,6.37,55,,55,,6.271,,0.2721,0.2447,10.67,0.9546,6.098,3.696,18.36,22.55,18.25,,,23.93,189.5,2.479,41.34,2.15,2.83,3.45,11,5.68,11,167.8,29.15
104086-73-9,(Z)-3-dodecen-1-yl (E)-2-butenoate,,11.24,,0.84,0.7658,,,,,3.972,17.71,5.047,2.564,3.65,2.765,4.62,12.35,9.37,4.472,11.6,6.391,14.3,55,51.65,55,31.65,55,55,1.2,55,55,7.311,0.6457,8.161,1.605,0.4429,0.2686,0.8128,3.777,0.5306,,,,,0.6769,,,11.88,18.94,17.84,2.291,18.21,23.92,21.43,11.48,60.95,12.64,24.48,,,,33,33.91,33,43.78,,,35.58,,,,,,,,16.08,16.37,8.984,10.1,,,,,,,,,,,,,,,,,,1.6,,,0.5,,0.13,,,5.78,13.01,,68.81,,,,55,8.818,81.95,25.47,3.92,1.3,2.5,3.63,1.56,3.6,,0.4088,,33,33,14.72,110,58.37,,,,,2.871,,,1.56,1.06,1.35,,,1.56,2.23,2.54,3.187,3.77,2.413,17.02,55,18.43,0.3971,22,22,22,22,1.356,22,14.16,5.657,3.555,11.4,2.647,22,3.186,6.332,2.221,0.4739,2.7,10.54,7.23,1.513,8.445,0.4195,0.4734,6.6,,5.8,1.789,4.131,2.698,11.49,1.305,33,7.77,16.26,10.15,9.134,0.7012,0.6579,18.79,40.1,26.88,33,33,23.61,33,,2.47,,,5.625,4.628,,,4.165,13.36,16.43,36.34,13.77,44,44,10.25,,,,,10.63,4.51,6.495,2.074,,,0.08481,1.286,18.72,,0.7054,22.17,72.83,48.83,50.07,26.4,,,,,5.956,14.05,79.46,9.807,11.52,4.828,3.246,13.7,6.775,4.274,15,9.743,1.72,0.9681,18.32,63.15,0.9568,15.08,4.076,3.754,48.39,38.22,0.9648,0.7501,1.324,0.7733,1.109,0.677,0.7326,0.3186,0.6335,47.88,110,110,12.56,28.1,24.2,44,20.24,55,16.39,,,,,6.848,28.89,21.56,43.73,4.578,3.81,2.5,7.605,,,,22,,13.58,44,44,44,23.39,11.46,8.22,,55,,55,,,,,,,3.409,25.08,23.96,12.84,12.04,17.12,,110,,,,,65.83,110,36.51,32.61,34.11,55,4.181,14.18,55,33.78,9.689,55,2.24,6.325,13.33,7.782,25.01,26.14,7.042,7.228,9.15,12.05,25.95,31.02,18.62,55,0.3066,0.2971,43.33,28.41,23.36,3.142,3.7,3.548,13.6,5.5,4.342,2.462,1.98,1.76,1.167,1.442,3.611,3.203,11.36,5.49,2.153,9.9,8.6,3.1,20.95,0.1864,281.6,6.376,22.59,16.06,37.65,173.9,7.8,,,10.95,11.48,14.2,7.433,27.5,0.71,5.16,3.59,0.2786,,3.339,7.472,3.226,0.3948,4.4,3.568,6.022,,,55,0.5032,0.7488,13.2,6.389,55,,55,,6.217,,0.3764,0.2448,11.75,0.9548,5.497,4.418,19.01,23.74,19.05,,,23.93,189.5,2.708,41.31,2.15,2.83,3.45,11,5.68,11,,
40596-69-8,Methoprene,,,,,,,,,,,,,,,,,,,,,,,,,,,,,,,,,,,,,,,,,,,,,,,,,,,,,,,,,,,,,,,,,,,,,,,,,,,,,,,,,,,,,,,,,,,,,,,,,,,,,,,,,,,,,,,,,,,,,,,,,,,,,,,,,,,,,,,,,,,,,,,,,,,,,,,,,,,,,,,,,,,,,,,,,,,,,,,,,,,,,,,,,,,,,,,,,,,,,,,,,,,,,,,,,,,,,,,,,,,,,,,,,,,,,,,,,,,,,,,,,,,,,,,,,,,,,,,,10.5,,,,,,,,,,,,,,,,,,,,,,,,,,,,,,,,,,,,,,,,,,,,,,,,,,,,,,,,,,,,,,,,,,,,,,,,,,,,,,,,,,,,,,,,,,16.6,18.1,10.5,,,,,,,,,,,,,,,,,,,,,,,,,,,,,,,,,,,,,,,,,,,,,,,,,,,,,,,,,,,,,,,,,,,,,,,,,,,,,,,,,,,,,,,,,
25152-85-6,(Z)-hex-3-enyl benzoate,2.775,55,,,,,,,,,22,5.461,2.466,2.586,33,4.202,,,1.551,11.6,16.1,,55,42.82,55,42.13,27.53,34.18,55,55,55,55,55,11.38,3.733,0.9127,0.4498,0.8392,4.4,0.65,,,,,0.77,,,7.726,14.3,11.69,15.09,14.86,33,17.41,21.53,,22,,,,,22.7,55,33,38.07,,,,,,,,,,,,9.818,20.56,14.97,,,,,,,,,,,,,,,,,,,,,12.9,,2.5,,,,35,,,,,,47.72,55.8,376.2,47.64,,,,,,,,0.7141,2.52,,,110,110,110,,,12.36,13.89,4.41,,19.75,1.531,1.031,1.35,9.93,9.94,,,,5.591,5.922,7.639,9.876,18.48,1.474,1.259,22,14.54,13.28,7.008,1.488,22,15.69,7.764,3.72,22,4.612,22,4.08,11,11,1.51,11,11,97.03,33.53,21.21,19.99,14.87,,,,,,,,,,,22.31,19.53,33,22,22,22,30.82,33,33,33,33,33,,2.47,,,5.7,5,,,,,,,,,,,,,,,10.63,,7.26,2.24,,9,0.11,1.18,4.292,,1.05,14.83,46.08,37.19,55.9,13.81,,,,,12.34,14.4,73.87,,,11.37,5.405,14.35,16.33,4.585,20.53,23.86,,1.569,18.54,36.5,,17.9,2.803,3.328,55,34.15,2.14,1.85,1.44,1.5,22,0.64,0.6265,0.2967,0.5743,44.9,110,47.84,8.517,28.1,24.2,44,11.76,55,12.5,,,,,30,29.5,17.74,41.75,4.467,,,4.974,,,,4.226,,13.58,44,44,44,23.39,11.27,88.91,,35.04,,,,,,,,1.64,3.009,25.57,24.29,22.07,8.747,18.77,,,10.8,,,,,,55,55,55,55,7.425,28.7,55,32.53,20.69,55,13.2,10.19,21.2,26.51,23.89,31.26,30.15,4.29,15.04,19.25,41.54,33.09,21.99,35.31,0.7511,6.644,37.95,19.72,14.13,7.783,3.7,5.803,13.6,5.5,4.61,2.77,1.97,2.13,1.14,26.66,22.54,44,3.547,8.021,3.068,9.886,8.938,4.883,29.78,0.21,281.6,18.92,33.91,48.29,281.6,182.2,,9.2,15.8,10.15,13.14,14.18,12.14,,,,4.458,0.2679,9.89,,8.03,,1.336,4.076,4.458,55,,9.52,6.353,0.4949,0.7116,13.2,6.262,55,,8.07,,55,,,0.2911,17.51,1.225,11.2,7.18,18.68,31.36,14.32,,,,,4.07,31.86,,,,,,,,
57491-33-5,(E)-11-Hexadecenal / E11-16:Ald,,9.772,,0.84,1.08,,,,,6.67,10.01,7.25,33,3.99,0.96,10.7,13.05,9.774,6.448,,,14.3,46.66,40.26,55,48.83,42.08,35.34,0.1553,11.4,55,1.339,21.26,3.572,1.475,3.803,3.755,4.578,6.707,1.787,,,,,2.107,,,27.18,23.38,20.81,6.786,13.84,14.58,5.563,,,12.16,,,,,25.38,31.14,33,55,,,,,,,,,,,24.53,23.17,12.9,6.609,,,,,,,,,,,,,,,,,,1.6,,,0.2817,,0.04472,,,6.84,,,23.64,,,,38.74,9.683,81.73,23.8,3.896,1.275,2.48,3.612,1.548,3.6,,0.4744,,,,110,110,110,,,,,3.07,,,1.192,1.06,1.35,9.807,10.1,1.56,2.23,2.54,3.673,3.703,1.998,18.43,55,11.53,0.2705,22,22,22,22,9.706,22,12.19,22,10.18,7.094,5.007,15.15,3.226,6.408,2.298,0.4913,2.778,10.53,6.99,1.557,8.668,0.4218,0.4743,6.6,,5.8,5.541,26.04,5.875,14.77,2.051,23.65,10.2,11.83,8.967,7.517,0.3736,0.2618,17.15,44.59,23.89,33,33,19.46,33,,,,,7,4.6,,,4.28,13.46,16.44,36.78,28.17,44,44,12.8,,,,,10.63,3.425,6.038,2.326,,,0.08547,1.674,19.21,,0.8787,21.09,70.22,42.28,44.55,26.4,,,,,18.8,24.49,95.85,12.6,19.4,6.586,11.7,15.58,15.88,32.55,8.226,18.73,1.73,2.481,17.29,,0.9127,15.75,3.228,,51.7,35.45,0.7999,0.6209,1.952,0.7051,1.213,2.926,1.263,1.017,1.083,48.01,24.89,25.65,40.88,,,,46.39,34.12,11.8,,,,,10.7,35.2,33.01,55,5.039,,,22,,,,22,12.59,13.53,44,44,26.49,23.36,8.233,8.403,41.08,55,,55,,,,,,1.69,18.21,66.54,47.17,12.69,10.91,17.09,23.67,110,,,17.96,,56.22,,28.48,32.22,33.71,55,6.2,14.1,55,55,55,55,22.6,6.177,,,,,,19.61,9.639,12.22,16.73,55,16.75,55,0.47,0.2774,45.78,24.53,25.89,3,,,,,4.61,2.353,1.97,2.13,1.14,2.813,23.65,0.7547,4.457,5.095,2.236,,,,19.82,0.3279,281.6,4.165,19.27,10.43,17.13,216.9,7.8,,,9.924,9.974,12.33,6.131,27.5,0.71,5.16,2.895,0.5467,,5.03,8.8,16.39,0.5288,1.866,3.306,55,12.89,,55,0.6636,1.256,0.8413,9.507,55,,55,,55,,0.3951,0.3375,32.67,1.106,9.97,8.06,,,,,,20.51,79.17,3.436,48.24,2.15,3.58,3.45,11,5.68,11,195,37.22
3913-81-3,"2-decenal, (E)-",,11.67,,0.84,1.08,,,,,2.796,10.25,7.25,33,3.99,0.96,10.7,11.9,9.228,7.94,,,12.57,55,29.84,55,55,55,55,0.4721,17.55,17.86,3.406,3.85,2.505,3.438,4.162,4.134,5.021,22,22,,,,,12.88,,,18.66,20.76,21.91,6.813,14.7,14.91,7.975,,,12.72,44,,,,25.6,14.27,33,55,,,23.14,,,,,,,,18.75,22.86,13.61,6.955,,,,,,,,,,,,,,,,,,,,,0.327,,0.05898,,,6.84,,,8.94,,,,36.81,9.963,86.68,27.6,3.876,1.313,2.511,3.64,1.566,3.6,,0.4805,,33,33,62.56,110,110,,,,,3.07,,,1.211,1.06,1.155,9.807,10.1,1.438,2.137,2.431,5.511,5.577,3.118,19.91,55,10.42,0.5335,22,22,22,22,11.04,22,12.5,22,8.078,7.383,5.275,15.4,3.313,6.57,2.467,0.5297,2.95,10.51,4.948,1.654,9.16,1.105,1.155,6.6,,5.8,3.643,24.6,4.835,13.21,1.589,33,6.4,10.4,13.33,14.58,2.74,1.709,18.36,43.26,26.1,33,33,22.49,33,,,,,7,4.6,,,3.97,12.64,14.6,36.15,16.94,44,44,10.12,,,,,10.63,3.618,6.013,2.232,,,0.08972,1.478,20.72,,0.9882,27.6,70.68,36.95,23.33,26.4,14.47,2.289,9.223,3.275,17.25,22.07,76.62,11.73,17.71,6.923,11.91,15.65,16.14,8.522,9.799,16.51,1.717,3.688,16.55,63.15,0.9549,13.87,3.228,,48.61,34.47,0.7958,0.5642,1.658,1.329,1.889,4.84,1.493,1.235,1.302,47.65,22.22,22.96,23.41,,,,46.86,40.16,8.519,,,,,5.2,35.2,39.67,55,5.896,,,22,1.658,22,1.62,14.76,12.59,10.73,44,44,25.25,19.37,6.962,8.547,,55,,55,,,,,,1.69,3.658,66.54,47.17,12.69,12.11,16.87,23.67,110,,,17.96,,65.29,,36.6,32.7,34.21,55,6.2,14.1,55,55,55,55,22.6,6.6,,,,,,14.54,13.99,12.19,25.71,34.34,20.02,55,0.3457,0.2237,44.64,29.14,35.09,3,,3.3,,,4.61,2.325,1.97,2.13,1.14,2.651,2.7,0.9374,7.206,4.99,2.323,,,,20.1,0.262,281.6,4.495,19.82,11.27,19.72,198.6,7.8,,,9.014,10.55,13.39,7.349,27.5,0.71,5.16,3.08,0.6263,,3.075,8.8,,0.2997,1.66,3.492,15.05,12.89,,55,0.6667,1.075,0.7444,13.2,55,,55,,10.87,,0.3695,0.3102,55,0.717,5.664,5.36,22.27,32.16,17.11,,,23.93,189.5,2.769,43.08,2.15,2.83,3.45,11,5.68,11,195,37.22
1196-01-6,(1S)-(-)-verbenone,,25.5,,,,,,,,,22,,,,,,,,,,,,,,,,,,,,,,,,,,,,22,22,,,,,6.45,,,31.71,30.62,27.19,33,19.05,16.25,21.15,,,,,,,,16.62,55,33,21.83,,,,,,,,,,,,44,77,18.48,,,,,,,,,,,,,,,,,,,,,,,,,,,,,,,,,25.86,123.3,254.2,55.76,,,,,,,,,,,,110,110,110,,,,,,,,,,,,,,,,22,8.9,22,,,,,22,22,22,22,22,22,22,22,22,16.89,22,22,11,11,11,11,11,11,,4.73,28.07,16.2,11.41,,,,,,,,,15.2,33,,,,,,,55,,,,,,,,,,,,18.89,81.39,5.05,5.28,,,,,,,18.61,16.85,29.04,35.68,,,,,,,,,,,,,,,,26.4,,,,,14.85,42.64,122.1,,,11.91,12.18,,38.9,38.5,6.26,38.5,,2.02,,,,,,,,,,,,,,,,,,,110,110,,,,,,,,,,,,16.8,35.2,22.41,55,,,,,,,,,,,,,,,,27.38,,55,23.97,37.38,3.29,17.75,21.1,13.29,31.29,,15.48,,,,26.6,,,,21.15,,14.72,,,,55,8.47,55,55,7,34.6,55,55,15,55,22.4,5.78,,,,,,10.65,,,31.1,55,11.5,55,,,,,,,,,,,,,,,,3.53,,,,471.6,7.39,,,,26.6,,,,,,,,,9.7,16.5,,,,33.73,,,,,,,,,,,,,2.54,,,55,,,,,,,,,,,,,,,6.44,6.17,,,,19.4,13.52,,,,,,,,,,,,
214-807-2,(S)-(-)-verbenone,,25.5,,,,,,,,,22,,,,,,,,,,,,,,,,,,,,,,,,,,,,22,22,,,,,6.45,,,31.71,30.62,27.19,33,19.05,16.25,21.15,,,,,,,,16.62,55,33,21.83,,,,,,,,,,,,44,77,18.48,,,,,,,,,,,,,,,,,,,,,,,,,,,,,,,,,22.12,218.8,326.8,67.61,,,,,,,,,,,,110,110,110,,,,,,,,,,,,,,,,22,8.9,22,,,,,22,22,22,22,22,22,22,22,22,16.89,22,22,11,11,11,11,11,11,,4.73,28.07,16.2,11.41,,,,,,,,,15.2,33,,,,,,,55,,,,,,,,,,,,3.378,81.39,5.05,5.28,,,,,,,18.61,16.85,29.04,35.68,,,,,,,,,,,,,,,,26.4,,,,,14.85,42.64,122.1,,,11.91,12.18,,38.9,38.5,6.26,38.5,,2.02,,,,,,,,,,,,,,,,,,,110,110,,,,,,,,,,,,16.8,35.2,22.41,55,,,,,,,,,,,,,,,,27.38,,55,23.97,26.59,3.29,17.75,21.1,13.29,31.29,,15.48,,,,26.6,,,,21.15,,14.72,,,,55,8.47,55,55,7,34.6,55,55,15,55,22.4,5.78,,,,,,10.65,,,31.1,55,11.5,55,,,,,,,,,,,,,,,,3.53,,,,471.6,7.39,,,,26.6,,,,,,,,,9.7,16.5,,,,33.73,,,,,,,,,,,,,2.54,,,55,,,,,,,,,,,,,,,6.44,6.17,,,,19.4,13.52,,,,,,,,,,,,
51937-00-9,"(9E,12Z)-9,12-Tetradecadien-1-ol / Z9,E12-14:OH",,,,0.84,1.08,,,,,2.681,22,,,,,,,,10.7,,,11.8,55,55,55,55,39.7,22.6,2.292,55,55,21.26,0.4808,14.19,1.451,17.18,14.82,17.43,,,,,,,,,,18.02,20.88,21.99,7.046,14.28,19.62,18.73,,,14.29,,,,,33,21.49,33,55,,,,,,,,,,,,13.31,3.965,1.929,,,,,,,,,,,,,,,,,,1.6,,,0.5,,0.13,,,,,,,,,,47.96,75.87,454.5,34.6,,,,,,,,0.4517,,,,8.041,110,49.5,,,24.6,,,,,1.973,1.024,1.397,9.93,9.94,1.4,2.108,2.397,6.232,5.035,2.884,9.608,55,11.84,0.2585,22,22,22,22,22,22,22,22,,22,22,22,3.426,6.436,2.326,0.5071,2.807,10.53,4.132,1.344,9.677,0.3496,0.4229,,,,1.45,18.95,3.71,8.96,1.26,,,17.63,10.77,10.31,0.942,0.8948,22,55,33,33,33,33,33,,,,,,,,,9.05,21.16,29.93,44,21.29,44,44,27.09,,,,,,3.95,6.02,2.36,,,0.1085,1.705,55,,1.152,172.6,,,13.08,5.26,15.6,2.604,10.26,3.726,2.681,2.435,73.12,4.638,32.95,14.74,4.308,5.496,2.893,2.716,11.93,8.375,1.71,1.971,16.23,113.1,0.9546,14.27,4.766,,55,48.8,0.8977,0.6062,1.346,0.5871,0.4286,1.338,0.4254,0.2534,0.3631,47.6,37.8,41.51,32.03,,,,50.82,55,9.685,,,,,,,22.07,55,3.77,,,1.853,1.658,22,1.62,16.79,,7.73,44,44,44,16.42,7.188,3.22,,55,,,,,,,,1.64,20.72,,,,6.99,17.32,,,,,,,,,55,18.95,20.82,55,8.2,30.8,55,39.5,27,55,13,89.75,,,,,,21.86,16.03,22.88,55,55,21.1,55,0.33,0.09845,37.95,19.72,14.13,8,,,,,4.24,4.326,2.85,9.19,6.64,,,,71.64,4,2.46,,,,34.49,0.64,281.6,5.36,21.17,13.47,27.31,281.6,,9.2,15.8,10.88,10.77,13.28,11.75,,,,4.4,0.2,,,7.58,16.39,0.6,4.4,4.4,55,,,24.61,0.614,0.7612,0.8995,7.684,55,,8.07,,55,,0.3793,0.2229,14.4,0.4874,5.27,4.39,22.27,32.16,17.11,,,,,3.532,,2.15,2.83,3.45,,,,,
99-48-9,Carveol,,9.593,,,,,,,,,22,,,,,,,,,,,,,,,,,,2.3,13.6,55,19.2,9.6,,,,,,22,22,,,,,6.538,,,31.71,30.62,27.19,33,19.05,16.25,25.51,13.47,,,,,,,10.57,55,33,17.67,,,,,,,,,,,,44,25.32,13.22,,,,,,,,,,,,,,,,,,,,,,,,,,9.25,,,,4.06,,,55,79.56,1100,177.5,,1.36,2.28,,1.85,,,,,,,110,110,110,,,25.01,,,,,,,,,,,,,22,10.6,22,55,55,,11.8,22,22,22,22,22,22,22,22,22,15.02,22,22,11,11,11,4.754,11,11,,1.277,13.14,6.005,8.282,,,,,,,,,15.2,33,21.63,24.44,33,22,22,22,55,33,33,25.08,33,19.65,,,,,,,2.265,90.81,5.212,6.186,44,44,10.89,44,44,18.06,19.64,19.53,32.99,21.93,,,,,,,,,,,,,,,,26.4,,,,,14.85,42.64,122.1,,,11.91,12.18,,38.9,38.5,6.26,38.5,,2.02,,,,14.99,,,55,30.9,,,,,,,,,,,110,110,,,,,,,,,,,,10.25,35.2,22.82,55,40.7,,,,,,,,,,,,,,,27.38,,55,55.98,16.14,2.027,9.617,17.32,15.78,12.81,,16.18,,,,3.019,,,,21.15,,15.58,,,,55,13.9,55,55,7,39.12,35.95,55,15.58,55,10.92,6.266,13.81,29.23,26.56,21.61,20.94,13.3,22.37,13.22,27.06,55,13.91,55,,35.2,,,,,,,,,,,,,,4.96,,,19.26,471.6,7.39,,,,26.6,,,,,,,,,9.906,16.88,,,,27.73,,,,,,,,,,,,,1.449,,,55,21.22,,,,,,,,,,,,55,,6.44,6.17,,,,19.4,13.52,18.74,58.05,,,,,,,,,,
126-91-0,L-Linalool,,6.867,,1.918,3.643,,174.3,14.2,20.69,7.185,22,,,,,,,,9.2,,1.8,,55,55,24.82,55,55,31.46,3.003,12.6,43.56,13,6.244,20.1,20.1,,,,18.45,11.57,,,,,5.23,,,55,46.21,55,0.8253,13.73,20.42,21.56,,206.4,,6.125,26.3,9.5,39.1,18.07,20,19.4,10.93,11.18,17.49,,,,,,,,,16.29,31.38,6.248,3.723,7.83,21.1,18.4,10.7,27.6,9.43,23.1,12.6,15.7,13.9,7.94,13,4.17,6.59,18.9,21.7,11.9,1.272,17.8,16.9,8.35,9.79,8.38,13.9,13.4,4.276,,,,4.13,,,,2.083,80.46,13.98,2.934,1.577,1.753,,1.431,,,1.579,,,,110,110,110,,,29.77,,2.15,,123,,,,,,,,,3.379,5.67,12.57,3.219,48.32,7.412,55,22,22,22,22,22,22,22,22,2.697,22,22,22,11,11,11,0.9544,11,11,,2.223,7.488,4.329,6.7,,,,2.827,4.066,1.767,3.374,13.58,23.26,19.74,11.71,16.64,24.35,22,10.38,16.34,11.26,33,33,24.81,20.75,15.6,,,2.68,,7.2,2.9,6.96,110,3.092,5.175,27.13,6.062,9.577,44,44,8.618,14.21,44.92,38.93,29.37,,,,,,,,,55,10.84,,,44.16,,,,,,,,,,69.43,,33.1,13.75,,,,38.5,,27.09,,11.77,,,,14.75,,6.542,55,21.8,,,,,,,5.485,3.792,5.481,48.67,110,110,43.52,44,21.8,44,110,55,23.5,,,,,16.47,16.53,55,55,86.5,,,22,,,,14.58,11,,,,,,16.5,,75.93,55,31.9,55,45.23,55,7.77,12.37,15.56,,12.72,,,,8.367,26.79,23.97,110,4.3,110,4.851,,25.57,110,12.18,2.706,8.559,55,5.501,22.18,55,45.09,5.372,55,10.15,8.883,,,,,,11.94,11.37,10.75,21.76,28.79,12.84,55,3.388,9.46,,,,1.682,,4.439,,7.13,,,,,,2.435,6.933,2.942,6.81,18.46,2.184,33.1,34.5,,44.83,,,,,,,,11.2,8.9,6.4,9.7,8.6,1.56,13.28,,,,22,8.349,10.47,,9.084,25.81,11.07,29.98,44,2.385,13.46,10.4,26.51,10.29,,,,8.65,,10.7,,12.17,,25.7,1.967,55,7.425,,8.24,,,,12.82,14.38,,,6.347,37.58,,,,,,,42.25,98.17
25312-34-9,alpha-ionol,,,,,,,,,,,,,,,,,,,,,,,,,,,,,,,,,,,,,,,,,,,,,,,,,,,,,,,,,,,,,,,,,,,,,,,,,,,,,,,,,,,,,,,,,,,,,,,,,,,,,,,,,,,,,,,,,,,,,,,,,,,,,,,,,,28.67,14.86,,,,,,,,,,,,,,,,,,,,,22,22,22,22,22,22,22,22,,22,9.77,22,,,,,,,,,,6.22,6.79,,,,,,,,,,,,,,,,,,,,,,,,,,,,,,,,,,,,,,,,,,,,,,,,1.697,,,,,,,,,,,,,,,,,,,,,,,,,,,,,,,,,,,,,,,,,,,,,,21.4,10.53,11.45,8.31,,,,10.41,,,,,,,,,,,,,,,,,,,11.22,,,,,,4.7,10.89,9.2,55,,,,,,,,,14.3,,,,18.75,,,,,,,,,,,,,,,,,,,,,,,,,,,,,,,,,55,,,,,,,,,,,,,,,,13.15,,,36.94,,,,,,,,,,,,,,,,,,,,,,,,,,,,,,,,,55,,,55,,,,,,,,,,,,,55,,,,,,,,,,,,,,,,,,,,
10340-23-5,cis-3-Nonen-1-ol,,10.2,,0.84,0.5749,,312.7,47.69,31.35,2.6,22,7.25,33,3.99,0.96,10.7,12.34,9.333,7.302,,,11.66,55,52.56,55,45.4,40.19,23.38,0.4898,55,55,3.778,2.057,15.71,1.745,9.068,8.79,9.624,5.044,0.9782,,,,,1.2,,,21.48,26.43,25.44,6.803,12.4,17.26,16.35,,,12.02,,,,,26.57,28.95,33,55,,,,,,,,,,,19.58,13.98,5.928,2.865,,,,,,,,,,,,,,,,,,0.44,,,0.3385,,0.06292,,,6.84,,,69.78,,,,43.92,13.49,125.6,23.43,3.92,1.3,2.5,3.63,1.56,3.6,,0.4517,,,,17.9,110,64.77,,,,,3.07,,,1.419,1.73,1.865,9.556,9.534,1.43,2.131,2.424,5.768,4.813,3.57,9.085,55,12.29,0.4736,22,22,22,22,22,22,22,22,6.622,22,22,22,3.162,6.602,2.502,0.5413,2.985,10.51,4.333,1.911,8.909,0.4428,0.5231,6.6,,5.568,2.135,22.77,3.758,11.44,1.144,16.82,8.386,16.54,10.35,9.484,0.7898,0.7737,18.64,55,26.61,33,33,23.22,33,,,,,7,4.6,,,4.513,13.9,17.15,37.25,20.92,44,44,13.5,,,,,10.63,3.83,5.771,1.927,,,0.08995,1.464,30.13,,0.9108,24.01,72.4,46.8,13.09,4.307,15.48,2.989,11.65,4.216,4.992,3.698,69.83,8.037,17.06,10.41,5.482,5.769,5.244,3.72,9.736,10.36,1.7,2.509,16.2,113.1,0.967,17.3,4.766,,55,45.21,0.7935,0.5394,1.381,0.5797,0.496,1.278,1.417,0.7406,1.078,46.75,40.32,39.89,30.44,,,,46.86,55,9.878,,,,,10.7,35.2,22.57,55,4.689,,,1.8,1.658,22,1.62,16.64,11.17,8.209,44,44,44,16.68,6.327,5.521,41.08,55,,55,,,,,,1.64,6.107,66.54,47.17,12.69,7.697,17.3,,110,,,17.96,,51.62,,38.88,17.83,21.91,55,8.2,30.8,55,39.5,27,55,13,5.761,,,,,,13.65,8.877,13.84,28.38,55,17.33,55,0.2208,0.1544,38.59,18.17,14.7,3.568,,,,,4.61,3.12,1.97,2.13,1.14,3.773,22.87,0.8859,10.39,4.778,2.777,,,,23.42,0.2275,281.6,4.953,20.55,12.44,23.6,188,7.8,9.2,15.8,10.09,11.9,13.95,7.599,27.5,0.71,5.16,1.946,0.2875,,5.03,8.8,16.39,0.1985,0.868,2.357,55,12.89,8.49,22.69,0.6407,0.9742,0.6959,7.952,55,,6.469,,55,,0.3601,0.2373,55,0.5987,5.417,4.288,16.27,31.95,17.11,,,17.41,31.35,3.532,48.24,2.15,2.83,3.45,11,5.68,11,195,37.22
71510-51-5,"(E,Z)-5,7-Dodecadien-1-ol  / E5,Z7-12:OH",,10.25,,0.84,1.08,,,,,2.79,22,7.25,33,3.99,0.96,10.7,12.03,9.24,7.832,,,11.46,55,37.49,55,45.66,43.92,29.77,0.5769,14.79,28.61,4.12,4.092,18.77,1.579,17.09,14.73,17.35,3.894,0.5661,,,,,0.7191,,,23.25,22.71,22.17,6.465,12.87,21.26,19,,,12.49,,,,,33,18.81,33,55,,,,,,,,,,,24.53,14.04,3.66,2.193,,,,,,,,,,,,,,,,,,,,,0.5,,0.13,,,,,,9.96,,,,39.95,17.56,183,28.35,3.881,1.298,2.498,3.628,1.559,3.6,,0.4517,,,,20.56,110,69.46,,,,,3.07,,,1.779,1.162,2.163,9.93,9.94,1.413,2.118,2.409,5.069,4.424,2.776,10.67,55,13.44,0.2975,22,22,22,22,22,22,22,22,12.78,22,22,22,3.328,6.846,2.778,0.6012,3.265,10.49,4.445,1.662,11.84,0.685,0.7956,6.6,,5.8,2.344,23.09,3.933,11.75,1.212,18.32,7.512,16.71,10.14,8.7,0.5003,0.3755,22,55,33,33,33,33,33,,,,,7,4.6,,,5.087,14.94,18.88,38.33,20.39,44,44,15.22,,,,,10.63,3.95,6.19,2.6,,,0.1216,1.443,27.19,,0.7601,23.9,72.83,39.73,10.72,4.732,15.47,2.992,11.66,4.218,3.875,2.65,72.74,7.197,16.19,13.15,4.631,5.477,4.111,3.674,9.743,10.28,1.72,2.24,16.21,113.1,0.9397,13.04,4.766,,50.33,37.24,0.784,0.5636,1.303,0.6026,0.429,1.448,2.35,1.345,1.648,46.85,30.05,33.49,38.73,,,,49.87,39.35,9.671,,,,,10.7,35.2,24.13,55,4.056,,,1.485,1.658,22,1.62,13.55,12.59,8.157,44,44,32.74,16.55,5.935,5.122,41.08,55,,55,,,,,,1.639,4.466,66.54,47.17,12.69,8.871,17.3,23.67,110,,,,,65.83,,55,16.46,22.15,55,6.233,14.31,55,39.26,26.65,55,12.87,5.734,,,,,,11.47,9.215,14.03,29.4,39.22,19.43,55,0.3587,0.1214,37.92,19.15,16.02,3.057,,,,,,13.88,,,,4.376,,,9.855,4.413,2.331,,,,21.89,0.2254,281.6,4.992,20.61,12.53,23.94,187.3,7.8,9.2,15.8,10.47,11.03,14.15,8.8,27.5,0.71,5.16,1.92,0.187,,5.03,8.8,16.39,0.269,1.017,1.918,55,,,28.95,0.6093,0.7638,0.9093,7.61,55,,8.07,,55,,0.3849,0.2289,16.62,0.6031,4.935,3.998,22.27,32.16,17.11,,,17.42,31.48,3.532,48.24,2.15,2.83,3.45,11,5.68,11,,
73416-71-4,"(Z,E)-5,7-Dodecadien-1-ol / Z5,E7-12:OH",,10.25,,0.84,1.08,,,,,2.79,22,7.25,33,3.99,0.96,10.7,12.03,9.24,7.832,,,11.46,55,37.49,55,45.66,43.92,29.77,0.5769,14.79,28.61,4.12,4.092,18.77,1.579,17.09,14.73,17.35,3.894,0.5661,,,,,0.7191,,,23.25,22.71,22.17,6.465,12.87,21.26,19,,,12.49,,,,,33,18.81,33,55,,,,,,,,,,,24.53,14.04,3.66,2.193,,,,,,,,,,,,,,,,,,,,,0.5,,0.13,,,,,,9.96,,,,39.95,17.56,183,28.35,3.881,1.298,2.498,3.628,1.559,3.6,,0.4517,,,,20.56,110,69.46,,,,,3.07,,,1.779,1.162,2.163,9.93,9.94,1.413,2.118,2.409,5.069,4.424,2.776,10.67,55,13.44,0.2975,22,22,22,22,22,22,22,22,12.78,22,22,22,3.328,6.846,2.778,0.6012,3.265,10.49,4.445,1.662,11.84,0.685,0.7956,6.6,,5.8,2.344,23.09,3.933,11.75,1.212,18.32,7.512,16.71,10.14,8.7,0.5003,0.3755,22,55,33,33,33,33,33,,,,,7,4.6,,,5.087,14.94,18.88,38.33,20.39,44,44,15.22,,,,,10.63,5.83,6.02,2.36,,,0.1216,1.443,27.19,,0.7601,23.9,72.83,39.73,10.72,4.732,15.47,2.992,11.66,4.218,3.875,2.65,72.74,7.197,16.19,13.15,4.631,5.477,4.111,3.674,9.743,10.28,1.72,2.24,16.21,113.1,0.9397,13.04,4.766,,50.33,37.24,0.784,0.5636,1.303,0.6026,0.429,1.448,2.35,1.345,1.648,46.85,30.05,33.49,38.73,,,,49.87,39.35,9.671,,,,,10.7,35.2,24.13,55,4.056,,,1.485,1.658,22,1.62,13.55,12.59,8.157,44,44,32.74,16.55,5.935,5.122,41.08,55,,55,,,,,,1.639,4.466,66.54,47.17,12.69,8.871,17.3,23.67,110,,,,,65.83,,55,16.46,22.15,55,6.233,14.31,55,39.26,26.65,55,12.87,5.734,,,,,,11.47,9.215,14.03,29.4,39.22,19.43,55,0.3587,0.1214,37.92,19.15,16.02,3.057,,,,,,13.88,,,,4.376,,,9.855,4.413,2.331,,,,21.89,0.2254,281.6,4.992,20.61,12.53,23.94,187.3,7.8,9.2,15.8,10.47,11.03,14.15,8.8,27.5,0.71,5.16,1.92,0.187,,5.03,8.8,16.39,0.269,1.017,1.918,55,,,28.95,0.6093,0.7638,0.9093,7.61,55,,8.07,,55,,0.3849,0.2289,16.62,0.6031,4.935,3.998,22.27,32.16,17.11,,,17.42,31.48,3.532,48.24,2.15,2.83,3.45,11,5.68,11,,
140-67-0,p-allyl anisole  / estragole,,,10.83,,2.15,34.83,3.72,,,2.67,,,,,,,,,,,,,,,,,,,6,22.7,55,55,55,33,33,,,,,,,,,,,,,,,,,,,,,,,,,,,,,,,,,,,,,,,,,,,,,,,,,,,,,,,,,,,,,,0.09,,,,,,,,,,,,,,,,,,,,,,,,,,4.7,2.24,,,110,110,110,,,,,3.81,,,,,,,,,,,,,,,,,,,,,,,,,,,,,,,,,,,,,,,,,,,7.4,,,,,,,,,,,,,,,,,,,,,,,,,,,,,,,,,,,,,,,,,,,,,,,,,,,,13.56,,,,,,,,,,,,,,,,,,,,,,,,,,13.6,,,,,,,,,,,,,44.9,28.62,36.51,35.45,,,,32.15,,,29.13,,16.16,46.23,,,,,,,,22,,,,,,,,,,,,,,,,,,,,,,,,,,,,,,,,,,,,,,,,,,,,,,,,,,,,,,,,,,,,,,,,,,3,,,,,,,,,,,,,,,,,,,,,,,,,,,,,,,,,,,,,,,,,,,,,,,,,,,,,,,,,,,,,,,,,,,,,,,,,,,,,,,,,,
6874-44-8,cis-(3Z)-alpha-ocimene,,9.05,,9.1,49.9,,174.3,5.5,20.69,7.229,22,,,,,,,,,,,,55,55,26.9,55,55,55,2.1,22.7,55,11.2,55,20.1,20.1,,,,14.83,6.361,,,,,5.063,,,8.063,15.05,12.52,1.842,15.04,16.89,11.94,,205.4,,44,,,,13.73,20,33,11.16,,,,,,,,,,,10.39,27.16,14.34,12.03,7.83,21.1,18.4,10.7,27.6,9.43,23.1,12.6,15.7,13.9,7.94,13,4.17,6.59,18.9,21.7,11.9,3.962,17.8,16.9,8.35,9.79,8.38,13.9,13.4,3.858,,,,4.13,,,,0.8179,45.95,8.054,2.446,1.538,1.898,,1.667,,,,,,,71.34,110,110,,,,,1.3,,123,,,,,,,,,3.826,4.131,4.196,11.8,55,14.33,3.052,3.341,22,22,22,22,22,11.02,22,2.59,22,2.479,22,11,11,11,3.48,11,11,,,,1.709,3.884,,,,2.809,3.155,1.429,2.058,10.46,24.9,33,24.63,22.07,27.14,22,7.977,22,35.01,33,33,33,33,33,,,2.68,,7.2,2.9,6.96,110,5.953,12.84,26.08,5.41,9.1,44,44,8.769,14.21,44.92,38.93,29.37,,,,,,,,,55,11.02,,,25.07,,,17.58,,,,,12.44,44.06,,32.27,32.53,7.75,11.06,10.89,16.79,38.5,,23.98,,,,,,10.86,,,,,,,,,,,4.741,6.378,22,46.2,20.23,26.3,10.5,44,21.8,44,22.35,55,23.5,,,,,35.2,35.2,55,55,86.5,,,22,,,,10.03,,,,,,,13.54,,75.93,55,31.9,55,45.23,55,7.77,12.37,15.56,,8.236,,,,17.95,26.79,,,,110,13.35,,25.57,110,11.34,2.027,15.82,55,2.13,16.28,55,55,0.7896,55,3.184,21.54,,,,,,7.505,6.58,44.82,13.17,26.13,5.903,55,1.28,6.006,,,,,,,,,,,,,,3.941,1.04,0.52,3.45,6.91,1.617,,,,75.56,,,,,,,,11.2,8.9,6.4,9.7,8.6,1.592,9.081,,,,22,22,,,17.63,,23.96,44,44,3.65,,,55,6.743,,,,,,,,,,,1.64,55,,,8.24,,,,12.82,14.38,,,8.198,37.58,,,,,,,,
28973-97-9,(Z)-β-farnesene /  cis-β-farnesene,,6.28,,1.78,3.212,,174.3,6.463,20.69,5.792,22,,,,,,,,9.2,,1.8,,55,55,27.6,55,55,30.57,0.2389,2.076,26.82,1.504,9.558,20.1,20.1,,,,18.83,4.836,,,,,5.279,,,9.634,17.64,15.17,0.8897,14,14.27,6.856,,211.9,,15.52,26.3,9.5,39.1,20.64,20,23.46,10.71,11.18,13.74,,,,,,,,,12.89,37.55,4.797,1.681,7.83,21.1,18.4,10.7,27.6,9.43,23.1,12.6,15.7,13.9,7.94,13,4.17,6.59,18.9,21.7,11.9,0.3729,17.8,16.9,8.35,9.79,8.38,13.9,13.4,4.241,,,,4.13,,,,1.666,39.71,10.9,2.509,1.522,1.787,,1.576,,,1.461,,,,71.29,110,110,,,29.77,,0.7858,,123,,,,,,,,,3.6,6.63,3.68,7.17,49.34,8.671,5.54,1.533,22,22,22,2.049,22,5.829,6.859,2.107,1.887,0.5961,22,11,11,11,2.262,11,11,,0.2113,1.084,1.223,3.295,,,,1.235,3.438,1.02,3.782,15.86,23.82,25.09,17.89,15.88,21.15,6.205,3.316,17.97,15.95,33,33,26.28,24.05,28.16,,,2.329,,7.2,2.9,6.96,110,4.982,9.362,33.1,10.77,12.4,44,44,8.319,14.21,44.92,38.93,29.37,,,,,,,,,55,10.88,,,26.06,,,17.58,,,,,12.44,44.06,69.43,32.27,32.49,9.6,11.06,10.89,16.79,38.5,,24.09,,11.77,,,,10.2,,5.4,55,20.38,,,,,,,5.544,3.736,6.849,45.59,20.15,24.15,10.84,44,21.8,44,22.39,55,23.5,,,,,3.592,23.75,55,55,86.5,,,22,,,,10.27,11,,,,,,13.57,,75.93,55,31.9,55,45.23,55,7.77,12.37,15.56,,12.32,,,,14.07,26.79,23.97,110,4.3,110,8.281,,25.57,110,7.919,1.284,11.62,55,2.266,15.53,55,48,0.8639,55,3.452,8.426,,,,,,5.991,6.516,11.18,14.95,22.31,5.33,55,0.7244,2.258,,,,2.098,,5.707,,6.39,,,,,,3.447,1.278,0.6236,5.664,11.79,2.748,33.1,34.5,,16.68,,,,,,,,11.2,8.9,6.4,9.7,8.6,1.037,8.706,,,,22,1.864,10.47,,10.91,23.89,5.933,37.31,44,2.029,13.46,10.4,33.54,8.023,,,,8.65,,10.7,,12.17,,25.7,1.07,55,1.9,,8.24,,,,12.82,14.38,,,11.01,37.58,,,,,,,42.25,98.17
57-11-4,octadecanoic acid  / stearic acid,,12.25,,0.84,2.616,,312.7,47.69,31.35,3.781,22,4.97,2.469,1.512,0.7871,2.547,12.78,10.04,4.287,7.3,1.753,11.66,55,30.88,55,55,55,31.85,55,55,55,55,6.4,6.924,1.264,33,33,33,22,22,,,,,12.39,,,43.23,41.82,36.91,3.435,12.84,21.66,44.46,9.376,60.99,11.45,21.38,,,,33,21.74,33,55,,,32.85,,,,,,,,15.76,13.7,57.29,26.47,,,,,,,,,,,,,,,,,,0.4968,,,0.2711,,0.04163,,,5.809,12.7,,69.66,,,,55,4.403,67.68,6.233,3.92,1.3,2.5,3.63,1.56,3.6,,0.7002,2.88,33,33,18.02,110,70.5,,,,,2.85,,,0.9143,3.29,3.258,9.807,10.1,2.88,3.07,3.53,6.627,11.14,22,8.255,37.3,6.485,25.7,15.53,22,22,22,2.035,22,3.007,1.969,2.839,2.885,0.8976,10.81,4.938,11,11,1.479,11,11,4.671,3.017,23.14,4.754,4.201,6.6,,5.665,2.647,1.17,2.995,10.9,5.313,33,9.279,17.66,22.83,33,8.718,13.6,18.86,55,17.87,33,33,22.15,33,,,,,7,4.6,,,5.439,13.29,14.68,40.97,11.3,44,44,8.455,,,,,10.63,,7.26,2.24,,,0.0882,1.303,39.82,,0.7472,27.64,73.46,48.83,13.09,26.4,15.29,2.81,10.99,3.971,6.933,6.509,73.66,21.34,31.2,19.96,7.389,5.643,15.22,12.83,34.05,15.93,2.25,3.608,16.5,55.38,1.26,11.95,3.97,2.63,48.05,34.64,0.922,0.6538,1.331,0.7864,0.7577,6.627,1.047,0.5385,0.919,48.6,40.82,49.23,34.03,28.1,24.2,44,78.95,55,10.9,,,,,5.2,35.2,23.01,41.96,4.846,3.81,2.5,2.194,1.658,22,1.62,11.49,11.17,7.73,44,44,44,16.42,6.385,23.6,,55,,55,,,,,,,18.45,66.54,47.17,12.69,11.06,18.45,,110,,,18.64,,29.91,110,29.4,17.19,55,55,4,13.2,55,55,9.3,55,2,5.689,13.49,7.672,25.22,26.11,6.95,4.901,6.067,12.08,11.46,30.29,5.969,55,0.3147,1.32,43.55,28.42,23.72,2.956,,2.695,,,,,,,,1.26,1.717,0.5288,9.49,9.21,3.594,9.211,8.6,3.1,22.14,0.21,281.6,18.92,33.91,48.29,281.6,182.2,7.8,,,11.65,10.77,17.5,6.713,,,,22,22,12.59,2.059,8.8,,4.65,12.32,22,2.791,12.89,8.49,55,1.749,0.7815,1.824,7.304,55,,55,,3.714,,0.4745,0.5427,55,1.588,8.257,5.525,16.27,27.36,22.39,,,23.93,189.5,5.093,39.4,,,,11,5.68,11,162.4,30.91
140-11-4,Benzyl acetate,2.587,55,105,3.724,16.71,21.26,34.6,2.395,36.93,3.323,22,5.187,2.46,2.546,33,4.282,,,1.398,10.81,2.418,,55,35,55,55,55,55,,,,,,12.71,7.707,,,,,,,,,,,,,25.86,26.47,21.98,4.757,14.78,33,28.13,18.86,,22,,,,,19.49,,33,55,,,,,,,,,,,,10.75,15.46,9.654,,,,,,,,,,,,,,,,,,0.09556,,,12.9,,2.5,,,,16.55,,14.31,,279.5,422,8.07,60.92,452.4,40.44,,,,,,,,0.7954,2.52,,,110,110,110,,,11.92,13.89,,17.78,19.75,5.02,8.53,,,,,,,9.42,10.53,22,11.38,16.64,1.026,27.25,22,22,22,22,22,22,22,22,22,22,22,22,,,,,,,,,,,,,,,19.74,33,33,33,33,20.36,16.17,15.89,17.48,33,22,22,22,31.21,33,33,33,33,33,,,,,,,,,,,,,,,,,,,,,,,,,390,9,,,5.809,,,16.1,90.54,37.19,,26.4,,,,,26.03,81.58,95.09,22.32,,13.74,17.58,13.91,23.84,38.5,36.53,19.94,,,,36.5,,12.95,3.814,3.485,55,30.2,,,,,,,,,,24.82,23.04,52.32,10.3,28.1,24.2,44,13.09,,,,,,,,,55,55,6.1,,,6.802,,,,4.9,,,,,,,11.8,16.88,14.67,55,23.8,,5.47,55,22.21,17.5,56.93,,,,,,,,,,10.8,,,,26.5,110,13.76,11.15,19.07,55,6.5,23.3,55,55,25.5,55,12.3,7.511,17.23,6.208,23.85,20.28,11.16,19.66,33.42,19.63,29.93,35.1,22.97,55,,35.2,36.45,35.19,13.8,8.099,3.7,5.883,13.6,5.5,,,,,,2.2,,,3.552,12.47,4.054,13.62,10.87,7.076,26.89,,,,,,,,,,,,,,11.53,,,,22,,9.89,4.87,8.03,,12.76,22,22,55,,9.52,55,,1.76,13.2,13.2,9.764,,9.82,,8.888,,23.49,,55,13.26,7.55,3.34,18.85,21.63,31.31,,,,,4.07,31.86,,,,,,,,
589-75-3,Butyl caprylate,,12.09,,0.84,1.824,,312.7,47.69,31.35,3.349,17.29,5.077,2.404,3.652,5.035,4.373,16.3,13.1,3.976,14.9,1.304,11.68,55,30.09,55,55,55,31.08,55,55,55,55,1.622,9.327,2.664,0.4371,0.2643,0.8107,5.68,1.258,,,,,1.517,,,34.53,38.36,39.46,1.932,14.19,22.27,23.51,8.519,65.07,10.98,24.74,,,,33,34.88,33,55,,,32.76,,,,,,,,16.07,10.16,15.57,9.366,,,,,,,,,,,,,,,,,,0.3687,,,0.3552,,0.06879,,,5.586,12.3,,75.34,,,,55,4.293,65.16,6.024,,,,,,,,0.4652,,33,33,56.87,110,110,,,12.36,13.89,2.807,,,1.069,2.621,2.155,9.807,10.1,2.88,3.07,3.53,6.049,6.831,7.979,8.097,36.76,6.367,1.738,22,22,22,22,7.01,22,15.22,7.063,2.607,11.63,3.002,22,4.61,11,11,1.503,11,11,8.683,2.814,23.96,4.003,4.095,6.6,,5.8,33,0.85,2.75,10.45,33,33,33,8.834,21.54,33,10.16,22,17.7,36.6,19.24,33,33,13.51,33,,,,,7,4.6,,,5.354,11.94,14.95,40.25,11.13,44,44,8.792,,,,,10.63,6.55,7.364,2.311,,,0.08919,1.061,8.676,,0.7794,13.67,72.99,,13.6,26.4,15.6,2.604,10.26,3.726,19.87,15.19,74.24,19.58,13.91,11.84,11.04,10.5,14.59,38.5,32.97,17.52,2.25,1.114,17.41,55.31,,14.57,3.199,3.345,47.75,36.29,2.134,1.876,1.448,1.151,1.562,0.65,1.303,0.7212,1.124,50.67,49.57,53.76,9.185,28.1,24.2,44,10.79,55,10.69,,,,,5.2,35.2,20.26,45.04,5.203,3.575,2.273,1.127,1.658,22,1.62,15.28,,8.566,44,44,44,17.04,6.283,23.29,,55,,55,,,,,,,21.85,,,,12.51,18.24,,110,,,18.9,,27.87,110,32.19,25.73,55,55,4,13.2,55,55,9.3,55,2,5.645,12.58,8.43,24.04,26.29,7.582,4.921,6.028,12.05,15.01,26.13,8.07,55,0.307,6.194,37.32,28.41,14.92,3.237,3.7,3.06,13.6,5.5,4.342,2.786,1.98,1.762,1.169,1.332,3.087,1.109,8.184,9.21,2.634,9.597,8.6,3.1,29.22,0.21,281.6,18.92,33.91,48.29,281.6,182.2,,,,11.6,10.76,17.5,6.727,27.5,0.71,5.16,15.54,7.327,12.59,3.11,7.585,3.82,0.9868,4.24,6.976,2.654,12.89,8.49,55,0.5275,0.8297,13.2,6.833,55,,55,,5.82,,2.625,0.5042,55,3.442,4.995,3.929,20.99,24.84,17.85,,,23.93,189.5,3.506,39.63,,,,,,,160.6,31.71
110-38-3,"decanoic acid, ethyl ester / Ethyl decanoate",,12.17,,0.84,1.845,,312.7,47.69,31.35,3.326,17.68,4.828,2.358,1.724,1.38,2.819,0.06308,13.1,4.41,7.3,2.169,11.68,55,29.96,55,55,41.84,31.26,55,55,55,55,1.955,13.55,4.335,33,33,33,22,22,,,,,22,,,42.46,40.03,35.43,2.249,14.45,22.92,10.32,7.964,71.92,10.98,18.6,,,,33,35.77,33,55,,,30.64,,,,,,,,15.87,10.15,14.08,8.822,,,,,,,,,,,,,,,,,,0.3682,,,0.3613,,0.07104,,,5.624,12.18,,72.33,,,,6.895,4.43,63.66,6.368,,,,,,,,0.7,2.88,33,33,47.09,110,110,,,12.36,13.89,2.645,,,0.9156,2.586,2.437,9.807,10.1,2.88,3.07,3.53,6.683,11.07,22,8.123,36.85,6.387,25.95,16.58,22,22,22,2.446,22,4.138,2.435,2.669,4.356,0.9795,12.48,4.608,11,11,1.503,11,11,7.145,2.809,23.95,3.996,4.087,6.6,,5.8,5.643,1.074,3.099,15.16,33,23.84,10.24,8.834,21.54,33,10.22,22,17.7,43.92,19.24,33,33,13.51,33,,,,,7,4.6,,,5.576,11.36,15.09,40.77,10.64,44,44,8.758,,,,,10.63,,7.26,2.24,,,0.08779,1.05,14.16,,0.7868,14.94,73.07,,13.26,26.4,15.6,2.604,10.26,3.726,24.46,17.73,75.09,18.09,12.73,8.737,12.79,9.338,17.28,19.8,33.61,13.92,2.25,3.608,16.71,55.32,,10.73,13.6,2.79,48.69,34.58,2.133,1.879,1.449,1.003,1.079,1.749,1.313,0.7278,1.134,50.33,42.75,43,15.55,28.1,24.2,44,23.13,55,10.73,,,,,5.2,35.2,20.21,45.07,5.044,3.51,2.211,3.87,1.658,22,1.62,22,,7.73,44,44,44,16.42,6.448,23.34,,55,,55,,,,,,,21.85,,,,12.51,20.22,,110,,,18.85,,28.03,110,32.15,10.19,55,55,4,13.2,55,55,9.3,55,2,5.587,13.21,7.867,24.86,26.16,7.113,5.166,6.034,12.06,13.8,25.01,7.112,55,0.3071,6.736,40.71,28.36,19.4,2.904,3.7,2.976,13.6,5.5,,,,,,1.596,2.545,0.8203,7.437,9.21,3.002,9.245,8.6,3.1,29.24,0.21,281.6,18.92,33.91,48.29,281.6,182.2,,,,11.61,10.76,17.5,6.724,27.5,0.71,5.16,15.54,7.327,12.59,2.895,8.8,,0.9478,2.965,11.29,2.866,12.89,8.49,55,1.173,0.6584,4.577,6.84,55,,55,,5.82,,1.918,0.611,55,2.258,6.149,4.431,20.88,25.34,21.87,,,23.93,189.5,3.506,39.63,,,,,,,160.9,31.57
112-66-3,Dodecyl acetate / 12:Ac,,13.03,,1.243,4.085,,313.2,38.13,31.38,3.35,18.47,5.153,2.399,3.663,5.391,4.316,16.3,13.1,3.832,14.9,1.562,11.68,55,33.06,55,36.88,55,39.75,55,55,55,55,1.788,8.17,1.607,0.4416,0.2675,0.8135,3.674,0.5003,,,,,0.6406,,,24.5,32.56,39.2,2.701,15.26,25.4,27.33,13.17,56.46,12.99,26.02,,,,33,29.66,33,55,,,32.58,,,,,,,,16.06,18.03,16.44,9.946,,,,,,,,,,,,,,,,,,0.4406,,,1.048,,0.2443,,,5.626,11.97,,75.41,,,,8.975,5.447,76.34,7.603,,,,,,,,0.5121,,33,33,86.93,110,110,,,12.36,13.89,2.82,,,0.9834,3.097,2.034,9.807,10.1,2.88,3.07,3.53,4.524,4.76,5.022,8.606,38.51,6.75,0.7534,22,22,22,22,15.36,22,22,22,3.025,8.804,8.217,22,3.782,7.523,3.763,0.7009,5.225,10.48,6.106,2.805,23.94,3.711,4.058,5.355,,5.746,7.081,2.622,5.093,18.79,33,23.52,9.742,8.433,21.16,33,22,22,17.52,35.49,26.25,33,33,13.01,33,,2.47,,,5.558,4.664,,,5.097,12.4,15.09,39.41,12.08,44,44,9.217,,,,,10.63,6.55,7.384,2.333,,,0.09845,1.152,8.75,,0.663,14.02,75.49,,21.2,26.4,15.6,2.604,10.26,3.726,14.79,12.27,81.21,19.74,14.09,12.07,5.55,9.281,15.7,38.5,22.62,19.84,2.25,0.86,18.01,55.53,1.26,16.33,3.9,3.228,46.06,35.93,1.443,1.187,1.278,1.233,3.184,0.414,1.412,0.8202,1.223,50.57,40.32,44.69,10.38,28.1,24.2,44,11.01,55,10.76,,,,,5.478,29.35,16.08,41.72,6.1,3.81,2.5,0.6323,1.658,22,1.62,3.72,,9.444,44,44,44,18.1,7.335,31.73,,55,,55,,,,,,,6.059,25.57,24.29,22.07,12.69,17.31,,110,,,18.81,,28.21,110,20.69,18.54,28.5,55,3.567,10.98,55,37.48,8.366,55,1.491,6.299,13.88,7.449,25.71,26.05,6.763,5.151,6.655,12.09,29.43,32.13,13.91,55,0.3068,2.733,34.86,28.73,12.16,1.89,3.886,3.557,13.6,2.351,4.353,2.737,1.949,1.7,1.082,1.222,2.198,0.5751,10.44,8.455,2.38,9.101,8.6,3.1,29.27,0.21,281.6,18.92,33.91,48.29,281.6,182.2,,,,10.6,11.91,14.54,8.026,27.5,0.71,5.16,3.585,0.2797,12.59,4.87,7.417,3.82,0.3953,4.4,3.563,3.589,12.89,8.49,55,0.386,0.8432,13.2,6.959,55,,55,,5.82,,2.578,0.2458,11.08,0.9561,5.837,3.559,19.06,22.15,22.82,,,23.93,189.5,3.163,40.08,,,,,,,169.8,28.72
14041-81-7,p-tert-Butylphenyl benzoate,2.775,55,,,,,,,,,22,6.054,2.616,2.785,33,4.232,,,4.6,9.9,4,2.7,55,55,55,55,28.4,55,,,,,,33,33,,,,,,,,,,,,,55,55,55,15.58,14.81,33,34.23,,,,,,,,18.95,,33,55,,,,,,,,,,,,7.18,,,,,,,,,,,,,,,,,,,,,,,,,,,,,35,,,,,,,58.17,442.5,305.8,,,,,,,,0.6742,2.52,,,,,,,,,,,17.78,19.75,,,,,,,,,9.42,10.53,22,12.1,18.1,1.42,35.22,22,12.07,10.58,4.185,22,22,22,22,,22,22,22,,,,,,,,,,,,,,,,,,,,,,15.21,14.33,33,22,22,22,30.7,33,33,33,33,33,,,,,,,,,,,,,,,,,,,,,,,,,,,,,12.97,,,,,37.19,,,,,,,,,,,,,,,,,,,,,,,,28.17,2.984,2.458,,,,,,,,,,,,,22.27,110,9.352,28.1,24.2,44,10.68,,,,,,,,,55,55,,,,22,,,,5.03,,,,,,,11.8,,14.67,25.87,,,,,,,,,,,,,,,,,10.8,,,,,,,,,,,,,,,,,18.79,21.2,26.51,23.89,31.26,30.15,55,33.42,19.63,35.48,34.2,23.9,31.44,,,,,,,,,,,,,,,,,,,2.567,11.46,4.86,6.021,7.235,2.268,26.69,,,,,,,,,,,,,,11.53,,,,,,9.89,,8.03,,,,,55,,9.52,5.64,,,,,,,,,,,,,,,,,,,,,,,,,,,,,,,,,
13936-99-7,p Isopropylphenyl benzoate,2.775,55,,,,,,,,,22,6.373,2.889,3.067,33,4.44,,,7.6,15.3,4.7,1.188,55,55,55,55,28.4,55,,,,,,33,33,,,,,,,,,,,,,55,55,55,15.58,14.81,33,34.23,,,,,,,,18.95,,33,55,,,,,,,,,,,,7.18,,,,,,,,,,,,,,,,,,,,,,,,,,,,,26.94,,,,,,,55.97,394.1,281.2,,,,,,,5,0.6639,2.52,,,,,,,,,,,17.78,16.19,,,,,,,,,9.417,8.442,22,11.61,10.35,1.42,33.99,22,13.79,12.44,6.045,22,22,22,22,,22,22,22,,,,,,,,,,,,,,,,,,,,33,13.34,15.21,14.33,33,22,22,22,30.7,33,33,33,33,33,,,,,,,,,4.71,27.7,15.13,44,7.63,44,44,4.96,,,,,,,,,,,,,12.97,,,,,37.19,,,,,,,,,,,,,,,,,,,,,,,,39.61,2.731,2.933,,,,,,,,,,,,,22.27,110,9.352,28.1,24.2,44,10.68,,,,,,,,,55,55,,,,22,,,,5.26,,,,,,,11.8,,14.67,31.17,34.32,,15.14,16.51,11.73,23.79,,,,,,,,,,,10.8,,,,,,,,,,,,,,,,,18.56,21.2,26.51,23.89,31.26,30.15,33.16,33.42,17.34,38.17,31.68,22.96,39.18,,,,,,,,,,,,,,,,19.21,,,3.808,10.51,4.766,10.23,7.7,3.497,26.49,,,,,,,,,,,,,,11.53,,,,,,9.89,,8.03,,,,,55,,9.52,7.996,,,,,,,,,,,,,,,,,,,,,,,,,,,,,,,,,
5444-77-9,4-Methylpentyl benzoate,2.775,55,,18.68,83.17,,414.7,38.17,36.93,3.3,22,6.207,3.056,3.198,33,4.646,,,1.4,11.9,4.8,2.7,55,39.5,55,55,25.42,55,,,,,,13.25,4.969,,,,,,,,,,,,,27.28,25.74,21.52,15.58,14.81,33,27.26,,,,,,,,18.95,,33,55,,,,,,,,,,,,7.18,,,,,,,,,,,,,,,,,,,,0.58,,,12.9,,2.5,,,,16.77,,75.27,,,,,58.17,442.5,305.8,,,,,,,,0.6791,2.52,,,,,,,,12.36,13.89,,17.78,19.75,,,,,,,,,9.42,10.53,22,12.1,18.1,1.42,35.22,22,13.63,12.27,5.853,22,22,22,22,,22,22,22,,,,,,,,,,,,,,,,,,,,,,17.38,16.55,33,22,22,22,30.7,33,33,33,33,33,,,,,,,,,,,,,,,,,,,,,,,,,,9,,,3.893,,,14.83,47.29,37.19,,26.4,,,,,26.62,,,,,,20.04,,23.8,,40.13,,,,,36.5,,14.27,2.447,3.265,48.98,28.1,,,,,,,,,,44.9,22.27,110,8.333,28.1,24.2,44,8.993,,,,,,,,,55,55,,,,4.424,,,,2.427,,,,,,,11.8,,14.67,25.14,,,,,,,,,,,,,,,,,10.8,,,,,,55,55,55,55,6.5,23.3,55,55,25.5,55,12.3,18.79,21.2,26.51,23.89,31.26,30.15,55,33.42,19.63,33.25,37.87,25.19,29.51,,,,,,2.349,3.757,6.052,13.6,2.447,,,,,,,,,2.587,16.45,5.27,9.166,8.01,4.634,27.54,,,,,,,,,,,,,,11.53,,,,,,9.89,,8.03,,,,,55,,9.52,4.403,,,,,,,,,,,,,42.81,,18.59,,,,,,,,,4.07,31.86,,,,,,,,
94134-32-4,butyl p-tert- butylbenzoate,,,13.39,6.2,24.08,,14.34,7.58,11.04,1.35,17.85,5.217,2.398,2.511,33,4.14,,,1.886,14.9,1.1,2.7,55,55,55,55,28.4,55,55,55,55,55,55,8.643,3.018,0.3817,0.2231,0.8824,4.4,0.65,,,,,0.77,,,26.2,30.42,37.29,2.628,13.49,24.19,38.97,18.86,66.48,11.76,44,,,,33,34.65,33,55,,,36.08,,,,,,,,18.04,8.792,18.56,10.44,,,,,,,,,,,,,,,,,,0.82,,,,,,,,5.78,14.11,,91.25,,,,,,,,,,,,,,,0.7567,,,,110,110,110,,,12.36,13.89,,,,,8.53,,,,,,,4.4,4.4,4.4,,,,0.75,22,15.21,14.03,7.934,15.86,22,22,22,,11.39,11.07,22,,,,,,,16.2,,,,,,,,9.803,2.245,4.752,15.58,33,,,33,33,33,22,22,22,37.4,33,33,33,33,33,,,,,,,,,,,,,,,,,,,,,10.63,,7.26,2.24,,,0.11,1.18,4.35,,0.7284,14.83,47.93,,,26.4,,,,,21.23,42.11,95.09,,,11.31,12.01,12.83,16.46,38.5,33,19.9,,,,,,17.5,5.2,2.865,46.89,36.03,2.14,1.85,1.44,1.5,22,0.64,,,,53,,,8.145,28.1,24.2,44,8.29,,,,,,,,,55,55,6.063,3.81,2.5,2.452,,,,2.4,,,,,,,,,,32.77,,,,,,,,,,,,,,,,,,,,,,110,55,55,55,55,4,13.2,55,55,9.3,55,2,,12.56,12.63,21.78,26.54,10.89,,,,41.58,55,22.1,33.06,0.3055,2.794,36.15,34.97,13.72,8,3.7,5.8,13.6,5.5,,,,,,2.2,,,4.704,9.21,2.38,8.11,7.954,3.14,,0.21,281.6,18.92,33.91,48.29,281.6,182.2,,,,,,,,,,,3.628,0.2709,,4.87,,,0.391,4.4,3.607,55,,,4.222,0.4949,0.8169,13.2,7.033,,,,,,,23.49,0.2379,,0.9454,4.73,3.536,19.9,23.11,18.78,,,,,4.07,31.86,,,,,,,,
26537-19-9,Butyl p-tertbutylbenzoate,3.97,55,8.829,5.798,21.1,64.18,12.05,7.464,8.494,1.021,22,,,,,,0.08,,3.114,6.635,1.579,2.7,55,55,55,55,28.4,55,,,,,,33,33,,,,,,,,,,,,,8.67,13.32,11.83,8.17,9.68,33,41.38,,,22,,,,,33,55,33,39.91,,,28.26,,,,,,,,,,,,,,,,,,,,,,,,,,,,,0.82,,,,,,,,,,,,,,,,58.17,442.5,305.8,,,,,,,,0.7,,,,60.01,110,110,,,,,,17.78,19.75,,,,,,,,,9.42,10.53,22,12.1,18.1,1.42,35.22,22,12.94,11.52,5.076,22,22,22,22,22,22,22,22,,,,,,,,,,,,,,,,,,,,,,33,18.51,19.32,22,22,22,39.5,33,33,33,33,33,,,,,,,,63.7,7.01,16.04,27.53,44,10.99,44,44,11.25,,,,,,,,,,,,,43.51,,,,35.1,37.19,,26.4,,,,,45.77,77.31,73.07,,,9.81,18.79,,37.29,38.5,38.38,20.25,,7.55,,,,41.48,3.435,2.6,55,48.1,,,,,,,,,,,21.28,110,12.27,,,,23.08,,,,,,,,,31.15,55,29.5,,,22,,,,5.03,,,,,,,9.409,,14.67,55,,,,,,,,,,,,,,39.22,,,,,,,,,,,,,,,,,,,,18.79,17.3,29.92,16.89,26.98,24.69,55,33.42,19.63,55,38.4,31.31,55,,,,,,,,,,,,,,,,,,,3.065,,7.97,16.5,17.2,17.7,36.71,,,,,,,,,11,13.5,,,,11.92,,,,,,,,,,,,,55,,,55,,,,,,,,,,,,,55,,16.43,9.62,23.21,20.13,31.74,,,,,,,,,,,,,,
592-84-7,"methanoic acid, butyl ester, butyl formate",,10.53,,,,,,,,,10.38,7.25,33,3.99,0.96,10.7,12.78,9.539,6.558,,1,14.3,55,51.6,55,55,55,55,5.814,38.46,55,15.9,5.495,2.564,2.124,6.558,6.306,7.067,22,22,,,,,12.12,,,22.03,19.55,18.33,6.758,13,15.08,42.58,18.86,69.42,12.5,44,,,,25.71,40.76,33,55,,,36.19,,,,,,,,18.04,23.32,13.14,6.724,,,,,,,,,,,,,,,,,,,,,12.9,,55,,,5.806,24.22,,69.66,,,,55,9.839,84.29,24.12,3.92,1.3,2.5,3.63,1.56,3.6,,0.4955,,,,110,110,110,,,12.36,13.89,,,,3.34,8.53,,9.807,10.1,,,,6.51,6.75,5.739,19.41,55,10.32,1.488,22,22,22,22,22,22,22,22,12.78,22,22,22,4.316,7.498,3.728,0.7093,5.192,10.48,16.2,1.304,8.463,2.194,5.272,6.6,,5.8,21.37,33,11.7,23.52,6.645,33,9.279,10.93,9.759,9.038,0.5944,0.4136,16.13,41.98,22.05,33,33,17.08,33,,,,,7,4.6,,,4.28,13.46,16.44,36.78,28.17,44,44,12.8,,,,,10.63,3.58,7.26,2.27,,,0.11,1.481,4.448,,0.715,17.5,72.13,48.83,51.46,26.4,,,,,21.76,44.68,97.08,18.33,30.93,7.102,11.91,14.49,16.17,20.03,9.094,12.34,,4.424,18.55,,0.92,25.61,3.228,,48.46,37.56,0.9197,0.7602,1.588,2.166,3.741,22,5.4,22,4.76,49.65,,,26.89,,,,30.99,34.1,11.03,,,,,,,32.27,55,6.148,3.81,2.5,22,,,,22,,,,,,,7.882,22.03,,55,,55,,,,,,,17.65,66.54,47.17,12.69,10.89,17.24,,110,,,17.96,,49.45,110,36.7,32.81,34.31,55,4,13.2,55,55,9.3,55,2,5.797,11.66,9.811,22.82,26.59,8.722,19.77,8.702,12.43,22.96,55,21.43,55,0.3417,5.058,38.88,22.89,16.08,3,,,,,,,,,,7.53,44,0.96,33.07,5.67,2.296,41.3,,,19.81,0.222,281.6,5.063,20.72,12.71,24.57,186.2,7.8,,,9.852,9.67,,6.129,,,,3.696,0.5205,,4.556,8.8,,0.5492,2.859,4.4,55,12.89,,55,0.6651,1.002,1.695,13.2,55,,55,,55,,23.49,0.2874,55,0.9962,4.809,4.003,19.87,23.08,18.84,,,23.93,189.5,3.48,48.24,2.15,2.83,3.45,11,5.68,11,195,37.22
1453-82-3,Isonicotinamide,,,,,,,,,,,,,,,,,,,,,,,,,,,,,,,,,,,,,,,,,,,,,,,,,,,,,,,,,,,,,,,,,,,,,,,,,,,,,,,,,,,,,,,,,,,,,,,,,,,,,,,,,,,,,,,,,,,,,,,,,,,,,,,,,,,,,,,,,,,,,,,,,,,,,,,,,,,,,,,,,,,,,,,,,,,,,,,,,,,,,,,,,,,,,,,,,,,,,,,,,,,,,,,,,,,,,,,,,,,,,,,,,,,,,47.93,,,,,,,,,,,,,,,,,,,,,,,,,,,,,,,,,,,,,,,,,,,,,,,,,,,,,,,,,,,,,,,,,,,,,,,,,,,,,,,,,,,,,,,,,,,,,,,,,,,,,,,,,,,,,,,,,,,,,,,,,,,,,,,,,,,,,,,,,,,,,,,,,,,,,,,,,,,,,,,,,,,,,,,,,,,,,,,,,,,,10.02,,8.88,,26.32,,,,,,,,,,,,,,,,,,,,,,,,
943-15-7,3-Nitrocymene,,,,,,,,,,,,13,13.6,33,33,9.64,,,,,,,,,,,,,,,,,,,,,,,,,,,,,,,,,,,,,,32.21,,,,,,,,,,,,,,,,,,,,,,,,,,,,,,,,,,,,,,,,,,,,,,,,,,,,,,,,,,,55.52,1100,276.2,,,,,,,,,,,,,,,,,,,,,54.53,,,,,,,,,9.44,8.06,22,16.7,9.2,1.42,46.6,,,,,,,,,,,,,,,,,,,,,,,,,,,,,,,,33,13.34,,,,,,,,,,,,,,,,,,,,,4.71,27.7,15.13,44,7.63,44,44,4.96,,,,,,,,,,,,,,,,,,,,,,,,,,,,,,,,,,,,,,,,64.94,,,7.978,,,,,,,,,,,,,,,,,,,,,,,,,,,,,,,,,,22,,,,,,,,,,,,,,,34.32,,15.14,16.51,11.73,23.79,,,,,,,,,,,,,,,,,,,,55,8.1,23.8,55,55,55,55,29.4,20.7,,,,,,29.82,,16.89,,,,,,,,,,,,,,,,,,,,,,,,,,,,,,,,,,,,,,,,,,,,,,,,,,,,,,,,,,,,,,,,,,,,,,,,,,,,,,,,,,,,,,,,,,,,
207671−50−9,Rutin hydrate,,,,,,,,,,,3.175,6.87,5.68,6.13,3.82,2.5,,,,,,,,,,,,,,,,,,,,,,,,,,,,,,,,,,,,,,,,,,,,,,10.63,,7.78,,,,,,,,,,,,10.42,11.02,,,,,,,,,,,,,,,,,,,,,,,,,,,,,,,,,,,,,,,,,,,,,,,,,,,,,,,,,,,,1.19,,3.7,,,,,,,,,,,,,,,,,,,,,22,,,,,,,,,,,,,,,,,,,,,,,,,,,,,,,,,,,,,,,,,,,,,,,,,,,,,,,,,,,,,,,,,,,,,,,,,,,,,,,,,,,,,,,,,,,,,,,,,,,,,,,,,,,,,,,,,,,,,,,,,,,,,,,,,,,,,,,,,,,,,,,,,,,,,,,1.82,,,,,,,,,,,,,,,,,,,,,,,,,,,,,,,,,,,,,,,,,,,,,,,,,,,,,,,,,,,,,,,,,,,,,,,2.2,,,,,,,,,,,,,,,,,,,,,,,,,,,,,,,,,,,,,,,,,,,,,,,,,,,,,,,
96-76-4,"2,4-di-tert-butylphenol",,,,,,,,,,,,,,,,,,,3.1,5.9,6,2.7,,,,,,,,,,,,,,,,,,,,,,,,,,,,,,,,,,,,,,,,,,,,,,,,,,,,,,,,,,,,,,,,,,,,,,,,,,,,,,,,,,,,,,,,,,,,,,,,,,,,,,,,,,,,,,,,,,,,,,,,,,,,,,,,,,,,,,,,,,,,,,,,,,,,,,,,,,,,,,,,,,,,,,,,,24,,,,,,,,,,,,,,,,,,,,,,33.84,43.98,67.57,17.53,,,,,,,,,,,,,,,,,,,,,,,,,,,,,,,,,,,,,,,3.4,2.6,,,,,,,,,,,,,,,8.31,,,,80.92,,,,,,,,,,,,,,,,,,,,,,,,,11.8,,,55,33.8,,14.43,49.85,9.58,20.09,0.77,,,,,,,,,,,,,,,,,,,,,,,,,,,,16.78,55,27.12,32.14,18.84,,,,19,55,9.5,55,,,,,,,,,,,,,,,,,,,,20.05,,5,6.5,1.8,,,,,,,,,,,,,,,40.49,,,,,,,,,,,,,,,,15.51,20.43,,,,,,,,,,,,,,,,,,,,,,,,,,,,,,,,
546-79-2,sabinene hydrate,,,,,,,,,,,,,,,,,,,,,,,,,,,,,0.4,1.4,33.8,2,20,,,,,,,,,,,,,,,,,,,,,,,,,,,,,,,,,,,,,,,,,,,,,,,,,,,,,,,,,,,,,,,,,,,,,,,,,,,,,,,,42.18,609.8,85.47,,,,,,,,,,,,,,,,,21.91,,,,,,,,,,,,,6.889,7.156,22,7.617,55,10.04,6.343,22,22,22,22,12.39,22,22,22,,22,6.1,22,11,11,11,11,11,11,,,,,,,,,,,,,,,,16.35,9.22,20.15,11.68,6.25,22,30,33,33,19.85,22.71,19.37,,,,,,,,,,,,,,,,,,,,,,,,,,,,,,,,,,,,,,,,,,,,,,,,,,,,,,,,,,,,,,,,,,,,,22,4.9,7.53,,,,,,,,,,,,,,,,,,,,,,,,,,,,,,,,,,,,55,,,,,,,,,,,,,,,,,,,,,,,,,,,,,,,,,,,,,,,,,,,25.6,30.1,14.1,55,,,,,,,,,,,,,,,,,,,28.33,,,,,,,,,,,,,,,,,,,,,,,,,,,,,,,,,55,,,55,,,,,,,,,,,25.94,3.12,,,,,,,,,,,,,,,,,,,,,
52783-44-5,Heptadecanol,,12.67,,0.84,2.498,,312.7,47.69,31.35,2.489,22,7.25,33,3.99,0.96,10.7,12.82,10.07,8.175,,,11.34,55,51.6,55,55,55,55,6.508,55,55,22.14,1.384,11.49,1.307,33,33,33,22,22,,,,,11.47,,,49.3,39.49,49.11,5.645,16.27,17.62,55,9.358,59.53,12.57,19.53,,,,29.16,18.94,33,55,,,35.53,,,,,,,,15.55,14.04,3.838,1.874,,,,,,,,,,,,,,,,,,0.44,,,1.224,,0.6875,,,6.113,,,69.78,,,,55,11.76,282.8,26.43,3.92,1.3,2.5,3.63,1.56,3.6,,0.4517,,33,33,56.29,110,110,,,24.6,,2.85,,,1.98,6.202,8.008,9.807,10.1,1.868,2.45,2.798,7.742,9.049,22,12.59,55,11.3,27.31,22,22,22,22,22,22,22,3.34,4.443,4.104,22,22,4.41,11,11,1.435,11,11,3.335,2.96,24.36,1.98,2.4,6.6,,5.988,7.793,7.274,6.368,23.03,9.892,6.908,10.98,14.14,24.63,33,22,22,18.99,43.92,22.83,33,33,17.89,33,,,,,7,4.6,,,6.219,16.22,19.97,40.8,16.74,44,44,14.79,,,,,10.63,3.95,5.882,2.303,,,0.104,1.472,42.61,,1.21,20.73,75.37,48.83,10.57,3.379,15.39,2.8,10.95,3.966,5.465,0.8766,68.9,12.61,32.13,12.31,4.533,5.134,8.521,10.87,17.68,21.62,1.885,3.156,16.38,71.06,1.003,89.4,4.766,,47.14,34.15,0.7926,0.5206,1.368,0.7864,0.7577,6.627,1.567,0.9694,1.366,47.83,34.17,38.08,35.31,,,,73.97,55,8.565,,,,,5.2,35.2,20.88,55,4.328,3.81,2.5,1.45,1.658,22,1.62,12.84,11.17,7.73,44,44,44,16.42,5.15,14.74,,55,,55,,,,,,,18.52,66.54,47.17,12.69,11.05,17.03,,69.21,,,17.44,,30.27,110,55,14.19,20.68,55,4,13.2,55,55,9.3,55,2,9.547,26.83,8.5,40.4,26.31,7.64,7.139,7.271,12.33,55,55,55,55,0.3188,0.3962,46.33,17.09,22.49,2.995,,3.097,,,,13.88,,,,1.9,3.536,0.9267,10.03,5.14,3.69,,,,23.46,,,,,,,,7.8,,,11.59,11.34,16.03,6.734,,,,3.796,0.2715,12.59,2.759,8.8,16.39,0.8063,2.227,4.463,3.887,12.89,8.49,55,0.6268,0.967,1.031,8.78,55,,55,,4.57,,0.2045,0.1203,55,0.8362,3.924,3.686,20.92,26.53,15.26,,,23.93,189.5,3.532,40.4,,,,11,5.68,11,181.9,28.26
100-66-3,Methoxybenzene / Anisole,2.765,55,,,,,,,,,22,,,,,,,,,,12.9,,,,,,,,,,,,,,,,,,,,,,,,,,,30.36,29.79,21.32,15.58,14.81,33,31.89,,,,,,,,18.95,,33,55,,,,,,,,,,,,,,,,,,,,,,,,,,,,,,,,0.48,,,,,,,,,,,,,,,,58.17,442.5,305.8,,,,,,,,4.3,2.203,,,,,,,,36.55,,,17.78,19.75,,,,,,,,,9.42,10.53,22,12.1,18.1,1.42,35.22,22,22,22,22,22,22,22,22,,22,22,22,,,,,,,,,,,,,,,,,,,,24.11,33,14.34,13.45,33,22,22,22,30.7,33,33,33,33,33,,,,,,,,,,,,,,,,,,,,,,,,,,,,,12.97,,,,8.653,37.19,,,,,,,,,,,,,,,,,,,,,,36.5,,14.74,12.05,9.7,,,,,,,,,,,,,28.36,29.47,28.45,,,,48.33,,,29.13,,16.16,46.23,,,55,55,,,,22,,,,6.296,,,,,,,11.8,,14.67,55,,,,,,,,,,,,,,,,,10.8,,,,,,55,55,55,55,6.5,23.3,55,55,25.5,55,12.3,18.79,21.2,26.51,23.89,31.26,30.15,55,33.42,19.63,35.12,29.15,23.27,55,,,39.32,37.94,14.82,,,,,,,,,,,19.21,,,9.788,,,,,,,,,,,,,,,,,,,,11.53,,,,,,9.89,,8.03,,,,,55,,9.52,55,,,,,8.07,,55,,10.03,,,,55,,,,,,,,,,,,,,,,,,,,
-,2-Pyrrolyl-p-methyl-azobenzene,,,,,,,,,,,,,,,,,,,,2,2.8,4.2,,,,,,,,,,,,,,,,,,,,,,,,,,,,,,,,,,,,,,,,,,,,,,,,,,,,,,,,,,,,,,,,,,,,,,,,,,,,,,,,,,,,,,,,,,,,,,,,,,,,,,,,,,,,,,,,,,,,,,,,,,,,,,,,,,,,,,,,,,,,,,,,,,,,,,,,,,,,,,,,,,,,,,,,,,,,,,,,,,,,,,,,,,,,,,,,,,,,,,,,,,,,,0.57,,,,,,,,,,,,,,,,,,,,,,,,,,,,,,,,,,,,,,,,,,,,,,,,,,,,,,,,,,,,1.87,1.85,,,,,,,,,,,,,,,,,,,,,,,,,,,,,,,,,,,,,,,,,,,,,,,,,,,,,,,,,,,,,,,,,,,,,,,,,,,,,,,,,,,,,,,,,,,,,,,,,,,,,,,,,,,,,,,,,,,,,,,,,,,,,,,,,,,,,,,,,,,,,,,,,,,,,
2257-09-2,Phenethyl isothiocyanate,,,105,4.01,17.99,21.26,38.78,2.72,,3.75,,,,,,,,,,,7.7,,55,55,55,28.3,55,13.4,,,,,,10.1,9.1,,,,,,,,,,,,,,,,,,,55,,,,,,,,,,,,,,,,,,,,,,,,,,,,,,,,,,,,,,,,,,,,,,12.9,,2.5,,,,,,15.69,,,,,,,,,,,,,,,,,,,110,110,110,,,,,,,,5.02,,,,,,,,,,,27.1,55,103.2,26.57,22,22,22,22,16.45,22,22,22,22,22,11.88,22,,,,,,,,,,,,,,,33,33,33,33,33,18.9,33,33,33,33,22,22,22,55,33,33,33,33,33,,,,,,,,,,,,,,,,,,,,,,,,,,,,,55,,,32.73,58.47,,,,,,,,,,,22.32,,38.5,,21.44,,38.5,,26.38,,,,,,,18.9,,55,30.78,,,,,,,,,,22.35,34.89,54.78,52.85,,,,44.27,,,,,,,,,55,55,,,,22,,,,22,,,,,,,11.8,16.88,,55,23.8,,5.47,55,22.21,17.5,56.93,,,,,,,,,,,,,,26.5,,55,55,55,,,,,,,,,,,,,,,,,,34,55,26.1,55,,,40.3,37.94,14.82,,,,,,,,,,,,,,8.81,,4.18,,,,,,,,,,,,,,,,,,46.82,,,,20.32,,,,,,12.68,20.32,20.32,55,,,55,,,,,9.07,,6.17,,9.04,,,,41.6,13.26,,,,,,,,,,,,,,,,,,,
67-64-1,acetone,,,,,,,,,,,22,,,,,,,,,,,,,,,,,,,,,,,,,,,,22,22,,,,,22,,,19.51,20.41,22.46,16.11,13.2,16.94,25.71,,,,,,,,33,,33,55,,,55.13,,,,,,,,,,,,,,,,,,,,,,,,,,,,,,,,,,,,,,,,,,,,8.07,384.6,1100,42.35,,,,,,,,,,,,,,,,,,,6.41,,,8.81,5.64,,,,,,,,,,,,,,22,22,22,22,22,22,22,22,,22,22,22,,,,,,,,,,,,,,,,,,,,24.53,11.34,,,,,,,15,,,,,,,,,,,,,,5.31,6.84,,,,,,,,,,,,,,,,,,,,,,,,,,,,,,,,,,,,,,,,,,,,,,,,,,,55,35.8,,,,,,,,,,,,,,,,,,,,,,,,,,,,,,,,,,,,,,,,,,,,,55,,,,,,,,,,,,,,,,,,,25.14,,,,5.802,4.124,9.854,,,,,,,,,7.67,22.72,32.86,17.18,30.82,35.36,20.13,,,,,,55,,,39.49,28.95,31.89,,,,,,,,,,,,,,,,,,,,,,,,,,,,,,,,,,,,,,,,,,,,,,,,,,55,,,,,,,,,,,,,55,,14.11,10.25,37.67,32.61,,,,,,4.54,39.82,,,,,,,,
64-17-5,ethanol,,,,,,,,,,2.79,22,,,,,,,,10.7,,,11.8,55,55,55,42,39.7,22.6,,,,,,9.708,1.647,33,33,33,,,,,,,,,,24.12,24.5,26.86,6.859,14.75,20.17,22.55,,,14.29,,,,,33,20.99,33,55,,,,,,,,,,,,14.04,3.848,1.878,,,,,,,,,,,,,,,,,,,,,12.9,,55,,,,,,,,,,45.11,27.27,141.3,39.69,,,,,,,,0.4517,,,,58.44,110,110,,,,,,,,4.894,7.2,8.09,9.93,9.94,2.88,3.07,3.53,22,8.666,22,10.37,55,12.02,33.11,22,22,22,22,22,22,22,22,,22,22,22,4.152,11,11,1.539,11,11,4.14,4.074,22.1,1.993,2.582,,,,,,,,,4.83,20.13,33,21.96,33,22,22,22,,33,33,33,33,33,,,,,,,,,9.05,21.16,29.93,44,21.29,44,44,27.09,,,,,,,,,,,,,55,,2.96,,86.85,46.8,13.08,3.694,15.38,3.129,12.17,4.378,16.98,1.22,68.74,31.78,32.95,12.31,5.583,5.45,15.64,10.87,25.43,21.62,2.25,4.092,16.25,113.1,,13.06,4.766,,55,48.8,,,,0.7864,0.7577,6.627,8.297,3.911,6.92,,37.27,41.43,32.36,,,,52.68,55,9.975,,,,,10.7,35.2,23.73,55,4.4,,,1.485,1.658,22,1.62,13.55,,7.73,44,44,44,16.42,6.032,58.11,41.08,55,,55,,,,,,1.64,20.72,,,,6.99,,,,,,,,45.42,,55,17.24,23.58,55,8.2,30.8,55,39.5,27,55,13,6.358,,,,,,7.229,8.274,19.85,55,55,21.1,55,35.2,17.33,38.31,21.42,15.75,8,,,,,,,,,,7.92,,,27.41,7.54,5.817,,,,31.83,,,,,,,,,9.2,15.8,10.4,11.57,14.7,11.75,,,,21.08,,,,,,25.16,44,44,55,,,21.97,1,13.2,2,13.2,55,,8.07,,55,,,,,,5.27,4.39,22.27,32.16,17.11,,,15.46,32.97,3.532,,,,,,,,,
431-03-8,"2,3-butanedione",,,,,,,,,,,,,,,,,,,,,,,,,,,,,,,,,,,,,,,,,,,,,,,,,,,,,,,,,,,,,,,,,,,,,,,,,,,,,,,,,,,,,,,,,,,,,,,,,,,,,,,,,,,,,,,,8.07,384.6,1100,42.35,,,,,,,,,,,,,,,,,,,,,,,,,,,,,,,,,,,,,,,,,,,,,,,,,,,,,,,,,,,,,,,,,,,,4.996,11.21,,,,,,,,,,,,,,,,,,,,,5.31,6.84,,,,,,,,,,,,,,,,,,,,,,,,,,,,,,,,,,,,,,,,,,,,,,,,,,,,,,,,,,,,,,,,,,,,,,,,,,,,,,,,,,,,,,,,,,,,,,,,,,,55,,,,,,,,,,,,,,,,,,,,,6.21,4.46,10.38,,,,,,,,,7.67,22.72,32.86,17.18,30.82,35.36,20.13,,,,,,,,,39.57,29.03,55,,,,,,,,,,,,,,,,,,,,,,,,,,,,,,,,,,,,,,,,,,,,,,,,,,,,,,,,,,,,,,,55,,,,,,,,,,,4.547,39.82,,,,,,,,
78-85-3,2-methyl-2-propenal / methacrolein,,,,,,,,,,,,,,,,,,,,,,,,,,,,,,,,,,,,,,,,,,,,,,,,,,,,,,,,,,,,,,,,,,,,,,,,,,,,,,,,,,,,,,,,,,,,,,,,,,,,,,,,,,,,,,,,,,,,,,,,,,,,,,,,,,,,,,,,,,,,,,,,,,,,,,,,,,,,,,,,,,,,,,,,,,,,,,,,,,,,,,,,,,,,,,,,,,,,,,,,,,,,,,,,,,,,,,,,,,,,,,,,,,,,,,,,,,,,,,,,,,,,,,,,,,,,,,,,,,,,,,,,,,,,,,,,,,,,,,,,,,,,,,,,,,,,,,,,,,,,,,,,,,,,,,,,,,,,,,,,,,,,,,,,,,,,,,,,,,,,,,,,,,,,,,,,39.76,30.57,55,,,,,,,,,,,,,,,,,,,,,,,,,,,,,,,,,,,,,,,,,,,,,,,,,,,,,,,,,,,,,,,,,,,,,,,,,,4.54,39.82,,,,,,,,
334-20-3,Queen substance / (E)-9-oxodec-2-enoic acid  / 9-ODA,,,,0.84,1.325,,312.7,47.69,31.35,6.67,22,,,,,,,,,,,,,,,,,,2.27,55,55,55,0.7359,7.255,1.293,0.4706,0.2893,0.795,9.662,4.118,,,,,4.221,,,29.97,30.41,30.19,14.22,12,21.52,44.46,,,,,,,,13.97,,33,55,,,55.13,,,,,,,,16.1,17.17,7.93,12.84,,,,,,,,,,,,,,,,,,1.6,,,0.5,,0.13,,,,,,,,,,,2.83,47.17,5.37,,,,,,,,3.6,,33,33,13.54,110,60.72,,,,,,,,0.8227,2.099,1.839,,,1.56,2.23,2.54,4.218,4.247,2.883,8.5,31.9,5.73,0.4119,15.65,22,22,22,2.152,22,3.164,2.326,2.26,3.039,0.9647,11,3.11,5.34,1.43,0.28,2.67,11,,1.2,8.65,0.2868,0.3379,,,,1.487,20.74,2.78,9.779,0.7602,,,8.689,18.64,33,8.345,13.03,17.64,26.08,26.43,33,33,13.34,33,,,,,,,,,6.44,15.09,16.53,44,12.97,44,44,10.06,,,,,10.63,6.55,7.489,2.452,,,0.085,1.288,55,,0.6938,,,,420,26.4,,,,,3.359,12.89,81.94,5.836,13.32,8.426,2.065,14.44,3.343,4.908,13.17,9.573,1.73,0.9893,18.05,63.15,0.9408,12.7,7.3,,55,35.8,0.9147,0.7176,1.333,0.75,0.8961,0.7101,0.5726,0.3485,0.4957,47.6,110,56.91,110,,,,68.67,55,23.5,,,,,5.2,35.2,,,4.853,,,0.6323,,,,8.775,,13.58,44,44,44,23.39,10.7,4.97,,55,,,,,,,,,,,,,,17.21,,110,,,25.14,,,,28.15,21.67,55,,,,,,,,,5.51,,,,,,5.545,6.7,12.51,14.7,19.91,7.97,55,0.3253,0.1886,,,,2.5,,3.303,,6.14,4.329,2.526,2.021,1.853,1.288,1.605,1.179,0.9611,7.441,5.187,1.752,,,,,0.1947,281.6,5.921,21.97,14.9,32.83,176.9,,,,,,,,27.5,0.71,5.16,4.353,0.5414,,2.644,7.58,3.492,0.3972,1.829,4.299,2.691,,8.49,55,0.4268,0.7683,4.557,6.718,7.067,,6.947,,6.431,,0.2874,0.291,12.54,0.4454,10.18,10.25,37.67,32.61,,,,,,5.625,37.4,2.15,2.83,3.45,,,,,
2271-34-3,11-Hexadecenoic Acid,,9.824,,0.84,0.888,,312.7,47.69,31.35,4.406,10.31,5.249,4.786,1.145,0.6799,2.338,12.35,9.372,4.897,7.3,,14.3,55,52.01,55,34.01,55,55,4.3,55,55,55,0.8,5.132,1.34,2.26,1.785,1.66,4.173,0.6551,,,,,0.8245,,,28.52,31.85,30.27,7.127,15.82,14.99,31.09,8.621,65.03,11.32,22.89,,,,25.65,34.46,33,55,,,35.38,,,,,,,,15.6,18.93,8.321,5.221,,,,,,,,,,,,,,,,,,0.6333,,,0.5,,0.13,,,5.78,,,67.74,,,,43.18,4.583,63.63,7.568,3.92,1.3,2.5,3.63,1.56,3.6,,0.7071,2.88,33,33,8.258,110,50.98,,,,,2.872,,,0.839,1.243,1.241,,,1.56,2.23,2.54,3.57,3.876,2.388,8.942,34.96,5.435,0.2551,15.92,22,22,22,1.984,22,3.113,1.924,3.598,2.682,0.832,10.16,3.168,6.3,2.188,0.4665,2.668,10.55,6.614,1.494,8.352,0.5987,0.6413,6.6,,5.8,1.34,9.098,3.032,10.18,0.8583,19.32,8.159,24.24,15.57,16.05,1.413,1.631,19.57,55,21,33,33,24.37,33,,,,,7,4.6,,,4.848,13.94,16.47,38.85,11.28,44,44,9.634,,,,,10.63,3.804,6.153,2.057,,,0.08207,1.375,26.35,,0.7416,22.18,72.83,46.95,47.54,26.4,,,,,4.902,14.08,87.54,8.635,13.01,18.27,3.364,14.1,5.194,6.885,11.99,10.78,1.73,1.046,17.75,63.15,0.9255,13.12,5.031,2.7,48.29,36.05,0.7925,0.6009,1.409,0.631,0.4732,1.139,0.6353,0.3124,0.6013,47.48,110,110,58.91,,,,52.21,35.51,11.97,,,,,4.487,35.2,33.47,43.38,5.121,3.81,2.5,2.032,,,,14.64,,13.58,44,44,44,23.39,9.474,4.904,41.08,55,,55,,,,,,,5.5,66.54,47.17,12.69,10.73,17.16,,110,,,25.14,,65.83,110,26.21,25.73,34.41,55,4,13.2,55,55,9.3,55,2,5.9,12.85,8.171,24.39,26.23,7.366,7.691,6.635,11.49,11.72,30.45,6.973,55,0.4652,0.1784,45.99,24.67,26.28,3,,3.3,,,4.355,2.458,1.944,1.692,1.07,1.521,1.787,1.17,5.782,5.135,2.107,,,,20.43,0.2154,281.6,5.214,20.95,13.1,25.95,184,7.8,,,10.77,10.79,13.82,6.49,27.5,0.71,5.16,7.898,1.25,,2.206,7.618,3.784,0.4692,1.783,10.46,2.982,,8.49,55,0.7769,1.156,0.9857,8.009,23.19,,20.95,,4.287,,0.4203,0.3495,19.51,0.6216,10.04,6.954,15.5,24.51,28.87,,,18.24,40.85,4.042,39.57,2.15,2.83,3.45,11,5.68,11,186.2,243.1
13126-39-1,(Z)-13-Octadecenoic acid,,9.824,,0.84,0.888,,312.7,47.69,31.35,4.406,10.31,5.249,4.786,1.145,0.6799,2.338,12.35,9.372,4.897,7.3,,14.3,55,52.01,55,34.01,55,55,4.3,55,55,55,0.8,5.132,1.34,2.26,1.785,1.66,4.173,0.6551,,,,,0.8245,,,28.52,31.85,30.27,7.127,15.82,14.99,31.09,8.621,65.03,11.32,22.89,,,,25.65,34.46,33,55,,,35.38,,,,,,,,15.6,18.93,8.321,5.221,,,,,,,,,,,,,,,,,,0.6333,,,0.5,,0.13,,,5.78,,,67.74,,,,43.18,4.583,63.63,7.568,3.92,1.3,2.5,3.63,1.56,3.6,,0.7071,2.88,33,33,8.258,110,50.98,,,,,2.872,,,0.839,1.243,1.241,,,1.56,2.23,2.54,3.57,3.876,2.388,8.942,34.96,5.435,0.2551,15.92,22,22,22,1.984,22,3.113,1.924,3.598,2.682,0.832,10.16,3.168,6.3,2.188,0.4665,2.668,10.55,6.614,1.494,8.352,0.5987,0.6413,6.6,,5.8,1.34,9.098,3.032,10.18,0.8583,19.32,8.159,24.24,15.57,16.05,1.413,1.631,19.57,55,21,33,33,24.37,33,,,,,7,4.6,,,4.848,13.94,16.47,38.85,11.28,44,44,9.634,,,,,10.63,3.804,6.153,2.057,,,0.08207,1.375,26.35,,0.7416,22.18,72.83,46.95,47.54,26.4,,,,,4.902,14.08,87.54,8.635,13.01,18.27,3.364,14.1,5.194,6.885,11.99,10.78,1.73,1.046,17.75,63.15,0.9255,13.12,5.031,2.7,48.29,36.05,0.7925,0.6009,1.409,0.631,0.4732,1.139,0.6353,0.3124,0.6013,47.48,110,110,58.91,,,,52.21,35.51,11.97,,,,,4.487,35.2,33.47,43.38,5.121,3.81,2.5,2.032,,,,14.64,,13.58,44,44,44,23.39,9.474,4.904,41.08,55,,55,,,,,,,5.5,66.54,47.17,12.69,10.73,17.16,,110,,,25.14,,65.83,110,26.21,25.73,34.41,55,4,13.2,55,55,9.3,55,2,5.9,12.85,8.171,24.39,26.23,7.366,7.691,6.635,11.49,11.72,30.45,6.973,55,0.4652,0.1784,45.99,24.67,26.28,3,,3.3,,,4.355,2.458,1.944,1.692,1.07,1.521,1.787,1.17,5.782,5.135,2.107,,,,20.43,0.2154,281.6,5.214,20.95,13.1,25.95,184,7.8,,,10.77,10.79,13.82,6.49,27.5,0.71,5.16,7.898,1.25,,2.206,7.618,3.784,0.4692,1.783,10.46,2.982,,8.49,55,0.7769,1.156,0.9857,8.009,23.19,,20.95,,4.287,,0.4203,0.3495,19.51,0.6216,10.04,6.954,15.5,24.51,28.87,,,18.24,40.85,4.042,39.57,2.15,2.83,3.45,11,5.68,11,186.2,243.1
544-64-9,(Z)-9-tetradecenoic acid,,9.824,,0.84,0.888,,312.7,47.69,31.35,4.406,10.31,5.249,4.786,1.145,0.6799,2.338,12.35,9.372,4.897,7.3,,14.3,55,52.01,55,34.01,55,55,4.3,55,55,55,2,5.132,1.34,2.26,1.785,1.66,4.173,0.6551,,,,,0.8245,,,28.52,31.85,30.27,7.127,15.82,14.99,31.09,8.621,65.03,11.32,22.89,,,,25.65,34.46,33,55,,,35.38,,,,,,,,15.6,18.93,8.321,5.221,,,,,,,,,,,,,,,,,,0.6333,,,0.5,,0.13,,,5.78,,,67.74,,,,43.18,4.583,63.63,7.568,3.92,1.3,2.5,3.63,1.56,3.6,,0.7071,2.88,33,33,8.258,110,50.98,,,,,2.872,,,0.839,1.243,1.241,,,1.56,2.23,2.54,3.57,3.876,2.388,8.942,34.96,5.435,0.2551,15.92,22,22,22,1.984,22,3.113,1.924,3.598,2.682,0.832,10.16,3.168,6.3,2.188,0.4665,2.668,10.55,6.614,1.494,8.352,0.5987,0.6413,6.6,,5.8,1.34,9.098,3.032,10.18,0.8583,19.32,8.159,24.24,15.57,16.05,1.413,1.631,19.57,55,21,33,33,24.37,33,,,,,7,4.6,,,4.848,13.94,16.47,38.85,11.28,44,44,9.634,,,,,10.63,3.804,6.153,2.057,,,0.08207,1.375,26.35,,0.7416,22.18,72.83,46.95,47.54,26.4,,,,,4.902,14.08,87.54,8.635,13.01,18.27,3.364,14.1,5.194,6.885,11.99,10.78,1.73,1.046,17.75,63.15,0.9255,13.12,5.031,2.7,48.29,36.05,0.7925,0.6009,1.409,0.631,0.4732,1.139,0.6353,0.3124,0.6013,47.48,110,110,58.91,,,,52.21,35.51,11.97,,,,,4.487,35.2,33.47,43.38,5.121,3.81,2.5,2.032,,,,14.64,,13.58,44,44,44,23.39,9.474,4.904,41.08,55,,55,,,,,,,5.5,66.54,47.17,12.69,10.73,17.16,,110,,,25.14,,65.83,110,26.21,25.73,34.41,55,4,13.2,55,55,9.3,55,2,5.9,12.85,8.171,24.39,26.23,7.366,7.691,6.635,11.49,11.72,30.45,6.973,55,0.4652,0.1784,45.99,24.67,26.28,3,,3.3,,,4.355,2.458,1.944,1.692,1.07,1.521,1.787,1.17,5.782,5.135,2.107,,,,20.43,0.2154,281.6,5.214,20.95,13.1,25.95,184,7.8,,,10.77,10.79,13.82,6.49,27.5,0.71,5.16,7.898,1.25,,2.206,7.618,3.784,0.4692,1.783,10.46,2.982,,8.49,55,0.7769,1.156,0.9857,8.009,23.19,,20.95,,4.287,,0.4203,0.3495,19.51,0.6216,10.04,6.954,15.5,24.51,28.87,,,18.24,40.85,4.042,39.57,2.15,2.83,3.45,11,5.68,11,186.2,243.1
373-49-9,9-hexadecenoic acid  / palmitoleic acid,,9.727,,0.84,0.9281,,312.7,47.69,31.35,4.349,10.3,5.112,2.955,1.557,0.5594,2.729,12.37,9.38,7.048,7.3,5.2,12.17,55,51.76,55,34.88,55,55,2.9,55,55,55,0.8,3.546,1.334,2.221,1.749,1.621,4.977,0.9511,,,,,1.168,,,28.65,31.96,30.37,7.118,15.84,14.97,31.18,8.655,61.54,10.88,22.25,,,,25.63,27.24,33,55,,,34.89,,,,,,,,15.61,18.88,8.387,5.223,,,,,,,,,,,,,,,,,,0.5801,,,0.2663,,0.04027,,,5.759,,,67.06,,,,45.16,4.599,63.77,7.61,3.92,1.3,2.5,3.63,1.56,3.6,,0.6987,2.88,33,33,8.578,110,51.72,,,,,2.848,,,0.911,1.236,1.582,9.807,10.1,1.42,2.123,2.415,4.305,4.183,2.637,10.94,38.04,6.738,0.2711,15.91,22,22,22,1.987,22,3.106,1.936,3.649,2.662,0.8349,10.13,3.186,6.332,2.221,0.4739,2.7,10.54,4.888,1.513,8.445,0.5999,0.6426,6.6,,5.52,1.503,21.49,3.193,10.28,0.9164,20.4,8.146,23.23,16.62,19.69,1.535,1.777,19.51,55,20.88,33,33,24.17,33,,,,,7,4.6,,,4.886,13.45,14.6,39.14,11.85,44,44,8.723,,,,,10.63,3.816,6.201,1.986,,,0.0817,1.343,27.74,,0.7543,22.09,70.97,47.1,18.62,26.4,14.47,2.289,9.223,3.275,6.817,15.55,88.94,9.393,14.88,6.601,7.603,14.12,6.146,7.514,12.24,10.88,1.675,1.11,17.91,63.15,0.9581,13.21,5.022,2.578,45.94,35.95,0.8001,0.5629,1.475,0.6406,0.4786,0.9941,0.6652,0.3268,0.6199,47.51,40.83,50.94,35.33,28.1,24.2,44,71.7,55,16.87,,,,,4.478,35.2,39.51,43.24,5.125,3.81,2.5,1.995,1.658,22,1.62,14.55,11.17,8.916,44,44,44,17.44,9.107,6.45,41.08,55,,55,,,,,,,5.588,66.54,47.17,12.69,10.73,17.29,,110,,,18.04,,65.42,110,26.24,25.75,34.35,55,4,13.2,55,55,9.3,55,2,6.099,13.49,7.672,25.22,26.11,6.95,7.727,7.89,12,11.94,29.98,7.116,55,0.3121,0.1683,45.92,24.63,26.16,3,,3.3,,,4.355,2.458,1.944,1.692,1.07,1.296,2.348,0.7496,6.242,5.169,2.237,9.9,8.6,3.1,21.22,0.2137,281.6,5.259,21.02,13.21,26.36,183.4,7.8,,,10.77,10.62,14.12,6.209,27.5,0.71,5.16,8.005,1.272,,2.227,7.696,3.784,0.4747,1.797,10.45,2.994,12.89,8.49,55,0.853,0.8649,0.897,6.834,25.4,,23.19,,4.221,,0.4043,0.3502,21.43,0.6356,10.33,6.99,15.82,24.16,22.67,,,18.66,46.5,3.463,39.59,2.15,2.83,3.45,11,5.68,11,160.4,31.85
112-80-1,Oleate,,9.727,,0.84,0.9281,,312.7,47.69,31.35,4.349,10.3,5.112,2.955,1.557,0.5594,2.729,12.37,9.38,7.048,7.3,5.2,12.17,55,51.76,55,34.88,55,55,2.27,55,55,55,0.7396,3.546,1.334,2.221,1.749,1.621,4.977,0.9511,,,,,1.168,,,28.65,31.96,30.37,7.118,15.84,14.97,31.18,8.655,61.54,10.88,22.25,,,,25.63,27.24,33,55,,,34.89,,,,,,,,15.61,18.88,8.387,5.223,,,,,,,,,,,,,,,,,,0.5801,,,0.2663,,0.04027,,,5.759,,,67.06,,,,45.16,4.599,63.77,7.61,3.92,1.3,2.5,3.63,1.56,3.6,,0.6987,2.88,33,33,8.578,110,51.72,,,,,2.848,,,0.911,1.236,1.582,9.807,10.1,1.42,2.123,2.415,4.305,4.183,2.637,10.94,38.04,6.738,0.2711,15.91,22,22,22,1.987,22,3.106,1.936,3.649,2.662,0.8349,10.13,3.186,6.332,2.221,0.4739,2.7,10.54,4.888,1.513,8.445,0.5999,0.6426,6.6,,5.52,1.503,21.49,3.193,10.28,0.9164,20.4,8.146,23.23,16.62,19.69,1.535,1.777,19.51,55,20.88,33,33,24.17,33,,,,,7,4.6,,,4.886,13.45,14.6,39.14,11.85,44,44,8.723,,,,,10.63,3.816,6.201,1.986,,,0.0817,1.343,27.74,,0.7543,22.09,70.97,47.1,18.62,26.4,14.47,2.289,9.223,3.275,6.817,15.55,88.94,9.393,14.88,6.601,7.603,14.12,6.146,7.514,12.24,10.88,1.675,1.11,17.91,63.15,0.9581,13.21,5.022,2.578,45.94,35.95,0.8001,0.5629,1.475,0.6406,0.4786,0.9941,0.6652,0.3268,0.6199,47.51,40.83,50.94,35.33,28.1,24.2,44,71.7,55,16.87,,,,,4.478,35.2,39.51,43.24,5.125,3.81,2.5,1.995,1.658,22,1.62,14.55,11.17,8.916,44,44,44,17.44,9.107,6.45,41.08,55,,55,,,,,,,5.588,66.54,47.17,12.69,10.73,18.21,,110,,,18.04,,65.42,110,26.24,25.75,34.35,55,4,13.2,55,55,9.3,55,2,6.099,13.49,7.672,25.22,26.11,6.95,7.727,7.89,12,11.94,29.98,7.116,55,0.3121,0.1683,45.92,24.63,26.16,3,,3.3,,,4.355,2.458,1.944,1.692,1.07,1.296,2.348,0.7496,6.242,5.169,2.237,9.9,8.6,3.1,21.22,0.2137,281.6,5.259,21.02,13.21,26.36,183.4,7.8,,,10.77,10.62,14.12,6.209,27.5,0.71,5.16,8.005,1.272,,2.227,7.696,3.784,0.4747,1.797,10.45,2.994,12.89,8.49,55,0.853,0.8649,0.897,6.834,25.4,,23.19,,4.221,,0.4043,0.3502,21.43,0.58,10.33,6.99,15.82,24.16,22.67,,,18.66,46.5,3.463,39.59,2.15,2.83,3.45,11,5.68,11,160.4,31.85
40870-55-1,"2-(Acetoxymethyl)-1,4-benzoquinone",,,,,,,,,,,,,,,,,,,,,,,55,35,55,55,55,55,,,,,,,,,,,,,,,,,,,,,,,,,,,,,,,,,,,,,,,,,,,,,,,,,,,,,,,,,,,,,,,,,,,,,,,,12.9,,2.5,,,,,,,,279.5,422,8.07,384.6,1100,42.35,,,,,,,,,,,,,,,,,,,,,,,,,,,,,,,,,,,,,22,22,22,22,22,22,22,22,,22,22,22,,,,,,,,,,,,,,,,,,,,24.53,11.34,,,,,,,,,,,,,,,,,,,,,,,,,,,,,,,,,,,,,,,,,,,,,90.54,,,,,,,,,,,,,,,,,,,,,,,,,,,,55,30.2,,,,,,,,,,,,,,,,,,,,,,,,,,,,,,,,,,,,,,,,,,,,,55,,,,,,,,,,,,,,,,,,,,,,,6.21,4.46,10.38,,,,,,,,,7.67,,,,,,20.13,,,,,,55,,,,,,,,,,,,,,,,,,,,,,,,,,,,,,,,,,,,,,,,,,,,,,,,,,,,,,,55,,,,,,,,,,,,,44.63,,,,,,,,,,,,,,,,,,,,
849762-24-9,blattellaquinone,,,,,,,,,,,,,,,,,,,,,,,,,,,,,,,,,,,,,,,,,,,,,,,,,,,,,,,,,,,,,,,,,,,,,,,,,,,,,,,,,,,,,,,,,,,,,,,,,,,,,,,,,,,,,,242,241.7,,,,,,,,,,,,,,,,,,,,,,,,,,,,,,,,,,,,,,,,,,,,,,,,,,,,,,,,,,,,,,,,,,,,,,,,,,,,,,,,,,,,,,,,,,,,,,,,,,,,,,,,,,,,,,,,,,,,,,,,,,,,,,,,,,,,,,,,,,,,,,,,,,,,,,,,,,,,,,,,,,,,,,,,,,,,,,,,,,,,,,,,,,,,,,,,,,,,,,,,,,,,,,,,,,,,,,,,,,,,,,,,,,,,,,,,,,,,,,,,,,,,,,,,,,,,,,,,,,,2.37,,,,45.75,,,,,,,,,,,,,,,,,,,,,,,,,,,,,,,,,,,,,,,,,,,,,,,,,,,,,,,,,,,,,,,
35154-45-1,(Z)‐3‐Hexenyl isovalerate,,,,18.68,83.17,,414.7,38.17,36.93,3.3,22,,,,,,,,,11.6,16.1,,55,55,55,32.72,39.15,21.76,55,55,55,55,55,9.809,4.017,0.4675,0.2866,0.8225,4.4,0.65,,,,,0.77,,,6.285,12.93,10.52,10.3,11.04,33,8.768,21.53,104.6,17.92,44,,,,33,41.62,33,37.12,,,39.26,,,,,,,,,21.59,18.94,13.97,,,,,,,,,,,,,,,,,,0.58,,,,,,,,,35,,74.24,,242,241.7,47.68,59.63,437.7,33.46,,,,,,,,,,,,110,110,110,,,,,3.201,,,1.554,1.053,1.35,9.93,9.94,,,,4.736,4.736,4.736,9,55,11.47,0.75,22,22,22,22,0.7795,22,14.46,6.034,3.72,22,3.202,22,4.08,11,11,1.51,11,11,97.03,33.53,21.21,19.99,14.87,,,,,,,,,,,33,23.19,33,22,22,22,31.4,33,33,33,33,33,,2.47,,,5.7,5,,,,,,,,,,,,,,,10.63,,7.26,2.24,,,0.11,1.18,55,,1.059,,,,55.53,14.45,,,,,13.76,14.4,73.83,,,10.69,6.673,14.01,17.49,5.126,22.54,23.3,,1.603,18.54,,,18.3,,,49.26,45.62,2.14,1.85,1.44,1.5,22,0.64,0.8864,0.3992,0.8195,,110,47.84,46.62,,,,47.53,55,12.5,,,,,30,29.5,18.54,39.84,4.513,,,22,,,,6.628,,13.58,44,44,44,23.39,11.29,13.83,,55,,,,,,,,1.64,3.009,25.57,24.29,22.07,8.747,18.77,,,,,,,,,55,55,55,55,8.599,36.3,55,33.7,20.22,55,14.56,9.146,12.52,29.67,23.96,28.86,24.23,3.263,16.23,22.88,40.88,27.87,20.6,55,0.7885,7.459,37.95,19.72,14.13,8,,,,,4.61,2.015,1.97,2.13,1.14,26.66,22.54,44,7.666,11.55,2.37,,,,45.75,0.21,281.6,18.92,33.91,48.29,281.6,182.2,,9.2,15.8,10.14,13.14,14.19,14.78,27.5,0.71,5.16,4.532,0.2683,,,,,1.368,4.151,4.532,55,,,34.25,0.4949,0.7116,13.2,6.262,55,,8.07,,55,,,0.2913,14.18,1.248,11.24,7.18,18.68,31.36,14.32,,,,,,,,,,,,,,
55774-32-8,"(E,Z)‐7,9‐dodecadienyl acetate",,,,0.8138,1.033,,414.7,38.17,36.93,3.268,18.8,5.34,3.41,3.68,33,4.29,12.5,9.8,4.266,11.6,6.401,,55,55,55,31.9,55,55,3.853,30.52,30.07,23.22,1.297,8.081,1.587,0.4565,0.2786,0.8084,4.4,0.65,,,,,0.77,,,10.98,20.07,17.87,2.8,17.73,26.08,24.03,18.89,59.53,14.15,44,,,,33,37.34,33,42.58,,,35.81,,,,,,,,18.04,18.39,13.07,10.85,,,,,,,,,,,,,,,,,,0.5719,,,0.4101,,0.1085,,,5.78,12.41,,106.7,,,,8.845,54.3,1100,43.54,,,,,,,,0.8,,,,33.36,110,75.53,,,,,3.069,,,1.56,1.394,1.35,,,1.56,2.23,2.54,4.4,4.4,3.201,,,,0.5483,22,22,22,22,15.46,22,22,22,3.72,8.936,8.349,22,3.11,5.34,1.43,0.28,2.67,11,6.67,1.2,8.65,0.5266,0.5869,,,,3.105,8.36,4.808,16.4,3.588,24.7,8.222,24.02,16.63,15.72,2.625,3.644,22,33.87,33,33,33,33,33,,2.47,,,5.7,5,,,,,,,,,,,,,,,10.63,4.439,7.067,2.56,,,0.09057,1.221,20.72,,0.6672,25.14,,,420,26.4,,,,,10.9,11.25,82.25,7.465,13.32,8.256,3.367,13.37,14.3,8.619,18.22,17.07,1.743,0.838,19.02,,0.9408,16.3,3.9,3.1,47.84,37.38,1.265,1.061,1.208,0.9704,2.923,0.5496,0.7497,0.3366,0.6967,49.36,,,18.17,28.1,24.2,44,17.64,,,,,,,30,29.5,17.91,37.82,6.3,3.81,2.5,5.355,,,,2.903,,13.58,44,44,44,23.39,10.25,9.348,,55,,,,,,,,,2.771,22.02,21.9,14.46,12.52,17.87,,,,,,,,110,15.41,12.71,20.8,55,5.081,19.41,55,31.89,11.6,55,3.694,8.783,26.83,8.5,40.4,26.31,7.64,3.343,16.76,,37.84,31.57,21.28,55,0.3412,1.509,36.15,34.97,13.72,2,6.3,7.5,,2.5,4.372,2.39,1.907,1.632,0.975,2.272,22.54,44,13.01,6.819,2.145,9.9,8.6,3.1,45.75,0.1669,281.6,9.622,26.34,24.36,80.61,166.6,7.8,,,10.69,13.2,14.5,26.41,27.5,0.71,5.16,4.4,0.2543,,4.87,7.58,3.82,0.5717,3.449,4.4,55,,,55,0.4946,0.765,13.2,6.657,,,,,,,0.3398,0.3171,10.53,0.8517,8.663,3.913,17.97,23.06,16.24,,,,,,,2.15,2.83,3.45,11,5.68,11,,
78350-11-5,"(5Z,7E)-5,7-dodecadien-1-ol acetate / Z5,E7-12:Ac",,10.25,,0.7135,1.559,,320,37.58,31.77,3.302,18.66,5.094,2.463,3.657,3.597,4.46,12.06,9.246,4.9,,1.496,14.3,55,36.85,55,34.46,55,55,2.919,31.78,31.34,24.63,1.313,8.256,1.669,0.4469,0.2711,0.8361,3.16,0.3634,,,,,0.474,,,14.24,23.76,22.44,2.613,17.19,25.79,27.65,18.6,62.32,13.37,44,,,,33,38.15,33,45.3,,,34.65,,,,,,,,17.62,19.8,11.88,10.33,,,,,,,,,,,,,,,,,,0.4285,,,0.3594,,0.09627,,,5.78,12.63,,23.55,,,,11.78,18.3,335.4,35.72,3.881,1.298,2.499,3.629,1.559,3.6,,0.778,,,,33.33,110,75.51,,,12.36,13.89,2.666,,,0.8845,2.011,1.052,,,1.56,2.23,2.54,3.296,3.695,2.694,9.061,35.66,5.836,0.4613,22,22,22,22,15.47,22,22,22,4.772,8.954,8.367,22,3.721,6.486,2.379,0.5273,2.86,10.52,6.649,1.526,8.923,0.7023,0.7675,6.6,,5.8,3.298,8.702,5.085,16.78,3.852,26.02,7.321,22.23,14.12,12.45,1.019,1.073,22,36.86,33,33,33,33,33,,2.47,9,,5.506,4.705,,,4.28,13.46,16.44,36.78,28.17,44,44,12.8,,,,,10.63,4.345,10.47,9.27,,,0.08999,1.28,5.971,,0.6576,16.39,72.83,37.95,84.45,26.4,,,,,11.46,13.93,81.76,10.06,12.43,7.012,3.553,12.77,14.72,9.797,18.52,15.32,1.734,0.8195,18.47,,0.9249,16.02,3.573,3.434,46.89,36.98,1.224,1.02,1.202,0.934,2.541,0.5605,1.01,0.782,0.8375,49.21,24.89,25.65,14.77,28.1,24.2,44,14.39,34.94,8.554,,,,,30,29.5,17.89,42.42,5.093,3.81,2.5,4.287,,,,3.398,12.59,13.12,44,44,32.93,23.15,8.928,32.09,,55,,55,,,,,,1.69,3.352,24.1,23.31,13.2,11.35,17.57,23.67,110,,,25.14,,65.83,110,20.51,17.66,25.88,55,4.497,13.2,55,34.78,10.38,55,3.185,7.408,12.74,8.269,24.25,26.26,7.448,5.309,13.51,12.16,42.11,33.44,19.83,55,0.3075,0.7039,34.66,24.95,12.4,2.123,3.747,6.083,13.6,2.815,4.352,2.743,1.953,1.707,1.093,2.152,21.12,33.79,12.13,6.298,2.04,9.566,8.6,3.1,14.63,0.1674,281.6,9.187,25.89,23.24,73.99,166.8,7.8,,,10.14,11.47,13.8,10.65,27.5,0.71,5.16,4.4,0.2517,,4.79,7.367,3.82,0.3879,3.692,4.4,55,,8.49,55,0.4908,0.7693,13.2,6.934,55,,55,,55,,0.4114,0.24,10.53,0.8419,8.254,3.72,18.29,22.72,17.47,,,23.93,189.5,3.469,48.24,2.15,2.83,3.45,11,5.68,11,,
53042‐79‐8,HDA /  11E‐hexadecadien‐1‐ol acetate,,11.24,,0.5769,1.302,,320,37.58,31.77,3.406,18.54,5.158,2.501,3.668,3.189,4.463,12.33,9.366,4.619,,1.674,14.3,55,43.81,55,31.87,55,55,1.972,55,55,21.16,1.589,8.234,1.629,0.4356,0.263,0.8206,3.155,0.3619,,,,,0.472,,,13.65,22.99,21.76,2.529,17.19,25.55,27.13,13.78,60.1,13.36,26.99,,,,33,34.66,33,45.04,,,34.36,,,,,,,,16.25,15.41,14.88,9.602,,,,,,,,,,,,,,,,,,0.4375,,,0.2986,,0.08135,,,5.78,12.26,,74.65,,,,10.87,9.902,106.8,27.31,3.92,1.3,2.5,3.63,1.56,3.6,,0.5466,,33,33,28.2,110,71.64,,,12.36,13.89,2.703,,,0.9017,1.644,0.979,,,1.56,2.23,2.54,3.285,3.685,2.654,9.69,36.43,5.836,0.4996,22,22,22,22,15.36,22,22,22,3.647,8.8,8.212,22,3.168,6.3,2.188,0.4665,2.668,10.55,7.16,1.494,8.352,0.4107,0.4639,6.6,,5.8,2.806,8.522,4.451,15.47,2.986,25.95,7.782,21.67,13.39,11.69,0.859,0.8917,22,37.44,33,33,33,33,33,,2.47,9,,5.515,4.696,,,4.28,13.46,16.44,36.78,28.17,44,44,12.8,,,,,10.63,4.444,6.955,2.319,,,0.08965,1.286,4.874,,0.6596,15.92,72.83,48.83,66.37,26.4,,,,,7.591,13.01,78.73,8.841,12.09,10.19,2.912,12.91,9.194,11.55,15.63,18.86,1.73,0.8165,18.77,63.15,0.9261,15.66,2.977,3.355,47.28,36.75,1.189,0.9857,1.205,0.9133,2.289,0.5672,0.6027,0.2317,0.5222,48.92,110,110,14.36,28.1,24.2,44,15.91,34.14,12.16,,,,,30,29.5,17.89,42.35,5.032,3.81,2.5,7.461,,,,5.006,,13.58,44,44,44,23.39,10.7,9.97,,55,,55,,,,,,,3.047,22.52,22.24,14.06,12.22,17.54,,110,,,25.14,,65.83,110,20.06,17.58,24.22,55,4.372,15.23,55,33.18,10.1,55,2.512,6.461,13.27,7.827,24.93,26.15,7.08,5.533,9.435,12.04,41.66,32.7,19.62,55,0.3044,0.5972,37.16,28.42,14.74,2.131,3.747,6.083,13.6,2.815,4.362,2.444,1.928,1.665,1.029,1.541,3.472,2.824,12.62,6.146,2.093,9.301,8.6,3.1,16.04,0.1681,281.6,8.846,25.53,22.37,69,167,7.8,,,10.71,11.32,14.03,8.417,27.5,0.71,5.16,3.665,0.2641,,4.803,7.363,3.82,0.3876,4.4,3.646,7.855,,8.49,55,0.491,0.7637,13.2,6.891,55,,55,,55,,0.2749,0.2318,10.6,0.9374,8.229,3.74,18.27,22.66,17.76,,,23.93,189.5,3.418,48.24,2.15,2.83,3.45,11,5.68,11,,
112-62-9,Methyl oleate,,9.983,,0.84,1.08,,312.7,47.69,31.35,3.789,12.53,7.25,33,3.99,0.96,10.7,12.36,9.375,7.056,,,12.17,55,35.38,55,35.59,55,36.54,2.27,55,55,55,0.7396,3.72,1.665,0.4254,0.265,1.053,4.534,0.781,,,,,0.9718,,,29.4,31.91,29.82,2.391,19.58,16.11,29.77,8.297,67.64,10.7,21.62,,,,26.05,33.62,33,55,,,32.01,,,,,,,,15.61,10.93,10.53,8.223,,,,,,,,,,,,,,,,,,0.4322,,,0.5,,0.13,,,5.663,,,68.7,,,,55,4.599,63.77,7.61,3.92,1.3,2.5,3.63,1.56,3.6,,0.4941,,33,33,9.717,110,53.4,,,,,2.838,,,0.9173,1.075,1.42,9.807,10.1,1.419,2.122,2.414,4.15,4.07,2.63,10.88,37.96,6.711,0.2827,16.3,22,22,22,2.156,22,3.463,1.929,3.301,3.362,0.8603,12.04,3.186,6.332,2.221,0.4739,2.7,10.54,5.587,1.513,8.445,0.4338,0.4843,6.6,,5.8,1.594,1.667,3.006,9.781,1.302,33,7.805,17.23,10.36,9.849,0.6554,0.5027,18.43,55,27.62,33,33,15.84,33,,,,,7,4.6,,,4.715,12.28,14.78,38.39,12.14,44,44,9.118,,,,,10.63,3.873,6.308,2.017,,,0.09,1.329,22.86,,0.7652,22.13,72.83,48.83,19.36,26.4,14.47,2.289,9.223,3.275,6.892,16.88,87.45,9.444,14.05,26.66,4.097,13.73,6.762,38.5,16.5,17.27,1.674,1.038,18.01,63.15,0.9575,12.83,3.581,,45.42,39.46,0.9013,0.6878,1.388,0.7309,0.866,0.7552,0.712,0.3051,0.6149,47.63,60.58,64.36,35.33,,,,71.7,55,16.85,,,,,5.2,35.2,32.9,46.48,5.104,3.81,2.5,1.188,1.658,22,1.62,16.67,,9.14,44,44,44,17.72,9.068,6.383,,55,,55,,,,,,,5.551,66.54,47.17,12.69,10.73,17.11,,110,,,18.11,,65.39,110,26.24,25.75,34.35,55,4,13.2,55,55,9.3,55,2,6.094,13.33,7.782,25.01,26.14,7.042,7.727,7.847,12,13.22,25.13,7.325,55,0.3166,0.1988,45.92,24.63,26.16,3,,3.3,,,4.354,2.426,1.946,1.695,1.075,1.275,3.133,1.175,6.049,5.113,2.205,,,,20.32,0.202,281.6,5.621,21.55,14.13,29.82,179.4,7.8,,,10.5,10.59,13.74,6.206,27.5,0.71,5.16,2.803,0.704,,2.901,7.618,3.525,0.373,1.773,3.612,2.994,12.89,8.49,55,0.525,0.7701,2.828,6.558,55,,55,,4.908,,0.3835,0.476,16.51,0.6436,5.769,5.07,20.63,24.62,19.97,,,23.93,189.5,2.632,40.52,2.15,2.83,3.45,11,5.68,11,159.7,32.2
103-36-6,Ethyl cinnamate,2.66,16.44,,,,,,,,,22,4.498,3.502,1.937,5.168,3.203,0.07859,,1.539,7.989,2.743,,55,33.79,55,55,30.79,39.69,,,,,,15.12,6.537,,,,22,22,,,,,22,,,25.34,24.04,20.87,6.342,15.58,33,6.668,,143.5,22,44,,,,21.68,55,33,55,,,30.58,,,,,,,,,9.561,6.777,11.79,,,,,,,,,,,,,,,,,,0.09,,,12.9,,2.5,,,,17.38,,,,,,8.07,59.64,447.8,41.29,,,,,,,,0.7024,2.607,,,24.67,24.23,16.85,,,12.2,13.89,3.132,,,0.85,,,,,,,,9.526,10.55,22,12.21,18.37,1.499,35.43,22,14.03,12.71,6.344,22,22,22,22,22,22,22,22,3.05,11,11,1.62,11,11,,8.79,31.86,,,,,,,,,,,24.53,11.34,11.45,17.84,17.46,22,22,22,22.09,33,33,33,20.55,33,,,,,,,,,7.13,11.69,17.43,44,11.71,44,44,10.64,,,,,,,,,,9,,,5.016,,,14.83,44.86,37.19,,26.4,,,,,32.24,75.41,80.66,15.75,12.75,2.238,17.66,11.81,26.89,6.812,35.42,8.224,,10.53,,36.5,,11.62,6.533,3.861,55,29.77,,,,,,,,,,39.88,19.4,16.25,8.731,28.36,15.9,44,13.29,,,,,,,35.2,12.9,55,55,,,,6.948,,,,5.252,,10.49,20.38,44,16.08,18.16,9.937,14.82,16.31,55,,,,,,,,0.81,15.56,,,,,32.87,24.63,,10.8,,,,,,12.61,5.795,17.84,55,6.5,23.3,55,55,25.5,55,12.3,7.582,16.51,27.14,23.62,25.32,22.74,19.87,33.42,19.63,38.85,33.19,23.24,55,,,,,,10,2.818,7.5,13.6,5.5,,,,,,6.02,,,2.404,203.1,9.26,11.16,9.931,4.303,16.67,,,,,,,,,,,8.657,9.237,10.76,12.35,,,,22,,9.89,,8.03,,22,22,22,55,,9.52,12.46,,,,,7.75,,7.47,,16.22,,,,46.62,13.13,,,,,,,,,,4.079,31.86,,,,,,,192.9,523.1
24198-95-6,"trans,trans-10,11-Epoxy-3,7,11-trimethyl-2,6-dodecadienic acid methyl ester , JHIII",,,,1.87,3.49,,,,,4.71,22,,,,,,,,9.2,,1.8,,,,,,,,0.3,1.448,55,1.01,55,,,,,,22,22,,,,,9.79,,,55,55,55,1.088,12.14,14.88,55,,,,25.8,,,,7.9,,19.1,12.7,9.28,18.46,,,,,,,,,19.35,32.21,4.903,1.268,,,,,,,,,,,,,,,,,,0.5761,,,,,,,,,,,,,,,,,,,,,,,,,,1.6,,,,110,110,110,,,,,2.56,,,,,,,,,,,,,,,,,,5.272,22,22,22,1.332,22,6.436,5.287,7.468,2.586,1.035,22,11,11,11,11,11,11,,0.35,1.64,,,,,,10.77,33,33,33,33,,,33,15.43,17.39,2.42,1.9,22,14,33,33,23.05,33,33,,,9,,,,,,,,,,,,,,,,,,,,,,,,,,,,,,,,,,,,,,,,,,,,,,,,,,,,,,,14.89,,5.4,55,49.7,,,,,,,22,4.64,22,,110,56.91,110,,,,68.67,55,23.5,,,,,4.1,35.2,55,55,,,,,,,,10.51,,,,,,,16.5,,,55,,,,,,,,,,,,,,,,,,,,,,,4.56,1.32,13.14,,,,,,,,,,,,,,,25.54,,,19.5,19.8,4.9,55,0.69,1.08,,,,2.432,,6.003,,5.973,,,,,,3.522,2.932,1.201,2.84,,9.391,33.1,34.5,,13.97,,,,,,,,,,,,,,,,,,22,1.24,10.47,,8.68,24.01,5.19,44,44,55,,,55,8.75,,,,8.65,,10.7,,12.17,,25.7,1.09,55,1.7,,,,,,,,,,5.55,37.58,,,,,,,,
67566-09-0,"(3,6-Dioxocyclohexa-1,4-dien-1-yl)methyl propanoate",,,,,10.09,,,,,4.38,,,,,,,,,,,,,,,,,,,,,,,,,,,,,,,,,,,,,,31.12,30.56,22.18,,,,28.54,,,,,,,,,,,,,,,,,,,,,,,,,,,,,,,,,,,,,,,,,,,,,,,,,,,,,,,,856.8,573.6,,,,,,,,,,,,0.8,,,,,,,,,,,,,,,,,,,,,,,,,,,,,,,,,,,,,,,,,,,,,,,,,,,,,,,,,,,,,,,,,,,,,,,,,,,,,,,,,,,,,,,,,,,,,,,,,,,,,,,,,,,,,,,,,,,,,,,38.5,,,,38.5,,15.16,,,,36.5,,13.72,3.5,,,,,,,,,,,,,,110,110,,,,,,,,,,,,,,,,,,,1.7,,,,22,,,,,,,,,,,,,,,,,,,,,,,,,,,,,,,,,55,55,55,55,6.5,23.3,55,55,25.5,55,12.3,,,,,,,,,,,,,,,,,,,,,,,,,,,,,,,,,,,,,,,,,,,,,,,,,,,,,,,,,,,,,,,,,,,,,,,,,,,,,,,,,,,,,,,,,,,,,,,,,,,,,
105-86-2,Geranyl formate,,5.792,,1.922,3.654,,174.3,5.5,20.69,5.091,22,33,33,33,6.37,33,5.3,11.5,8.653,,1.329,15.1,55,55,27.67,55,55,31.27,0.2326,2.351,27.14,1.133,9.043,20.1,20.1,,,,22,5.977,,,,,5.756,,,15.9,22.89,20.48,0.8927,13.13,15.13,23.52,,,,15.9,26.3,9.5,39.1,13.29,20,20.52,10.47,10.04,13.85,,,,,,,,,19.35,44,31.9,10.4,,,,,,,,,,,,,,,,,,0.3883,,,,,,,,4.047,,,,,,,,1.037,40.29,9.211,2.73,1.54,1.91,,1.67,,,1.648,,,,54.75,110,110,,,,,1.156,,123,,,,,,,,,2.948,4.659,4.45,11.91,46.71,7.403,3.774,5.921,22,22,22,1.759,22,7.436,5.936,3.099,3.081,1.378,22,11,11,11,4.273,11,11,,0.35,1.64,1.618,3.915,,,,3,4.33,1.949,3.495,13.6,24.9,33,15.96,13.78,18.99,3.583,2.406,17.27,13.58,33,33,24.12,22.6,27.3,,,3.423,,,,6.96,110,7.09,14,43.1,23.06,17.45,44,44,8.82,14.21,44.92,38.93,29.37,,,,,,,,,55,10.88,,,13.33,,,,,,,,,,,,,38.5,,,,38.5,,26.06,,,,,,11.7,,5.4,55,26.82,,,,,,,7.822,4.607,7.288,46.2,23.17,27.46,14.57,44,21.8,44,37.53,55,23.5,,,,,4.1,35.2,55,55,86.5,,,22,,,,10.41,,,,,,,13.14,,75.93,55,31.9,55,45.23,55,7.77,12.37,15.56,,9.065,,,,18.17,26.79,,110,4.3,110,8.045,,25.57,110,4.736,0.8427,9.076,55,3.183,18.59,55,46.23,1.738,55,5.253,7.575,,,,,,9.779,6.421,10.67,16.96,21.07,5.688,55,0.5931,1.888,,,,2.399,,6.983,,6.688,,,,,,3.926,1.903,0.8961,4.726,8.783,2.593,33.1,34.5,,12.27,,,,,,,,11.2,8.9,6.4,9.7,8.6,1.025,8.993,,,,22,1.716,10.47,,8.328,23.67,5.741,44,44,4.66,13.46,10.4,35.71,6.433,,,,8.65,,10.7,,12.17,,25.7,1.005,55,1.392,,,,,,,,,,4.745,37.58,,,,,,,42.25,98.17
13419-69-7,trans-2-Hexenoic acid,,27.31,,,,,,,,6.67,22,,,,,,,,,,,,55,35.3,55,33.42,55,55,2.27,55,55,55,0.7359,6.468,1.466,2.57,2.23,1.19,,,,,,,,,,11.04,12.86,14.21,7.069,8.801,33,4.232,,108.8,22,44,,,,33,13.5,33,40.07,,,,,,,,,,,24.53,19.17,11.13,15.43,,,,,,,,,,,,,,,,,,1.6,,,0.5,,0.13,,,,,,9.96,,,,39.37,23.87,349.3,45.37,3.88,1.43,2.6,3.72,1.62,,,,,,,54.19,110,110,,,,,,,,,,,,,,,,,,,,,,31.85,22,22,22,22,16.39,22,22,22,,22,9.862,22,,,,,,,,,,20.04,9.44,,,,1.45,18.95,3.71,8.96,1.26,14.18,13.58,17.87,30.19,33,10.77,22,22,55,33,33,33,33,33,,,,,,,,,,,,,,,,,,,,,,,,,,,0.22,1.58,32.24,,2.95,74.11,,37.97,,26.4,,,,,4.109,12.8,69.45,5.791,14.75,8.272,2.629,15.33,4.41,3.307,13.09,9.963,1.73,0.92,16.74,,,13,,,44.47,34.95,,,,,,,22,3.384,4.676,,24.89,25.65,31.98,,,,51.63,55,8.292,,,,,10.7,35.2,27.32,55,23.3,,,6.692,,,,11.37,12.59,16.06,44,44,26.14,24.62,7.504,,41.08,55,,,,,,,,1.69,10.35,,,,12.79,18.21,23.67,,,,,,,,55,55,55,55,6.2,14.1,55,55,55,55,22.6,9.156,,,,,,9.166,6.91,21.51,55,24.16,22.29,55,,,40.24,37.96,31.9,,,,,,,,,,,7.879,,,27.03,7.54,8.12,,,,31.83,,,,,,,,,,,9.971,12.32,13.9,12.59,,,,24.17,1.45,,,,,0.6582,2.469,24.17,55,,,55,,,,,9.74,,7.94,,55,,,0.64,,0.6001,,,,,,,,17.52,32.52,,,,,,,,,,
106-26-3,(Z)-Citral                                      ,,5.789,,1.928,3.673,,174.3,6.217,20.69,5.266,22,33,33,33,6.37,33,5.3,11.5,8.731,,1.389,15.1,55,55,25.32,55,55,32.92,0.2536,3.54,23.05,1.229,4.667,20.1,20.1,,,,22,7.264,,,,,5.735,,,14.88,22.28,19.84,0.9836,13.29,15.62,28.98,,,,20.7,26.3,9.5,39.1,12.19,20,20.94,10.74,11.18,13.31,,,,,,,,,19.14,35.14,6.093,2.014,,,,,,,,,,,,,,,,,,0.3821,,,,,,,,4.471,,,,,,,,1.111,39.93,9.463,2.636,1.531,1.869,,1.511,,,2.244,,,,55.6,110,110,,,29.77,,1.108,,123,,,,,,,,,3.154,3.995,5.321,5.659,48.02,7.607,4.366,5.572,22,22,22,1.567,22,7.08,5.587,3.137,2.933,1.264,22,11,11,11,2.346,11,11,,0.2051,1.057,1.389,3.188,,,,3.198,4.691,2.169,3.9,14.3,16.9,19.35,15.67,14.33,19.26,4.07,2.676,17.68,13.88,33,33,24,23.45,22.9,,,2.857,,,,6.96,110,3.967,7.012,43.1,23.06,17.45,44,44,8.82,14.21,44.92,38.93,29.37,,,,,,,,,55,10.88,,,18.23,,,,,,,,,,69.43,,33.1,17.49,,,,38.5,,27.84,,11.77,,,,9.253,,4.67,55,23.73,,,,,,,8.526,4.578,7.991,45.47,25.73,27.42,15.93,44,21.8,44,38.64,55,23.5,,,,,2.778,22.83,55,55,86.5,,,22,,,,9.875,11,,,,,,13.44,,75.93,55,31.9,55,45.23,55,7.77,12.37,15.56,,9.664,,,,12.62,26.79,23.97,110,4.3,110,8.308,,25.57,110,4.849,0.8469,9.205,55,3.637,17.84,55,47.47,2.279,55,6.23,8.643,,,,,,9.584,6.637,11.27,17.35,22,5.796,55,0.6513,2.055,,,,2.232,,7.017,,6.969,,,,,,3.522,1.502,0.7087,4.031,11.21,2.621,33.1,34.5,,16.95,,,,,,,,11.2,8.9,6.4,9.7,8.6,1.159,8.393,,,,22,1.875,10.47,,8.296,23.64,6.097,37.58,44,4.083,13.46,10.4,55,6.956,,,,8.65,,10.7,,12.17,,25.7,0.9978,55,1.641,,,,,,,,,,4.688,37.58,,,,,,,774.8,366.9
2492-43-5,(E)-4-oxohex-2-enal,,27.31,,,,,,,,,22,,,,,,12.5,9.8,15.3,,,,55,31.2,55,55,55,55,1.3,16.7,16.2,9.6,3.8,33,24.3,,,,,,,,,,,,,11.32,13.16,14.52,10.69,15.24,33,23.84,,,9.76,44,,,,33,13.69,33,55,,,23.14,,,,,,,,24.53,36.15,77,44,,,,,,,,,,,,,,,,,,,,,,,,,,,,,9.96,,,,39.25,26.37,1100,43.84,3.88,1.43,2.6,3.72,1.62,,,,,,,46.12,110,110,,,,,,,,,,,,,,,,,,,,,,,22,22,22,22,22,22,22,22,,22,22,22,,,,,,,,,,8.289,8.204,,,,,,,,,33,8.28,12.21,28.57,33,22,22,22,55,33,33,33,33,33,,,,,,,,,,,,,,,,,,,,,,,,,,1.5,,,21.46,,2.95,29.84,,37.8,,26.4,,,,,21.2,,68.32,,26.41,16.99,24.8,21.54,35.81,4.21,25.38,20.93,,10.65,16.6,,,13.12,,,49.1,35.2,,,,,,,22,22,22,,24.89,25.65,22.58,,,,48.3,55,8.1,,,,,,,55,55,23.3,,,22,,,,12.11,12.59,16.06,44,44,26.14,24.62,6.2,,,55,,,,,,,,1.69,4.144,66.54,47.17,12.69,12.12,,23.67,,,,,,,,55,55,55,55,6.2,14.1,55,55,55,55,22.6,9.08,,,,,,12.35,23.9,23.31,55,28.8,24.1,55,,,40.24,37.96,31.9,,,,,,,,,,,10.3,,,54.62,,,,,,,,,,,,,,7.8,,,9.4,14,14,37.2,,,,44,,,,,,44,44,44,55,,,55,,,,,,,,,,,,,,,,,,,,,,,,,,,,,11,5.68,11,,
16635-54-4,(Z)-2-Hexenal,,16.76,,,,,,,,,16.22,7.25,33,3.99,0.96,10.7,11.87,9.236,8.125,,,14.3,55,28.54,55,42.81,55,55,0.2588,10.86,16.99,2.244,4.216,7.105,3.786,3.096,2.741,1.81,22,22,,,,,22,,,8.912,10.16,10.97,7.881,12.12,22.54,12.56,,108.8,13.93,44,,,,28.53,10.88,33,55,,,23.14,,,,,,,,24.53,27.35,27.81,14.64,,,,,,,,,,,,,,,,,,,,,,,,,,,,,6.748,,,,37.1,20.8,390.2,30.69,3.872,1.374,2.558,3.682,1.595,3.6,,0.4815,,,,49.38,110,110,,,,,,,,1.39,,,,,,,,4.417,4.408,2.313,15.69,55,18.43,1.062,22,22,22,22,18.58,22,19,22,12.78,15.38,14.34,22,4.006,6.733,2.648,0.5934,3.133,10.5,6.99,1.633,9.636,2.855,2.497,6.6,,5.8,33,33,10.99,20.96,4.276,18.66,7.09,12.21,28.57,33,22,22,22,55,33,33,33,33,33,,,,,7,4.6,,,4.28,13.46,16.44,36.78,28.17,44,44,12.8,,,,,,3.527,5.955,2.398,,,0.22,3.15,23.23,,2.363,33.26,72.83,36.13,51.46,26.4,,,,,10.63,15.63,61.94,8.938,25.58,14.21,12.59,18.64,12.64,2.75,12.96,12.64,1.73,4.937,15.94,,0.92,9.259,3.228,,46.96,32.63,0.9,0.65,4,0.8181,1.374,3.51,13.11,9.316,8.419,49,24.89,25.65,18.66,,,,41.41,42.47,7.412,,,,,10.7,35.2,35.57,55,23.3,,,22,,,,11.07,12.59,16.06,44,44,26.14,24.62,5.403,22.03,41.08,55,,55,,,,,,1.69,5.113,66.54,47.17,12.69,10.98,17.24,23.67,110,,,,,65.83,,43.34,40.48,41.66,55,6.2,14.1,55,55,55,55,22.6,7.896,,,,,,9.921,12.48,17.08,39.95,28.26,22.87,55,0.54,35.2,37.84,28.28,24.88,3,,,,,,,,,,6.796,,,20.38,5.929,3.15,,,,20.99,0.64,281.6,5.36,21.17,13.47,27.31,281.6,7.8,,,9.204,12.19,13.53,14.26,,,,8.214,1.128,,5.03,8.8,,2.691,7.344,8.817,55,,,55,0.662,1.401,1.022,13.2,8.71,,7.007,,55,,,0.53,55,1.66,,8.06,,,,,,17.03,27.72,3.48,48.24,2.15,2.83,3.45,11,5.68,11,,
75539-65-0,"(E,Z)-5,7-Dodecadienal / E5,Z7-12:Ald",,9.802,,0.84,1.08,,,,,,10.66,7.25,33,3.99,0.96,10.7,12.58,9.438,6.666,,,14.3,55,33.89,55,55,55,55,0.161,11.78,55,1.397,19.93,3.602,1.483,3.787,3.736,4.554,6.797,1.838,,,,,2.163,,,23.73,19.66,17.17,6.75,12.57,15.46,9.196,,,12.35,,,,,25.95,24.63,33,55,,,,,,,,,,,24.53,23.33,13.15,6.729,,,,,,,,,,,,,,,,,,,,,0.5,,0.13,,,,,,13.03,,,,39.25,9.842,84.34,24.13,3.887,1.285,2.488,3.619,1.553,3.6,,0.4815,,,,110,110,110,,,,,3.07,,,1.182,,,,,1.56,2.23,2.54,3.646,4.021,2.079,15.68,55,18.43,0.3369,22,22,22,22,10.47,22,12.37,22,12.78,7.256,5.157,15.29,3.852,6.601,2.502,0.5573,2.985,10.51,6.99,1.575,9.25,0.4814,0.5476,6.6,,5.8,6.736,26.72,6.528,15.68,2.29,33,8.569,11.67,9.11,7.773,0.4019,0.2822,17.55,44.15,24.61,33,33,20.43,33,,,,,7,4.6,,,4.28,13.46,16.44,36.78,28.17,44,44,12.8,,,,,10.63,3.58,5.946,3.46,,,0.09617,1.675,19.92,,0.9089,22.31,72.83,39.42,43.92,26.4,,,,,19.03,31.95,85.59,13.29,17.24,6.841,11.85,15.42,16.07,19.82,8.249,13.33,1.735,3.873,16.92,,0.9114,16.09,3.228,,50.02,36.6,0.7992,0.6232,1.975,0.7424,1.278,3.176,2.179,3.121,1.856,48.18,24.89,25.65,33.16,,,,41.7,32.12,8.997,,,,,,,31.45,55,5.244,,,22,,,,22,12.59,16.06,44,44,26.14,24.62,7.723,22.03,,55,,55,,,,,,1.69,17.64,66.54,47.17,12.69,10.82,17.11,23.67,110,,,,,65.83,,37.03,33.16,34.67,55,6.2,14.1,55,55,55,55,22.6,7.078,,,,,,19.77,12.01,11.81,20.27,36.69,18.94,55,0.4705,0.3763,44.85,23.87,24.2,3,,,,,,,,,,3.588,,,4.717,5.052,2.571,,,,18.56,0.325,281.6,4.171,19.28,10.45,17.18,216.1,7.8,,,9.996,10.4,14,6.476,27.5,0.71,5.16,2.17,0.5829,,5.03,8.8,,0.3371,1.825,2.739,55,,,55,0.6599,1.261,0.846,9.6,55,,55,,55,,0.3981,0.3422,27.5,1.126,9.97,8.06,,,,,,23.93,189.5,3.543,48.24,2.15,2.83,3.45,11,5.68,11,,
2463-53-8,2-nonenal,,11.67,,0.84,1.08,,,,,2.796,10.25,7.25,33,3.99,0.96,10.7,11.9,9.228,7.94,,,12.57,55,29.84,55,55,55,55,0.4721,17.55,17.86,3.406,3.85,2.505,3.438,4.162,4.134,5.021,22,22,,,,,12.88,,,18.66,20.76,21.91,6.813,14.7,14.91,7.975,,,12.72,44,,,,25.6,14.27,33,55,,,23.14,,,,,,,,18.75,22.86,13.61,6.955,,,,,,,,,,,,,,,,,,,,,0.327,,0.05898,,,6.84,,,8.94,,,,36.81,9.963,86.68,27.6,3.876,1.313,2.511,3.64,1.566,3.6,,0.4805,,33,33,62.56,110,110,,,,,3.07,,,1.211,1.06,1.155,9.807,10.1,1.438,2.137,2.431,5.511,5.577,3.118,19.91,55,10.42,0.5335,22,22,22,22,11.04,22,12.5,22,8.078,7.383,5.275,15.4,3.313,6.57,2.467,0.5297,2.95,10.51,4.948,1.654,9.16,1.105,1.155,6.6,,5.8,3.643,24.6,4.835,13.21,1.589,33,8.28,10.4,13.33,14.58,2.74,1.709,18.36,43.26,26.1,33,33,22.49,33,,,,,7,4.6,,,3.97,12.64,14.6,36.15,16.94,44,44,10.12,,,,,10.63,3.618,6.013,2.232,,,0.08972,1.478,18.68,,0.9882,22.07,70.68,36.95,23.33,26.4,14.47,2.289,9.223,3.275,17.25,22.07,76.62,11.73,17.71,6.923,11.91,15.65,16.14,8.522,9.799,16.51,1.717,3.688,16.55,63.15,0.9549,13.87,3.228,,48.61,34.47,0.7958,0.5642,1.658,1.329,1.889,4.84,1.493,1.235,1.302,47.65,22.22,22.96,23.41,,,,46.86,40.16,8.519,,,,,5.2,35.2,39.67,55,5.896,,,22,1.658,22,1.62,14.76,12.59,10.73,44,44,25.25,19.37,6.962,8.547,,55,,55,,,,,,1.69,3.658,66.54,47.17,12.69,12.11,16.87,23.67,110,,,17.96,,65.29,,36.6,32.7,34.21,55,6.2,14.1,55,55,55,55,22.6,6.6,,,,,,14.54,13.99,12.19,25.71,34.34,20.02,55,0.3457,0.2237,44.64,29.14,35.09,3,,3.3,,,4.61,2.325,1.97,2.13,1.14,2.651,2.7,0.9374,7.206,4.99,2.323,,,,20.1,0.262,281.6,4.495,19.82,11.27,19.72,198.6,7.8,,,9.014,10.55,13.39,7.349,27.5,0.71,5.16,3.08,0.6263,,3.075,8.8,,0.2997,1.66,3.492,15.05,12.89,,55,0.6667,1.075,0.7444,13.2,55,,55,,10.87,,0.3695,0.3102,55,0.717,5.664,5.36,22.27,32.16,17.11,,,23.93,189.5,2.769,43.08,2.15,2.83,3.45,11,5.68,11,195,37.22
56797-40-1,(Z)-7-hexadecenal / Z7-16:Ald,,9.781,,0.84,0.7281,,,,,3.301,9.685,7.25,33,3.99,0.96,10.7,13.06,9.779,6.526,,,13.05,47.33,41.13,55,49.33,43.07,36.71,0.1703,13.52,55,1.37,18.83,4.6,2.3,3.744,3.723,4.579,8.292,2.798,,,,,3.203,,,47.78,49.25,46.88,6.801,14.67,14.16,5.563,18.86,,11.9,,,,,25.07,28.23,33,55,,,,,,,,,,,15.87,23.17,12.9,6.609,,,,,,,,,,,,,,,,,,1.6,,,0.302,,0.05087,,,6.84,,,26.56,,,,39.48,9.689,81.81,23.81,3.899,1.275,2.48,3.612,1.548,3.6,,0.475,,33,33,110,110,110,,,,,3.07,,,1.142,1.06,1.094,9.807,10.1,1.412,2.117,2.407,4.289,4.064,2.306,18.57,55,11.34,0.3933,22,22,22,22,9.787,22,12.2,22,8.398,7.1,5.012,15.15,3.236,6.428,2.318,0.496,2.799,10.53,4.617,1.568,8.728,0.4288,0.4828,6.6,,5.8,5.658,26.11,5.934,14.85,2.077,24.57,10.28,11.2,9.083,7.945,0.4419,0.2906,17.1,43.39,23.79,33,33,19.34,33,,,,,7,4.6,,,3.788,12.44,14.55,35.56,19.24,44,44,10.43,,,,,10.63,3.419,6.101,2.267,,,0.08438,1.652,19.47,,0.8857,20.79,70.23,42.87,29.55,26.4,14.47,2.289,9.223,3.275,18.81,26.68,96.95,13.35,20.06,6.586,11.71,15.55,15.88,32.55,8.192,18.73,1.671,2.686,17.34,63.15,0.9491,16.68,3.228,,49.82,35.55,0.8025,0.5774,1.995,0.7833,1.281,3.097,1.278,1.069,1.105,48.14,26.95,28.92,35.82,,,,51.5,37.67,12.75,,,,,5.058,35.2,36.31,55,5.126,,,22,1.658,22,1.62,22,12.59,9.452,44,44,30.76,18.02,8.525,9.713,41.08,55,,55,,,,,,1.69,18.19,66.54,47.17,12.69,10.91,16.78,23.67,110,,,17.96,,57.43,110,28.48,32.22,33.71,55,6.2,14.1,55,55,55,55,22.6,6.182,,,,,,19.61,9.516,12.24,16.6,55,18.9,55,0.3781,0.3196,45.74,24.5,25.83,3,,3.3,,,4.61,2.353,1.97,2.13,1.14,1.959,4.052,0.5712,4.447,5.111,2.303,,,,19.79,0.3272,281.6,4.167,19.27,10.44,17.14,216.7,7.8,,,10.04,10.03,12.8,6.133,27.5,0.71,5.16,2.479,0.7218,,3.586,8.8,16.39,0.4783,1.995,3.19,12.76,12.89,,55,0.6673,1.157,0.8497,13.2,55,,55,,17.51,,0.369,0.3507,55,0.8997,5.888,5.179,19.63,22.44,18.61,,,20.86,87.25,3.268,44.52,2.15,2.83,3.45,11,5.68,11,195,37.22
930-68-7,2-Cyclohexen-1-one,,,,,,,,,,,,,,,,,,,,,,,,,,,,,,,,,,,,,,,,,,,,,,,,,,,,,,,,,,,,,,,,,,,,,,,,,,,,,,,,,,,,,,,,,,,,,,,,,,,,,,,,,,,,,,,,,,,,,,,,,,,,,,,,,,,,,,,,,,,,,,,,,,,,,,,,,,,,,,,,,,,,,,,,,,,,,,,,,,,,,,,,,,,,,,,,,,,,,,,,,,,,,,,,,,,,,,,,,,,,,,,,,,,,,,,,,,,,,,,,,,,,,,,,,,,,,,,,,,,,,,,,,,,,,,,27.27,,,,,55,16.9,,,,,,,,,,,,,,,,,,,,,,,,,,,,,,,,,,,,,,,,,,,,,,,,,,,,,,,,,,,,,,,,,,,,,,,,,,,,,,,,,,,,,,,,,,,,,,,,,,,,,,,,,,,,,,,,,,,,,,,,,,,,,,,,,,,,,,,,,,,,,,,,,,,,,,,,,,,,,,,,
2050‐87‐5,DATS /  diallyl trisulphide,,,,,,,,,,,,,,,,,,,,,,,,,,,,,,,,,,,,,,,,,,,,,,,,,,,,,,,,,,,,,,,,,,,,,,,,,,,,,,,,,,,,,,,,,,,,,,,,,,,,,,,,,,,,,,,,,,,,,,,,,,,,,33,33,,,,,,,,,,,,,,,,,,,,,,,,,,,,,,,,,,,,,,,,,,,,,,,,,,,,,,,,,,,,,,,,,,,,,,,,,,,,,,,,,,,,,,,,,,,,,,,,,,,,,,,,43.71,,,,,,,,,,,,,,,,,,,,,,,,,,,,,,,,,,,,,,,,,,,,,,,,,,,,,,,,,,,,,,,,,,,,,,,,,,,,,,,,,,,,,,,,,,,,,,,,,,,,,,,,,,,,,,,,,,,,,,,,,,,,,,,,,,,,,,,,,,,,,,,,,,,,,,,,,,,,,,,27.5,16.02,4.21,,,,,,,,,,,,,,,,,,,,,,,,,,,,,,,,,,,,,,,,,,,,,,
7540-51-4,(-)-β-Citronellol,,10.89,,1.922,3.654,,174.3,6.868,20.69,5.437,22,33,33,33,6.37,33,5.3,11.5,10.18,,2.967,15.1,55,55,24.34,55,55,55,0.5154,5.683,31.19,2.089,21.09,20.1,20.1,,,,22,22,,,,,5.241,,,55,55,43.47,1.63,11.7,16.95,55,,,,29.81,,,,9.956,20,20.89,12.01,11.18,13.96,,,,,,,,,19.26,36.47,8.245,2.702,,,,,,,,,,,,,,,,,,1.029,,,,,,,,5.741,,,,,,,,12.96,61.54,20.24,2.707,1.538,1.862,,1.486,,,1.499,,,,55.75,110,110,,,29.77,,2.202,,123,,,,,,,,,5.111,4.044,22,3.64,55,9.038,20.12,4.95,22,22,22,1.326,22,6.791,4.965,5.702,2.759,1.167,22,11,11,11,1.784,11,11,,0.2722,1.334,12.76,13.73,,,,9.981,15.2,10.49,21.01,33,15.92,12.33,19.55,16.67,18.05,3.029,2.009,22,16.38,33,33,22.65,33,19.41,,,,,,,6.96,110,3.59,6.226,43.1,23.06,17.45,44,44,8.82,14.21,44.92,38.93,29.37,,,,,,,,,55,,,,69.86,,,6.32,,,,,10.68,,63.74,,33.1,15.15,22.55,,42.13,38.5,41.08,38.5,,11.82,20.94,,,9.859,,5.4,,,,,,,,,22,4.64,22,45.82,26.5,27.66,15.9,44,21.8,44,37.96,55,23.5,,,,,3.414,20.06,55,55,,,,22,,,,11.76,11,,,,,,14.1,,75.93,55,31.9,55,45.23,55,7.77,12.37,15.56,,16.17,,,,9.804,,23.97,,4.3,110,15.43,,25.57,110,6.911,1.211,11.59,55,8.14,17.31,55,55,11.62,55,20.75,25.85,,,,,,6.837,22.09,19.52,17.4,22.88,5.436,55,0.5456,1.626,,,,2.117,,6.234,,6.918,,,,,,2.828,0.6939,0.4392,3.457,44.08,4.884,33.1,34.5,,39.43,,,,,,,,11.2,,,9.7,8.6,20.5,10.61,,,,22,1.913,10.47,,8.68,24.01,6.618,34.3,44,5.744,,,55,9.089,,,,8.65,,10.7,,12.17,,25.7,1.09,55,1.413,,,,,,,,,,5.115,37.58,,,,,,,42.25,98.17
556-82-1,3-methyl-2-buten-1-ol,,11.04,,1.945,3.73,,174.3,6.209,20.69,5.196,22,,,,,,,,9.2,,1.8,,55,55,24.94,55,55,55,0.2234,2.314,30.8,3.257,10.43,20.1,20.1,,,,15.07,12.14,,,,,5.302,,,16.22,23.34,20.19,1.085,10.93,14.86,32.61,,206.4,,28.35,,,,11.61,20,19.09,10.88,11.18,13.96,,,,,,,,,12.33,36.98,4.261,0.9617,7.83,21.1,18.4,10.7,27.6,9.43,23.1,12.6,15.7,13.9,7.94,13,4.17,6.59,18.9,21.7,11.9,0.5886,17.8,16.9,8.35,9.79,8.38,13.9,13.4,6.1,,,,4.13,,,,12.63,60.76,19.86,2.409,1.556,1.831,,1.536,,,1.371,,,,49.75,110,110,,,29.77,,2.177,,123,,,,,,,,,5.134,3.99,22,3.681,55,9.078,19.96,3.971,22,22,22,0.9312,22,6.048,3.985,5.027,2.135,0.8447,22,11,11,11,2.378,11,11,,0.2056,1.06,12.76,13.73,,,,11.68,17.4,12.82,22.74,33,13.19,15.49,22.75,16.08,17.52,2.73,1.938,22,16.63,33,33,22.79,33,22.63,,,,,7.2,2.9,6.96,110,4.094,7.49,25.25,4.927,8.726,44,44,8.934,14.21,44.92,38.93,29.37,,,,,,,,,55,,,,14.85,,,,,,,,,,69.43,,33.1,15.15,,,,38.5,,38.5,,11.77,,,,9.948,,5.4,,,,,,,,,5.571,5.668,22,45.47,24.15,25.97,15.51,44,21.8,44,43.85,55,23.5,,,,,3.721,24.46,55,55,,,,22,,,,9.466,11,,,,,,13.18,,75.93,55,31.9,55,45.23,55,7.77,12.37,15.56,,16.17,,,,9.861,,23.97,,4.3,110,17.3,,25.57,110,4.242,0.7757,12.6,55,8.061,21.16,55,55,11.13,55,16.64,25.85,,,,,,9.631,22.09,19.52,18.2,21.92,5.28,55,0.42,1.902,,,,1.934,,5.108,,6.422,,,,,,2.915,0.471,0.3393,2.351,9.418,3.973,33.1,34.5,,49.54,,,,,,,,11.2,,,9.7,8.6,20.5,10.55,,,,22,1.578,10.47,,8.68,24.01,5.991,36.78,44,5.623,,,55,8.125,,,,8.65,,10.7,,12.17,,25.7,1.09,55,1.15,,8.24,,,,12.82,14.38,15.57,39.49,4.996,37.58,,,,,,,42.25,98.17
50306-18-8,"(5Z)‐1,5‐Octadien‐3‐ol",,,,,,,,,,,22,,,,,,,,,,,,55,55,55,55,39.7,22.6,,,,,,13.3,4.3,,,,22,22,,,,,22,,,12.54,15.15,16.3,13.31,13.58,33,16.97,,,,,,,,33,55,33,55,,,,,,,,,,,,44,77,44,,,,,,,,,,,,,,,,,,,,,,,,,,,,,,,,,49.52,36.38,116,50.63,,,,,,,,,,,,110,110,110,,,,,,19.58,,5.55,7.2,,9.93,9.94,,,,22,22,22,9.529,55,11.47,24.63,22,22,22,22,22,22,22,22,,22,22,22,3.699,11,11,1.548,11,11,,33.53,21.21,19.99,14.87,,,8.1,,,,,,,,33,17.71,33,22,22,,,,,,,,,,,,,,,,,,,,,,,,,,,,,,,,,,,,55,,2.96,140.9,,,,8.51,,,,,16.79,,68.03,,,12.28,18.84,14.35,38.7,18.75,24.79,24.58,,9.51,17.59,,,110,,,55,48.8,,,,,,,6.998,6.545,22,,44.48,52.71,38.18,,,,41.26,55,13.81,,,,,,,25.21,55,,,,22,,,,,11.17,,,,,,11.2,4.97,,55,,,,,,,,1.64,20.72,,,,8.911,,,,,,,,,,55,55,55,55,8.2,30.8,55,39.5,27,55,13,5.019,,,,,,18.62,13.89,19.07,55,55,21.1,55,35.2,16.42,37.95,19.72,14.13,8,,,,,,13.88,,,,,,,71.64,20.86,6.5,,,,34.49,,,,,,,,,9.2,15.8,9.8,13.1,13.9,12.61,,,,44,,,,,,44,44,44,55,,,16.49,,,,,55,,8.07,,55,,,,,,9.16,5.29,14.7,31.88,,,,15.57,39.49,,,,,,,,,922.8,619.6
928-97-2,E-3-hexen-1-ol,,19.29,,,,,,,,,22,,,,,,,,,11.6,16.1,,47.37,55,55,48.24,34.78,18.47,3.8,55,55,17.6,55,11.76,2.409,6.782,7.367,9.486,,,,,,,,,,9.744,13.69,13.88,11.03,11.3,33,16.29,21.53,,22,,,,,33,55,33,45.97,,,,,,,,,,,,26.17,37.82,24.78,,,,,,,,,,,,,,,,,,,,,,,,,,,35,,,,,,45.3,37.25,170.2,23.28,,,,,,,,,,,,110,110,110,,,,,4.41,,,5.55,7.2,,9.93,9.94,1.56,2.23,2.54,22,22,9.792,12.6,55,14.74,1.705,22,22,22,22,6.675,22,22,22,3.72,22,22,22,4.08,11,11,1.51,11,11,97.03,33.53,21.21,19.99,14.87,,,,,,,,,5.843,12.91,33,18.65,33,22,22,22,31.4,33,33,33,33,33,,2.47,,,5.7,5,,,,,,,,,,,,,,,,3.95,6.02,2.36,,,0.22,1.652,55,,1.782,172.6,,46.8,75.61,6.711,17.09,6.75,26.4,8.07,7.848,12.79,63.69,6.19,,9.881,10.78,14.35,11.31,5.821,18.06,14.46,1.73,4.318,17.07,,0.97,57.42,,,55,40.7,0.9,0.65,1.6,0.68,0.56,1.8,5.153,2.126,5.041,47.6,110,47.84,28.6,,,,36,55,11.05,,,,,10.63,29.53,20.84,49.2,3.548,,,22,,,,8.89,,13.58,44,44,44,23.39,10.48,3.248,41.08,55,,55,,,,,,1.64,8.946,25.57,24.29,22.07,5.933,17.48,,,,,,,,,55,55,55,55,7.92,27.32,55,36.86,23.81,55,11.97,23.05,,,,,,9.741,10.9,22.18,55,42.04,20.03,55,1.402,1.222,37.95,19.72,14.13,8,,,,,4.61,3.23,1.97,2.13,1.14,8.436,22.54,44,20.4,9.174,3.821,,,,31.99,,,,,,,,,9.2,15.8,9.68,12.15,12.96,10.09,,,,5.776,0.2473,,,,16.39,1.918,4.357,6.245,55,,,14.66,0.5992,0.9578,0.876,7.474,55,,8.07,,55,,0.3648,0.2435,15.05,0.7989,14.27,7.18,18.68,31.36,14.32,,,15.37,33.44,,,,,,,,,922.8,619.6
51652-47-2,(Z)-5-Decen-1-ol / Z5-10:OH,,10.49,,0.84,1.08,,,,,2.79,22,7.25,33,3.99,0.96,10.7,12.31,9.322,7.575,,,11.45,55,52.54,55,43.78,41.75,25.92,0.6446,18.43,55,4.537,2.754,14.1,2.9,16.82,14.44,17.07,4.047,0.614,,,,,0.776,,,19.79,22.67,23.76,6.479,12.85,21.45,18.83,,,12.44,,,,,33,24.94,33,55,,,,,,,,,,,,13.2,4.253,2.059,,,,,,,,,,,,,,,,,,,,,0.3083,,0.05288,,,6.84,,,69.78,,,,43.08,13.18,121.6,25.03,3.92,1.3,2.5,3.63,1.56,3.6,,0.4517,,,,19.3,110,67.67,,,24.6,,3.07,,,1.82,1.246,2.012,9.614,9.572,1.395,2.104,2.392,4.813,4.293,2.721,10.12,55,13.32,0.2886,22,22,22,22,22,22,22,22,6.462,22,22,22,3.261,6.687,2.596,0.5645,3.08,10.5,4.043,1.537,10.84,0.4474,0.5322,6.6,,5.8,2.024,22.58,3.661,11.26,1.107,15.72,8.483,16.35,9.823,8.369,0.4638,0.3389,18.96,55,27.21,33,33,24.08,33,,,,,7,4.6,,,5.13,15.02,19,38.41,20.37,44,44,15.34,,,,,10.63,3.855,5.617,2.136,,,0.101,1.454,32.45,,0.7653,24.27,72.05,46.67,11.35,5,15.48,2.997,11.68,4.225,3.414,2.72,72.98,6.512,18.41,13.65,4.603,5.383,3.747,3.297,9.543,9.547,1.693,2.146,16.21,113.1,0.9396,13.04,4.766,,55,44.92,0.7852,0.5638,1.305,0.589,0.4228,1.348,1.221,0.6245,0.9308,46.72,36.54,41.31,32.89,,,,54.39,55,9.869,,,,,10.7,35.2,23.86,55,4.445,,,1.485,1.658,22,1.62,13.55,,8.098,44,44,44,16.59,6.278,4.579,41.08,55,,55,,,,,,1.64,5.736,66.54,47.17,12.69,8.089,17.26,,110,,,17.96,,49.55,,55,16.75,22.55,55,8.2,30.8,55,39.5,27,55,13,5.59,,,,,,12.38,8.114,13.81,29.08,55,17.09,55,0.3592,0.1168,39.24,18.62,15.52,3.316,,,,,4.61,3.878,1.97,2.13,1.14,3.447,22.2,1.051,9.928,4.401,2.312,,,,23.27,0.2294,281.6,4.917,20.5,12.34,23.28,188.6,7.8,9.2,15.8,10.5,11.59,14.17,7.635,27.5,0.71,5.16,1.916,0.1983,,5.03,8.8,16.39,0.2715,1.012,1.92,55,12.89,,27.3,0.6057,0.774,0.9036,7.559,55,,7.083,,55,,0.3851,0.2291,23.6,0.6758,5.025,3.987,22.27,32.16,17.11,,,17.06,28.02,3.532,48.24,2.15,2.83,3.45,11,5.68,11,195,37.22
31502-14-4,Trans-2-nonen-1-ol,,10.4,,0.84,0.7281,,,,,2.888,10,7.25,33,3.99,0.96,10.7,12.36,9.379,7.191,,,11.81,55,52.64,55,41.38,45.52,32.83,0.4489,55,55,3.543,1.847,7.737,1.706,7.945,7.676,8.485,5.195,1.041,,,,,1.272,,,24.66,29.43,28.24,5.689,22.31,13.78,8.659,18.86,,12.21,,,,,25.37,26.37,33,55,,,,,,,,,,,15.74,20.81,12.9,6.609,,,,,,,,,,,,,,,,,,1.6,,,0.302,,0.05087,,,6.84,,,69.78,,,,41.88,10.42,101.3,22.31,3.92,1.3,2.5,3.63,1.56,3.6,,0.4074,,33,33,16.22,110,60.19,,,,,3.07,,,1.386,0.8919,1.387,9.807,10.1,1.43,2.131,2.424,4.596,4.332,2.621,23.01,55,10.13,0.5541,22,22,22,22,11.87,22,12.9,22,5.163,7.779,5.648,15.72,3.168,6.3,2.188,0.4665,2.668,10.55,4.792,1.494,8.352,0.4022,0.4546,6.6,,5.501,2.08,22.68,3.715,11.31,1.119,14.76,8.757,16.11,10.09,8.784,0.5323,0.3793,18.5,55,26.34,33,33,22.84,33,,,,,7,4.6,,,4.482,13.4,15.55,37.53,16.08,44,44,10.76,,,,,10.63,3.812,5.889,1.922,,,0.08763,1.433,26.64,,0.7846,23.79,71.61,46.5,14,26.4,15.3,2.828,11.05,3.994,5.145,4.531,77.81,8.564,16.93,7.146,6.762,8.003,4.798,5.294,13.13,9.399,1.7,2.16,16.4,58.93,0.9639,16.43,3.228,,48.69,38.58,0.7933,0.5441,1.416,0.6185,0.4234,1.123,1.304,0.7181,1.024,47.6,38.57,41.12,55.55,,,,66.1,55,9.328,,,,,6.732,35.2,35.98,55,4.821,,,8.253,1.658,22,1.62,22,11.17,8.339,44,44,44,16.8,9.25,5.837,41.08,55,,55,,,,,,1.64,5.56,66.54,47.17,12.69,10.73,16.94,,110,,,17.11,,31.73,110,28.48,32.22,33.71,55,8.2,30.8,55,39.5,27,55,13,7.582,,,,,,11.02,6.38,12.52,25.69,55,21.28,55,0.3297,0.1247,45.99,24.67,26.28,2.744,,3.136,,,4.61,2.795,1.97,2.13,1.14,2.078,4.052,0.5712,9.361,4.86,2.41,,,,23.81,0.2283,281.6,4.937,20.53,12.4,23.46,188.2,7.8,9.2,15.8,10.91,11.53,14.75,7.574,27.5,0.71,5.16,1.996,0.3098,12.59,2.97,8.8,16.39,0.3969,1.333,2.369,5.969,12.89,,55,0.6483,0.9817,0.6994,8.029,55,,12.39,,11.13,,0.363,0.2386,55,0.609,5.506,4.014,17.02,24.32,16.72,,,15.67,25.66,3.102,42.02,2.15,2.83,3.45,11,5.68,11,195,37.22
119072-10-5,"1,Z3,Z6-9S,10R-epoxy-21Hy / (Z,Z)-1,3,6-cis-9,10-Epoxyheneicosatriene / TEEP",,,,,,,,,,,,,,,,,,,,,,,,,,,,,,,,,,,,,,,,,,,,,,,,,,,,,,,,,,,,,,,,,,,,,,,,,,,,,,,,,,,,,,,,,,,,,,,,,,,,,,,,,,,,,,,,,,,,,,,,,,,,,,,,,,,,,,,,,,,,,,,,,,,,,,,,,,,,,,,,,,,,,,,,,,,,,,,,,,,,,,,,,,,,,,,,,,,,,,,,,,,,,,,,,,,,,,,,,,,,,,,,,,,1.21,172.6,,,,,,,,,,,,,,,,,,,,,,,,,,,,,,,,,,,,,4.4,0.27,1.73,,,,,,,,,,,,,,,,,,,,2.12,2.48,,,,,,,,,,,,,,,,,,,,,,,,,,,,,,,,,,,,,,,,,,,,,,,,,,,,,,,,,,,,,,,,,,,,,,,,,,,,,,,,,,,,,,,,,,,,,,,,,,,,,,,,,,,,,,,,,,,,,,,,,,,,,,,,,,,,,,,,,,,,,,,,,,,,,
469-61-4,(-) -a-cedrene,,5.6,,,,,,,,,22,,,,,,,,,,,,,,,,,,0.4,1.4,33.8,2,20,,,,,,22,22,,,,,6.45,,,31.71,30.62,27.19,33,19.05,16.25,21.15,,,,,,,,16.62,55,33,21.83,,,,,,,,,,,,44,77,18.48,,,,,,,,,,,,,,,,,,,,,,,,,,,,,,,,,55,40.82,1100,29.1,,,,,,,,,,,,110,110,110,,,21.91,,,,,,,,,,,,,12.07,8.981,3.248,15.5,55,22.24,2.134,22,22,22,22,11.49,22,22,22,22,17.72,5.151,22,11,11,11,11,11,11,,4.73,28.07,16.2,11.41,,,,,,,,,15.2,33,16.35,9.22,20.15,11.68,6.25,22,27.7,33,33,19.85,22.71,19.37,,,,,,,1.64,81.39,5.05,5.28,,,,,,,18.61,16.85,29.04,35.68,,,,,,,,,,,,,,,,26.4,,,,,14.85,42.64,122.1,,,11.91,12.18,,38.9,38.5,6.26,38.5,,2.02,,,,,,,,,,,,,,,22,4.9,7.53,,110,110,,,,,,,,,,,,16.8,35.2,22.41,55,,,,,,,,,,,,,,,,27.38,,55,23.97,18.67,3.29,17.75,21.1,13.29,31.29,,15.48,,,,26.6,,,,21.15,,14.72,,,,55,8.47,55,55,7,34.6,55,55,15,55,22.4,5.78,,,,,,10.65,,,24.95,27.8,11.94,55,,,,,,,,,,,,,,,,3.53,,,28.33,471.6,7.39,,,,26.6,,,,,,,,,9.7,16.5,,,,33.73,,,,,,,,,,,,,4.453,,,55,,,,,,,,,,,25.94,3.12,,,6.44,6.17,,,,19.4,13.52,,,,,,,,,,,,
15186-51-3,Rosefuran,,,,,,,,,,,,,,,,,,,,,,,,,,,,,,,,,,,,,,,,,,,,,,,,,,,,,,,,,,,,,,,,,,,,,,,,,,,,,,,,,,,,,,,,,,,,,,,,,,,,,,,,,,,,,,,,,,,,,,,,,,,,,,,,,,,,,,,,,,,,,,,,,,,,,,,,,,,,,,,,,,,,,,,,,,,,,,,,,,,,,,,,,,,,,,,,,,,,,,,,,,,,,,,,,,,,,,,,,,,,,,,,,,,,,,,,,,,,,,,,,,,,,,,,,,,,,,,,,,,,,,,,,,,,,,,,,,,,,,,,,,,,,,,,,,,,,,,,,,,,,,,,,,,,,,,,,,,,,,,,,,,,,,,,,,,,,,,,,,,,,,,,,,,,,,,,,,,,,,,,,,,,,,,,,,,,,,,,,,,,,,,,,,,,,,,,,,,,,,,,,,,,,,,,,,,,,,,,,,,,,,,,,,,,,,,,,,,,62.36,66.35
475-20-7,(+)-Longifolene,,55,,,,,,,,,,,,,,,,,,,,,,,,,,,,,,,,,,,,,,,,,,,,,,,,,,,,,,,,,,,,,,,,,,,,,,,,,,,,,,,,,,,,,,,,,,,,,,,,,,,,,,,,,,,,,,,16.09,91.75,21.14,,,,,,,,,,,,,,,,,,,,,,,,,,,,,,,,,,,,,,,,,,,,,,,,,,,,,,,,,,,,,,,,,,,,,,,,,,,,,,,,,,,,,,,,,,,,,,,,,,1100,1100,478.5,1100,,,,,,,,,,,,,,,,,,,,,,,,,,,,,,,,,,,,,,,,,,,,,,,,,,,,,,,,,,,,,,,,,,,,,,,,,,,,,,,,,,,,,,,,,,,,13.65,12.45,14.91,,,,,,,,,,,,,,,,,,,,,,,,,,,,,,,,,11.44,,,,,,,,,,,,,,,,,,,,,,,,,,,,,,,,,,,,,,,,,,,,,,,,,,,,,,,,,,,,,,,,,,,,,,,,,,,,,,,,,,,57.79,136.2,,,,,,,,,116.8,385
18431-82-8,beta-chamigrene,,12.17,,,,,,,,,22,,,,,,,,,,,,,,,,,,,,,,,13.4,4.5,,,,22,22,,,,,22,,,9.187,55,9.087,1.308,33,33,2.479,,,,44,,,,33,,33,13.84,,,,2.43,3.52,33,2.24,4.19,2.2,33,,,,,,,,,,,,,,,,,,,,,,,,,,,,,,,,,,,,,,26.77,507.6,38.52,1.61,2.05,2.314,,2.019,,,,,,,110,110,110,,,,,,,,,,,,,,,,8.187,8.54,12.96,15.12,55,15.64,2.474,2.54,22,22,22,22,22,22,22,,22,1.4,22,11,11,11,11,11,11,,3.88,8.67,3.58,3.78,,,,,,,,,33,33,,,,,,,,,,,,,4.3,,,6.3,,,,41.3,8.31,7.27,9.32,39.85,11.61,44,44,2.54,144.7,1100,139.7,1100,,,,,,,,,,15.55,,,,,,,,,,,,,,,,38.5,,,,38.5,,38.5,,,,57.75,,,,,,,,,,,,,,,,,,,34.41,,,,110,,,,,,,,,55,55,391.1,,,,,,,,,,,,,,55,,,55,30.8,4.15,16.13,33.48,16.37,16.34,7.45,,6.53,41.41,41.95,66.16,19.06,,,,,,4.28,,15.59,,55,55,55,55,9.4,55,24.4,55,0.9,55,9.7,13.6,,,,,,6.595,10.33,15.84,55,25.9,26.7,55,,,,,,,,,,,,,,,,,,,,20.91,2.42,,,,,,,,,,,,,,,,,,46.58,,,,,,2.76,,,,,,,,2.16,,55,,,,,,,,,,,,,55,,,,,,,,27.19,,,,,,,,,,,,
498-15-7,(+)‐3‐carene,,25.5,,,,,,,,9.79,22,,,,,,,,,,,,,,,,,,,,,,,,,,,,22,22,,,,,6.45,,,31.71,30.62,27.19,33,19.05,16.25,37.06,,,,,,,,16.62,55,33,21.83,,,,,,,,,,,,44,77,18.48,,,,,,,,,,,,,,,,,,,,,,,,,,,,,,,,,55,47.53,358.9,37.23,,,,,,,,,,,,110,110,110,,,,,,14.07,,,,,,,,,,22,8.9,22,,,,11.52,22,22,22,22,22,22,22,22,22,16.89,22,22,11,11,11,11,11,11,,4.73,28.07,16.2,11.41,,,,,,,,,15.2,33,,,,,,,55,,,,,,,,,,,,1.822,59.55,5.05,5.28,,,,,,,10.99,30.38,43.99,81.43,,,,,,,,,,,,,,,,26.4,,,,,14.85,42.64,122.1,,,11.91,12.18,,38.9,38.5,6.26,38.5,,2.02,,,,,,,,,,,,,,,,,,,110,110,,,,,,,,,,,,16.8,35.2,22.41,55,,,,,,,,,,,,,,,,27.38,,55,23.97,18.67,28.64,30.82,19.24,21.35,4.986,,15.48,,,,26.6,,,,21.15,,15.31,,30.49,110,55,8.47,55,55,7,34.6,55,55,15,55,22.4,14.21,,,,,,10.62,25.96,26.98,31.1,55,11.5,55,,,,,,,,,,,,,,,,3.53,,,,471.6,7.39,,,,26.6,,,,,,,,,9.7,16.5,,,,10.76,,,,,,,,,,,,,2.54,,,55,,,,,,,,,,,,,,,7.858,3.49,23.14,31.29,,21.57,18.36,57.79,136.2,,,,,,,,,116.8,385
1461-03-6,β‐Himachalane,,,,,,,,,,,,,,,,,,,,,,,,,,,,,,,,,,,,,,,,,,,,,,,,,,,,,,,,,,,,,,,,,,,,,,,,,,,,,,,,,,,,,,,,,,,,,,,,,,,,,,,,,,,,,,,,,,,,,,,,,,,,,,,,,,,,,,,,,1.13,0.77,,,,,,,,,,,,,,22,22,22,22,22,22,22,22,,22,22,22,,,,,,,,,,,,,,,,,,,,,,,,,,,,,,,,,,,,,,,,,,,,,,,,,,,,,,,,,,,,,,,,,,,,,,,,,,,,,,,,,,,,,,,,,,,,,,,,,,,,,,,,,,,,,,,,,,,,,,,,,,,,,,,,,,,,,,,,,,,,55,,,,,,,,,,,,,,,,,,,,,,,,,,,,,,,,,,,,,,,,,,,,,,55,,,,,,,,,,,,,,,,4.6,,,35.61,,,,,,,,,,,,,,,,,,,,,,,,,,,,,,,,,,,,55,,,,,,,,,,,,,,,,,,,,,,,,,,,,,,,,41.89,219.9
25246-27-9,(−)‐Alloaromadendrene,,12.18,,,,,,,,,22,,,,,,,,,,,,,,,,,,,,,,,13.4,4.5,,,,22,22,,,,,22,,,6.158,15.11,10.07,1.468,33,20.91,2.855,,,,,,,,33,17.75,33,13.84,,,,2.43,3.52,33,2.24,4.19,2.2,33,,44,,,,,,,,,,,,,,,,,,,,,,,,,,,,,,,,,,,42.66,,,,1.61,,2.29,,2.07,,,,,,,110,110,110,,,,,,,,,,,,,,,,7.97,22,12.77,14.7,55,15.64,2.32,2.55,22,22,22,22,22,22,22,22,22,1.119,22,11,11,11,11,11,11,,3.881,8.677,3.588,3.786,,,,,,,,,33,33,,,,,,,,,,,,,4.3,,,6.5,,,3.8,64.82,8.31,7.27,9.32,39.85,11.61,44,44,2.54,23.09,28.33,24.59,19.18,,,,,,,,,,,,,,,,,,,,,,,,,,38.5,,,,38.5,,38.5,,,,,,,,,,,,,,,,,,,,,110,110,,,,,,,,,,,,,,55,55,391.1,,,,,,,,,,,,,,55,,,55,22.27,4.163,4.23,15.89,15.21,15.41,9.936,,6.536,41.41,41.95,66.16,14.66,,,,,,,,30.29,,55,55,55,55,9.401,14.87,24.43,55,0.9055,55,9.714,,,,,,,4.62,,,55,25.9,26.7,55,,35.2,,,,,,,,,,,,,,,,,15.75,20.91,2.42,,,,,,,,,,,,,,,,,,33.23,,,,,,2.76,,,,,,,2.8,2.16,,55,,,,,,,,,,,,,55,,,,,,,15.57,14.49,,,,,,,,,,,9.71,74.96
72561-88-7,"3Z,6Z,9Z-Octadecatriene / Z3Z6Z9-18:Hy",,11.51,,0.84,1.08,,,,,2.79,9.848,7.25,33,3.99,0.96,10.7,12.36,9.377,7.045,,,12.21,40.76,52.25,55,55,31.47,18.71,0.308,16.06,55,1.678,2.62,3.036,1.414,4.319,4.396,5.465,22,22,,,,,11.82,,,27.8,32.31,31.03,6.489,14.7,14.37,8.01,21.53,,12.17,,,,,25.23,33.72,33,55,,,,,,,,,,,,18.75,12.9,6.609,,,,,,,,,,,,,,,,,,,,,0.327,,0.05898,,,6.84,,,69.78,,,,47.55,8.427,89.77,26.96,3.92,1.3,2.5,3.63,1.56,3.6,,0.4274,,,,11.42,110,53.89,,,,,3.07,,,1.344,1.089,1.155,9.926,9.775,1.411,2.116,2.407,6.407,5.976,3.035,12.52,55,9.705,0.4303,22,22,22,22,7.004,22,10.94,7.567,6.1,7.098,2.643,15.15,3.168,6.3,2.188,0.4665,2.668,10.55,4.623,1.494,8.352,0.4035,0.456,6.6,,5.8,2.404,23.18,3.976,11.78,1.225,33,7.803,15.84,9.501,8.525,0.5028,0.3548,18.45,55,26.26,33,33,22.72,33,,2.47,,,5.93,4.548,,,3.884,12.69,15.21,35.93,22.38,44,44,11.61,,,,,10.63,3.731,6.003,2.114,,,0.08544,1.454,21.38,,1.21,172.6,71.56,48.83,19.12,26.4,14.47,2.289,9.223,3.275,6.805,16.64,82.22,9.243,16.46,6.604,7.598,14.38,6.137,7.498,8.437,10.87,1.671,2.852,17.29,,0.9595,16.42,3.228,,55,35.48,0.7945,0.554,1.514,0.5013,0.5335,1.383,0.6893,0.3613,0.44,47.07,41.76,42.01,33.57,,,,51.2,55,12.46,,,,,30,29.5,33.4,55,4.484,,,8.95,1.658,22,1.62,22,,9.163,44,44,44,17.75,10.76,5.121,,55,,55,,,,,,1.64,5.543,32.38,28.62,11.61,10.73,17.31,,110,,,17.96,,65.65,,28.48,32.22,33.71,55,8.055,28.96,55,35.14,21.82,55,12.46,6.079,,,,,,19.33,13.06,11.92,25.11,55,27.34,55,0.3263,0.1866,44.88,23.45,24.34,2.87,,,,,4.61,2.567,1.97,2.13,1.14,4.955,22.33,1.016,8.295,4.92,2.354,,,,22.16,0.243,281.6,4.706,20.17,11.81,21.47,192.9,7.8,9.2,15.8,9.619,10.36,11.89,6.499,27.5,0.71,5.16,2.671,0.373,,5.03,7.702,4.536,0.5045,1.585,2.895,55,12.89,,55,0.7669,1.013,0.7383,8.232,55,,8.07,,55,,0.3776,0.2757,22.98,0.7104,6.254,5.188,18.72,31.37,14.35,,,16.81,52.24,3.124,48.24,2.15,2.83,3.45,11,5.68,11,195,37.22
30560-19-1,Acephate,,,,,,,,,,,,,,,,,,,,,,,,,,,,,,,,,,,,,,,,,,,,,,5.08,8.87,,,,,,,,,,,,,,,,,,,,,,,,,,,,,,,,,,,,,,,,,,,,,,,,,,,,,,,,,,,,,,,,,,,,,,,,,,,,,,,,,,,,,,,,,,,,,,,,,,,,,,,,,,,,,,,,,,,,,,,,,,,,,,,,,,,,,,,,,,,,,,,,,,,,,,,,,,,,,,,,,,,,,,,,,,,,,,,,,,,,,,,,,,,,,,,,,,,,,,,,,,,,,,,,,,,,,,,,,,,,,,,,,,,,,,,,,,,,,,,,,,,,,,,,,,,,,,,,,,,,,,,,,,,,,,,,,,,,,,,,,,,,,,,,,,,,,,,,,,,,,,,,,,,,,,,,,,,,,,,,,,,,,,,,,,,,,,,,,,,,,,,,,,,,,,,,,,,,,,,,,,,,,,,,,,,,,,,,,,,,,,,,,,,,,,
18598-74-8,L-isoleucine methyl ester hydrochloride,,,,,,,,,,,,,,,,,,,,,,,,,,,,,,,,,,,,,,,,,,,,,,,,,,,,,,55,,,,,,,,,,,,,,,,,,,,,,,24.4,,,,,,,,,,,,,,,,,,,,,,,,,,,,,,,,,,,,,,,,,,,,,,,,,,,,,,,,,5.47,,,,,,,,,,,,,,,,,,,,,,,,,,,,,,,,,,,,,,,,,,,,33,33,33,33,33,,,,,,,,,,,,,,,,,,,,,,,,,,,,,,,,,,,,,,,,,,,,,,,,,,26.4,,,,,,,,,,,,,,,,,,,,,,12.76,,,,,,,,,,,,,,,,,52.85,,,,76.83,,,,,,,10.6,35.2,,,,,,,,,,,,,,,,,,,,,,,,,,,,,,,,,,,,,,,,,,,,,,,,,,,,,,,,,,,,,,,,,,,,,,,,,,,,,,,,,,,,,,,,,,,,,,,,,,,,,,,,,,,,,,,,,,,,,,,,,,,,,,,,,,,,,,55,,,,,,,,,,,,,,,,,,,,
1401-55-4,Tannic acid,,,,,,,,,,,0.76,,,,,,,,,,,,,,,,,,,,,,,,,,,,,,,,,,,,,,,,,,,,,,,,,,,,,,,,,,,,,,,,,6.03,,,,,,,,,,,,,,,,,,,,,,,,,,,,,,,,,,,,,,,,,,,,,,,,,,,,,,,,,,,,,,,,,,,,,,,,,,,,,,,,,,,,,,,,,,,,,,,,,,,,,,,,,,,,,,,,,,,,,,,,,,,,,,,,,,,,,,,,,,,,,,,,,,,,,,,,,,,,,,,,,,,,,,,,,,,,,,,,,,,,,,,,,,,,,,,,,,,,,,,,,,,,,,,,,,,,,,,,,,,,,,,,,,,,,,,,,,,,,,,,,,,,,,,,,,,,,,,,,,,,,,,,,,,,,,,,,,,,,,,,,,,,,,,,,,,,,,,,,,,,,,,,,,,,,,,,,,,,,,,,,,,,,,,,,,,,,,,,,,,,,,,,,,,,,,,,,,,,,,,,,
142-62-1,hexanoic acid  / caproic acid,,11.61,,0.84,3.114,,312.7,47.69,31.35,3.812,22,4.862,2.392,1.353,0.7046,2.325,16.3,13.1,3.987,7.3,1.524,11.66,55,30.91,55,55,55,31.88,55,55,55,55,1.399,6.79,1.241,33,33,33,22,22,,,,,22,,,29.9,29.96,29.39,3.802,12.34,21.19,55,9.529,65.92,11.4,21.91,,,,33,21.51,33,55,,,33.05,,,,,,,,15.98,13.04,54.5,24.29,,,,,,,,,,,,,,,,,,0.4286,,,0.2903,,0.04728,,,5.785,,,71.22,,,,55,4.321,66.01,4.64,3.92,1.3,2.5,3.63,1.56,3.6,,0.7113,2.88,33,33,18.23,110,70.87,,,,,2.85,,,0.8706,6.469,8.195,9.807,10.1,2.88,3.07,3.53,6.928,10.76,22,7.618,35.13,6.007,26.06,15.73,22,22,22,2.231,22,3.269,2.296,2.732,3.142,1.011,11.13,4.776,11,11,1.521,11,11,4.77,2.691,25.21,4.864,4.23,6.6,,5.8,5.76,1.107,3.151,15.41,33,33,33,23.52,24.78,33,8.733,13.61,22,55,18.5,33,33,33,33,,,,,7,4.6,,,5.493,13.22,14.71,41.14,11.23,44,44,8.451,,,,,10.63,,7.26,2.24,,,0.0881,1.217,55,,1.38,28.07,74.79,48.83,13.09,26.4,15.5,2.975,11.6,4.2,8.421,7.319,75.08,20.17,31.02,14.81,11.98,5.986,15.48,13.69,33.62,16.04,2.25,4.292,16.5,56.14,,11.95,3.97,2.575,48.64,34.78,2.14,2.42,1.6,0.7864,0.7577,6.627,1.046,0.542,0.9174,50,41.05,50.81,33.49,28.1,24.2,44,80.17,55,10.82,,,,,5.2,35.2,39.54,42.2,4.766,3.81,2.5,5.377,1.658,22,1.62,9.614,11.17,7.73,44,44,44,16.42,5.691,23.6,,55,,55,,,,,,,17.65,,,,11.62,18.42,,110,,,19.13,,30.14,110,30.18,19.02,55,55,4,13.2,55,55,9.3,55,2,5.226,12.81,8.208,24.33,26.24,7.398,5.048,5.72,12.34,11.41,30.49,6.023,55,0.34,35.2,38.81,22.91,16,3,,3.3,,,,,,,,1.514,1.751,0.5535,8.884,,5.884,9.518,8.6,3.1,21.05,,,,,,,,,,,11.55,10.58,17.5,6.386,,,,22,4.438,12.59,2.031,8.8,,1.029,3.123,11.2,2.829,12.89,8.49,55,1.754,0.9519,2.631,6.263,55,,55,,3.673,,0.7104,0.5403,55,1.588,10.59,5.414,16.53,27.57,20.17,,,23.93,189.5,5.386,39.41,,,,,,,156.6,34.18
334-48-5,decanoic acid,,12.25,,0.84,2.616,,312.7,47.69,31.35,3.781,22,4.97,2.469,1.512,0.7871,2.547,12.78,10.04,4.287,7.3,1.753,11.66,55,30.88,55,55,55,31.85,55,55,55,55,5,6.924,1.264,33,33,33,22,22,,,,,12.39,,,43.23,41.82,36.91,3.435,12.84,21.66,44.46,9.376,60.99,11.45,21.38,,,,33,21.74,33,55,,,32.85,,,,,,,,15.76,13.7,57.29,26.47,,,,,,,,,,,,,,,,,,0.4968,,,0.2711,,0.04163,,,5.809,12.7,,69.66,,,,55,4.403,67.68,6.233,3.92,1.3,2.5,3.63,1.56,3.6,,0.7002,2.88,33,33,110,110,110,,,,,2.85,,,0.9143,3.29,3.258,9.807,10.1,2.88,3.07,3.53,6.627,11.14,22,8.255,37.3,6.485,25.7,15.53,22,22,22,2.035,22,3.007,1.969,2.839,2.885,0.8976,10.81,4.938,11,11,1.479,11,11,4.671,3.017,23.14,4.754,4.201,6.6,,5.665,2.647,1.17,2.995,10.9,5.313,33,9.279,17.66,22.83,33,8.718,13.6,18.86,55,17.87,33,33,22.15,33,,,,,7,4.6,,,5.439,13.29,14.68,40.97,11.3,44,44,8.455,,,,,10.63,,7.26,2.24,,,0.0882,1.303,39.82,,0.7472,27.64,73.46,48.83,13.09,26.4,15.29,2.81,10.99,3.971,6.933,6.509,73.66,21.34,31.2,19.96,7.389,5.643,15.22,12.83,34.05,15.93,2.25,3.608,16.5,55.38,1.26,11.95,3.97,2.63,48.05,34.64,0.922,0.6538,1.331,0.7864,0.7577,6.627,1.047,0.5385,0.919,48.6,40.82,49.23,34.03,28.1,24.2,44,78.95,55,10.9,,,,,5.2,35.2,23.01,41.96,4.846,3.81,2.5,2.194,1.658,22,1.62,11.49,11.17,7.73,44,44,44,16.42,6.385,23.6,,55,,55,,,,,,,18.45,66.54,47.17,12.69,11.06,18.45,,110,,,18.64,,29.91,110,29.4,17.19,55,55,4,13.2,55,55,9.3,55,2,5.689,13.49,7.672,25.22,26.11,6.95,4.901,6.067,12.08,11.46,30.29,5.969,55,0.3147,1.32,43.55,28.42,23.72,2.956,,3.3,,,,,,,,1.26,1.717,0.5288,9.49,9.21,3.594,9.211,8.6,3.1,22.14,0.21,281.6,18.92,33.91,48.29,281.6,182.2,7.8,,,11.65,10.77,17.5,6.713,,,,22,4.438,12.59,2.059,8.8,,1.029,3.123,11.2,2.791,12.89,8.49,55,1.749,0.7815,1.824,7.304,55,,55,,3.714,,0.4745,0.5427,55,1.588,8.257,5.525,16.27,27.36,22.39,,,23.93,189.5,5.093,39.4,,,,11,5.68,11,162.4,30.91
603-79-2,"2,3-Dimethylbenzoic acid",2.64,,150.3,9.15,51.85,64.18,39.41,8.29,50.58,6.83,22,,,,,,,,,,13.7,,55,55,55,55,28.4,55,,,,,,33,33,,,,,,,,,,,,,9.169,13.9,12.39,8.331,9.806,33,55,,,22,26,,,,18.65,55,33,40.3,,,28.26,,,,,,,,,,,,,,,,,,,,,,,,,,,,,,,,,,,,,,,,,,,,,,,,,,,,,,,,2.52,,,60.58,110,110,,,,,,17.78,,,,,,,,,,,,,,,,,22,14.1,12.79,6.436,22,22,22,22,22,22,22,22,,,,,,,,,,,,,,,,,,,,,,15.14,17.28,24.85,22,22,22,30.48,33,33,33,33,33,,,,,,,,63.7,7.01,16.04,27.53,44,10.99,44,44,11.25,,,,,,,,,,,,,12.53,,,,32.49,,,26.4,,,,,45.77,77.31,73.07,,,9.81,18.79,,37.29,38.5,38.38,20.25,,7.55,,,,77.16,,,55,48.1,,,,,,,,,,,21.28,110,28.64,,,,17.3,,,,,,,,,23.84,55,29.5,,,22,,,,5.03,,,,,,,10.76,,14.67,55,,,,,,,,,,,,,,39.22,,,10.8,,,,,,,,,,,,,,,,,,18.05,26.24,23.75,24.71,27.9,,,,32.41,27.06,23.79,55,,,39.32,38.01,31.63,,,,,,,,,,,,,,4.294,11.46,4.714,,,,26.17,,,,,,,,,11,13.5,,,,11.52,,,,,,9.89,,8.03,,,,,55,,9.52,55,,,,,,,,,,,,,55,,16.43,9.62,23.21,20.13,31.74,,,,,,,,,,,,,170.3,78.69
119515-38-7,picaridin / (butan-2-yl 2-(2-hydroxyethyl)piperidine-1-carboxylate),,,,,,,,,,,,,,,,,,,,,,,,,,,,,,,,,,,,,,,,,,,,,,,,,,,,,,,,,,,,,,,,,,,,,,,,,,,,,,,,,,,,,,,,,,,,,,,,,,,,,,,,,,,,,,,,,,,,,,,,,,,,,,,,,,,,,,,,,,,,,,,,,,,,,,,,,,,,,,,,,,,,,,,,,,,,,,,6.4,,5.6,,,,,,,,,,,,,,,,,,,,,,,,,,,,,,,,,,,,,,,,,,,,,,,,,,,,,,,,,,,,,,,,,,,,,,,,,,,,,,,,,,,,,,,,,,,,,,,,,,,,,,,,,,,,,,,,,,,,,,,,,,,,,,,,,,,,,,,,,,,,,,,,,,,,,,,,,,,,,,,,,,,,,,,,,,,,,,,,,,,,,,,,,,,,,,,,,,,,,,,,,,,,,,,,,,,,,,,,,,,,,,,,,,,,,,,,,,,,,,,,,,,,,,,,,,,,,,,,,,,,
147859-80-1,L-trans-epoxysuccinyl-isoleucyl-proline methyl ester propylamide,,,,,,,,,,,,,,,,,,,,,,,,,,,,,,,,,,,,,,,,,,,,,,,,,,,,,,,,,,,,,,,,,,,,,,,,,,,,,,,,,,,,,,,,,,,,,,,,,,,,,,,,,,,,,,,,,,,,,,,,,,,,,,,,,,,,,,,,,,,,,,,,,,,,,,,,,,,,,,,,,,,,,,,,,,,,,,,,,,,,,,,,,,,,,,,,,,,,,,,,,,,,,,,,,,,,,,,,,,,,,,,,,,,,,,,,,,,,,,,,,,,,,,,,,,,,,,,,,,,,,,,,,,,,,,,,,,,,,,,,,,,,,,,2.84,3.42,,,,,,,,,,,,,,,,,,,,,,,,,,,,,,,,,,,,,,,,,,,,,,,,,,,,,,,,,,,,,,,,,,,,,,,,,,,,,,,,,,,,,,,,,,,,,,,,,,,,,,,,,,,,,,,,,,,,,,,,,,,,,,,,,,,,,,,,,,,,,,,,,,,,,
459-73-4,Glycine ethyl ester,,12.3,,,,,,,,3.82,22,,,,,,0.06,,,,13.7,,55,31.7,55,55,39.01,33.5,55,55,55,55,8,33,33,,,,,,,,,,,,,33.53,30.79,29.27,5.307,13.49,33,4.821,9.22,132.2,15.11,19.58,,,,33,55,33,55,,,29.25,,,,,,,,,23.38,46.61,18.57,,,,,,,,,,,,,,,,,,,,,,,,,,,,,91.25,,,,8.07,384.6,1100,42.35,,,,,,,,0.4278,,,,,,,,,,,2.799,,,,,,,,,,,,,,,,,,22,16.4,15.37,9.763,22,22,22,22,,22,22,22,,,,,,,,,,,,,,,15.15,33,12.36,33,33,24.53,11.34,33,33,33,22,22,22,,33,33,33,33,33,,,,,,,,,7.13,11.69,17.43,44,11.71,44,44,10.64,,,,,,,,,,9,,,,,,,47.93,,,26.4,,,,,25.99,48.49,,,,11.26,13.56,13.9,18.96,38.5,34.47,22.27,,,,,,10.13,3.3,,55,39.1,,,,,,,,,,,43.47,39.48,52.85,,,,110,,,,,,,,,,,,,,1.03,,,,15.52,,,,,,,,,,55,,,,,,,,,,,,,,32.87,,,,,,,,,7.285,4.651,11.73,,,,,,,,,7.67,12.52,29.67,23.96,28.86,24.23,20.13,,,55,55,27.9,55,,,,,,10,,7.5,,,,,,,,6.02,,,5.274,,,,,,,,,,,,,,,,,,,,,,,,,,,,,,,,,55,,,55,,,,,,,,,,,,,55,,5.026,4.888,22.44,28.59,20.14,,,,,,,,,,,,,,
624-13-5,Propyl octanoate,,12.09,,0.84,1.824,,312.7,47.69,31.35,3.349,17.21,5.501,2.506,3.72,3.09,4.295,16.3,13.1,4.17,14.9,1.235,11.68,55,30.09,55,55,55,31.08,55,55,55,55,1.622,8.33,2.212,0.381,0.2322,1.346,6.275,1.552,,,,,1.847,,,34.5,37.85,38.61,1.88,14.25,22.13,23.94,8.322,63.43,10.9,23.29,,,,33,34.49,33,55,,,32.29,,,,,,,,15.94,9.922,14.15,8.865,,,,,,,,,,,,,,,,,,0.3687,,,0.3552,,0.06879,,,5.593,12.23,,73.36,,,,55,4.293,65.16,6.024,,,,,,,,0.4652,,33,33,54.92,110,110,,,12.36,13.89,2.807,,,0.9164,2.366,2.155,9.807,10.1,2.88,3.07,3.53,6.394,7.346,8.756,8.097,36.76,6.367,2.154,16.79,22,22,22,2.481,22,4.328,2.368,2.607,4.699,0.9648,12.82,4.61,11,11,1.503,11,11,8.174,2.814,23.96,4.003,4.095,6.6,,5.8,33,3.44,5.88,33,33,33,33,8.834,21.54,33,10.16,22,17.7,40.11,19.24,33,33,13.51,33,,,,,7,4.6,,,5.354,11.94,14.95,40.25,11.13,44,44,8.792,,,,,10.63,6.55,7.354,2.3,,,0.08845,1.056,11.9,,0.7994,14.39,72.99,,13.3,26.4,15.6,2.604,10.26,3.726,20.78,13.64,73.48,19.58,13.91,12.67,11.44,9.832,15.19,38.5,32.92,17.07,2.25,1.232,17.28,55.31,,13.92,3.565,3.1,47.82,36.25,2.133,1.877,1.448,1.135,1.358,0.7539,1.303,0.7212,1.124,50.5,49.57,53.76,10.09,28.1,24.2,44,16.99,55,10.69,,,,,5.2,35.2,20.26,45.04,5.13,3.529,2.228,1.127,1.658,22,1.62,15.28,,7.73,44,44,44,16.42,6.461,23.29,,55,,55,,,,,,,21.85,,,,12.51,18.9,,110,,,18.9,,27.87,110,30.94,13.62,55,55,4,13.2,55,55,9.3,55,2,5.645,13.13,7.934,24.75,26.18,7.169,4.921,6.028,12.05,14.02,25.46,7.166,55,0.307,6.722,39.47,28.36,17.68,3,,3.3,,,4.24,4.12,2.85,9.19,6.64,1.36,3.087,1.109,8.305,9.21,2.794,9.274,8.6,3.1,29.22,0.21,281.6,18.92,33.91,48.29,281.6,182.2,,,,11.6,10.76,17.5,6.727,27.5,0.71,5.16,15.54,7.327,12.59,3.002,8.8,,1.075,4.288,7.368,2.654,12.89,8.49,55,0.5778,0.8284,13.2,6.811,55,,55,,5.82,,2.086,0.5515,55,3.733,5.124,3.999,21,24.97,18.21,,,23.93,189.5,3.506,39.63,,,,,,,160.6,31.71
85551-39-9,"MOP / (5R,6S)-6-acetoxy-5-hexadecanolide",,,,,,,,,,,22,,,,,,,,,,,,55,40.9,55,55,55,55,4.7,30.3,55,15.2,8,,,,,,,,,,,,,,,23.55,29.16,46.51,3.73,17.24,33,55,18.86,,22,,,,,33,,33,55,,,,,,,,,,,,32.18,12.1,9.529,,,,,,,,,,,,,,,,,,,,,,,,,,,,,,,,,,,,,,,,,,,,,,,,110,110,110,,,,,,,,,,,,,,,,,,,,,,,22,22,22,22,14.68,22,22,22,,7.937,7.353,22,,,,,,,,,,,,5.3,,7.2,14.83,33,33,33,33,,,,,,,,,37.4,,,,,,,,,,,,,,,,,,,,,,,,,,,,,,,,,,,,,,,,,26.4,,,,,27.5,81.58,95.09,,,,17.62,,25.4,,35.44,,,,,,,,3.9,,44.5,33.8,,,,,,,,,,53,,,,,,,,,,,,,,,,,,6.1,,,,,,,,,,,,,,,,,55,,,,,,,,,,,,,,,,,,,,,,110,55,55,55,,,,,,,,,,,,,,,,,,37.9,55,22,55,,35.2,,,,,,,,,,,,,,2.2,,,24.18,,,,,,,,,,,,,,,,,,,,,,,,,,,4.969,,,,,,,,,55,,1.76,13.2,13.2,,,,,,,,,,,7.55,3.34,18.85,21.63,31.31,,,,,,,,,,,,,,
112-39-0,"hexadecanoic acid, methyl ester  / methyl palmitate  / methyl hexadecanoate",,12.11,,0.84,1.632,,312.7,47.69,31.35,4.38,17.76,5.576,2.786,3.737,1.915,4.481,16.3,13.1,4.192,,5.2,11.68,55,30.2,55,55,55,31.1,55,55,55,55,1.476,10.06,2.255,33,33,33,22,22,,,,,22,,,42.42,40.75,36.22,2.532,13.04,23.01,40.75,8.682,62.6,11.01,20.87,,,,33,29.82,33,55,,,32.02,,,,,,,,15.82,10.41,14.07,8.81,,,,,,,,,,,,,,,,,,0.3676,,,0.3684,,0.07363,,,5.686,12.7,,70.99,,856.8,573.6,55,4.33,66.01,6.094,,,,,,,,0.4967,,33,33,46.27,110,110,,,,,2.808,,,0.9152,2.856,2.768,9.807,10.1,2.88,3.07,3.53,6.671,11.08,22,8.152,36.95,6.408,25.89,15.79,22,22,22,1.923,22,3.134,1.948,2.741,3.217,0.7572,11.23,3.782,7.523,3.763,0.7009,5.225,10.48,6.106,2.805,23.94,3.989,4.078,6.6,,5.8,5.634,1.072,3.095,15.14,33,33,33,8.834,21.54,33,10.28,22,17.7,43.92,19.24,33,33,13.51,33,,,,,7,4.6,,,5.245,12.39,14.9,40,11.5,44,44,8.839,,,,,10.63,,7.26,2.24,,,0.08637,1.285,55,,0.7743,28.07,73.15,,13.23,26.4,15.6,2.604,10.26,3.726,21.89,10.7,74.43,29.46,32.95,38.5,11.95,6.503,15.94,38.5,33.61,38.5,2.25,3.608,16.51,45.64,1.26,11.78,12.6,3.1,47.88,34.11,0.9794,0.7092,1.305,0.7864,0.7577,6.627,1.325,0.7349,1.145,48.79,110,110,34.12,28.1,24.2,44,78.86,55,10.76,,,,,5.2,35.2,20.15,45.1,4.956,3.81,2.5,22,1.658,22,1.62,22,,7.73,44,44,44,16.42,6.434,23.4,,55,,55,,,,,,,21.85,,,,12.51,18.43,,110,,,18.81,,28.21,110,29.44,19.21,55,55,3.632,11.79,55,55,7.611,55,1.394,5.66,13.33,7.782,25.01,26.14,7.042,4.914,6.041,12.06,13.62,24.61,7.092,55,0.3072,1.022,42.06,28.38,21.38,3,,3.3,,,,,,,,1.327,2.131,0.6469,8.734,9.21,3.241,9.9,8.6,3.1,29.27,0.21,281.6,18.92,33.91,48.29,281.6,182.2,,,,11.62,10.76,17.5,6.721,27.5,0.71,5.16,15.54,7.327,12.59,2.769,8.8,,0.9553,2.98,11.28,2.653,12.89,8.49,55,1.252,0.679,4.019,6.953,55,,55,,5.82,,0.8409,0.6159,55,2.281,5.339,4.095,20.65,24.66,20.02,,,23.93,189.5,3.506,39.62,,,,,,,161.2,31.42
628-97-7,"hexadecanoic acid, ethyl ester / Ethyl hexadecanoate",,12.17,,0.84,1.845,,312.7,47.69,31.35,3.82,17.68,4.828,2.358,1.724,1.38,2.819,0.06308,13.1,4.41,7.3,2.169,11.68,55,29.96,55,55,41.84,31.26,55,55,55,55,1.955,13.55,4.335,33,33,33,22,22,,,,,22,,,42.46,40.03,35.43,2.249,14.45,22.92,10.32,7.964,71.92,10.98,18.6,,,,33,35.77,33,55,,,30.64,,,,,,,,15.87,10.15,14.08,8.822,,,,,,,,,,,,,,,,,,0.3682,,,0.3613,,0.07104,,,5.624,12.18,,72.33,,,,6.895,4.43,63.66,6.368,,,,,,,,1.8,2.88,33,33,47.09,110,110,,,12.36,13.89,2.645,,,0.9156,2.586,2.437,9.807,10.1,2.88,3.07,3.53,6.683,11.07,22,8.123,36.85,6.387,25.95,16.58,22,22,22,2.446,22,4.138,2.435,2.669,4.356,0.9795,12.48,4.608,11,11,1.503,11,11,7.145,2.809,23.95,3.996,4.087,6.6,,5.8,5.643,1.074,3.099,15.16,33,23.84,10.24,8.834,21.54,33,10.22,22,17.7,43.92,19.24,33,33,13.51,33,,,,,7,4.6,,,5.576,11.36,15.09,40.77,10.64,44,44,8.758,,,,,10.63,,7.26,2.24,,,0.08779,1.05,14.16,,0.7868,14.94,73.07,,13.26,26.4,15.6,2.604,10.26,3.726,24.46,17.73,75.09,18.09,12.73,8.737,12.79,9.338,17.28,19.8,33.61,13.92,2.25,3.608,16.71,55.32,,10.73,3.485,2.79,48.69,34.58,2.133,1.879,1.449,1.003,1.079,1.749,1.313,0.7278,1.134,50.33,42.75,43,15.55,28.1,24.2,44,23.13,55,10.73,,,,,5.2,35.2,20.21,45.07,5.044,3.51,2.211,1.127,1.658,22,1.62,15.28,,7.73,44,44,44,16.42,6.448,23.34,,55,,55,,,,,,,21.85,,,,12.51,20.22,,110,,,18.85,,28.03,110,32.15,10.19,55,55,4,13.2,55,55,9.3,55,2,5.587,13.21,7.867,24.86,26.16,7.113,5.166,6.034,12.06,13.8,25.01,7.112,55,0.3071,6.736,40.71,28.36,19.4,2.904,3.7,2.976,13.6,5.5,,,,,,1.596,2.545,0.8203,7.437,9.21,3.002,9.245,8.6,3.1,29.24,0.21,281.6,18.92,33.91,48.29,281.6,182.2,,,,11.61,10.76,17.5,6.724,27.5,0.71,5.16,15.54,7.327,12.59,2.895,8.8,,0.9478,2.965,11.29,2.866,12.89,8.49,55,1.173,0.6584,4.577,6.84,55,,55,,5.82,,1.918,0.611,55,2.258,6.149,4.431,20.88,25.34,21.87,,,23.93,189.5,3.506,39.63,,,,,,,160.9,31.57
111-06-8,"hexadecanoic acid, butyl ester / Butyl palmitate",,12.09,,0.84,1.824,,312.7,47.69,31.35,3.349,17.29,5.077,2.404,3.652,5.035,4.373,16.3,13.1,3.976,14.9,1.304,11.68,55,30.09,55,55,55,31.08,55,55,55,55,1.622,9.327,2.664,0.4371,0.2643,0.8107,5.68,1.258,,,,,1.517,,,34.53,38.36,39.46,1.932,14.19,22.27,23.51,8.519,65.07,10.98,24.74,,,,33,34.88,33,55,,,32.76,,,,,,,,16.07,10.16,15.57,9.366,,,,,,,,,,,,,,,,,,0.3687,,,0.3552,,0.06879,,,5.586,12.3,,75.34,,,,55,4.293,65.16,6.024,,,,,,,,0.4652,,33,33,56.87,110,110,,,12.36,13.89,2.807,,,1.069,2.621,2.155,9.807,10.1,2.88,3.07,3.53,6.049,6.831,7.979,8.097,36.76,6.367,1.738,22,22,22,22,7.01,22,15.22,7.063,2.607,11.63,3.002,22,4.61,11,11,1.503,11,11,8.683,2.814,23.96,4.003,4.095,6.6,,5.8,5.669,1.035,3.075,14.52,33,33,33,8.834,21.54,33,10.16,22,17.7,36.6,19.24,33,33,13.51,33,,,,,7,4.6,,,5.354,11.94,14.95,40.25,11.13,44,44,8.792,,,,,10.63,6.55,7.364,2.311,,,0.08919,1.061,8.676,,0.7794,13.67,72.99,,13.6,26.4,15.6,2.604,10.26,3.726,19.87,15.19,74.24,19.58,13.91,11.84,11.04,10.5,14.59,38.5,32.97,17.52,2.25,1.114,17.41,55.31,,14.57,3.199,3.345,47.75,36.29,2.134,1.876,1.448,1.151,1.562,0.65,1.303,0.7212,1.124,50.67,49.57,53.76,9.185,28.1,24.2,44,10.79,55,10.69,,,,,5.2,35.2,20.26,45.04,5.203,3.81,2.5,1.127,1.658,22,1.62,15.28,,8.566,44,44,44,17.04,6.283,23.29,,55,,55,,,,,,,21.85,,,,12.51,18.24,,110,,,18.9,,27.87,110,32.19,25.73,55,55,4,13.2,55,55,9.3,55,2,5.645,12.58,8.43,24.04,26.29,7.582,4.921,6.028,12.05,15.01,26.13,8.07,55,0.307,6.194,37.32,28.41,14.92,3.237,3.7,3.06,13.6,5.5,4.342,2.786,1.98,1.762,1.169,1.332,3.087,1.109,8.184,9.21,2.634,9.597,8.6,3.1,29.22,0.21,281.6,18.92,33.91,48.29,281.6,182.2,,,,11.6,10.76,17.5,6.727,27.5,0.71,5.16,15.54,7.327,12.59,3.11,7.585,3.82,0.9868,4.24,6.976,2.654,12.89,8.49,55,0.5275,0.8297,13.2,6.833,55,,55,,5.82,,2.625,0.5042,55,3.442,4.995,3.929,20.99,24.84,17.85,,,23.93,189.5,3.506,39.63,,,,,,,160.6,31.71
105-37-3,"propanoic acid, ethyl ester / ethyl propionate",,12.3,,,,,,,,3.82,18.46,,,,,,0.06,,,,13.7,,55,45.1,55,55,55,55,55,55,55,55,8,33,33,,,,22,22,,,,,,,,34.3,32.06,30.21,3.302,12.54,25.4,5.497,8.311,88.04,11.55,21.94,,,,33,29.17,33,55,,,29.81,,,,,,,,,15.06,18.1,17.43,,,,,,,,,,,,,,,,,,,,,,,,,,5.78,,,74.61,,,,8.07,384.6,1100,42.35,,,,,,,,0.4278,,,,110,110,110,,,,,2.8,,,,8.53,,,,,,,,,,,,,,22,22,22,22,22,22,22,22,,22,22,22,,,,,,,16.2,,,,,,,,5.756,1.105,3.15,15.4,33,24.53,11.34,33,33,33,22,22,22,,33,33,33,33,33,,,,,,,,,7.13,11.69,17.43,44,11.71,44,44,10.64,,,,,,,,,,9,,,,,,,47.93,,,26.4,,,,,26.14,48.68,,15.75,13.32,4.619,13.62,12.97,19.09,13.02,35,12.28,,,,,,10.34,3.3,,49.6,38.08,,,,,,,,,,44.9,43.47,39.48,52.85,,,,110,,,,,,,,,,,,3.81,2.5,1.03,,,,15.55,,,,,,,,,,55,,,,,,,,,,,,,,32.87,,,,,,,,,10.6,4.33,15.62,55,4,13.2,55,55,9.3,55,2,7.67,12.18,8.917,23.52,26.4,7.986,20.13,,,55,55,26.37,55,,,36.15,34.97,13.72,10,,7.5,,,,,,,,5.549,,,23.71,,,,,,,,,,,,,,,,,,,,,,,,,,,,,,,,,55,,,55,,,,,,,,,,,23.49,,55,,4.206,5.086,21.36,28.42,21.43,,,,,,,,,,,,,,
3130-19-6,"Bis(3,4-epoxycyclohexylmethyl) adipate",,12.3,,,,,,,,3.82,22,,,,,,,,,,,,,,,,,,55,55,55,55,8,33,33,,,,,,,,,,,,,43.22,38.87,35.58,1.54,33,22.55,36.43,9.22,,10.76,17.19,,,,33,55,33,55,,,35.81,,,,,,,,,7.136,46.61,18.57,,,,,,,,,,,,,,,,,,,,,,,,,,,,,,,,,,,,,,,,,,,,0.4278,,,,,,,,,,,2.85,,,,,,,,,,,,,,,,,,,,,,,,,,,,,,,,,,,,16.2,,,,,,,,5.743,1.101,3.143,15.37,33,,,,,,,,,,,,,,,,,,,,,,,,,,,,,,,,,,,,,,,,,,,,,,,,,,26.4,,,,,19.44,41.95,,,,17.01,10.64,13.81,13.92,38.5,34.56,22.24,,,,,,12.53,3.3,,,,,,,,,,,,,,,,,,,,,,,,,,,,,,,,3.25,1.97,1.127,,,,15.28,,,,,,,,,,,,,,,,,,,,,,,,,,,,,,,,,,,,55,4,13.2,55,55,9.3,55,2,,,,,,,,,,,,,,,,,,,,,,,,,,,,,,,,,,,,,,,,,,,,,,,,,,,,,,,,,,,,,,,,,,,,,,,,,,,,,,,,,,,8.74,4.24,23.51,28.76,14.51,,,,,,,,,,,,,,
2315-68-6,Propyl benzoate,2.775,55,12.5,6.132,23.56,64.18,13.93,7.561,10.57,1.289,22,5.433,2.424,2.55,33,4.143,,,1.609,10.6,2.061,2.7,55,40.72,55,55,25.09,55,,,,,,14.27,5.798,,,,,,,,,,,,,16.08,19.86,17.09,7.688,10.96,33,28.49,,,22,,,,,19.05,55,33,43.87,,,28.26,,,,,,,,,4.932,77,44,,,,,,,,,,,,,,,,,,0.82,,,12.9,,2.5,,,,16.7,,,,,,,58.17,442.5,305.8,,,,,,,,0.7213,2.108,,,59.36,110,110,,,12.36,13.89,,17.78,19.75,,8.53,,,,,,,9.42,10.53,22,12.1,18.1,1.42,35.22,22,12.98,11.55,5.112,22,22,22,22,22,22,22,22,,,,,,,,,,,,,,,33,3.025,5.331,33,33,,,19.02,16.92,26.13,22,22,22,29.73,33,33,33,33,33,,,,,,,,63.7,7.01,16.04,27.53,44,10.99,44,44,11.25,,,,,,,,,,9,,,3.926,,,14.83,39.27,37.19,,26.4,,,,,36.72,77.31,73.07,,,9.803,18.12,13.42,30.53,38.5,38.37,19.49,,7.55,,36.5,,15.66,2.822,3.089,55,28.81,,,,,,,,,,44.9,21.34,110,17.96,28.1,24.2,44,60,,,,,,,,,33.37,55,29.5,,,4.282,,,,2.578,,,,,,,10.81,,14.67,25.64,,,,,,,,,,,,,,39.22,,,10.8,,,,,,55,55,55,55,6.5,23.3,55,55,25.5,55,12.3,18.79,15.86,25.78,23.39,27.12,21.41,55,33.42,19.63,39.53,35.87,24.32,29.98,,,36.43,35.17,13.8,7.931,3.7,5.743,13.6,5.5,,,,,,,,,2.573,10.1,5.11,9.955,8.311,3.785,27.34,,,,,,,,,11,13.5,,,,11.48,,,,,,9.89,,8.03,,,,,55,,9.52,4.543,,,,,,,,,,,23.49,,45.56,,16.43,9.62,23.21,20.13,31.74,,,,,4.07,31.86,,,,,,,,
117-82-8,Bis(methylglycol) phthalate,3.97,55,150.3,9.15,51.85,64.18,39.41,8.29,50.58,6.83,22,5.376,2.49,2.595,33,4.262,,,1.398,11.21,1.959,,55,35.93,55,55,27.45,55,,,,,,12.19,4.176,,,,,,,,,,,,,9.247,13.78,12.25,8.17,9.68,33,27.91,,,22,,,,,33,55,33,39.91,,,28.26,,,,,,,,,7.18,,,,,,,,,,,,,,,,,,,,,,,12.9,,2.5,,,,15.25,,,,,,,58.17,442.5,305.8,,,,,,,,0.7089,,,,60.01,110,110,,,12.36,13.89,,17.78,,,,,,,,,,9.42,10.53,22,12.1,18.1,1.42,35.22,22,15.06,13.85,7.713,22,22,22,22,22,22,22,22,,,,,,,,,,,,,,,,,,,,24.11,33,21.54,20.1,20.85,22,22,22,39.5,33,33,33,33,33,,,,,,,,63.7,7.01,16.04,27.53,44,10.99,44,44,11.25,,,,,,,,,,9,,,3.118,,,14.83,31.18,37.19,,26.4,,,,,45.77,77.31,73.07,,,9.81,18.79,,37.29,38.5,38.38,20.25,,7.55,,36.5,,13.63,2.911,3.396,55,28.9,,,,,,,,,,44.9,20.6,110,11.64,28.1,24.2,44,12.26,,,,,,,,,22.73,55,29.5,,,3.783,,,,2.725,,,,,,,10.07,,14.67,35.96,,,,,,,,,,,,,,39.22,,,,,,,,,55,55,55,55,6.5,23.3,55,55,25.5,55,12.3,18.79,,,,,,55,33.42,19.63,55,34.48,27.21,36.22,,,,,,7.995,3.7,5.796,13.6,5.5,,,,,,,,,3.118,203.1,8.119,9.808,8.885,5.022,33.97,,,,,,,,,11,13.5,,,,11.92,,,,,,,,,,,,,55,,,7.125,,,,,,,,,,,,,44.93,,16.43,9.62,23.21,20.13,31.74,,,,,4.07,31.86,,,,,,,,
93-99-2,Phenyl benzoate,2.787,55,12.42,6.125,23.51,64.18,13.89,7.559,10.53,1.283,22,6.019,2.591,2.758,33,4.211,,,2.601,10.14,12.9,2.7,55,39.54,55,55,25.41,55,,,,,,33,33,,,,,,,,,,,,,14.09,18.58,15.53,9.252,10.51,33,30.93,,,22,,,,,17.57,55,33,42.45,,,28.26,,,,,,,,,7.18,,,,,,,,,,,,,,,,,,,,0.82,,,,,,,,,35,,,,,,,58.17,442.5,305.8,,,,,,,,0.6945,2.52,,,59.74,110,110,,,,,,17.78,19.75,,,,,,,,,9.42,10.53,22,12.1,18.1,1.42,35.22,22,13.38,12,5.567,22,22,22,22,22,22,22,22,,,,,,,,,,,,,,,,,,,,,,16.43,14.43,24.77,22,22,22,29.66,33,33,33,33,33,,,,,,,,63.7,7.01,16.04,27.53,44,10.99,44,44,11.25,,,,,,,,,,,,,10.99,,,,34.2,37.19,,26.4,,,,,45.77,77.31,73.07,,,9.81,18.79,,37.29,38.5,38.38,20.25,,7.55,,36.5,,19.86,2.036,2.858,55,30.2,,,,,,,,,,,22.17,36.06,10.11,28.1,24.2,44,10.73,,,,,,,,,31.6,55,29.5,,,22,,,,5.03,,,,,,,10.73,,14.67,24.51,,,,,,,,,,,,,,39.22,,,10.8,,,,,,55,55,55,55,6.5,23.3,55,55,25.5,55,12.3,18.79,21.2,26.51,23.89,31.26,30.15,55,33.42,19.63,36.64,32.75,24.29,30.75,,,,,,,,,,,,,,,,,,,2.988,11.46,4.493,10.83,8.01,3.489,25.37,,,,,,,,,11,13.5,,,,11.48,,,,,,9.89,,8.03,,,,,55,,9.52,6.916,,,,,,,,,,,,,55,,16.43,9.62,23.21,20.13,31.74,,,,,,,,,,,,,,
123-11-5,4-methoxybenzaldehyde / p-anisaldehyde,3.68,55,60.83,2.48,17.95,18.77,18.11,9.73,,4.76,22,,,,,,,,,,,,,,,,,,3.6,9.1,9.5,12.4,2.8,33,33,,,,22,22,,,,,22,,,26.94,27.43,23.4,6.896,12.08,33,17.93,,,22,,,,,33,55,33,55,,,,,,,,,,,,44,77,44,,,,,,,,,,,,,,,,,,0.48,,,,,,,,,,,,,,,,,,,,,,,,,,4.3,2.24,,,110,110,110,,,28.43,,,,,0.85,8.67,,,,,,,22,12.23,22,24.5,55,86,55,22,22,22,22,22,22,22,22,22,22,22,22,3.05,11,11,1.62,11,11,,8.79,31.86,11.56,20.36,,,,,,,,,,,8.9,24.49,12.75,22,22,22,22.3,33,33,33,16.26,33,,,,,,,,,,,,,,,,,,,,,,,,,,8.1,,,44.21,,,,10.5,,,26.4,,,,,32.16,75.41,80.66,,24.96,14.07,20.85,11.6,44.69,6.81,34.71,23.84,,10.53,,5.427,,13.54,7.782,9.7,55,34.8,,,,,,,,,,49,23.35,19.47,28.45,,,,32.14,,,29.13,,16.16,46.23,35.2,12.9,55,55,,,,22,,,,5.66,,18.75,21.7,44,18.93,18.06,11.2,,,55,,,,,,,,0.81,15.56,,,,,,12.88,,3.488,,,,,,55,55,55,,,,,,,,,,14.13,32.6,23.63,25.65,23.05,,,,55,33.3,29.3,55,,,,,,,,,,,,,,,,,,,2.73,,,10.3,12.1,8,16.94,,,,,,,,,,,9.5,10.5,16.2,96.51,,,,22,,,,,,22,22,22,55,,,55,,,,,7.75,,7.47,,16.22,,,,55,13.13,,,,,,,,,,3.708,20.23,,,,,,,192.9,523.1
117633-03-1,1-Pentanecarbaldehyde,,,,,,,,,,,,,,,,,,,,,,,,,,,,,,,,,,,,,,,,,,,,,,,,,,,,,,,,,,,,,,,,,,,,,,,,,,,,,,,,,,,,,,,,,,,,,,,,,,,,,,,,,,,,,,,,,,,,,,,,,,,,,,,,,,,,,,,,,,,,,,,,,,,,,,,,,,,,,,,,,,,,,,,,,,,,,,,,,,,,,,,,,,,,,,,,,,,,,,,,,,,,,,,,,,,,,,,,,,,,,,,,,,,,,,,,,,,,,,,,,,,,,,,,,,,,,,,,,,,,,,,,,,,,,,,,,,,,,,,,,,,,,,,,,,,,,,,,,,,,,,,,,,,,,,,,,,,,,,,,,,,,,,,,,,,,,,,,,,,,,,,,,,,,,,,,,,,,,,,,,,,,,,,,,,,,,,,,,,,,,,,,,,,,,,,,,,,,,,,,,,,,,,,,,,,,,,,,,,,,,,,,,,,,5.18,48.7,,,,,,,,
106-68-3,3-octanone,,11.56,,0.84,3.038,,312.7,47.69,31.35,3.392,22,4.977,3.481,0.9324,0.6424,1.819,16.3,13.1,4.249,7.3,,11.67,55,30.88,55,55,55,31.85,55,55,55,55,1.399,8.672,1.681,33,33,33,22,22,,,,,22,,,44.86,43,38.21,5.194,10.41,22.15,21.38,10.94,65.84,11.4,21.93,,,,33,17.42,33,55,,,33.02,,,,,,,,15.98,12.85,54.2,24.07,,,,,,,,,,,,,,,,,,0.3555,,,0.4692,,0.1155,,,5.775,,,71.25,,,,55,4.273,65.41,4.579,3.92,1.3,2.5,3.63,1.56,3.6,,0.525,2.88,33,33,45.66,110,110,,,,,2.85,,,0.8719,6.458,8.194,9.807,10.1,2.88,3.07,3.53,6.944,10.74,22,7.59,35.04,5.986,26.14,16.2,22,22,22,2.745,22,3.925,2.924,2.738,3.787,1.327,11.89,4.771,11,11,1.521,11,11,4.803,2.687,25.2,4.025,4.065,6.6,,5.804,1.85,3.843,3.237,11.81,1.444,33,33,8.94,21.79,33,10.67,22,17.81,43.92,19.52,33,33,13.83,33,,,,,7,4.6,,,5.223,12.66,14.85,39.99,11.64,44,44,8.818,,,,,10.63,,7.26,2.24,,,0.08812,1.191,55,,1.38,28.07,74.63,48.83,13.14,26.4,15.5,2.973,11.59,4.197,8.544,7.431,75.17,20.17,31.02,14.8,11.98,6.008,15.47,13.79,33.61,16.05,2.25,4.297,16.5,56.1,,11.93,3.959,2.7,49.67,36.7,2.14,2.42,1.6,0.7864,0.7577,6.627,1.337,0.7412,1.156,50.01,41.1,50.97,33.53,,,,63.83,55,10.78,,,,,5.2,35.2,20.98,43.95,4.776,3.81,2.5,1.938,1.658,22,1.62,7.427,11.17,7.73,44,44,44,16.42,5.7,23.52,,55,,55,,,,,,,17.66,,,,11.62,18.3,,110,,,19.19,,29.92,110,31.97,23.94,55,55,4,13.2,55,55,9.3,55,2,5.224,12.81,8.202,24.34,26.24,7.392,5.05,5.707,12.34,13.03,24.32,5.956,55,0.34,35.2,38.8,22.92,15.99,3,,3.3,,,,,,,,1.9,1.754,0.559,10.29,,5.879,,,,20.99,,,,,,,,,,,11.54,10.59,17.5,6.963,,,,15.54,7.327,12.59,2.68,8.8,,0.9721,3.013,11.26,2.836,12.89,8.49,55,1.862,0.94,2.666,6.217,55,,55,,3.946,,1.838,0.6272,55,2.333,7.544,5.887,14.72,28.14,21.34,,,23.93,189.5,3.582,39.56,,,,,,,186.2,243.1
693-54-9,2-decanone,,12.25,,0.84,5.69,,312.7,47.69,31.35,3.849,22,5.039,2.614,1.568,0.7162,2.658,12.78,10.04,4.582,7.3,5.2,11.66,55,32.51,55,55,55,35.35,55,55,55,55,1.399,8.738,1.675,33,33,33,22,22,,,,,22,,,29.98,30.13,29.65,5.761,12.18,21.23,55,9.656,60.99,11.57,21.38,,,,33,21.74,33,55,,,36.31,,,,,,,,15.81,13.02,22.39,13.57,,,,,,,,,,,,,,,,,,0.3961,,,0.3963,,0.08435,,,5.809,12.7,,69.66,,,,55,3.5,50.09,4.812,3.92,1.3,2.5,3.63,1.56,3.6,,0.5264,2.88,33,33,49.73,110,110,,,,,2.85,,,0.8267,4.635,4.422,9.807,10.1,2.88,3.07,3.53,7.617,10.16,22,6.682,31.9,5.295,29.97,15.33,22,22,22,1.853,22,2.757,2.029,2.23,2.64,0.7968,10.48,4.938,11,11,1.479,11,11,4.671,3.017,23.14,3.965,4.048,6.6,,5.665,5.642,1.079,2.68,15.2,33,33,9.279,7.552,20.16,33,13.52,22,17.03,24.23,21.38,33,33,11.75,33,,,,,7,4.6,,,5.17,12.85,14.87,39.83,11.86,44,44,8.892,,,,,10.63,,7.26,2.24,,,0.08905,1.275,35.12,,0.7341,27.64,73.46,48.83,13.09,26.4,15.29,2.81,10.99,3.971,8.091,7,74.22,21.34,31.2,19.96,12.56,5.643,16.01,12.83,34.24,15.93,2.25,3.608,16.65,63.15,1.26,20.86,4.93,2.629,48.98,33.59,0.973,0.7029,1.308,0.7864,0.7577,6.627,1.119,0.6571,0.9829,48.81,43.85,48.24,34.03,28.1,24.2,44,78.95,55,10.9,,,,,5.2,35.2,19.94,45.21,4.923,3.81,2.5,0.6323,1.658,22,1.62,8.775,11.17,7.73,44,44,44,16.42,6.385,23.6,,55,,55,,,,,,,18.45,66.54,47.17,12.69,11.06,18.27,,110,,,20.21,,29.91,110,28.61,21.87,55,55,4,13.2,55,55,9.3,55,2,5.376,13.49,7.672,25.22,26.11,6.95,5.197,5.128,11.97,15.45,20.01,7.36,55,0.3073,1.448,42.1,28.38,21.45,2.612,,2.907,,6.14,,,,,,1.146,1.164,0.6121,10.8,9.21,3.182,9.9,8.6,3.1,22.14,0.21,281.6,18.92,33.91,48.29,281.6,182.2,7.8,,,11.65,10.77,17.5,6.713,27.5,0.71,5.16,13.19,6.554,12.59,3.179,8.8,,0.9816,3.031,11.25,2.649,12.89,8.49,55,1.712,0.6924,3.871,7.028,20.54,,23,,4.23,,2.312,0.8786,55,2.363,10.12,5.235,17.43,24.82,22.8,,,23.93,189.5,3.978,38.26,,,,11,5.68,11,162.4,30.91
6028-61-1,dipropyl trisulfide,,,,,,,,,,,,,,,,,,,,,,,,,,,,,,,,,,,,,,,,,,,,,,,,,,,,,,,,,,,,,,,,,,,,,,,,,,,,,,,,,,,,,,,,,,,,,,,,,,,,,,,,,,,,,,,,,,,,,,,,,,,,,12.39,10.53,,,,,,,,,,,,,,,,,,,,,,,,,,,,,,,,,,,,,,,,,,,,,,,,,,,,,,,,,,,,,,,,,,,,,,,,,,,,,,,,,,,,,,,,,,,,,,,,,,,,,,,,,,,,,,,,,,,,,,,,,,,,,,,,,,,,,,,,,,,,,,,,,,,,,,,,,,,,,,,,,,,,,,,,,,,,,,,,,,,,,,,,,,,,,,,,,,,,,,,,,,,,,,,,,,,,,,,,,,,,,,,,,,,,,,,,,,,,,,,,,,,,,,,,,,,,,,,,,,,,,,,,,,,,,,,,,,,,,,,,,,,,,,,,,,,,,,,,,,,,,,,,,,,,,,,
140-29-4,Phenylacetonitrile,,,105,4.01,17.99,21.26,38.78,2.72,,3.75,,,,,,,,,,4.7,,,55,37.85,55,26.01,55,11.2,,,,,,10.1,9.1,,,,,,,,,,,,,31.12,30.56,22.18,,,,31.98,,,,,,,,,,,,,,,,,,,,,,,,77,44,,,,,,,,,,,,,,,,,,,,,,,,,,,,,15.69,,,,,,,,,,,,,,,,,,,110,110,110,,,,,,,,5.02,,,,,,,,,,,27.1,55,103.2,26.57,22,22,22,22,15.91,22,22,22,22,22,10.8,22,,,,,,,,,,,,,,,33,33,33,33,33,17.32,33,33,33,33,22,22,22,55,33,33,33,33,33,,,,,,,,,,,,,,,,,,,,,,,,,390,,,,55,,,33.29,61.89,,,26.4,,,,,37.14,,71.31,22.32,28.3,12.5,20.92,13.16,49.03,38.5,32.56,14.53,,13.1,18.46,36.5,,13.72,18.9,,55,30.69,,,,,,,,,,51.7,34.89,54.78,52.85,,,,44.27,,,,,,,,,55,55,,,,22,,,,22,,,,,,,11.8,16.88,,55,23.8,,5.47,55,22.21,17.5,56.93,,,,,,,,,,,,,,26.5,,55,55,55,55,6.5,23.3,55,55,25.5,55,12.3,,17.77,3.81,24.24,18.14,8.35,,,,34,55,26.1,55,,,40.3,37.94,14.82,,,,,,,,,,,,,,8.81,,4.18,,,,,,,,,,,,,,,,,,,,,,22,,,,,,12.76,22,22,55,,,55,,,,,15.52,,6.884,,7.327,,,,42.56,13.26,,,,,,,,,,,,,,,,,,,
153-18-4,Rutin,,,,,,,,,,,8.35,6.87,5.68,6.13,3.82,2.5,,,,,,,,,,,,,,,,,,,,,,,,,,,,,,,,,,,,,,,,,,,,,,9.454,,4.256,,,,,,,,,,,,8.569,12.11,,,,,,,,,,,,,,,,,,,,,,,,,,,,,,,,,,,,,,,,,,,,,,,,,,,,,,,,,,,,1.19,,3.7,,,,,,,,,,,,,,,,,,,,,22,,,,,,,,,,,,,,,,,,,,,,,,,,,,,,,,,,,,,,,,,,,,,,,,,,,,,,,,,,,,,,,,,,,,,,,,,,,,,,,,,,,,,,,,,,,,,,,,,,,,,,,,,,,,,,,,,,,,,,,,,,,,,,,,,,,,,,,,,,,,,,,,,,,,,,,1.82,,,,,,,,,,,,,,,,,,,,,,,,,,,,,,,,,,,,,,,,,,,,,,,,,,,,,,,,,,,,,,,,,,,,,,,2.2,,,,,,,,,,,,,,,,,,,,,,,,,,,,,,,,,,,,,,,,,,,,,,,,,,,,,,,
18829-70-4,(-)-Catechin,,,,,,,,,,,,,,,,,,,,,,,,,,,,,,,,,,,,,,,,,,,,,,,,,,,,,,,,,,,,,,11.92,,15.26,,,,,,,,,,,,,4.52,,,,,,,,,,,,,,,,,,,,,,,,,,,,,,,,,,,,,,,,,,,,,,,,,,,,,,,,,,,,,,,,,,,,,,,,,,,,,,,,,,,,,,,,,,,,,,,,,,,,,,,,,,,,,,,,,,,,,,,,,,,,,,,,,,,,,,,,,,,,,,,,,,,,,,,,,,,,,,,,,,,,,,,,,,,,,,,,,,,,,,,,,,,,,,,,,,,,,,,,,,,,,,,,,,,,,,,,,,,,,,,,,,,,,,,,,,,,,,,,,,,,,,,,,,,,,,,,,,,,,,,,,,,,,,,,,,,,,,,,,,,,,,,,,,,,,,,,,,,,,,,,,,,,,,,,,,,,,,,,,,,,,,,,,,,,,,,,,,,,,,,,,,,,,,,,,,,,,,,,
520-18-3,Kaempferol,,,,,,,,,,,1,6.87,5.68,6.13,3.82,2.5,,,,,,,,,,,,,,,,,,,,,,,,,,,,,,,,,,,,,,,,,,,,,,8.247,,2.108,,,,,,,,,,,,6.822,9.77,,,,,,,,,,,,,,,,,,,,,,,,,,,,,,,,,,,,,,,,,,,,,,,,,,,,,,,,,,,,1.19,,3.7,,,,,,,,,,,,,,,,,,,,,,,,,,,,,,,,,,,,,,,,,,,,,,,,,,,,,,,,,,,,,,,,,,,,,,,,,,,,,,,,,,,,,,,,,,,,,,,,,,,,,,,,,,,,,,,,,,,,,,,,,,,,,,,,,,,,,,,,,,,,,,,,,,,,,,,,,,,,,,,,,,,,,,,,,,,,,,,,,,,,,,,,,,,,,,,,,,,,,,,,,,,,,,,,,,,,,,,,,,,,,,,,,,,,,,,,,,,,,,,,,,,2.2,,,,,,,,,,,,,,,,,,,,,,,,,,,,,,,,,,,,,,,,,,,,,,,,,,,,,,,
-,4-(1-oxaspiro[2.2]pent-2-yl)butan-1-ol,,,,,,,,,,,,,,,,,,,,2,2.8,4.2,,,,,,,,,,,,,,,,,,,,,,,,,,,,,,,,,,,,,,,,,,,,,,,,,,,,,,,,,,,,,,,,,,,,,,,,,,,,,,,,,,,,,,,,,,,,,,,,,,,,,,,,,,,,,,,,,,,,,,,,,,,,,,,,,,,,,,,,,,,,,,,,,,,,,,,,,,,,,,,,,,,,,,,,,,,,,,,,,,,,,,,,,,,,,,,,,,,,,,,,,,,,,0.57,,,,,,,,,,,,,,,,,,,,,,,,,,,,,,,,,,,,,,,,,,,,,,,,,,,,,,,,,,,,2.99,2.46,,,,,,,,,,,,,,,,,,,,,,,,,,,,,,,,,,,,,,,,,,,,,,,,,,,,,,,,,,,,,,,,,,,,,,,,,,,,,,,,,,,,,,,,,,,,,,,,,,,,,,,,,,,,,,,,,,,,,,,,,,,,,,,,,,,,,,,,,,,,,,,,,,,,,
88644-30-8,Neoisolongifolane,,,,,,,,,,,,,,,,,,,,,,,,,,,,,,,,,,,,,,,,,,,,,,,,24.16,21.11,28.59,,,,55,,,,,,,,,,,,,,,,,,,,,,,,,,,,,,,,,,,,,,,,,,,,,,,,,,,,,,,,,,,60.72,178.9,1100,,,,,,,,,,,,,,,,,,,,,,,,,,,,,,,,,,,,,,,,,,,,,,,,,,,,,,,,,,,,,,,,,,,,,,,,,,,,,,,,,,,,,,,,,,,,,,,,,,,,,,,,,,,,,,,,,,,,,,,,,,,,,,,,,,,,,,,,,61.35,,,,,,,,,,,,,,,,,,,,,,,,,,,,,,,,,,,,,,,,,,,,,,,,,,,,,,,,,,,,,,,,,,,,,,,,,,,,,,,,,,,,,,,,,,,5.01,,,,,,,,,,,,12,,10,,,,,,,,,,,,,,,,,,,,,,,,,,,,,,,,,,,,,,,,,,,,,,,,,,,,,,,,,,,,,,,,,,,,,,,,,,,,,,,40.17,163.7
42822-86-6,"PMD / p-mentane-3,8-diol",,,,1.84,16.93,,,,,4.34,,,,,,,20.2,13.9,4.6,,,5,,,,,,,,,,,,,,,,,,,,,,,,,,,,,,,,,,,,,,,,,,,,,,,,,,,,,,,,,,,,,,,,,,,,,,,,,,,,,,,,,,,,,,,,,,,215.1,62.31,76.45,3.86,1.63,,,1.93,,,,,,,110,110,110,,,,,,,,,,,12.55,9.24,,,,12.07,2.53,22,9,55,12.29,55,,,,,,,,,,,,,,,,,,,,,,,,,5.3,9.6,,,,,,33,33,,,,,,,,,,,,,,,,,,,,,,,,,,,,,,,,,,,,,,,,,55,18.31,,,,,,,,,,,,,,,,,,,,,,,,,,,,,,,,,,,,,,,22,5.63,22,,46.83,39.43,,,,,,,,,,,,,,,,,,,,,,,,,,,,,,,,,55,,,,,,,,,,,,,,,,,,,,,,,,,,,,,,,,,,78.3,,,,,,38.54,24.27,20.1,55,55,55,55,,,,,,,,,,,,,,,,,,,,,,,,,,,,,,,,,,,,13.5,7.8,8.3,23.26,,,,,,,,,,,,,,,7.47,55,,,,,9.9,,55,,6.99,,,,,,,,,,,,,,,,,,,,,,,,
18368-91-7,"2-Ethyl-1,3,3-trimethyl-2-norbornanol / 2-Ethyl fenchol",,,,,,,,,,,,,,,,,,,,,,,,,,,,,,,,,,,,,,,,,,,,,,,,24.16,21.11,28.59,,,,55,,,,,,,,,,,,,,,,,,,,,,,,,,,,,,,,,,,,,,,,,,,,,,,,,,,,,,,,,,,60.72,178.9,1100,,,,,,,,,,,,,,,,,,,,,,,,,,,,,,,,,,,,,,,,,,,,,,,,,,,,,,,,,,,,,,,,,,,,,,,,,,,,,,,,,,,,,,,,,,,,,,,,,,,,,,,,,,,,,,,,,,,,,,,,,,,,,,,,,,,,,,,,,61.35,,,,,,,,,,,,,,,,,,,,,,,,,,,,,,,,,,,,,,,,,,,,,,,,,,,,,,,,,,,,,,,,,,,,,,,,,,,,,,,,,,,,,,,,,,,5.01,,,,,,,,,,,,12,,10,,,,,,,,,,,,,,,,,,,,,,,,,,,,,,,,,,,,,,,,,,,,,,,,,,,,,,,,,,,,,,,,,,,,,,,,,,,,,,,40.17,163.7
123-96-6,2-Octanol,,13.11,,,10.05,,312.7,47.69,31.35,2.939,22,7.25,33,3.99,0.96,10.7,16.3,13.1,7.001,,,11.53,,,,,,,55,55,55,55,1.399,5.292,2.199,33,33,33,22,22,,,,,11.51,,,55,39.47,55,4.908,19.83,24.51,55,9.339,59.53,12.13,19.59,,,,33,20.65,33,55,,,35.81,,,,,,,,15.55,35.63,17.45,10.28,,,,,,,,,,,,,,,,,,0.44,,,12.9,,55,,,6.036,,,69.78,,,,55,22.98,495.6,44.46,,,,,,,,0.4106,,33,33,68.85,110,110,,,24.6,,2.85,,,1.058,21.6,8.042,9.807,10.1,2.88,3.07,3.53,6.55,9.821,22,14.06,55,9.727,20.95,7.755,22,22,22,22,22,2.786,1.867,4.443,22,3.676,22,3.618,11,11,1.381,11,11,3.806,2.976,23.37,3.146,3.605,6.6,,6.798,7.757,7.443,6.613,23.45,10.51,33,9.879,10.94,8.189,33,22,22,19.65,20.39,29.46,33,33,17.11,14.37,,,,,7,4.6,,,5.016,13.98,15.96,38.97,14.51,44,44,10.56,,,,,,,,,,,,2.36,55,,,28.07,74.63,,11.99,26.4,15.29,2.81,10.99,3.971,6.336,2.988,71.44,29.64,32.95,12.31,6.831,5.285,15.23,10.87,22.23,21.62,2.25,3.609,16.48,52.75,1.26,31.34,4.766,,41.28,37.62,0.97,0.69,1.68,0.7864,0.7577,6.627,3.52,2.302,3.369,48.13,33.14,39.59,42.06,,,,58.04,55,15.68,,,,,5.2,35.2,18.3,55,4.352,1.952,2.477,2.217,1.658,22,1.62,17.5,11.17,7.73,44,44,44,16.42,6.167,25.79,,55,,55,,,,,,,21.85,,,,11.49,22.2,,64.99,,,22.09,,16.73,110,55,7.48,55,55,4,13.2,55,55,9.3,55,2,9.127,26.83,8.5,40.4,26.31,7.64,7.672,12.14,12.78,55,55,55,55,0.28,0.7265,44.99,15.09,19.77,3.001,,3.125,,,,,,,,1.868,2.959,0.9334,16.67,,5.348,,,,29.67,,,,,,,,,,,11.76,10.84,17.5,7.651,,,,15.79,7.327,12.59,2.883,8.8,,1.924,4.652,11.61,11.79,12.89,8.49,55,1.135,1.162,1.01,13.2,55,,55,,5.82,,0.3606,0.4427,55,7.224,5.768,3.803,14.39,24.55,18.79,,,23.93,189.5,3.532,40.4,,,,,,,179.6,28.06
30207-98-8,undecanol,,13.11,,,10.05,,312.7,47.69,31.35,2.939,22,7.25,33,3.99,0.96,10.7,16.3,13.1,7.001,,,11.53,,,,,,,55,55,55,55,1.399,5.292,2.199,33,33,33,22,22,,,,,11.51,,,44.79,39.45,40.06,4.908,19.83,24.51,55,9.339,59.53,12.13,19.59,,,,33,20.65,33,55,,,35.81,,,,,,,,15.55,35.63,17.45,10.28,,,,,,,,,,,,,,,,,,0.44,,,12.9,,55,,,6.036,,,69.78,,,,55,22.98,495.6,44.46,,,,,,,,0.4106,,33,33,68.85,110,110,,,24.6,,2.85,,,1.058,21.6,8.042,9.807,10.1,2.88,3.07,3.53,6.55,9.821,22,14.06,55,9.727,20.95,7.755,22,22,22,22,22,2.786,1.867,4.443,22,3.676,22,3.618,11,11,1.381,11,11,3.806,2.976,23.37,3.146,3.605,6.6,,6.798,7.757,7.443,6.613,23.45,10.51,33,9.879,10.94,8.189,33,22,22,19.65,20.39,29.46,33,33,17.11,14.37,,,,,7,4.6,,,5.016,13.98,15.96,38.97,14.51,44,44,10.56,,,,,,,,,,,,2.36,55,,,28.07,74.63,,11.99,26.4,15.29,2.81,10.99,3.971,6.336,2.988,71.44,29.64,32.95,12.31,6.831,5.285,15.23,10.87,22.23,21.62,2.25,3.609,16.48,52.75,1.26,31.34,4.766,,41.28,37.62,0.97,0.69,1.68,0.7864,0.7577,6.627,3.52,2.302,3.369,48.13,33.14,39.59,42.06,,,,58.04,55,15.68,,,,,5.2,35.2,18.3,55,4.352,1.952,2.477,2.217,1.658,22,1.62,17.5,11.17,7.73,44,44,44,16.42,6.167,25.79,,55,,55,,,,,,,21.85,,,,11.49,22.2,,64.99,,,22.09,,16.73,110,26.84,8.763,55,55,4,13.2,55,55,9.3,55,2,9.127,26.83,8.5,40.4,26.31,7.64,7.672,12.14,12.78,55,55,55,55,0.28,0.7265,44.99,15.09,19.77,3.001,,3.125,,,,,,,,1.868,2.959,0.9334,16.67,,5.348,,,,29.67,,,,,,,,,,,11.76,10.84,17.5,7.651,,,,15.79,7.327,12.59,3.6,8.8,,1.924,4.652,11.61,11.79,12.89,8.49,55,1.135,1.162,1.01,13.2,55,,55,,5.82,,0.3606,0.4427,55,7.224,5.768,3.803,14.39,24.55,18.79,,,23.93,189.5,3.532,40.4,,,,,,,179.6,28.06
1708-34-5,"2-Hexyl-1,3-dioxolane",,20.37,,,,,,,,2.597,22,,,,,,,,10.7,,,11.8,,,,,,,9.815,36.22,55,22.34,1.48,10.02,1.525,33,33,33,22,22,,,,,11.47,,,40.15,41.83,45.42,4.857,16.29,21.39,35.71,,,14.29,,,,,33,22.2,33,55,,,,,,,,,,,15.74,44,36.49,27.1,,,,,,,,,,,,,,,,,,,,,12.9,,55,,,6.84,,,,,,,55,11.76,282.8,26.43,,,,,,,,0.4517,,33,33,67.95,110,110,,,,,,,,4.93,,8.09,9.807,10.1,2.88,3.07,3.53,6.55,9.821,22,9.108,55,9.727,24.22,22,22,22,22,22,22,22,3.34,3,4.104,22,22,5.23,11,11,1.98,11,11,4.14,2.889,24.61,2.082,2.718,,,,,,,,,,,10.24,22.03,33,22,22,17.92,43.92,19.81,33,33,14.16,33,,,,,,,,,6.623,15.52,17.36,44,13.51,44,44,10.92,,,,,,,,,,,,2.36,55,,,,86.85,,13.08,26.4,15.6,2.604,10.26,3.726,6.069,1.22,71.93,31.78,32.95,12.31,4.39,5.102,13.34,10.87,35.62,21.62,2.25,3.634,16.42,56.74,1.26,13.67,4.766,,,,0.97,0.69,1.68,0.7864,0.7577,6.627,3.603,2.596,0.7549,47.6,35.89,40.65,34.12,,,,75.94,55,10.76,,,,,5.2,35.2,17.32,55,4.4,2.12,2.48,1.485,1.658,22,1.62,13.55,,7.73,44,44,44,16.42,6.2,58.11,,55,,,,,,,,,,,,,,22.2,,,,,17.16,,23.35,,16.59,21.08,55,,,,,,,,,9.547,,,,,,7.139,6.63,12.46,55,55,55,55,0.28,0.3258,,,,3.7,,9.2,,,,,,,,1.888,2.7,0.9374,13.92,,5.878,,,,32.45,,,,,,,,,,,12.09,11.09,17.5,7.551,,,,15.76,7.327,12.59,2.379,,,1.907,4.615,11.54,4.09,12.89,,55,1.117,1.334,1.098,13.2,55,,55,,5.82,,0.3536,0.438,55,7.217,5.27,4.39,22.27,32.16,17.11,,,,,3.532,40.78,,,,,,,195,37.22
29804-22-6,"(+)-(7R, 8S)-epoxy-2-methyloctadecane",,20.37,,,,,,,,,22,,,,,,,,,,,,,,,,,,4.7,30.3,55,15.2,8,,,33,33,33,22,22,,,,,11.47,,,40.87,39.04,45.89,4.474,33,33,42.06,,,,,,,,33,,33,55,,,,,,,,,,,,44,37.83,27.74,,,,,,,,,,,,,,,,,,,,,12.9,,55,,,6.84,,,,,,,55,11.88,365.6,27.53,,,,,,,,0.6,,,,110,110,110,,,24.6,,,,,,,,9.807,10.1,,,,6.55,9.821,22,9.108,55,9.727,24.22,6.244,22,22,22,22,22,1.813,1.115,,22,2.534,22,3.73,11,11,1.87,11,11,,,,6.38,6.64,,,8.1,,,,,,,,16.19,9.25,33,22,22,22,22.6,33,33,33,20.54,12.65,,,,,,,,,,,,,,,,,,,,,,,,,,,,,,,,,86.85,,,26.4,,,,,5.742,,,,,,,,18.98,,,,,,,59.67,,22.74,,,,,,,,,,,4.4,0.3164,0.7288,,48.08,110,40.37,,,,50.04,55,15.38,,,,,,,13.84,55,,2.12,2.48,22,,,,22,11.17,,,,,,,,,55,,,,,,,,,55,,,,36.57,,,,,,18.96,,17.95,,18.8,10.42,55,,,,,,,,,9.846,,,,,,6.332,9.906,12.78,55,55,55,55,,,,,,3.7,,9.2,,,,,,,,64.5,44,0.96,19.76,,6.75,,,,32.45,,,,,,,,,,,12.63,10.77,,7.44,,,,,,12.59,3.6,,,,,,55,12.89,,55,7.76,,,,,,,,,,,,55,,9.281,5.29,14.7,31.88,,,,,,,,,,,,,,195,37.22
-,2-decyl-1-oxaspiro[2.2]pentane / OXP-01,,,,,,,,,,,,,,,,,,,,2,2.8,4.2,,,,,,,,,,,,,,,,,,,,,,,,,,,,,,,,,,,,,,,,,,,,,,,,,,,,,,,,,,,,,,,,,,,,,,,,,,,,,,,,,,,,,,,,,,,,,,,,,,,,,,,,,,,,,,,,,,,,,,,,,,,,,,,,,,,,,,,,,,,,,,,,,,,,,,,,,,,,,,,,,,,,,,,,,,,,,,,,,,,,,,,,,,,,,,,,,,,,,,,,,,,,,0.57,,,,,,,,,,,,,,,,,,,,,,,,,,,,,,,,,,,,,,,,,,,,,,,,,,,,,,,,,,,,1.87,1.85,,,,,,,,,,,,,,,,,,,,,,,,,,,,,,,,,,,,,,,,,,,,,,,,,,,,,,,,,,,,,,,,,,,,,,,,,,,,,,,,,,,,,,,,,,,,,,,,,,,,,,,,,,,,,,,,,,,,,,,,,,,,,,,,,,,,,,,,,,,,,,,,,,,,,
295-48-7,Cyclopentadecane,,16.51,,,,,,,,,,,,,,,,,,,,,,,,,,,,,,,,,,,,,,,,,,,,,,,,,,,,,,,,,,,,,,,,,,,,,,,,,,,,,,,,,,,,,,,,,,,,,,,,,,,,,,,,,,,,,,,,,,,,,,,,,,,,,,,,,,,,,,,,,,,,,,,,,,,,,,,,,,,,,,,,,,,,,,,,,,,,,,,,,,,,,,,,,,,,,,,,,,,,,,,,,,,,,,,,,,,,,,,,,,,,,,,,,,,,,,,,,,,,,,,,,,,,,,,,,,,,,,,,,,,,,,,,,,,,,,,,,,,,,,,,,,,,,,,,,,,,,,,,,,,,,,,,,,,,,,,,,,,,,,,,,,,,,,,,,,,,,,,,,,,,,,,,,,,,,,,,,,,,,,,,,,,,,,,,,,,,,,,,,,,,,,,,,,,,,,,,,,,,,,,,,,,,,,,,,,,,,,,,,,,,,,,,,,,,,,,,,,1.71,68.02
90-12-0,1‐Methylnaphthalene,,,,,,,,,,,,,,,,,,,,,,,,,,,,,,,,,,,,,,,,,,,,,,,,,,,,,,33.85,15.49,,,26,,,,,,,,,,,,,,,,,,,,,,,,,,,,,,,,,,,,,,,,,,,,,,,,,,,,,,,,,,,,,,,,,,,,,55.51,110,110,,,32.31,,,66.11,68.86,,,,,,,,,,,,,,,,22,22,22,22,22,22,22,22,,22,22,22,,,,,,,,,,,,,1.4,10.1,,,,,,,,17.78,33,33,22,22,22,,33,33,33,33,33,,,,,,,,,,,,,,,,,,,,,,,,,,,,,,,,,,,,,,,,,,,,,,,,,,,,,,,,,,21.52,12.9,,,,,,,,,,,,,,,,,,,,,,,21.4,15.57,26.37,31.28,,,,,,,,,,,,,,,,,,,,34.44,,55,,,,,,,,,,,,,,,24.78,,,,,,,,,,,,,,,,,,,,,,,,,,,,,,,55,,,39.32,38.01,31.63,,,,,,,,,,,15.03,,,13.65,,,,,,,,,,,,,,,,,,,,11.53,,,,,,,,,,,,,,,,55,,,,,,,,,,,,,,,,,,,,,,,,,,,,,,,,170.3,78.69
2051-30-1,"2,6-dimethyloctane",,,,,,,,,,,,16.8,33,33,33,13.6,,,2.3,19.8,1.4,,,,,,,,1.7,21.2,27,1.3,55,,,,,,,,,,,,,,,,,,,,,55,,,,,,,,,,,,,,,,,,,,,,,36.97,77,17.69,,,,,,,,,,,,,,,,,,1.16,,,,,,,,,,,,,,,,,,,,,,,,,,0.7,,,,,,,,,24.6,,6.77,,,,,,,,,,,,,,,,,,,,,,,,,,,,,,,,,,,,,,,6.38,6.64,,,,,,,,,,,,,,,,,,,,,,,,,,,,,,,,,,,,,,,,,,,,,,,,,,,,,,,,,,6.32,,,,,10.68,,64.21,,,,22.55,,42.13,,41.08,,,12.24,20.94,,,13.74,2.7,4.7,,,,,,,,,,,,,,,,,,,,,,,,,,,,,,,2.12,2.48,22,,,,22,,,,,,,,,,,,,,,,,,,55,,,,36.57,,,,,,,,,,55,55,16.25,,,,,,,,,,,,,,,,,,,,,,,,,,,2,6.3,7.5,,2.5,,,,,,,,,,,,11.6,9.5,17.7,,,,,,,,,,,,,,,,,,,,,,,,,,,,,,,,,,,,,,,,,,,,,,18.59,,,,,,,,,,,,,,,,,,
593-49-7,heptacosane,,15.11,,0.84,2.707,,312.7,47.69,31.35,2.844,14.88,7.25,33,3.99,0.96,10.7,12.91,9.716,7.122,,,11.59,55,51.6,55,55,55,55,5.814,38.46,55,15.9,5.495,4.951,2.314,33,33,33,22,22,,,,,11.47,,,39.14,40.12,41.7,4.638,21.13,17.73,35.71,9.386,59.53,12.47,19.44,,,,27.38,23.26,33,55,,,35.58,,,,,,,,15.53,38.2,28.49,16.61,,,,,,,,,,,,,,,,,,0.44,,,2.713,,3.023,,,6.354,,,69.78,,,,55,21.95,1100,819.7,3.92,1.3,2.5,3.63,1.56,3.6,,0.4517,,33,33,110,110,110,,,,,2.85,,,1.287,6.167,8.029,9.807,10.1,1.905,2.475,2.828,6.55,9.821,22,9.108,55,9.727,24.22,22,22,22,22,22,22,22,3.34,5.316,4.104,22,22,4.869,11,11,1.47,11,11,3.595,2.98,23.2,2.952,3.958,6.6,,5.722,10.5,9.163,7.046,22.22,5.966,33,9.801,8.401,18.6,33,22,22,16.66,38.25,23.97,33,33,13.36,33,,,,,7,4.6,,,4.846,13.85,15.98,38.47,15.18,44,44,10.83,,,,,10.63,,7.26,2.24,,,0.09,1.484,33.37,,1.183,20.51,77.09,48.83,12.53,26.4,15.28,2.789,10.91,3.943,5.399,3.237,73.14,21.69,31.31,12.31,6.166,5.33,13.32,10.87,10.86,21.62,2.25,3.608,16.49,57.93,0.9722,13.67,4.766,,48.08,35.32,0.7939,0.5499,1.523,0.7864,0.7577,6.627,1.816,1.271,1.594,48.28,33.86,38.42,32.81,,,,81.78,55,12.44,,,,,5.2,35.2,16.37,55,4.558,2.148,2.48,1.485,1.658,22,1.62,13.55,11.17,7.73,44,44,44,16.42,6.167,24.58,,55,,55,,,,,,,18.52,66.54,47.17,12.69,10.85,17.21,,77.92,,,16.58,,36.46,110,16.59,21.08,55,55,4,13.2,55,55,9.3,55,2,9.547,26.83,8.5,40.4,26.31,7.64,7.139,7.715,12.47,55,55,55,55,0.3203,0.8036,46.29,24.88,26.85,2.939,,3.059,,,,,,,,3.327,7.306,0.9127,11.33,5.14,4.198,,,,24.62,0.64,281.6,5.36,21.17,13.47,27.31,281.6,7.8,,,12.06,10.77,17.5,6.819,,,,7.817,5.061,12.59,2.818,8.8,,1.284,3.695,6.718,4.318,12.89,8.49,55,1.524,1.055,1.182,13.2,55,,55,,6.276,,0.2387,0.3785,55,5.764,4.08,3.978,20.53,24.64,18.22,,,23.93,189.5,3.532,40.99,2.15,2.83,3.45,11,5.68,11,188.7,30.01
71-43-2,benzene,,,,,,,,,,,,,,,,,,,,,,,,,,,,,,,,,,,,,,,,,,,,,,,,,,,,,,,,,,,,,,,,,,,,,,,,,,,,,,,,,,,,,,,,,,,,,,,,,,,,,,,,,,,,,,,,,,,,,,,,,,,,,,,,,,,,,,,,,,,,,,,,,,,,,,,,,,,,,,,,,,,,,,,,,,,,,,,,,,,,,,,,,,,,,,,,,,,,,,,,,,,,,,,,,,,,,,,,,,,,,,,,,,,,,,,,,,,,,,,,,,,,,,,,,,,,,,,,,,,,,,,,,,,,,,,,,,,,,,,,,,,,,,,,,,,,,,,,,,,,,,,,,,,,,,,,,,,,,,,,,,,,,,,,,,,,,,,,,,,,,,,,,,,,,,,,,,,,,,,,,,,,,,,,,,,,,,,,,,,,,,,,,,,,,,,,,,,,,,,,,,,,,,,,,11.54,,55,,55,,,,,,,,,,,23.25,,,,,,,,,,,,,
106-42-3,p-xylene,,,,,,,,,,,,,,,,,,,,,,,,,,,,,,,,,,,,,,,,,,,,,,,,,,,,,,28.89,15.49,,,,,,,,,,,,,,,,,,,,,,,,,,,,,,,,,,,,,,,,,,,,,,,,,,,,,,,,,,55.52,1100,276.2,,,,,,,,,,,,51.02,110,110,,,34.28,,,,47.62,,,,,,,,,9.44,8.06,22,16.7,9.2,1.42,46.6,,,,,,,,,,,,,,,,,,,,,,,,,1.9,,,,,,,33,13.34,,,,,,,,,,,,,,,,,,,,,4.71,27.7,15.13,44,7.63,44,44,4.96,,,,,,,,,,,,,,,,,,22.91,,,,,,,,,,,,,,,,,,,,,,,,11.32,12.9,,,,,,,,,,,,,,,,,,,,,,,56.11,13.02,118.1,6.69,,,,,,,,,,,,,,,,,,,,,,,34.32,,15.14,16.51,11.73,23.79,,,,,,,,,24.78,,4.1,,,,,,,,,,,,,,,,,20.7,18.01,55,36.23,24.63,27.87,29.82,,16.89,,,,,,,38.27,30.99,14.66,,,,,,,,,,,,,,,,,,,,,,,,,,,,,,,,,,,,,,,,,,,,,,,,,,,,,,,,,,,,,,,,,,,,,,,,,,,,,,,,,,9.06,13.24
107-87-9,2-pentanone,,11.02,,,19.72,,312.7,47.69,31.35,3.866,22,,,,,,,,,,,,55,30.2,55,55,55,31.1,55,55,55,55,1.399,33,33,,,,22,22,,,,,14.83,,,26.41,27.25,27.68,10.59,11.8,20.54,33.41,11.8,78.9,14.19,26.89,,,,33,20.26,33,55,,,34.73,,,,,,,,16.22,30.77,18.11,10.34,,,,,,,,,,,,,,,,,,0.4083,,,,,,,,5.78,,,74.68,,,,8.07,2.715,40.54,4.696,,,,,,,,0.525,,33,33,50.8,110,110,,,,,2.948,,,0.9624,5.502,8.5,,,,,,13.35,11.18,22,8.5,31.9,5.73,55,16.19,22,22,22,2.731,22,3.907,2.909,2.14,3.769,1.318,11.87,,,,,,,,,,8.27,5.89,,,,10.44,33,18.67,33,33,24.53,11.34,7.759,20.47,33,22,22,17.19,19.18,21.63,33,33,12.14,33,,,,,,,,,5.682,8.135,16.61,44,11.62,44,44,10.11,,,,,,,,,,,,,55,,,,,,,26.4,,,,,30.28,48.47,95.09,,,11.37,16.67,13.08,25.95,38.5,34.71,16.9,,,,63.15,,13.76,5.055,,50.59,35.77,,,,,,,4.222,2.727,4.04,53,110,52.53,110,,,,68.67,55,23.5,,,,,5.2,35.2,39.54,42.2,6.1,,,1.226,,,,6.924,,,,,,,16.5,,,55,,,,,,,,,,,,,,22.98,,110,,,25.14,,,110,31.92,23.79,55,,,,,,,,,5.683,12.16,8.953,23.48,26.41,8.015,5.853,6.7,12.51,14.94,20.41,6.11,55,,35.2,37.11,28.95,15.98,2.5,,3.29,,6.14,,,,,,2.208,1.081,0.9165,6.872,,33.93,,,,,,,,,,,,,,,,,,,,,,13.25,6.577,,3.175,,,1.977,4.588,10.69,2.654,,8.49,55,3,1.76,13.2,13.2,8.731,,10.79,,5.799,,25.28,1.38,55,7.233,10.86,5.369,16.42,25.62,27.39,,,,,9.92,37.78,,,,,,,186.2,243.1
23973-22-0,ethyl 2-cyano-3-(furan-2-yl)prop-2-enoate,,,,,,,,,,,,,,,,,0.31,,,,13.7,,55,55,55,55,28.4,55,,,,,,,,,,,,,,,,,,,,27.31,25.26,24.4,,,,28.3,,,,,,,,,,,,,,,,,,,,,,,,,,,,,,,,,,,,,,,,,,,,,,,,,,,,,,,,,,,,,,,,,,,,,,,,,,,,,,,,,,,,,,,,,,,,,,,,,,22,12.5,11.04,4.61,22,22,22,22,,22,22,22,,,,,,,,,,,,,,,,,,,,,,33,33,33,22,22,22,,33,33,33,33,33,,,,,,,,,,,,,,,,,,,,,,,,,,9,,,,,,,,,,,,,,,,,,,,,,,,,,,,,,,,17.43,,,,,,,,,,,,,,,,,,,,,,,,,,,,,,,,,,,,,,,,,,,,,,,,,55,,,,,,,,,,,,,,,,,,,,,,,,,,,,,,,,,,,,,,,,,,,55,55,27.9,55,,,,,,10,,7.5,,,,,,,,,,,2.71,,,,,,,,,,,,,,,,,,,,,,,,,,,,,,,,,55,,,55,,,,,55,,55,,23.93,,,,,,,,,,,,,,,,,,,,,,,,
1497445-43-8,"(2E)-2-{[4-(dimethylamino)phenyl]methylidene}-4,4-dimethyl-3-oxopentanenitrile",,,,,,,,,,,,,,,,,0.38,,,,,,,,,,,,,,,,,,,,,,,,,,,,,,,,,,,,,,,,,,,,,,,,,,,,,,,,,,,,,,,,,,,,,,,,,,,,,,,,,,,,,,,,,,,,,,,,,,,,,,,,,,,,,,,,,,,,,,,,,,,,,,,,,,,,,,,,,,,,,,,,,,,,,,,,,,,,,,,,,,,,,,,,,,,,,,,,,,,,,,,,,,,,,,,,,,,,,,,,,,,,,,,,,,,,,,,,,,,,,,,,,,,,,,,,,,,,,,,,,,,,,,,,,,,,,,,,,,,,,,,,,,,,,,,,,,,,,,,,,,,,,,,,,,,,,,,,,,,,,,,,,,,,,,,,,,,,,,,,,,,,,,,,,,,,,,,,,,,,,,,,,,,,,,,,,,,,,,,,,,,,,,,,,,,,,,,,,,,,,,,,,,,,,,,,,,,,,,,,,,,,,,,,,,,,,,,,,,,,
327-97-9,Chlorogenic acid,,,,,,,,,,,,,,,,,,,,,,,,,,,,,,,,,,,,,,,,,,,,,,,,,,,,,,,,,,,,,,,,,,,,,,,,,,,,,12.4,,,,,,,,,,,,,,,,,,,,,,,,,,,,,,,,,,,,,,,,,,,,,,,,,,,,,,,,,,,,,,,,,,,,,,,,,,,,,,,,,,,,,,,,,,,,,,,,,,,,,,,,,,,,,,,,,,,,,,,,,,,,,,,,,,,,,,,,,,,,,,,,,,,,,,,,,,,,,,,,,,,,,,,,,,,,,,,,,,,,,,,,,,,,,,,,,,,,,,,,,,,,,,,,,,,,,,,,,,,,,,,,,,,,,,,,,,,,,,,,,,,,,,,,,,,,,,,,,,,,,,,,,,,,,,,,,,,,,,,,,,,,,,,,,,,,,,,,,,,,,,,,,,,,,,,,,,,,,,,,,,,,,,,,,,,,,,,,,,,,,,,,,,,,,,,,,,,,,,,,
87877-75-6,Hydroxycitronellic acid,,6.603,,,,,,25.19,,9.53,22,,,,,,,,,,,,55,55,25.95,55,55,30.39,0.3942,6.208,34.37,1.608,5.513,,,,,,22,22,,,,,9.79,,,33.39,29,28.19,1.32,17.3,33,55,,,,5.832,26.3,9.5,39.1,7.647,,20.82,14.65,11.18,21.53,,,,,,,,,19.45,30.5,6.334,4.296,,,,,,,,,,,,,,,,,,0.7658,,,,,,,,5.035,,,,,,,,4.54,307.7,23.23,3.59,1.61,1.86,,1.48,,,3.9,,,,110,110,110,,,29.77,,3.038,,,,,,,,,,,3.374,6.416,22,3.132,47.69,7.702,14.67,22,22,22,22,6.895,22,12.93,22,3.676,2.09,4.474,14.35,11,11,11,1.33,11,11,,6.7,18.53,12.76,13.73,,,,10.77,33,33,33,33,33,23.03,11.92,15.16,24.15,22,11.41,15.49,13.1,33,33,24.87,19.08,15.37,,,9,,,,,110,3.51,6.06,,,,,,,,,,,,,,,,,,,55,10.87,,,78.95,,,,,,,,,,69.43,,33.1,14.09,,,,38.5,,26.65,,11.77,,,,13.26,,12.4,55,20.12,,,,,,,7.314,4.636,6.783,50.3,110,60.18,40.69,,,,71.47,55,23.5,,,,,35.2,18.8,55,55,,,,22,,,,11.73,11,,,,,,16.5,,,55,,,,,,,,,16.17,,,,9.61,,23.97,110,4.3,110,5.93,,,110,29.73,8.03,11.04,55,6.986,24.34,55,43.71,7.666,55,13.51,8.133,,,,,,16.58,12.92,10.65,25.02,30.86,19.65,55,7.845,10.39,,,,1.825,,4.991,,6.695,,,,,,2.842,44,9.033,8.267,44.03,4.331,,,,13.97,,,,,,,,,,,,,,21.41,,,,22,11.39,,,,27.59,12.04,29.64,44,4.385,13.46,10.4,28.97,14.41,,,,8.65,,10.7,,12.17,,,4.71,55,12.25,,,,,,,,,,5.55,37.58,,,,,,,42.25,98.17
54897-65-3,(E)-3-Tetradecenyl acetate / E3-14:Ac,,9.872,,0.84,0.9321,,312.7,47.69,31.35,3.345,10.19,5.743,3.804,3.772,0.9431,5.023,12.37,9.378,7.186,,5.2,11.81,55,52.61,55,37.32,42.34,26.94,2.189,55,55,27.81,0.4057,10.6,1.373,0.5026,0.3158,1.671,4.426,0.7421,,,,,0.9265,,,16.73,20.61,20.64,6.814,16.37,13.94,8.73,11.01,59.53,12.47,19.64,,,,25.54,29.78,33,55,,,36.57,,,,,,,,15.6,18.63,13.1,6.707,,,,,,,,,,,,,,,,,,0.4649,,,0.5,,0.13,,,5.81,,,69.78,,,,44.13,8.64,92.67,27.16,3.92,1.3,2.5,3.63,1.56,3.6,,0.4076,,33,33,11.93,110,54.63,,,,,2.875,,,1.131,1.774,1.665,9.687,9.619,1.436,2.136,2.429,4.515,4.141,2.701,9.701,55,8.597,0.3737,22,22,22,22,11.46,22,17,22,4.154,9.877,8.016,15.37,3.157,6.355,2.244,0.4683,2.723,10.54,4.263,1.303,8.461,0.417,0.4726,6.6,,5.8,1.844,22.25,3.511,10.93,1.039,19.08,8.225,16.65,9.997,9.274,0.5864,0.4319,18.83,55,26.96,33,33,23.72,33,,2.47,,,5.907,4.551,,,4.604,13.39,15.19,37.99,14.53,44,44,10.01,,,,,10.63,3.881,6.082,1.968,,,0.08632,1.58,28.75,,0.7401,22.11,72.83,46.94,14.6,14,15.3,2.842,11.1,4.013,4.359,13.58,75.38,8.636,15.85,17.89,3.483,8.301,4.716,5.61,12.18,11.97,1.702,1.055,17.36,61.87,0.9617,21.8,3.228,3.1,48.67,36.44,0.8313,0.5719,1.313,0.6714,0.5032,0.8397,0.7752,0.4326,0.6667,47.42,42.64,40.07,31.29,28.1,24.2,44,50.23,55,10.17,,,,,5.003,31.16,27.05,55,5.314,3.81,2.5,7.74,1.658,22,1.62,22,,8.639,44,44,44,17.12,10.65,6.81,41.08,55,,55,,,,,,1.64,5.443,31.7,28.2,11.67,8.792,17.03,,110,,,18.06,,65.41,110,36.28,32.36,33.85,55,5.077,17.32,55,34.93,12.55,55,3.719,4.376,26.83,8.5,40.4,26.31,7.64,19.37,7.647,12.15,12.69,25.95,8.835,55,0.3142,0.1612,43.69,22.51,22.28,3.055,,3.3,,,4.368,2.495,1.914,1.643,0.9934,1.589,2.382,0.6564,7.661,4.854,2.305,9.9,8.6,3.1,22.93,0.2028,281.6,5.591,21.51,14.06,29.53,179.7,7.8,9.2,15.8,10.41,11.56,14,6.591,27.5,0.71,5.16,2.299,0.3957,,3.018,7.689,4.1,0.3671,1.38,2.867,5.607,12.89,8.49,27.54,0.6065,0.8526,0.7053,5.795,22.92,,8.511,,10.75,,0.3709,0.2354,16.37,0.5614,6.174,4.124,19.19,23.81,20.32,,,18.18,40.08,3.102,40.9,2.15,2.83,3.45,11,5.68,11,168.4,29.02
140-10-3,Cinnamic acid,2.585,55,,,,,,,,,22,5.34,3.79,3.68,33,5.71,0.08,,,,12.9,,,,,,,,,,,,,33,33,,,,22,22,,,,,22,,,24.59,24.14,21.18,8.627,15.52,33,15.55,,,22,,,,,20.31,55,33,55,,,,,,,,,,,,25.09,77,44,,,,,,,,,,,,,,,,,,0.09,,,,,,,,,79.26,,,,,,,58.17,442.5,305.8,,,,,,,,,2.596,,,75.46,110,110,,,28.81,,,,19.75,0.85,,,,,,,,11.06,10.83,22,13.83,22.35,3.092,38.33,22,22,22,22,22,22,22,22,22,22,22,22,3.05,11,11,1.62,11,11,,8.79,31.86,,,,,,,,,,,,,8.488,14.49,11.6,22,22,22,21.6,33,33,33,15.16,33,,,,,,,,,,,,,,,,,,,,,,,,,,9,,,15.11,,,,48.37,37.19,,26.4,,,,,32.16,75.41,80.66,,24.96,14.07,20.85,11.6,44.69,6.81,34.71,23.84,,10.53,,,,26.95,27.5,9.7,55,34.8,,,,,,,,,,39.15,20.35,17.4,11.58,37.5,16.1,44,32.83,,,,,,,35.2,12.9,55,55,,,,22,,,,4.674,,10.54,20.39,44,16.1,18.14,9.947,14.82,16.31,55,,,,,,,,0.81,15.56,,,,,,24.63,,10.8,,,,,,55,55,55,,,,,,,,,18.79,16.23,29.04,23.6,24.97,22.31,55,33.42,19.63,34.25,27.56,22.95,55,,,,,,8.445,3.751,6.119,13.6,5.5,,,,,,,,,2.146,11.46,4.86,,,,16.42,,,,,,,,,,,8.664,9.247,10.8,15.03,,,,22,,9.89,,8.03,,22,22,22,55,,9.52,18.67,,,,,6,,8.339,,12.11,,,,55,13.13,,,,,,,,,,4.44,,,,,,,,192.9,523.1
19473-96-2,3-[4-(methoxycarbonyl)phenyl]prop-2-enoic acid,3.97,55,8.955,5.811,21.2,64.18,12.12,7.468,8.571,1.031,22,5.34,3.79,3.68,33,5.71,0.08,,,,,,,,,,,,,,,,,33,33,,,,,,,,,,,,,8.67,13.32,11.83,8.17,9.68,33,41.38,,,22,,,,,33,55,33,39.91,,,28.26,,,,,,,,,,,,,,,,,,,,,,,,,,,,,0.82,,,,,,,,,,,,,,,,58.17,442.5,305.8,,,,,,,,,,,,60.6,110,110,,,,,,17.78,,,,,,,,,,9.42,10.53,22,12.1,18.1,1.42,35.22,22,22,22,22,22,22,22,22,22,22,22,22,,,,,,,,,,,,,,,,,,,,,,33,19.07,19.86,22,22,22,39.5,33,33,33,33,33,,,,,,,,63.7,7.01,16.04,27.53,44,10.99,44,44,11.25,,,,,,,,,,9,,,43.51,,,,34.95,37.19,,26.4,,,,,45.77,77.31,73.07,,,9.81,18.79,,37.29,38.5,38.38,20.25,,7.55,,,,,10.15,9.7,55,48.1,,,,,,,,,,,21.41,110,28.62,,,,17.11,,,,,,,,,28.76,55,29.5,,,22,,,,5.03,,,,,,,10.89,,14.67,55,,,,,,,,,,,,,,39.22,,,,,,,,,,,,,,,,,,,,18.79,,,,,,55,33.42,19.63,55,36.31,36.14,55,,,,,,8.087,3.7,5.873,13.6,5.5,,,,,,,,,19.97,,7.97,16.5,17.2,17.7,36.71,,,,,,,,,11,13.5,,,,11.92,,,,,,,,,,,,,55,,,55,,,,,,,,,,,,,55,,16.43,9.62,23.21,20.13,31.74,,,,,,,,,,,,,,
35153-10-7,11‐dodecenyl acetate,,,,18.68,83.17,,414.7,38.17,36.93,3.144,18.66,5.34,3.41,3.68,33,4.29,,,2.7,,5.2,,55,55,55,31.9,55,55,2.04,9.466,55,4.638,55,8.079,1.584,0.4554,0.2779,0.807,4.4,0.65,,,,,0.77,,,13.83,21.92,21.94,2.56,17.1,25.79,28,18.58,59.53,13.68,44,,,,33,35.11,33,45.07,,,35.81,,,,,,,,18.04,15.87,14.17,10.31,,,,,,,,,,,,,,,,,,0.4949,,,12.9,,2.5,,,5.78,12.7,,106.7,,,,7.979,59.59,1100,42.21,,,,,,,,0.8,,,,110,110,110,,,,,2.56,,,1.56,1.613,1.35,,,,,,4.4,4.4,4.4,,,,0.75,22,22,22,22,15.34,22,22,22,,8.783,8.196,22,,,,,,,16.2,,,,,,,,7.288,2.804,5.337,19.15,33,24.53,11.34,33,33,33,22,22,22,37.4,33,33,33,33,33,,2.47,9,,5.7,5,,,,,,,,,,,,,,,10.63,6.55,7.511,2.477,,,0.11,1.18,,,0.6433,,,,98.16,26.4,,,,,11.68,13.58,82.75,15.75,13.32,10.06,3.765,13.25,14.88,10.9,19.12,18.74,,0.7861,19.38,,,16.57,3.9,3.1,46.57,37.06,2.14,1.85,1.44,1.5,22,0.64,,,,53,,,12.09,28.1,24.2,44,12.81,,,,,,,30,29.5,18.12,38.44,3.4,3.81,2.5,10.75,,,,3.701,,13.58,44,44,44,23.39,10.4,88.91,,55,,,,,,,,,4,25.57,24.29,22.07,15.43,18.77,,,,,,,,110,15.99,13.26,21.39,55,4.437,15.6,55,33.01,10.24,55,2.61,8.116,26.83,8.5,40.4,26.31,7.64,3.761,16.76,,36.02,34.16,21.7,55,0.3055,2.631,36.15,34.97,13.72,1.944,6.3,7.423,,2.348,4.341,2.789,1.982,1.766,1.174,1.659,44,32.57,12.69,8.584,2.179,9.9,8.6,3.1,13.97,0.21,281.6,18.92,33.91,48.29,281.6,182.2,,,,10.73,13.2,14.23,26.41,27.5,0.71,5.16,4.4,0.2905,,4.87,7.58,3.82,0.3748,4.4,4.4,55,,,55,0.4949,0.7828,13.2,6.786,,,,,,,23.49,0.2419,10.84,1.02,8.634,3.73,18.25,22.54,18.03,,,,,,,,,,,,,,
16974-34-8,(E)-9-Dodecenyl acetate / E9-12:Ac,,,,0.7166,0.8646,,414.7,38.17,36.93,3.261,19.01,5.34,3.41,3.68,33,4.29,12.5,9.8,3.771,11.6,6.857,,55,45.64,55,32.36,42.78,27.72,6.094,55,55,55,1.116,8.081,1.588,0.4568,0.2788,0.8088,4.4,0.65,,,,,0.77,,,9.464,18.31,15.64,3.133,18.27,26.52,22.12,19.13,60.58,14.99,44,,,,33,37.87,33,41.03,,,35.56,,,,,,,,18.04,19.96,22.14,13.88,,,,,,,,,,,,,,,,,,0.5107,,,0.3585,,0.09605,,,5.78,14.45,,92.36,,,,12.76,38.87,259.2,35.88,,,,,,,,0.8,,,,35.04,110,76.71,,,,,2.698,,,1.413,1.627,1.35,9.93,9.94,1.56,2.23,2.54,3.153,3.153,2.704,9,55,11.47,0.5404,22,22,22,22,15.71,22,22,22,3.72,9.3,8.714,22,3.291,5.857,1.782,0.394,2.268,10.65,10.2,1.028,7.763,0.3641,0.4111,,,,2.839,8.704,4.524,15.53,3.018,23.92,8.549,33,21.87,33,10.38,14.62,22,33.46,33,33,33,33,33,,2.47,9,,5.7,5,,,,,,,,,,,,,,,10.63,6.55,7.416,2.368,,,0.08984,1.225,22.45,,0.6764,38.8,,,83.75,18.86,,,,,10.49,11.49,78.41,6.083,13.32,14.42,3.311,12.77,14.17,9.253,17.62,24.24,1.73,0.8807,18.7,,0.9408,16.41,3.9,3.1,48.34,37.97,1.246,1.041,1.209,0.9586,2.762,0.5522,0.5675,0.276,0.4933,49.02,110,47.84,22.67,28.1,24.2,44,22.99,55,12.5,,,,,30,29.5,18.37,39.43,7.8,3.81,2.5,6.88,,,,4.096,,13.58,44,44,44,23.39,10.18,8.883,,55,,,,,,,,1.64,2.676,20.99,21.18,16.45,9.667,17.9,,,,,,,,110,18.56,15.74,23.97,55,5.795,22.52,55,32.21,13.51,55,5.202,7.317,13.41,7.731,25.11,26.13,6.999,3.838,16.31,22.88,43.18,30.29,20.09,55,0.3109,3.187,35.91,22.03,13.66,2.203,6.3,7.424,,2.35,4.394,2.296,1.87,1.588,0.8878,2.874,20.35,34.88,13.3,7.094,2.254,9.9,8.6,3.1,20.04,0.1671,281.6,9.424,26.14,23.85,77.57,166.6,7.8,9.2,15.8,10.27,13.15,14.21,16.05,27.5,0.71,5.16,4.4,0.2661,,4.87,7.58,3.82,0.5397,3.699,4.4,55,,,55,0.4947,0.7579,13.2,6.605,55,,8.07,,55,,0.2988,0.2861,10.66,0.913,8.786,4.061,17.77,23.44,15.24,,,15.57,39.49,,,2.15,2.83,3.45,11,5.68,11,,
16974-11-1,(Z)-9-Dodecenyl acetate / Z9-12:Ac,,,,0.7166,0.8646,,414.7,38.17,36.93,3.261,19.01,5.34,3.41,3.68,33,4.29,12.5,9.8,3.771,11.6,6.857,,55,45.64,55,32.36,42.78,27.72,6.094,55,55,55,1.116,8.081,1.588,0.4568,0.2788,0.8088,4.4,0.65,,,,,0.77,,,9.464,18.31,15.64,3.133,18.27,26.52,22.12,19.13,60.58,14.99,44,,,,33,37.87,33,41.03,,,35.56,,,,,,,,18.04,19.96,22.14,13.88,,,,,,,,,,,,,,,,,,0.5107,,,0.3585,,0.09605,,,5.78,14.45,,92.36,,,,12.76,38.87,259.2,35.88,,,,,,,,0.8,,,,35.04,110,76.71,,,,,2.698,,,1.413,1.627,1.35,9.93,9.94,1.56,2.23,2.54,3.153,3.153,2.704,9,55,11.47,0.5404,22,22,22,22,15.71,22,22,22,3.72,9.3,8.714,22,3.291,5.857,1.782,0.394,2.268,10.65,10.2,1.028,7.763,0.3641,0.4111,,,,2.839,8.704,4.524,15.53,3.018,23.92,8.549,33,21.87,33,10.38,14.62,22,33.46,33,33,33,33,33,,2.47,9,,5.7,5,,,,,,,,,,,,,,,10.63,6.55,7.416,2.368,,,0.08984,1.225,22.45,,0.6764,38.8,,,83.75,18.86,,,,,10.49,11.49,78.41,6.083,13.32,14.42,3.311,12.77,14.17,9.253,17.62,24.24,1.73,0.8807,18.7,,0.9408,16.41,3.9,3.1,48.34,37.97,1.246,1.041,1.209,0.9586,2.762,0.5522,0.5675,0.276,0.4933,49.02,110,47.84,22.67,28.1,24.2,44,22.99,55,12.5,,,,,30,29.5,18.37,39.43,3.8,3.81,2.5,6.88,,,,4.096,,13.58,44,44,44,23.39,10.18,8.883,,55,,,,,,,,1.64,2.676,20.99,21.18,16.45,9.667,17.9,,,,,,,,110,18.56,15.74,23.97,55,5.795,22.52,55,32.21,13.51,55,5.202,7.317,13.41,7.731,25.11,26.13,6.999,3.838,16.31,22.88,43.18,30.29,20.09,55,0.3109,3.187,35.91,22.03,13.66,2.203,6.3,7.424,,2.35,4.394,2.296,1.87,1.588,0.8878,2.874,20.35,34.88,13.3,7.094,2.254,9.9,8.6,3.1,20.04,0.1671,281.6,9.424,26.14,23.85,77.57,166.6,7.8,9.2,15.8,10.27,13.15,14.21,16.05,27.5,0.71,5.16,4.4,0.2661,,4.87,7.58,3.82,0.5397,3.699,4.4,55,,,55,0.4947,0.7579,13.2,6.605,55,,8.07,,55,,0.2988,0.2861,10.66,0.913,8.786,4.061,17.77,23.44,15.24,,,15.57,39.49,,,2.15,2.83,3.45,11,5.68,11,,
53398-85-9,[(Z)-hex-3-enyl] 2-methylbutanoate,,,,,,,,,,,22,,,,,,,,,11.6,16.1,,55,55,55,32.78,39.12,21.71,55,55,55,55,55,9.834,4.029,0.4676,0.2867,0.8227,4.4,0.65,,,,,0.77,,,5.614,12.06,9.684,11.26,12.53,33,8.653,21.53,108.8,22,44,,,,33,41.86,33,36.44,,,,,,,,,,,,20.01,20.94,15.23,,,,,,,,,,,,,,,,,,,,,,,,,,,35,,,,,,47.66,41.2,160.3,33.51,,,,,,,,,,,,110,110,110,,,,,3.727,,,1.562,1.062,1.35,9.93,9.94,,,,4.767,4.767,4.767,9,55,11.47,0.75,22,22,22,22,1.037,22,15.02,6.778,3.72,22,3.778,22,4.08,11,11,1.51,11,11,97.03,33.53,21.21,19.99,14.87,,,,33,33,33,33,33,,,33,23.18,33,22,22,22,31.4,33,33,33,33,33,,2.47,,,5.7,5,,,,,,,,,,,,,,,10.63,,7.26,2.24,,,0.11,1.18,55,,1.064,,,,55.4,14.39,,,,,12.5,14.4,73.82,,,11.28,5.586,14.35,16.5,4.512,20.79,23.79,,1.616,18.53,,,14.06,,,50.19,45.21,2.14,1.85,1.44,1.5,22,0.64,1.266,0.6326,1.387,,110,47.84,46.62,,,,47.53,55,12.5,,,,,30,29.5,18.53,39.83,4.532,,,22,,,,8.89,,13.58,44,44,44,23.39,11.29,13.92,,55,,,,,,,,1.64,3.009,25.57,24.29,22.07,8.747,18.77,,,,,,,,,55,55,55,55,8.599,36.3,55,33.7,20.22,55,14.56,9.146,,,,,,3.66,16.23,22.88,55,26.84,22.15,55,0.803,6.778,37.95,19.72,14.13,8,,,,,4.61,2.015,1.97,2.13,1.14,26.66,22.54,44,8.906,11.58,2.386,,,,37.43,0.21,281.6,18.92,33.91,48.29,281.6,182.2,,9.2,15.8,10.14,13.14,14.19,14.78,27.5,0.71,5.16,4.56,0.2685,,,,,1.38,4.179,4.56,55,,,32.47,0.4949,0.7116,13.2,6.262,55,,8.07,,55,,,0.2913,16.12,1.257,11.26,7.18,18.68,31.36,14.32,,,15.57,39.49,,,,,,,,,,
33467-74-2,(Z)-3-hexen-1-yl propionate,,19.29,,0.84,1.08,,,,,,22,,,,,,,,,11.6,16.1,,45.25,46.67,55,39.02,36.31,23.18,55,55,55,55,55,9.92,4.067,0.468,0.287,0.8231,4.4,0.65,,,,,0.77,,,6.86,13.65,11.24,5.562,11.89,28.17,9.699,21.53,68.85,14.15,44,,,,33,42.62,33,37.76,,,35.91,,,,,,,,,44,51.57,44,,,,,,,,,,,,,,,,,,,,,,,,,,5.78,35,,74.44,,,,47.61,41.1,158.5,33.38,,,,,,,,,,,,110,110,110,,,,,3.212,,,1.592,1.093,1.35,9.93,9.94,,,,4.875,4.875,4.875,9,55,11.47,0.6056,22,22,22,22,0.8183,22,14.63,6.259,3.72,22,3.362,22,4.08,11,11,1.51,11,11,29.66,33.53,21.21,19.99,14.87,,,,5.748,1.103,3.146,15.38,33,,,33,23.16,33,22,22,22,31.4,33,33,33,33,33,,2.47,,,5.7,5,,,,,,,,,,,,,,,10.63,6.55,7.487,2.45,,,0.09102,1.18,55,,1.074,172.6,,,55,14.3,,,,,13.36,13.81,73.77,,,10.64,6.306,13.32,15.51,5.015,21.74,23.25,,1.66,18.52,,,19.9,,,50.31,41.13,2.14,1.85,1.44,1.5,22,0.64,1.321,0.6648,1.461,44.9,110,47.84,46.62,,,,47.53,55,12.5,,,,,30,29.5,18.52,39.79,4.595,3.81,2.5,22,,,,8.89,,13.58,44,44,44,23.39,11.32,14.22,,55,,,,,,,,1.64,3.009,25.57,24.29,22.07,8.747,18.77,,,,,,,,,55,55,55,55,6.041,23.47,55,32.42,14.26,55,5.798,9.146,12.24,8.838,23.6,26.39,7.92,3.66,16.23,22.88,55,26.91,22.16,55,0.8545,7.799,37.95,19.72,14.13,8,,,,,4.61,2.017,1.97,2.13,1.14,18.27,22.54,44,8.974,11.67,2.401,,,,37.36,0.21,281.6,18.92,33.91,48.29,281.6,182.2,,9.2,15.8,10.21,12.18,13.13,14.78,27.5,0.71,5.16,4.658,0.2689,,,7.58,3.82,1.423,4.277,4.658,55,,,34.47,0.4949,0.7116,13.2,6.262,55,,8.07,,55,,,0.2915,15.65,1.288,5.131,5.244,17.77,30.97,12.62,,,15.57,39.49,,,,,,,,,,
199393-24-3,"methyl (E)-3-(2,5-dimethylphenyl)-2-propenoate",,,,,,,,,,,,,,,,,0.14,,,,,,,,,,,,,,,,,,,,,,,,,,,,,,,,,,,,,,,,,,,,,,,,,,,,,,,,,,,,,,,,,,,,,,,,,,,,,,,,,,,,,,,,,,,,,,,,,,,,,,,,,,,,,,110,110,110,,,,,,,,,,,,,,,,,,,,,,,,,,,,,,,,,,,,,,,,,,,,,,,,,,,,,,,,,,,,,,,,,,,,,,,,,,,,,,,,,,,,,,,,,,,,,9,,,,,,,,,,,,,,,,,,,,,,,,,,,,,,,,97.05,18.1,,,,,,,,,,,,,,,,,,,,,,,,,,,,,,,,,,,,,,,,,,,,,,,,,,,,,,,,,,,,,,,,,,,,,,,,,,,,,,,,,,,18.01,55,36.23,24.63,27.87,,,,,,,,,,,,,10,,7.5,,,,,,,,,,,,,,,,,,,,,,,,,,,,,,,,,,,,,,,,,,,,,,,,,,,,,,,,,,,,,,,,,,,,,,,,,,,,,,,,
114498-64-5,methyl (E)-3-(4-ethylphenyl)-2-propenoate,3.97,55,,,,,,,,,,5.34,3.79,3.68,33,5.71,0.17,,,,,,,,,,,,,,,,,,,,,,,,,,,,,,,27.4,25.39,22.13,,,,31.22,,,,,,,,,,,,,,,,,,,,,,,,,,,,,,,,,,,,,,,,,,,,,,,,,,,,,,,,,,,58.17,442.5,305.8,,,,,,,,,,,,75.46,110,110,,,,,,17.78,,,,,,,,,,9.42,10.53,22,12.1,18.1,1.42,35.22,22,22,22,22,22,22,22,22,,22,22,22,,,,,,,,,,,,,,,,,,,,,,,,,,,,,,,,,,,,,,,,,,,,,,,,,,,,,,,,,,,9,,,,,,,58.47,37.19,,,,,,,,,,,,,,,,,,,,,,4.166,,13.21,9.424,9.7,,,,,,,,,,,,,22.27,110,31.42,,,,48.33,,,36.45,48.21,27.95,11.72,,,55,55,,,,22,,,,5.03,,,,,,,11.8,,14.67,55,,,,,,,,,,,,,,,13.83,,,,,,,,55,55,55,55,6.5,23.3,55,55,25.5,55,12.3,18.79,14.35,26.56,23.46,25.98,20.1,55,33.42,19.63,55,55,55,55,,,40.3,37.94,14.82,8.097,3.7,5.881,13.6,5.5,,,,,,,,,,,,,,,,,,,,,,,,,,,,,,,,,,,,,,,,,,,,,55,,,,,,,,,,,,,55,,,,,,,,,,,,,,,,,,,,
26553-47-9,Ethyl (E)-3-octenoate,,12.3,,0.84,0.7937,,,,,3.741,22,5.34,3.79,3.68,33,5.71,12.5,9.8,15.3,,,,55,31.88,55,37.11,55,33.62,3.712,55,55,55,0.776,7.251,2.022,0.4287,0.2661,1.031,4.4,0.65,,,,,0.77,,,31.23,33.35,31.64,5.353,9.604,33,4.25,9.103,80.05,13.01,21.61,,,,33,39.97,33,41.16,,,30.77,,,,,,,,18.04,19.03,8.979,9.682,,,,,,,,,,,,,,,,,,,,,0.5,,0.13,,,5.78,,,91.25,,,,8.953,53.77,1100,43.7,,,,,,,,0.4463,,,,16.57,110,60.59,,,,,3.07,,,1.56,0.8975,1.35,,,1.56,2.23,2.54,4.4,4.4,2.71,,,,0.3832,22,22,22,22,1.678,22,15.03,6.793,3.72,22,3.266,22,3.11,5.34,1.43,0.28,2.67,11,7.415,1.2,8.65,0.3337,0.3822,,,,1.753,6.785,2.913,12.23,1.439,24.31,8.366,21.06,11.74,10.92,0.7153,0.6943,22,39.87,33,33,33,33,33,,2.47,,,5.7,5,,,7.13,11.69,17.43,44,11.71,44,44,10.64,,,,,10.63,3.851,6.392,2.184,,9,0.09,1.351,20.72,,0.7335,27.6,,,72.31,26.4,,,,,16.11,16.48,82.86,7.435,13.32,4.421,5.469,12.99,16.72,11.22,22.34,12.12,1.73,0.8985,18.45,,0.9246,13.05,3.194,9.7,48.12,40.58,0.9248,0.7323,1.308,0.7439,0.9096,0.7074,0.7736,0.3682,0.7044,47.25,40.33,36.34,57.91,,,,48.21,26.8,11.8,,,,,30,29.5,19.58,42.77,4.539,3.81,2.5,1.18,,,,9.949,,13.58,44,44,44,23.39,9.311,88.91,,55,,,,,,,,,2.841,24.89,23.84,12.9,11.96,15.91,,,,,,,,110,17.02,7.109,22.43,55,4,13.2,55,34.5,9.3,55,2,7.659,12.25,8.828,23.61,26.38,7.911,4.339,16.76,,45.18,29.96,18.89,55,0.3043,0.2994,36.15,34.97,13.72,7.993,3.7,5.794,13.6,5.5,4.37,2.68,1.911,1.639,0.9867,2.84,22.54,44,8.166,5.264,2.16,,,,45.75,0.1922,281.6,6.04,22.14,15.2,34.06,176,7.8,,,10.47,11.06,13.76,26.41,27.5,0.71,5.16,3.672,0.2629,,4.87,7.58,3.82,0.387,4.4,3.653,55,,,55,0.4983,0.7771,4.59,7.071,,,,,,,0.399,0.2307,13.21,0.936,6.029,5.133,20.33,27.44,16.66,,,,,4.88,,2.15,2.83,3.45,11,5.68,11,,
60037-58-3,(Z)-13-Octadecenyl acetate / Z13-18:Ac,,11.24,,0.5779,1.306,,320,37.58,31.77,3.405,18.56,5.162,2.506,3.669,3.142,4.466,12.34,9.367,4.633,11.6,1.453,14.3,55,43.85,55,31.85,55,55,1.989,55,55,21.2,1.611,8.236,1.63,0.4352,0.2628,0.8208,3.154,0.3617,,,,,0.4718,,,13.68,23.02,21.82,2.533,17.18,25.58,27.18,13.81,60.07,13.38,27.01,,,,33,34.68,33,45.06,,,34.37,,,,,,,,16.25,15.48,14.9,9.61,,,,,,,,,,,,,,,,,,0.4371,,,0.2978,,0.08113,,,5.78,13.36,,74.62,,,,10.83,9.903,106.8,27.31,3.92,1.3,2.5,3.63,1.56,3.6,,0.546,,33,33,28.49,110,71.87,,,12.36,13.89,2.704,,,0.9972,1.661,0.9804,,,1.56,2.23,2.54,3.286,3.685,4.4,9.696,36.44,5.839,0.75,22,22,22,22,15.36,22,22,22,3.658,8.8,8.212,22,3.168,6.3,2.188,0.4665,2.668,10.55,7.152,1.494,8.352,0.4098,0.4629,6.6,,5.8,2.83,8.57,4.49,15.53,3.021,25.94,7.787,21.65,13.37,11.68,0.8564,0.888,22,37.41,33,33,33,33,33,,2.47,9,,5.515,4.696,,,4.156,13.35,16.43,36.31,13.85,44,44,10.27,,,,,10.63,4.45,6.957,2.317,,,0.08974,1.286,6.029,,0.6596,15.95,72.83,48.83,66.31,26.4,,,,,7.608,13.01,78.74,8.839,12.11,10.26,2.912,12.91,9.219,11.62,15.64,18.92,1.73,0.8158,18.77,63.15,0.926,15.66,2.978,3.353,47.27,36.73,1.192,0.9884,1.205,0.915,2.308,0.5667,0.7036,0.2969,0.6104,48.93,110,110,14.49,28.1,24.2,44,19.79,34.13,12.16,,,,,9.482,28.53,17.89,42.34,5.036,3.81,2.5,7.473,,,,5.018,,13.58,44,44,44,23.39,10.7,9.995,,55,,55,,,,,,,3.048,22.51,22.23,14.06,12.22,17.33,,110,,,25.14,,65.83,110,20.1,17.62,24.26,55,4.376,15.26,55,33.17,10.11,55,2.518,6.462,13.27,7.827,24.93,26.15,7.08,5.536,9.439,12.04,41.63,32.76,19.63,55,0.3044,0.6,37.12,28.43,14.69,2.13,3.75,4.229,13.6,2.812,4.362,2.444,1.928,1.664,1.028,1.538,3.444,2.794,12.61,6.153,2.092,9.301,8.6,3.1,16.05,0.168,281.6,8.877,25.56,22.45,69.45,167,7.8,,,10.71,11.32,14.04,8.417,27.5,0.71,5.16,3.666,0.2639,,4.803,7.364,3.82,0.3875,4.4,3.646,7.853,,8.49,55,0.4909,0.7637,13.2,6.896,55,,55,,6.256,,0.2759,0.2317,10.6,0.9373,8.221,3.738,18.27,22.64,17.8,,,23.93,189.5,2.814,41.36,2.15,2.83,3.45,11,5.68,11,,
142-90-5,Lauryl methacrylate / Dodecyl methacrylate,,12.31,,0.84,2.281,,312.7,47.69,31.35,3.227,17.69,4.995,3.449,3.631,33,4.436,,,3.212,14.9,1.555,11.8,55,40.9,55,55,55,55,55,55,55,55,1.38,8.171,1.603,0.4397,0.2662,0.8118,4.364,0.7204,,,,,0.9011,,,26.1,34.18,39.94,2.422,14.92,23.88,23.68,11.03,51.8,11.76,25.24,,,,33,28.11,33,55,,,34.12,,,,,,,,16.15,14.38,17.36,10.24,,,,,,,,,,,,,,,,,,0.44,,,0.5,,0.13,,,5.618,11.97,,91.25,,,,8.07,4.556,71.32,6.535,,,,,,,,0.514,,33,33,59.88,110,110,,,12.36,13.89,2.85,,,1.028,2.405,1.935,9.807,10.1,2.88,3.07,3.53,5.183,5.692,6.247,8.486,38.09,6.659,1.049,22,22,22,22,15.35,22,22,22,2.939,8.789,8.202,22,5.23,11,11,1.98,11,11,6.162,2.05,22.32,2.494,3.008,,,,5.761,1.547,3.457,16.48,33,24.53,11.34,8.344,21.07,33,22,22,17.48,35.72,19.76,33,33,12.9,33,,,,,,,,,6.307,14.78,15.94,44,12.58,44,44,9.469,,,,,10.63,6.55,7.387,2.336,,,0.09523,1.068,6.654,,0.7145,14.83,,,12.29,26.4,14.47,2.289,9.223,3.275,14.59,9.756,78.84,16.15,13.76,11.77,5.566,8.847,14.84,38.5,22.7,19.98,2.25,0.9313,17.7,63.15,,18.17,3.476,3.236,46.28,34.46,2.134,1.874,1.447,1.187,2.132,0.5063,3.6,2.59,3.43,53,40.63,45,8.228,28.1,24.2,44,9.843,55,10.63,,,,,5.2,35.2,19.35,46.79,4.715,3.81,2.5,0.6323,1.658,22,1.62,2.72,,8.93,44,44,44,17.46,6.116,58.11,,55,,,,,,,,,,,,,,18.13,,110,,,18.06,,69.87,110,34.46,28.33,55,55,4,13.2,55,55,9.3,55,2,5.75,13.85,7.465,25.67,26.06,6.777,4.876,5.705,12.25,18.86,29.38,9.917,55,0.3068,4.24,36.15,34.97,13.72,8,3.7,3.16,13.6,5.5,4.355,2.73,1.944,1.692,1.07,1.091,2.2,0.6004,9.367,9.21,2.355,9.107,8.6,3.1,32.45,0.21,281.6,18.92,33.91,48.29,281.6,182.2,,,,12.69,12.15,17.5,7.551,27.5,0.71,5.16,3.584,0.2798,,3.704,7.58,3.82,0.3954,4.4,3.563,4.09,12.89,8.49,55,0.3827,0.8294,13.2,6.855,55,,55,,5.82,,23,0.2459,14.09,0.9563,4.819,3.69,19.65,22.97,20.9,,,,,3.174,40.78,,,,,,,168.4,29.02
64187-83-3,Ethyl cis-3-hexenoate,,13.06,,,,,,,,3.82,22,,,,,,0.06,,,11.6,13.84,,45.77,34.33,55,43.26,38.49,23.95,55,55,55,55,8,15.68,6.227,,,,,,,,,,,,,10.72,16.75,14.7,5.857,11.47,33,5.117,9.551,115,22,19.94,,,,33,41.78,33,39.46,,,30.58,,,,,,,,,21.07,13.98,13.21,,,,,,,,,,,,,,,,,,,,,,,,,,,35,,,,,,9.046,37.53,176.2,34.56,,,,,,,,0.4278,,,,110,110,110,,,,,3.187,,,5.55,7.2,,9.93,9.94,,,,22,22,22,9,55,11.47,55,22,22,22,22,1.618,22,15.92,8.125,3.72,22,4.919,22,4.08,11,11,1.51,11,11,97.03,33.53,21.21,19.99,14.87,,,,,,,,,24.53,11.34,33,23.04,33,22,22,22,31.4,33,33,33,33,33,,2.47,,,5.7,5,,,7.13,11.69,17.43,44,11.71,44,44,10.64,,,,,,,,,,9,,,55,,1.534,,,,61.48,15.51,,,,,21.66,73.19,70.41,15.75,13.32,4.137,16.43,14.35,22.44,4.237,31.56,12.09,,5.468,17.98,,,12.81,3.3,,55,36.46,,,,,,,1.483,0.8433,1.787,,38.89,38.58,39.25,,,,51.21,55,12.5,,,,,30,29.5,19.22,41.53,4.074,,,22,,,,8.89,,13.58,44,44,44,23.39,10.94,88.91,,55,,,,,,,,1.64,3.33,25.57,24.29,22.07,7.84,19.87,,,,,,,,,11.52,4.694,16.65,55,8.402,33.5,55,33.98,20.53,55,13.78,6.564,,,,,,6.072,16.13,22.88,55,28.21,22.07,55,3.297,13.07,37.95,19.72,14.13,8,,7.5,,,4.61,2.77,1.97,2.13,1.14,6.416,22.54,44,8.808,14.98,2.734,,,,35.63,,,,,,,,,9.2,15.8,10.2,11.74,12.27,13.21,,,,4.634,0.4365,,,,,1.518,4.088,4.634,55,,,55,,,,,55,,8.07,,55,,,0.493,16.94,1.532,12.45,7.176,18.52,28.86,13.63,,,15.57,39.49,,,,,,,,,,
2396-83-0,Ethyl (E)-3-hexenoate / Ethyl hex-3-enoate,,13.06,,,,,,,,3.82,22,,,,,,0.06,,,11.6,13.84,,45.77,34.33,55,43.26,38.49,23.95,55,55,55,55,8,15.68,6.227,,,,,,,,,,,,,10.72,16.75,14.7,5.857,11.47,33,5.117,9.551,115,22,19.94,,,,33,41.78,33,39.46,,,30.58,,,,,,,,,21.07,13.98,13.21,,,,,,,,,,,,,,,,,,,,,,,,,,,35,,,,,,9.046,37.53,176.2,34.56,,,,,,,,0.4278,,,,110,110,110,,,,,4.41,,,5.55,7.2,,9.93,9.94,,,,22,22,22,9,55,11.47,55,22,22,22,22,1.618,22,15.92,8.125,3.72,22,4.919,22,4.08,11,11,1.51,11,11,97.03,33.53,21.21,19.99,14.87,,,,,,,,,24.53,11.34,33,23.04,33,22,22,22,31.4,33,33,33,33,33,,2.47,,,5.7,5,,,7.13,11.69,17.43,44,11.71,44,44,10.64,,,,,,,,,,9,,,55,,1.534,,,,61.48,15.51,,,,,21.66,73.19,70.41,15.75,13.32,4.137,16.43,14.35,22.44,4.237,31.56,12.09,,5.468,17.98,,,12.81,3.3,,55,36.46,,,,,,,1.483,0.8433,1.787,,38.89,38.58,39.25,,,,51.21,55,12.5,,,,,30,29.5,19.22,41.53,4.074,,,2.422,,,,8.067,,13.58,44,44,44,23.39,10.94,88.91,,55,,,,,,,,1.64,3.33,25.57,24.29,22.07,7.84,19.87,,,,,,,,,11.52,4.694,16.65,55,8.402,33.5,55,33.98,20.53,55,13.78,6.564,,,,,,6.072,16.13,22.88,55,28.21,22.07,55,3.297,13.07,37.95,19.72,14.13,8,,7.5,,,4.61,2.77,1.97,2.13,1.14,6.416,22.54,44,8.808,14.98,2.734,,,,35.63,,,,,,,,,9.2,15.8,10.2,11.74,12.27,13.21,,,,4.634,0.4365,,,,,1.518,4.088,4.634,55,,,55,,,,,55,,8.07,,55,,,0.493,16.94,1.532,12.45,7.176,18.52,28.86,13.63,,,15.57,39.49,,,,,,,,,,
4610-69-9,(Z)-Ethyl cinnamate,2.66,16.44,,,,,,,,,22,4.498,3.502,1.937,5.168,3.203,0.07859,,1.539,7.989,2.743,,55,33.79,55,55,30.79,39.69,,,,,,15.12,6.537,,,,22,22,,,,,22,,,25.34,24.04,20.87,6.342,15.58,33,6.668,,143.5,22,44,,,,21.68,55,33,55,,,30.58,,,,,,,,,9.561,6.777,11.79,,,,,,,,,,,,,,,,,,0.09,,,12.9,,2.5,,,,17.38,,,,,,8.07,59.64,447.8,41.29,,,,,,,,0.7024,2.607,,,24.67,24.23,16.85,,,12.2,13.89,3.132,,,0.85,,,,,,,,9.526,10.55,22,12.21,18.37,1.499,35.43,22,14.03,12.71,6.344,22,22,22,22,22,22,22,22,3.05,11,11,1.62,11,11,,8.79,31.86,,,,,,,,,,,24.53,11.34,11.45,17.84,17.46,22,22,22,22.09,33,33,33,20.55,33,,,,,,,,,7.13,11.69,17.43,44,11.71,44,44,10.64,,,,,,,,,,9,,,5.016,,,14.83,44.86,37.19,,26.4,,,,,32.24,75.41,80.66,15.75,12.75,2.238,17.66,11.81,26.89,6.812,35.42,8.224,,10.53,,36.5,,11.62,6.533,3.861,55,29.77,,,,,,,,,,39.88,19.4,16.25,8.731,28.36,15.9,44,13.29,,,,,,,35.2,12.9,55,55,,,,6.948,,,,5.252,,10.49,20.38,44,16.08,18.16,9.937,14.82,16.31,55,,,,,,,,0.81,15.56,,,,,32.87,24.63,,10.8,,,,,,12.61,5.795,17.84,55,6.5,23.3,55,55,25.5,55,12.3,7.582,16.51,27.14,23.62,25.32,22.74,19.87,33.42,19.63,38.85,33.19,23.24,55,,,,,,8.385,2.818,6.144,13.6,5.5,,,,,,6.02,,,2.404,203.1,9.26,11.16,9.931,4.303,16.67,,,,,,,,,,,8.657,9.237,10.76,12.35,,,,22,,9.89,,8.03,,22,22,22,55,,9.52,12.46,,,,,7.75,,7.47,,16.22,,,,46.62,13.13,,,,,,,,,,4.079,31.86,,,,,,,192.9,523.1
103-26-4,Methyl cinnamate,2.801,55,150.3,9.15,51.85,64.18,39.41,8.29,50.58,6.83,22,5.34,3.79,3.68,33,5.71,0.09895,,,,13.7,,55,35,55,55,28.4,55,,,,,,33,33,,,,22,22,,,,,22,,,14.14,17.62,14.84,7.844,10.46,33,18.71,,,22,,,,,21.57,55,33,42.31,,,28.26,,,,,,,,,25.02,77,44,,,,,,,,,,,,,,,,,,0.09,,,,,,,,,79.26,,,,,,,58.17,442.5,305.8,,,,,,,,0.7,2.542,,,63.84,110,110,,,28,,,17.78,,0.85,,,,,,,,8.755,10.39,22,11.39,16.44,0.9965,33.89,22,16.06,14.98,9.211,22,22,22,22,22,22,22,22,3.05,11,11,1.62,11,11,,8.79,31.86,,,,,,,,,,,,,10.63,15.39,14.84,22,22,22,23.56,33,33,33,19.78,33,,,,,,,,63.7,7.01,16.04,27.53,44,10.99,44,44,11.25,,,,,,,,,,9,,,17.23,,,,33.35,37.19,,26.4,,,,,32.09,75.4,73.11,,24.96,9.831,18.8,11.6,37.33,6.741,34.69,20.27,,7.565,,36.5,,14.77,18.1,9.7,55,30.93,,,,,,,,,,39.07,19.46,18.14,16.59,37.5,16.1,44,22.38,,,,,,,35.2,12.9,29.78,55,29.5,,,22,,,,4.999,,10.51,20.39,44,16.09,18.15,7.977,14.82,14.67,55,,,,,,,,0.81,15.56,,,,,39.22,24.63,,10.8,,,,,,55,55,55,55,6.5,23.3,55,55,25.5,55,12.3,18.79,16.5,27.21,23.62,25.31,22.72,55,33.42,19.63,38.96,30.01,24.7,55,,,,,,8.226,3.046,6.016,13.6,5.5,,,,,,,,,2.753,11.46,5.026,,,,18.2,,,,,,,,,11,13.5,8.659,9.24,10.78,8.994,,,,22,,9.89,,8.03,,22,22,22,55,,9.52,55,,,,,6.825,,6.563,,15.84,,,,55,13.13,16.43,9.62,23.21,20.13,31.74,,,,,4.44,,,,,,,,192.9,523.1
301-02-0,Oleamide,,9.727,,0.84,0.9281,,312.7,47.69,31.35,3.985,10.3,5.399,5.66,1.277,0.7006,2.668,12.37,9.38,7.048,7.3,,12.17,55,51.76,55,34.88,55,55,2.27,55,55,55,0.7397,3.169,1.329,2.221,1.749,1.621,4.977,0.9511,,,,,1.168,,,28.65,31.96,30.37,7.118,15.84,14.97,31.18,8.655,61.54,10.88,22.25,,,,25.63,27.24,33,55,,,34.89,,,,,,,,15.61,18.88,8.387,5.223,,,,,,,,,,,,,,,,,,0.4273,,,0.2553,,0.03723,,,5.759,,,67.06,,,,45.16,4.599,63.77,7.61,3.92,1.3,2.5,3.63,1.56,3.6,,0.5657,2.88,33,33,9.868,110,53.71,,,,,2.848,,,0.911,1.236,1.582,9.807,10.1,1.42,2.123,2.415,4.305,4.183,2.637,10.94,38.04,6.738,0.2711,15.91,22,22,22,1.987,22,3.106,1.936,3.649,2.662,0.8349,10.13,3.186,6.332,2.221,0.4739,2.7,10.54,4.888,1.513,8.445,0.4307,0.4811,6.6,,5.52,1.503,21.49,3.193,10.28,0.9164,20.4,8.146,17.2,10.35,9.831,0.6533,0.5004,18.42,55,27.61,33,33,15.8,33,,,,,7,4.6,,,4.495,13.14,14.65,37.8,13.45,44,44,9.29,,,,,10.63,3.816,6.201,1.986,,,0.0817,1.358,22.95,,0.7543,22.09,70.97,47.1,18.62,26.4,14.47,2.289,9.223,3.275,6.817,15.55,88.94,9.393,14.88,6.601,7.603,14.12,6.146,7.514,12.24,10.88,1.675,1.11,17.91,60.38,0.9581,13.21,5.022,2.7,45.94,35.95,0.8001,0.5629,1.475,0.6406,0.4786,0.9941,0.6978,0.3479,0.6652,47.51,40.83,50.94,35.33,,,,71.7,55,16.87,,,,,4.627,35.2,41.99,46.4,5.125,3.81,2.5,5.55,1.658,22,1.62,22,11.17,8.916,44,44,44,17.44,9.107,6.45,41.08,55,,55,,,,,,,5.588,66.54,47.17,12.69,10.73,17.08,,110,,,19.23,,29.02,110,26.24,25.75,34.35,55,4,13.2,55,55,9.3,55,2,6.099,13.49,7.672,25.22,26.11,6.95,7.727,7.89,12,13.22,25.13,7.325,55,0.3121,0.1683,45.92,24.63,26.16,3,,3.3,,,4.355,2.458,1.944,1.692,1.07,1.296,2.348,0.7496,6.242,5.169,2.237,,,,21.22,0.2137,281.6,5.259,21.02,13.21,26.36,183.4,7.8,,,10.77,10.62,14.12,6.209,27.5,0.71,5.16,2.859,0.7264,12.59,2.822,7.696,3.784,0.3676,1.723,3.796,3.444,12.89,8.49,55,0.7153,0.8649,0.897,6.834,19.64,,17.39,,6.27,,0.3826,0.3382,18.22,0.4988,10.33,6.99,15.82,24.16,22.67,,,18.66,46.5,2.632,40.52,2.15,2.83,3.45,11,5.68,11,160.4,31.85
101-39-3,methylcinnamaldehyde,2.64,55,105,4.01,17.99,21.26,38.78,2.72,,3.75,22,4.386,2.275,0.8423,0.5717,1.441,,,2.7,7.3,,,55,35,55,55,55,55,,,,,,12.8,11.78,,,,22,22,,,,,22,,,25.8,26.3,22.22,8.652,15.47,33,11.97,,,22,,,,,20.21,55,33,55,,,,,,,,,,,,26.29,77,44,,,,,,,,,,,,,,,,,,0.09,,,,,,,,,79.26,,15.69,,,,21.45,1100,302.1,1100,,,,,,,,0.7,2.646,,,17.16,15.02,9.315,,,27.65,,,,,0.85,,,,,,,,22,12.23,22,24.5,55,86,55,22,22,22,22,16.04,22,22,22,22,22,12.17,22,3.05,11,11,1.62,11,11,,8.79,31.86,,,,,,,,,,,,,8.51,14.42,11.66,22,22,22,21.64,33,33,33,15.22,33,,,,,,,,,,,,,,,,,,,,,,,,,,9,,,14.95,,,30.37,43.87,,,26.4,,,,,32.16,75.41,80.66,,24.96,14.07,20.85,11.6,44.69,6.81,34.71,23.84,,10.53,,,,33.06,5.07,2.264,55,31.23,,,,,,,,,,22.6,20.7,17.65,13.52,37.5,16.1,44,31.23,,,,,,,35.2,12.9,55,55,,2.93,5.32,22,,,,5.764,,11.32,20.55,44,16.43,17.95,10.23,14.82,16.31,55,,,,,,,,0.81,15.56,,,,,,24.63,,10.8,,,,,,55,55,55,,,,,,,,,,15.79,9.742,23.39,21.41,13.28,26.03,,,31.52,28.39,23.75,55,,,,,,8.572,4.178,6.163,13.6,5.5,,,,,,,,,2.629,,4.18,,,,16.94,,,,,,,,,,,8.763,9.393,11.36,14.76,,,,19.96,,9.89,,8.03,,14.86,19.96,19.96,55,,9.52,55,,,,,6.154,,5.906,,15.54,,,,40.91,13.13,,,,,,,,,,4.44,,,,,,,,192.9,523.1
40642-43-1,(Z)-Tetradec-7-enol /  Z7-14:OH,,9.781,,0.84,0.7281,,,,,3.301,9.685,7.25,33,3.99,0.96,10.7,13.06,9.779,6.526,,,13.05,47.33,41.13,55,49.33,43.07,36.71,0.1703,13.52,55,1.37,18.83,3.44,1.589,3.744,3.723,4.579,8.292,2.798,,,,,3.203,,,47.78,49.25,46.88,6.801,14.67,14.16,5.563,18.86,,11.9,,,,,25.07,28.23,33,55,,,,,,,,,,,15.87,23.17,12.9,6.609,,,,,,,,,,,,,,,,,,1.6,,,0.302,,0.05087,,,6.84,,,26.56,,,,39.48,9.689,81.81,23.81,3.899,1.275,2.48,3.612,1.548,3.6,,0.475,,33,33,110,110,110,,,,,3.07,,,1.142,1.06,1.094,9.807,10.1,1.412,2.117,2.407,4.289,4.064,2.306,18.57,55,11.34,0.3933,22,22,22,22,9.787,22,12.2,22,8.398,7.1,5.012,15.15,3.236,6.428,2.318,0.496,2.799,10.53,4.617,1.568,8.728,0.4288,0.4828,6.6,,5.8,5.658,26.11,5.934,14.85,2.077,24.57,10.28,11.2,9.083,7.945,0.4419,0.2906,17.1,43.39,23.79,33,33,19.34,33,,,,,7,4.6,,,3.788,12.44,14.55,35.56,19.24,44,44,10.43,,,,,10.63,3.419,6.101,2.267,,,0.08438,3.15,19.47,,0.8857,20.79,70.23,42.87,29.55,26.4,14.47,2.289,9.223,3.275,18.81,26.68,96.95,13.35,20.06,6.586,11.71,15.55,15.88,32.55,8.192,18.73,1.671,2.686,17.34,63.15,0.9491,16.68,3.228,,49.82,35.55,0.8025,0.5774,1.995,0.7833,1.281,3.097,1.278,1.069,1.105,48.14,26.95,28.92,35.82,,,,51.5,37.67,12.75,,,,,5.058,35.2,36.31,55,5.126,,,22,1.658,22,1.62,22,12.59,9.452,44,44,30.76,18.02,8.525,9.713,41.08,55,,55,,,,,,1.69,18.19,66.54,47.17,12.69,10.91,16.78,23.67,110,,,17.96,,57.43,110,28.48,32.22,33.71,55,6.2,14.1,55,55,55,55,22.6,6.182,,,,,,19.61,9.516,12.24,16.6,55,18.9,55,0.3781,0.3196,45.74,24.5,25.83,3,,3.3,,,4.61,2.353,1.97,2.13,1.14,1.959,4.052,0.5712,4.447,5.111,2.303,,,,19.79,0.3272,281.6,4.167,19.27,10.44,17.14,216.7,7.8,,,10.04,10.03,12.8,6.133,27.5,0.71,5.16,2.479,0.7218,,3.586,8.8,16.39,0.4783,1.995,3.19,12.76,12.89,,55,0.6673,1.157,0.8497,13.2,55,,55,,17.51,,0.369,0.3507,55,0.8997,5.888,5.179,19.63,22.44,18.61,,,20.86,87.25,3.268,44.52,2.15,2.83,3.45,11,5.68,11,195,37.22
79-69-6,(Z)-alpha-irone / Methyl alpha-ionone,,25.5,,,,,,,,,22,,,,,,,,,,,,,,,,,,,,,,,,,,,,22,22,,,,,6.45,,,31.71,30.62,27.19,33,19.05,16.25,21.15,,,,,,,,16.62,55,33,21.83,,,,,,,,,,,,44,77,18.48,,,,,,,,,,,,,,,,,,,,,,,,,,,,,,,,,55,67.98,1100,171.5,,,,,,,,,,,,110,110,110,28.67,14.86,,,,,,,,,,,,,,22,8.9,22,,,,,22,22,22,22,22,22,22,22,22,16.86,9.828,22,11,11,11,11,11,11,,4.73,28.07,5.187,6.153,,,,,,,,,15.2,33,,,,,,,55,,,,,,,,,,,,1.64,81.39,5.05,5.28,,,,,,,18.61,16.85,29.04,35.68,,,,,,1.5,,,,,,,,,,26.4,,,,,14.85,42.64,122.1,,,11.91,12.18,,38.9,38.5,6.26,38.5,,2.02,,,,,,,,,,,,,,,,,,21.4,6.748,7.455,8.31,,,,10.41,,,,,,,16.8,35.2,22.41,55,,,,,,,,,11.22,,,,,,4.7,9.143,9.2,55,23.97,18.67,3.29,17.75,21.1,13.29,31.29,,14.09,,,,17.55,,,,21.15,,14.72,,,,55,8.47,55,55,7,34.6,55,55,15,55,22.4,5.78,,,,,,10.65,,,31.1,55,11.5,55,,,,,,,,,,,,,,,,3.497,,,36.94,471.6,7.39,,,,26.6,,,,,,,,,9.7,16.5,,,,33.73,,,,,,,,,,,,,2.484,,,55,,,,,,,,,,,,,55,,6.44,6.17,,,,19.4,13.52,,,,,,,,,,,,
488-10-8,jasmone / cis-jasmone,,12,,,,,,,,,,,,,,,,,,,,,,,,,,,,,,,,,,,,,,,,,,,,,,,,,,,,,,,,,,,,,,,,,,,,,,,,,,,,,,,,,,,,,,,,,,,,,,,,,,,,,,,,,,,,,,,,,,,,,,,,,,,,,,,,,,,,,,,,,,,,,,,,,,,,,,,,,,,,,,,,,,,,,,,,,,,,,,,,,,,,,,,,,,,,,,,,,,,,,,,,,,,,,,,,,,,,,,,,,,,,,,,,,,,,,,,,,,,,,,,,,,,,,,,,,,,,,,,,,,,,,,,,,,,,,,,,,,,,,,,,,,,,,,,,,,,,,,,,,,,,,,,,,,,,,,,,,,,,,,,,,,,,,,,,,,,,,,,,,,,,,,,,,,,,,,,,,,,,,,,,,,,,,,,,,,,,,,,,,,,,,,,,,,,,,,,,,,,,,,,,,,,,,,,,,,,,,,,,,,,,,,,,,,,,,,,,,,,
127-43-5,beta methyl ionone,,,14.69,1.54,7.33,23.07,7.76,4.12,10.2,3.79,11.86,14.04,17.03,5.32,1.784,18.82,,,3.1,,4.2,,55,19,22.1,55,55,55,0.3,1.4,9.5,1,7.2,,,,,,,,,,,,,,,55,55,55,6.47,18.02,6.63,1.88,,,9.76,14.68,,,,15.29,23.8,33,19.5,7.09,8.47,23.14,4.7,7.61,5.8,6.56,11.63,8.11,18.03,7.34,,,,,,,,,,,,,,,,,,,,,0.54,,,,,,,,,30.06,,15.37,,,,,,,,,,,,,,2.7,0.1954,,,,32.1,110,110,5.15,3.62,,,,,,1.183,0.8129,1.9,,,,,,7.67,22,22,13.2,28.9,5.32,7.13,22,22,22,22,6.132,22,9.885,22,22,10.65,4.411,6.968,,,,,,,,,,10.06,9.85,,,,,,,,,12.93,33,17.14,11.49,24.84,15.02,5.06,10.21,4.9,13.32,33,16.53,13.69,9.26,,,,,,,,,,,,,,,,,,,,,,,,,,1.5,,,12.59,,,7.92,,,,,,,,,,,49.36,,,,,,,,,,,6.66,20.15,,,,,,12.9,12.3,,,,,,,,,,6.9,4.3,4.47,5.779,35.6,9.7,44,5.36,55,55,,,,,,,,,,,,,,,,,9.22,,,,,,6.5,12.45,9.92,16.75,,,,,,,,0.26,8.97,,,,11.78,,25.12,40.69,10.6,51.28,4.37,110,5.79,15.51,3.43,2.47,7.14,,,,,,,,,5.06,,,,,,,,,21.5,22.2,6.1,14,,,,,,2.3,,6.3,13,9.1,,,,,,1.416,14.44,12.17,3.324,,,5.13,13.27,4.9,,,,,,,,,,,,,,,,,,,13.81,11.58,14.25,,16.79,,4.35,11.01,9.66,1.39,14.75,6.57,10.47,,,,,11.44,,5.07,,4.93,,,,55,,,,,,,,,,,,,,,,,,,,
4312-99-6,1-octen-3-one,,11.02,,0.84,2.353,,312.7,47.69,31.35,3.391,18.4,4.986,3.519,0.9389,0.6436,1.835,16.3,9.958,4.113,7.3,,11.85,55,51.6,55,55,55,55,55,55,55,55,1.399,4.438,3.286,33,33,33,22,22,,,,,22,,,40.5,33.81,36.41,3.884,12.44,20.24,55,9.51,71.13,11.01,20.88,,,,33,28.87,33,55,,,35.46,,,,,,,,16.19,12.95,22.04,12.67,,,,,,,,,,,,,,,,,,0.44,,,0.3684,,0.07363,,,5.751,,,69.78,,,,55,4.683,66.16,5.937,3.92,1.3,2.5,3.63,1.56,3.6,,0.5215,2.88,33,33,18.43,110,69.79,,,,,2.85,,,0.8683,6.431,8.193,9.807,10.1,2.88,3.07,3.53,10.24,10.37,22,10.6,35.77,6.07,15.25,15.77,22,22,22,1.986,22,3.139,1.992,3.025,3.193,0.7776,11.2,4.06,11,11,1.426,11,11,4.889,1.303,8.451,5.849,6.065,6.6,,6.075,1.977,3.471,3.274,12.42,1.742,33,33,8.935,21.77,33,9.568,22,17.81,43.92,19.51,33,33,13.81,33,,,,,7,4.6,,,4.846,13.44,14.73,38.93,12.63,44,44,9.03,,,,,10.63,,7.26,2.24,,,0.08824,1.304,55,,1.38,28.07,73.15,48.83,14.8,26.4,15.95,2.707,10.62,3.892,21.99,44.68,82.4,19.73,30.86,18.03,12.23,14.41,15.85,22.97,11.18,14.48,2.25,3.633,16.54,58.09,1.26,11.88,3.929,2.7,48.7,34.85,0.8421,0.5708,1.438,2.166,3.741,22,1.232,0.6799,1.057,48.41,40.19,55.45,48.84,,,,53.7,55,15.44,,,,,5.2,35.2,39.68,44.09,4.909,3.81,2.5,1.562,1.658,22,1.62,7.252,11.17,7.73,44,44,44,16.42,7.344,21.61,,55,,55,,,,,,,17.68,,,,10.98,18.4,,110,,,18.56,,65.83,110,27.24,21.01,38.72,55,4,13.2,55,55,9.3,55,2,5.655,12.83,8.185,24.37,26.24,7.378,6.394,7.224,12.26,13.04,24.34,5.952,55,0.3014,1.278,44.9,23.91,24.3,3,,3.3,,,,,,,,1.348,1.916,0.6188,6.678,,5.867,,,,20.31,,,,,,,,,,,10.96,10.15,17.5,7.423,,,,15.54,7.327,,2.709,8.8,,0.8437,2.753,11.43,2.689,12.89,8.49,55,1.722,0.7129,1.859,6.848,55,,55,,4.324,,0.6219,0.5556,55,1.934,9.237,4.894,14.42,29.45,20.08,,,23.93,189.5,2.852,39.81,,,,,,,155.5,35.05
2179-57-9,diallyl disulfide,,,,,,,,,,,,,,,,,,,,,,,,,,,,,,,,,,,,,,,,,,,,,,,,,,,,,,,,,,,,,,,,,,,,,,,,,,,,,,,,,,,,,,,,,,,,,,,,,,,,,,,,,,,,,,,,,,,,,,,,,,,,,33,33,,,,,,,,,,,,,,,,,,,,,,,,,,,,,,,,,,,,,,,,,,,,,,,,,,,,,,,,,,,,,,,,,,,,,,,,,,,,,,,,,,,,,,,,,,,,,,,,,,,,,,,,50.73,,,,,,,,,,,,,,,,,,,,,,,,,,,,,,,,,,,,,,,,,,,,,,,,,,,,,,,,,,,,,,,,,,,,,,,,,,,,,,,,,,,,,,,,,,,,,,,,,,,,,,,,,,,,,,,,,,,,,,,,,,,,,,,,,,,,,,,,,,,,,,,,,,,,,,,,,,,,,,,27.5,16.02,4.21,,,,,,,,,,,,,,,,,,,,,,,,,,,,,,,,,,,,,,,,,,,,,,
592-88-1,diallyl sulfide,,,,,,,,,,,,,,,,,,,,,,,,,,,,,,,,,,,,,,,,,,,,,,,,,,,,,,,,,,,,,,,,,,,,,,,,,,,,,,,,,,,,,,,,,,,,,,,,,,,,,,,,,,,,,,,,,,,,,,,,,,,,,33,33,,,,,,,,,,,,,,,,,,,,,,,,,,,,,,,,,,,,,,,,,,,,,,,,,,,,,,,,,,,,,,,,,,,,,,,,,,,,,,,,,,,,,,,,,,,,,,,,,,,,,,,,42.1,,,,,,,,,,,,,,,,,,,,,,,,,,,,,,,,,,,,,,,,,,,,,,,,,,,,,,,,,,,,,,,,,,,,,,,,,,,,,,,,,,,,,,,,,,,,,,,,,,,,,,,,,,,,,,,,,,,,,,,,,,,,,,,,,,,,,,,,,,,,,,,,,,,,,,,,,,,,,,,27.5,16.02,4.21,,,,,,,,,,,,,,,,,,,,,,,,,,,,,,,,,,,,,,,,,,,,,,
97-54-1,isoeugenol,3.68,,98.44,,,,,,,4.85,,,,,,,,,,,,,,,,,,,3.343,7.969,7.362,9.988,1.817,33,33,,,,,,,,,,,,,,,,,,,,,,,,,,,,,,,,,,,,,,,,,,,,,,,,,,,,,,,,,,,,,,0.09,,,,,,,,,170.5,,,,,,,,,,,,,,,,,4.7,,,,110,110,110,,,,,,,,,8.67,,,,,,,,,,,,,,,,,,,,,,,,,,,,,,,,,,,11.56,20.36,,,7.4,,,,,,,,,,,,,,,,,,,,,,,,,,,,,,,,,,,,32.07,94.97,71.58,34.47,,,,,,8.1,,,,,,,88.87,,,,,,,,,,,,,,,,,,,,,,,,,,8.755,,,,,,,,,,,,,44.9,30.01,110,110,,,,32.15,,,,,,,,,,,,,,22,,,,,,,,,,,,,,,216.7,,,,,,2.95,,,,,,,,,,,,,,,,,,,,,,,,,,,,,,,,,13.53,,,,,,,,,,,,3.187,,9.2,,,,,,,,,,,,,,10.3,12.1,8,,,,,,,,,,,,,,,,,,,,,,,,,,,,,,,,,,,,,,,,,,,,,,,,,,,,,,,3.73,20.23,,,,,,,,
458-35-5,Coniferyl alcohol,3.68,,98.44,,,,,,,4.85,,,,,,,,,,,,,,,,,,,3.39,8.172,7.726,10.41,1.972,33,33,,,,,,,,,,,,,,,,,,,,,,,,,,,,,,,,,,,,,,,,,,,,,,,,,,,,,,,,,,,,,,0.09,,,,,,,,,170.5,,,,,,,,,,,,,,,,,4.7,,,,110,110,110,,,,,,,,,8.67,,,,,,,,,,,,,,,,,,,,,,,,,,,,,,,,,,,11.56,20.36,,,7.4,,,,,,,,,,,,,,,,,,,,,,,,,,,,,,,,,,,,32.07,94.97,71.58,34.47,,,,,,8.1,,,,,,,88.87,,,,,,,,,,,,,,,,,,,,,,,,,,8.87,,,,,,,,,,,,,39.71,30.01,110,110,,,,32.15,,,,,,,,,,,,,,22,,,,,,,,,,,,,,,216.7,,,,,,2.95,,,,,,,,,,,,,,,,,,,,,,,,,,,,,,,,,13.53,,,,,,,,,,,,4,,9.2,,,,,,,,,,,,,,10.3,12.1,8,,,,,,,,,,,,,,,,,,,,,,,,,,,,,,,,,,,,,,,,,,,,,,,,,,,,,,,3.73,20.23,,,,,,,,
130-95-0,Quinine,,,,,,,,,,,1.44,,,,,,,,,,,,,,,,,,,,,,,,,,,,,,,,,,,,,,,,,,,,,,,,,,,,,,,,,,,,,,,,,,,,,,,,,,,,,,,,,,,,,,,,,,,,,,,,,,,,,,,,,,,,,,,,,,,,,,,,,,,,,,,,,,,,,,,,,,,,,,,,,,,,,,,,,,,,,,,,,,,,,,,,,,,,,,,,,,,,,,,,,,,,,,,,,,,,,,,,,,,,,,,,,,,,,,,,,,,,,,,,,,,,,,,,,,,,,,,,,,,,,,,,,,,,,,,,,,,,,,,,,,,,,,,,,,,,,,,,,,,,,,,,,,,,,,,,,,,,,,,,,,,,,,,,,,,,,,,,,,,,,,,,,,,,,,,,,,,,,,,,,,,,,,,,,,,,,,,,,,,,,,,,,,,,,,,,,,,,,,,,,,,,,,,,,,,,,,,,,,,,,,,,,,,,,,,,,,,,,,,,,,
107787-20-2,1-hexenol,,11.15,,0.84,1.08,,,,,2.79,10.74,7.25,33,3.99,0.96,10.7,12.28,9.311,7.235,,,11.85,55,51.6,55,42,55,55,0.4032,15.13,55,3.607,5.014,13.46,1.822,4.65,4.701,3.959,4.096,0.63,,,,,0.7948,,,18.83,17.59,15.46,6.748,12.44,15.58,26.47,,,12.38,,,,,26.02,29.62,33,55,,,,,,,,,,,,18.66,13.14,6.724,,,,,,,,,,,,,,,,,,,,,0.4243,,0.09578,,,6.84,,,69.78,,,,43.03,9.211,107.6,31.47,3.92,1.3,2.5,3.63,1.56,3.6,,0.4098,,,,17.66,110,61.82,,,,,3.07,,,1.231,1.037,1.365,9.807,10.1,1.403,2.11,2.399,4.065,3.942,2.49,20.22,55,10.03,0.2988,22,22,22,22,11.51,22,12.43,22,12.78,9.836,7.975,15.34,3.665,6.436,2.326,0.5141,2.807,10.53,4.498,1.503,8.785,0.5059,0.5684,6.6,,5.8,2.31,23.04,3.905,11.7,1.201,17.02,8.238,15.79,9.215,7.83,0.4163,0.2986,18.42,55,26.21,33,33,22.65,33,,,,,7,4.6,,,4.208,13.32,16.22,36.63,21.43,44,44,12.58,,,,,10.63,3.756,5.977,2.305,,,0.08918,1.43,22.79,,0.7427,22.43,73.21,46.8,14.86,11.92,15.37,3.074,11.96,4.309,4.733,13.97,89.09,8.515,15.78,21.71,3.571,8.452,4.961,5.498,7.623,10.21,1.685,1.089,17.9,113.1,0.9256,14.56,3.228,,55,44.04,0.7888,0.5916,1.363,0.6207,0.4416,1.146,1.211,0.7221,1.018,46.96,35.89,40.65,49.89,,,,50.82,32.59,8.81,,,,,10.7,35.2,31.78,55,5.024,,,8.522,1.658,22,1.62,22,,8.594,44,44,44,17.07,7.721,6.277,41.08,55,,55,,,,,,,5.157,66.54,47.17,12.69,10.7,17.25,,110,,,17.96,,48.38,,37.39,33.56,35.07,,,,,,,,,6.334,,,,,,10.23,9.073,12.18,55,55,21.2,55,0.3709,0.1729,44.86,23.88,24.23,3,,,,,4.61,2.338,1.97,2.13,1.14,3.694,44,0.96,8.086,5.131,2.187,,,,21.72,0.2126,281.6,5.286,21.06,13.28,26.62,183.1,7.8,,,10.55,10.53,14.61,6.591,27.5,0.71,5.16,2.597,0.1993,,5.03,8.8,,0.4752,1.63,2.827,55,12.89,,55,0.628,1.021,0.9362,7.783,55,,55,,55,,0.3942,0.2296,55,0.6374,6.298,4.816,13.62,30.23,16.91,,,17.41,31.35,3.207,48.24,2.15,2.83,3.45,11,5.68,11,195,37.22
33956-49-9,"(E,E)-8,10-Dodecadien-1-ol / Codlemone",,,,,,,,,,2.79,22,,,,,,12.5,9.8,10.74,,,11.8,,,,,,,1.642,21.65,21.15,10.96,6.804,19.62,1.495,33,33,33,,,,,,,,,,26.99,28.9,30.68,7.391,17.15,17.46,18.88,,,14.29,,,,,33,22.2,33,55,,,,,,,,,,,,13.13,3.491,2.085,,,,,,,,,,,,,,,,,,,,,,,,,,,,,,,,,,,,,,,,,,,,0.4517,,,,46.85,110,110,,,24.6,,,,,1.718,1.06,1.569,,,1.42,2.123,2.415,22,9.15,3.439,20.6,55,25.8,0.4917,22,22,22,22,22,,,,,,,,5.23,11,11,1.98,11,11,4.56,2.889,24.61,2.85,3.459,,,,,,,,,33,8.28,33,14.31,33,22,22,22,,33,33,33,33,33,,,,,,,,,9.05,21.16,29.93,44,21.29,44,44,27.09,,,,,,3.861,5.538,2.037,,,0.22,1.637,24.01,,,27.6,,,9.291,4.879,15.6,2.604,10.26,3.726,2.371,2.09,76.82,5.567,14,14.07,3.933,5.47,2.651,3.039,11.19,9.037,1.88,1.88,16.23,113.1,0.97,14.27,4.766,,,,0.9,0.65,1.6,0.6002,0.4341,1.434,,,,47.6,35.89,40.65,36.14,,,,71.67,55,9.305,,,,,,,25.26,55,3.898,,,1.692,1.658,22,1.62,16.74,,7.73,44,44,44,16.42,6.527,3.411,,55,,,,,,,,,2.762,66.54,47.17,12.69,11.97,17.55,,,,,,,,,55,15.84,17.75,,,,,,,,,,,,,,,,,,,,,55,0.356,0.08355,,,,,,,,,4.24,4.356,2.85,9.19,6.64,,,,,5.14,2.409,,,,,,,,,,,,7.8,,,12.32,10.61,13.41,,,,,2.157,0.2047,,,7.58,6.489,0.2845,1.226,2.106,,,,55,0.6173,0.7516,0.9054,7.731,,,,,,,0.3648,0.2162,13.85,0.5521,5.27,4.39,22.27,32.16,17.11,,,,,3.532,,,,,11,5.68,11,,
111-28-4,"2,4-Hexadien-1-OL / Sorbic acid",,,,,,,,,,,,,,,,,,,,,,,55,55,55,42,55,55,,,,,,,,,,,,,,,,,,,,,,,,,,,,,,,,,,,,,,,,,,,,,,,,,20.81,,,,,,,,,,,,,,,,,,,,,,,,,,,,,,,,,,,42.95,27.09,95.39,38.1,,,,,,,,,,,,,,,,,,,,,,,,,,,,,,,,,,,,31.85,22,22,22,22,22,22,22,22,,22,22,22,,,,,,,6.99,,,,,,,,,,,,,14.18,13.58,33,15.78,33,22,22,22,,33,33,33,33,33,,,,,,,,,,,,,,,,,,,,,,,,,,,,,,,,,,46.8,,,,,,,,,,,,,,,,,,,1.88,,,,,,,,,,,,,,,,6.945,3.846,5.198,47.6,,,110,,,,68.66,55,10.3,,,,,10.7,35.2,55,55,,,,,,,,,,,,,,,14.08,,41.08,55,,,,,,,,,,,,,,,,,,,,,,,,,,,,,,,,,,13.52,,,,,,9.625,7.08,21.54,,,,55,,,,,,,,,,,,,,,,7.92,,,27.41,7.54,8.12,,,,31.83,,,,,,,,,,,10.91,11.22,14.31,12.86,,,,,,,,,,,,,,,,55,,,,,,,,,,,,,,,,,,,,,,15.49,32.84,,,,,,,,,,
586-27-6,Carvenol,,,,,,,,,,,,,,,,,,,,,,,,,,,,,,,,,,,,,,,,,,,,,,,,55,55,45.5,,,,,,,,,,,,,,,,,,,,,,,,,,,,,,,,,,,,,,,,,,,,,,,,,,,,,,,,,,,,,,,115.3,136.4,595.2,,,,,,,,,,,,,,,,,,,,,,,,,,,,,,12.53,11.13,22,,,,20.42,,,,,,,,,,,,,,,,,,,,,,,,,,,,,,,,,,,,,,,,,,,,,,,,,,,,,,,,,,,,,,,,,,,,,,,,,,,15.08,,,,,,,,,,,,,,,,,,,,,,,,,,59.87,,,,,,,,,,,,,,,,,,,,,,,,,,,,,,,,,,,,,,,,,,,,,,,,,,,,,,,,,,,,,,,,,,,,,,,,,,,,,,,,,,,,,8.77,,,,,,9.45,6.18,13.81,,,,,,,,,,,,,,,,,,,,,,,,,,,,,,,,,,,,,,,,,,,,,,,,,,,,,,,,,,,,,,,,,,,,,,,,,,,,,,,,,,,,,,,,,,,,
1569-60-4,6-Methyl-5-hepten-2-ol,,10.94,,1.926,3.666,,174.3,7.189,20.69,5.578,22,33,33,33,6.37,33,5.3,11.5,10.01,,2.728,15.1,55,55,24.15,55,55,55,0.3058,5.382,38.04,3.683,11.67,20.1,20.1,,,,22,8.858,,,,,5.5,,,16.88,26.76,21.83,1.652,14.86,17.14,18.32,,,,30.57,,,,12.38,20,24,13.26,11.18,13.96,,,,,,,,,19.25,44,8.063,2.59,,,,,,,,,,,,,,,,,,0.6159,,,,,,,,4.532,,,,,,,,1.996,39.59,10.35,2.705,1.538,1.862,,1.486,,,1.576,,,,58.9,110,110,,,29.77,,1.175,,123,,,,,,,,,3.911,4.109,5.813,3.655,55,9.052,5.54,5.723,22,22,22,1.692,22,7.408,5.738,3.193,3.296,1.473,22,11,11,11,1.651,11,11,,0.3173,1.513,1.655,3.555,,,,3.456,5.058,2.392,4.404,15.19,16.56,12.1,16.78,11.93,20.31,5.485,3.621,22,17.21,33,33,25.04,25.42,16.43,,,2.68,,,,6.96,110,3.599,6.244,43.1,23.06,17.45,44,44,8.82,14.21,44.92,38.93,29.37,,,,,,,,,55,11.02,,,32.6,,,,,,,,,,69.43,,33.1,15.15,,,,38.5,,38.5,,11.77,,59.67,,10.92,,5.075,55,49.7,,,,,,,22,4.64,22,46.01,27.58,28.43,16.18,44,21.8,44,36.43,55,23.5,,,,,3.817,19.22,55,55,86.5,,,22,,,,10.95,11,,,,,,16.5,,75.93,55,31.9,55,45.23,55,7.77,12.37,15.56,,10.32,,,,10.9,26.79,23.97,,4.3,110,16.54,,20.21,110,7.962,1.519,15.8,55,4.565,17.14,55,55,3.927,55,8.986,22.49,,,,,,8.325,9.383,13.28,19.18,25.75,6.857,55,0.6198,1.897,,,,2.077,,6.167,,6.908,,,,,,2.916,0.9319,0.4672,4.457,14.93,7.351,33.1,34.5,,24.19,,,,,,,,11.2,8.9,6.4,9.7,8.6,1.58,9.03,,,,22,2.156,10.44,3.6,8.307,24.01,7.023,33.4,44,9.831,,,55,7.782,,,,8.65,,10.7,,12.17,,25.7,1.057,55,1.582,,,,,,,,,,5.071,37.58,,,,,,,42.25,98.17
35153-18-5,(E)-Tetradec-11-enol / (E)-11-tetradecenol,,19.29,,0.84,1.08,,,,,2.44,22,,,,,,12.5,9.8,10.26,,,11.8,45.34,55,55,46.49,33.86,18.44,0.3716,18.86,55,2.57,9.572,15.84,1.688,10.58,11.23,13.47,4.4,0.65,,,,,0.77,,,14.68,17.52,18.57,7.371,13.08,22.24,15.1,21.53,,13.72,,,,,33,28.19,33,46,,,,,,,,,,,,14.18,6.273,3.036,,,,,,,,,,,,,,,,,,1.6,,,0.5,,0.13,,,,,,,,,,44.46,32.01,139.2,23.95,,,,,,,,0.4517,,,,24.53,110,72.15,,,24.6,,,,,2.839,2.168,1.897,9.93,9.94,1.407,2.113,2.403,5.992,5.172,3.305,8.999,55,11.12,0.2983,22,22,22,22,22,22,22,22,3.72,22,22,22,3.508,6.975,2.932,0.6034,3.42,10.49,2.922,3.321,13.71,0.6678,0.7557,,,,1.45,18.95,3.71,8.96,1.26,13.93,8.371,18.9,11.81,11.73,1.603,1.441,22,55,33,33,33,33,33,,2.47,,,5.7,5,,,9.05,21.16,29.93,44,21.29,44,44,27.09,,,,,10.63,3.95,5.884,2.296,,,0.1056,1.433,34.48,,1.193,45.99,,46.8,10.55,5.46,15.3,2.828,11.05,3.994,3.794,2.706,70.19,4.698,32.95,11.09,5.167,5.959,4.083,3.176,13.21,9.224,1.69,2.254,16.23,113.1,0.9546,16.01,4.766,,55,38.96,0.7879,0.5631,1.312,0.5916,0.4303,1.371,1.289,0.6242,1.16,47.6,43.34,42.19,29.61,,,,44.43,55,10.15,,,,,10.8,29.45,20.27,48.17,3.723,,,2.086,1.658,22,1.62,16.55,,8.767,44,44,44,17.27,7.037,4.97,41.08,55,,,,,,,,1.64,4.633,24.85,23.82,12.91,6.829,17.32,,,,,,,,,55,21.54,23.66,55,7.957,27.77,55,35.94,22.73,55,12.1,15.95,,,,,,8.034,9.855,21.95,55,39.72,20.11,55,0.2346,0.1583,37.95,19.72,14.13,8,,,,,4.61,3.794,1.97,2.13,1.14,8.543,22.54,44,14.69,4.972,2.764,,,,31.61,0.2245,281.6,5.011,20.64,12.58,24.11,187,7.8,9.2,15.8,9.964,11.83,13.69,10.27,27.5,0.71,5.16,1.825,0.2417,,,,16.39,0.276,1.171,2.046,55,,,19.15,0.6152,0.7572,0.9016,7.701,55,,8.07,,55,,0.371,0.2412,10.6,0.7227,5.45,4.191,19.07,31.45,14.62,,,15.39,33.34,3.532,,2.15,2.83,3.45,11,5.68,11,922.8,619.6
34010-15-6,(Z)-11-Tetradecen-1-ol / E11-14:OH,,19.29,,0.84,1.08,,,,,2.44,22,,,,,,12.5,9.8,10.26,,,11.8,45.34,55,55,46.49,33.86,18.44,0.3716,18.86,55,2.57,9.572,15.84,1.688,10.58,11.23,13.47,4.4,0.65,,,,,0.77,,,14.68,17.52,18.57,7.371,13.08,22.24,15.1,21.53,,13.72,,,,,33,28.19,33,46,,,,,,,,,,,,14.18,6.273,3.036,,,,,,,,,,,,,,,,,,1.6,,,0.5,,0.13,,,,,,,,,,44.46,32.01,139.2,23.95,,,,,,,,0.4517,,,,24.53,110,72.15,,,24.6,,,,,2.839,2.168,1.897,9.93,9.94,1.407,2.113,2.403,5.992,5.172,3.305,8.999,55,11.12,0.2983,22,22,22,22,22,22,22,22,3.72,22,22,22,3.508,6.975,2.932,0.6034,3.42,10.49,2.922,3.321,13.71,0.6678,0.7557,,,,1.45,18.95,3.71,8.96,1.26,13.93,8.371,18.9,11.81,11.73,1.603,1.441,22,55,33,33,33,33,33,,2.47,,,5.7,5,,,9.05,21.16,29.93,44,21.29,44,44,27.09,,,,,10.63,3.95,5.884,2.296,,,0.1056,1.433,34.48,,1.193,45.99,,46.8,10.55,5.46,15.3,2.828,11.05,3.994,3.794,2.706,70.19,4.698,32.95,11.09,5.167,5.959,4.083,3.176,13.21,9.224,1.69,2.254,16.23,113.1,0.9546,16.01,4.766,,55,38.96,0.7879,0.5631,1.312,0.5916,0.4303,1.371,1.289,0.6242,1.16,47.6,43.34,42.19,29.61,,,,44.43,55,10.15,,,,,10.8,29.45,20.27,48.17,3.723,,,2.086,1.658,22,1.62,16.55,,8.767,44,44,44,17.27,7.037,3.073,41.08,55,,,,,,,,1.64,4.633,24.85,23.82,12.91,6.829,17.32,,,,,,,,,55,21.54,23.66,55,7.957,27.77,55,35.94,22.73,55,12.1,15.95,,,,,,8.034,9.855,21.95,55,39.72,20.11,55,0.2346,0.1583,37.95,19.72,14.13,8,,,,,4.61,13.88,1.97,2.13,1.14,8.543,22.54,44,14.69,4.972,2.764,,,,31.61,0.2245,281.6,5.011,20.64,12.58,24.11,187,7.8,9.2,15.8,9.964,11.83,13.69,10.27,27.5,0.71,5.16,1.825,0.2417,,,,16.39,0.276,1.171,2.046,55,,,19.15,0.6152,0.7572,0.9016,7.701,55,,8.07,,55,,0.371,0.2412,10.6,0.7227,5.45,4.191,19.07,31.45,14.62,,,15.39,33.34,3.532,,2.15,2.83,3.45,11,5.68,11,922.8,619.6
54364-60-2,"7E,9Z-Dodecadien-1-ol",,,,0.84,1.08,,,,,2.79,22,,,,,,12.5,9.8,10.69,,,11.8,55,55,55,55,39.7,22.6,0.5423,27.01,26.53,4.31,4.674,16.43,1.646,12.33,12.98,15.19,4.4,0.65,,,,,0.77,,,17.19,19.79,21.15,7.198,13.98,20.17,15.52,,,14.29,,,,,33,22.77,33,55,,,,,,,,,,,,13.23,4.177,2.459,,,,,,,,,,,,,,,,,,,,,0.5,,0.13,,,,,,,,,,47.96,37.68,117.7,34.03,,,,,,,,0.4517,,,,20.44,110,69.06,,,24.6,,,,,4.946,7.2,8.09,9.93,9.94,1.429,2.13,2.423,5.72,4.842,3.21,9.339,55,11.52,0.3133,22,22,22,22,22,22,22,22,,22,22,22,3.518,6.892,2.832,0.5932,3.319,10.49,4.502,2.973,14.41,1.469,1.863,,,,1.45,18.95,3.71,8.96,1.26,33,8.28,18.22,11.48,10.96,1.353,1.207,22,55,33,33,33,33,33,,,,,,,,,9.05,21.16,29.93,44,21.29,44,44,27.09,,,,,10.63,3.854,5.6,2.041,,,0.1276,1.423,28.14,,0.9177,27.6,,,12.49,5.167,15.3,2.828,11.05,3.994,3.382,2.345,70.97,5.633,14.27,11.12,3.667,5.616,3.844,3.147,12.65,9.31,1.72,2.23,16.21,113.1,0.9548,14.31,4.766,,55,48.8,0.7869,0.5625,1.31,0.6056,0.4366,1.475,0.9576,0.5006,0.9404,47.6,39.23,41.71,31.26,,,,48.06,55,9.774,,,,,,,21.84,55,4.9,,,1.807,1.658,22,1.62,16.55,,8.502,44,44,44,16.97,6.663,3.141,,55,,,,,,,,1.64,4.078,66.54,47.17,12.69,7.537,17.31,,,,,,,,,55,19.5,21.66,55,8.2,30.8,55,39.5,27,55,13,89.75,,,,,,21.86,16.03,22.88,55,55,21.09,55,0.3716,0.1416,37.95,19.72,14.13,8,,,,,4.61,3.672,1.97,2.13,1.14,,,,71.64,4.466,2.47,,,,34.49,0.2209,281.6,5.087,20.76,12.77,24.79,185.8,7.8,9.2,15.8,10.22,11.43,13.43,11.75,,,,1.856,0.2536,,,,16.39,0.2707,1.147,2.063,55,,,18.29,0.6187,0.7491,0.9077,7.75,55,,8.07,,55,,0.3712,0.2163,13.59,0.6818,4.86,4.39,22.27,32.16,17.11,,,15.57,39.49,3.532,,2.15,2.83,3.45,11,5.68,11,,
80795-83-1,(-)-trans-Verbenol,,25.5,,,,,,,,,22,,,,,,,,,,,,,,,,,,,,,,,,,,,,22,22,,,,,6.45,,,31.71,30.62,27.19,33,19.05,16.25,21.15,,,,,,,,16.62,55,33,21.83,,,,,,,,,,,,44,77,18.48,,,,,,,,,,,,,,,,,,,,,,,,,,,,,,,,,26.17,66.79,333.1,68.6,,,,,,,,,,,,110,110,110,,,,,,,,,,,,,,,,22,8.9,22,,,,,22,22,22,22,22,22,22,22,22,16.89,22,22,11,11,11,11,11,11,,4.73,28.07,16.2,11.41,,,,,,,,,15.2,33,,,,,,,55,,,,,,,,,,,,2.8,81.39,5.05,5.28,,,,,,,18.61,16.85,29.04,35.68,,,,,,,,,,,,,,,,26.4,,,,,14.85,42.64,122.1,,,11.91,12.18,,38.9,38.5,6.26,38.5,,2.02,,,,,,,,,,,,,,,,,,,110,110,,,,,,,,,,,,16.8,35.2,22.41,55,,,,,,,,,,,,,,,,27.38,,55,23.97,18.47,3.29,17.75,21.1,13.29,31.29,,15.48,,,,26.6,,,,21.15,,14.72,,,,55,8.47,55,55,7,34.6,55,55,15,55,22.4,5.78,,,,,,10.65,,,31.1,55,11.5,55,,,,,,,,,,,,,,,,3.53,,,,471.6,7.39,,,,26.6,,,,,,,,,9.7,16.5,,,,33.73,,,,,,,,,,,,,2.54,,,55,,,,,,,,,,,,,,,6.44,6.17,,,,19.4,13.52,,,,,,,,,,,,
2305-21-7,2-hexen-1-ol,,27.31,,,,,,,,,22,,,,,,,,,,,,55,55,55,42,55,55,2.406,55,55,22.78,0.6246,14.93,1.807,4.105,3.752,2.863,,,,,,,,,,10.76,13.18,14.17,7.828,9.749,33,7.308,,108.8,22,44,,,,33,16.6,33,42.98,,,,,,,,,,,24.53,20.38,77,44,,,,,,,,,,,,,,,,,,,,,0.5,,0.13,,,,,,9.96,,,,40.46,23.29,150.5,49.13,3.88,1.43,2.6,3.72,1.62,,,,,,,60.85,110,110,,,,,,,,5.55,7.2,,9.93,9.94,1.56,2.23,2.54,5.937,5.937,2.903,9,55,11.47,2.541,22,22,22,22,22,22,22,22,,22,22,22,3.394,6.342,2.23,0.4772,2.71,10.54,6.99,1.528,8.695,0.8016,0.7994,,,,1.45,18.95,3.71,8.96,1.26,9.482,12.57,33,25.46,33,22,22,22,55,33,33,33,33,33,,,,,,,,,,,,,,,,,,,,,,3.95,6.02,2.36,,,0.22,1.728,32.65,,2.119,74.11,,42.12,,13.38,17.09,6.75,26.4,8.07,3.701,12.56,68.37,6.19,26.41,16.15,3.6,14.22,3.831,3.029,13.17,9.79,1.73,1.198,16.65,,0.9483,12.83,,,45.46,37.72,0.8973,0.6049,1.433,0.6374,0.5802,1.63,11.67,2.818,4.192,47.6,25.79,26.03,54.39,,,,56.52,55,9.76,,,,,10.7,35.2,29.23,55,23.3,,,9.285,,,,11.3,12.59,16.06,44,44,26.14,24.62,9.741,4.97,41.08,55,,55,,,,,,1.639,10.52,,,,6.895,17.28,23.67,,,,,,,,55,55,55,55,6.241,14.36,55,39.2,26.57,55,12.84,8.427,,,,,,8.348,5.845,21.27,55,28.44,20.74,55,0.2476,0.1343,37.9,19.43,13.87,8,,,,,,13.88,,,,7.501,,,23.47,5.475,4.288,,,,31.31,0.64,281.6,5.36,21.17,13.47,27.31,281.6,,9.2,15.8,10.34,12.09,14.68,10.15,,,,3.142,0.2837,,,,,0.3871,1.342,3.579,55,,,55,0.6256,0.9911,0.9135,7.784,9.984,,7.942,,55,,0.3648,0.2348,,0.5978,,,,,,,,16.21,31.35,,,2.15,2.83,3.45,,,,,
69820-27-5,(Z)-13-octadecenol  / Z13-18:OH,,10.65,,0.84,1.08,,,,,2.345,14.24,7.25,33,3.99,0.96,10.7,12.34,9.369,7.541,,,11.46,55,52.54,55,43.79,41.75,25.93,0.6312,18.19,55,4.462,2.707,19.35,1.499,16.68,14.29,16.93,4.195,0.6627,,,,,0.8334,,,20.92,23.43,24.86,6.853,15.26,15.77,18.84,,,12.62,,,,,26.81,23.33,33,55,,,,,,,,,,,,13.17,4.044,1.998,,,,,,,,,,,,,,,,,,1.6,,,0.2817,,0.04472,,,6.84,,,69.78,,,,43.07,9.3,93.08,18.94,3.92,1.3,2.5,3.63,1.56,3.6,,0.4517,,,,18.77,110,67.21,,,24.6,,3.07,,,1.751,1.103,2.041,9.784,9.683,1.4,2.108,2.397,4.617,4.207,4.4,10.6,55,13.92,0.92,22,22,22,22,16.94,22,17.06,22,7.173,11.82,10.46,22,3.263,6.616,2.517,0.5091,3.001,10.51,4.031,1.438,10.4,0.4197,0.5043,6.6,,5.8,1.981,22.5,3.631,11.15,1.085,16.85,8.373,16.36,9.843,8.393,0.4668,0.3413,18.9,55,27.09,33,33,23.91,33,,,,,7,4.6,,,5.087,14.94,18.88,38.33,20.39,44,44,15.22,,,,,10.63,3.855,5.641,1.93,,,0.1006,1.454,31.09,,0.7667,24,71.31,46.67,10.42,4.576,15.31,2.854,11.15,4.028,3.258,2.686,72.81,6.601,19.18,13.51,3.448,5.316,3.586,3.39,12.62,9.73,1.696,2.138,16.21,113.1,0.9396,14.27,4.766,,55,44.91,0.7851,0.5643,1.307,0.5927,0.4245,1.375,1.048,0.5549,0.8353,46.75,35.87,41.17,33.49,,,,56.59,55,9.754,,,,,10.7,35.2,24.03,55,4.444,,,1.485,1.658,22,1.62,13.55,,8.098,44,44,44,16.59,6.006,4.708,41.08,55,,55,,,,,,1.64,5.341,66.54,47.17,12.69,8.801,17.26,,110,,,17.96,,51.68,,40.41,17.36,19.23,55,8.2,30.8,55,39.5,27,55,13,5.918,,,,,,13.02,8.468,13.44,27.49,55,17.43,55,0.359,0.1155,43.65,22.48,22.21,3.062,,,,,4.61,3.794,1.97,2.13,1.14,3.405,23.65,0.7547,9.015,4.397,2.308,,,,23.64,0.2302,281.6,4.903,20.48,12.31,23.16,188.9,7.8,9.2,15.8,10.59,11.67,14.28,7.667,27.5,0.71,5.16,1.922,0.1983,,5.03,8.8,16.39,0.2712,1.018,1.922,55,12.89,,29.03,0.6068,0.7704,0.9051,7.576,55,,7.092,,55,,0.3848,0.2288,24.33,0.6807,5.002,3.998,22.27,32.16,17.11,,,17.41,31.39,3.532,48.24,2.15,2.83,3.45,11,5.68,11,195,37.22
20056-92-2,(Z)-7-Dodecen-1-ol / Z7-12:OH,,10.65,,0.84,1.08,,,,,2.345,14.24,7.25,33,3.99,0.96,10.7,12.34,9.369,7.541,,,11.46,55,52.54,55,43.79,41.75,25.93,0.6312,18.19,55,4.462,2.707,33,3.5,33,33,33,4.195,0.6627,,,,,0.8334,,,20.92,23.43,24.86,6.853,15.26,15.77,18.84,,,12.62,,,,,26.81,23.33,33,55,,,,,,,,,,,,13.17,4.044,1.998,,,,,,,,,,,,,,,,,,1.6,,,0.2817,,0.04472,,,6.84,,,69.78,,,,43.07,9.3,93.08,18.94,3.92,1.3,2.5,3.63,1.56,3.6,,0.4517,,,,18.77,110,67.21,,,24.6,,3.07,,,1.751,1.103,2.041,9.784,9.683,1.4,2.108,2.397,4.617,4.207,2.69,10.6,55,13.92,0.2876,22,22,22,22,16.94,22,17.06,22,7.173,11.82,10.46,22,3.263,6.616,2.517,0.5091,3.001,10.51,4.031,1.438,10.4,0.4197,0.5043,6.6,,5.8,1.981,22.5,3.631,11.15,1.085,16.85,8.373,16.36,9.843,8.393,0.4668,0.3413,18.9,55,27.09,33,33,23.91,33,,,,,7,4.6,,,5.087,14.94,18.88,38.33,20.39,44,44,15.22,,,,,10.63,3.855,5.641,1.93,,,0.1006,1.454,31.09,,0.7667,24,71.31,46.67,10.42,4.576,15.31,2.854,11.15,4.028,3.258,2.686,72.81,6.601,19.18,13.51,3.448,5.316,3.586,3.39,12.62,9.73,1.696,2.138,16.21,113.1,0.9396,14.27,4.766,,55,44.91,0.7851,0.5643,1.307,0.5927,0.4245,1.375,1.048,0.5549,0.8353,46.75,35.87,41.17,33.49,,,,56.59,55,9.754,,,,,10.7,35.2,24.03,55,4.444,,,1.485,1.658,22,1.62,13.55,,8.098,44,44,44,16.59,6.006,4.708,41.08,55,,55,,,,,,1.64,5.341,66.54,47.17,12.69,8.801,17.26,,110,,,17.96,,51.68,,40.41,17.36,19.23,55,8.2,30.8,55,39.5,27,55,13,5.918,,,,,,13.02,8.468,13.44,27.49,55,17.43,55,0.359,0.1155,43.65,22.48,22.21,3.062,,,,,4.61,3.794,1.97,2.13,1.14,3.405,23.65,0.7547,9.015,4.397,2.308,,,,23.64,0.2302,281.6,4.903,20.48,12.31,23.16,188.9,7.8,9.2,15.8,10.59,11.67,14.28,7.667,27.5,0.71,5.16,1.922,0.1983,,5.03,8.8,16.39,0.2712,1.018,1.922,55,12.89,,29.03,0.6068,0.7704,0.9051,7.576,55,,7.092,,55,,0.3848,0.2288,24.33,0.6807,5.002,3.998,22.27,32.16,17.11,,,17.41,31.39,3.532,48.24,2.15,2.83,3.45,11,5.68,11,195,37.22
56578-18-8,(E)-5-Decen-1-ol / E5-10:OH,,10.49,,0.84,1.08,,,,,2.79,22,7.25,33,3.99,0.96,10.7,12.31,9.322,7.575,,,11.45,55,52.54,55,43.78,41.75,25.92,0.6446,18.43,55,4.537,2.754,33,9.7,16.82,14.44,17.07,4.047,0.614,,,,,0.776,,,19.79,22.67,23.76,6.479,12.85,21.45,18.83,,,12.44,,,,,33,24.94,33,55,,,,,,,,,,,,13.2,4.253,2.059,,,,,,,,,,,,,,,,,,,,,0.3083,,0.05288,,,6.84,,,69.78,,,,43.08,13.18,121.6,25.03,3.92,1.3,2.5,3.63,1.56,3.6,,0.4517,,,,19.3,110,67.67,,,24.6,,3.07,,,1.82,1.246,2.012,9.614,9.572,1.395,2.104,2.392,4.813,4.293,2.721,10.12,55,13.32,0.2886,22,22,22,22,22,22,22,22,6.462,22,22,22,3.261,6.687,2.596,0.5645,3.08,10.5,4.043,1.537,10.84,0.4474,0.5322,6.6,,5.8,2.024,22.58,3.661,11.26,1.107,15.72,8.483,16.35,9.823,8.369,0.4638,0.3389,18.96,55,27.21,33,33,24.08,33,,,,,7,4.6,,,5.13,15.02,19,38.41,20.37,44,44,15.34,,,,,10.63,3.855,5.617,2.136,,,0.101,1.454,32.45,,0.7653,24.27,72.05,46.67,11.35,5,15.48,2.997,11.68,4.225,3.414,2.72,72.98,6.512,18.41,13.65,4.603,5.383,3.747,3.297,9.543,9.547,1.693,2.146,16.21,113.1,0.9396,13.04,4.766,,55,44.92,0.7852,0.5638,1.305,0.589,0.4228,1.348,1.221,0.6245,0.9308,46.72,36.54,41.31,32.89,,,,54.39,55,9.869,,,,,10.7,35.2,23.86,55,4.445,,,1.485,1.658,22,1.62,13.55,,8.098,44,44,44,16.59,6.278,4.579,41.08,55,,55,,,,,,1.64,5.736,66.54,47.17,12.69,8.089,17.26,,110,,,17.96,,49.55,,55,16.75,22.55,55,8.2,30.8,55,39.5,27,55,13,5.59,,,,,,12.38,8.114,13.81,29.08,55,17.09,55,0.3592,0.1168,39.24,18.62,15.52,3.316,,,,,4.61,3.878,1.97,2.13,1.14,3.447,22.2,1.051,9.928,4.401,2.312,,,,23.27,0.2294,281.6,4.917,20.5,12.34,23.28,188.6,7.8,9.2,15.8,10.5,11.59,14.17,7.635,27.5,0.71,5.16,1.916,0.1983,,5.03,8.8,16.39,0.2715,1.012,1.92,55,12.89,,27.3,0.6057,0.774,0.9036,7.559,55,,7.083,,55,,0.3851,0.2291,23.6,0.6758,5.025,3.987,22.27,32.16,17.11,,,17.06,28.02,3.532,48.24,2.15,2.83,3.45,11,5.68,11,195,37.22
51494-28-1,"3-Nonen-1-ol, (3Z)-",,10.2,,0.84,0.5749,,312.7,47.69,31.35,2.6,22,7.25,33,3.99,0.96,10.7,12.34,9.333,7.302,,,11.66,55,52.56,55,45.4,40.19,23.38,0.4898,55,55,3.778,2.057,15.71,1.745,9.068,8.79,9.624,5.044,0.9782,,,,,1.2,,,15.84,19.6,19.79,6.803,12.4,17.26,22.73,,,12.02,,,,,26.57,28.95,33,55,,,,,,,,,,,19.58,13.98,5.928,2.865,,,,,,,,,,,,,,,,,,0.44,,,0.3385,,0.06292,,,6.84,,,69.78,,,,43.92,13.49,125.6,23.43,3.92,1.3,2.5,3.63,1.56,3.6,,0.4517,,,,17.9,110,64.77,,,,,3.07,,,1.419,1.73,1.865,9.556,9.534,1.43,2.131,2.424,5.768,4.813,3.57,9.085,55,12.29,0.4736,22,22,22,22,22,22,22,22,6.622,22,22,22,3.162,6.602,2.502,0.5413,2.985,10.51,4.333,1.911,8.909,0.4428,0.5231,6.6,,5.568,2.135,22.77,3.758,11.44,1.144,16.82,8.386,16.54,10.35,9.484,0.7898,0.7737,18.64,55,26.61,33,33,23.22,33,,,,,7,4.6,,,4.513,13.9,17.15,37.25,20.92,44,44,13.5,,,,,10.63,3.83,5.771,1.927,,,0.08995,1.464,30.13,,0.9108,24.01,72.4,46.8,13.09,4.307,15.48,2.989,11.65,4.216,4.992,3.698,69.83,8.037,17.06,10.41,5.482,5.769,5.244,3.72,9.736,10.36,1.7,2.509,16.2,113.1,0.967,17.3,4.766,,55,45.21,0.7935,0.5394,1.381,0.5797,0.496,1.278,1.417,0.7406,1.078,46.75,40.32,39.89,30.44,,,,46.86,55,9.878,,,,,10.7,35.2,22.57,55,4.689,,,1.8,1.658,22,1.62,16.64,11.17,8.209,44,44,44,16.68,6.327,5.521,41.08,55,,55,,,,,,1.64,6.107,66.54,47.17,12.69,7.697,17.3,,110,,,17.96,,51.62,,38.88,17.83,21.91,55,8.2,30.8,55,39.5,27,55,13,5.761,,,,,,13.65,8.877,13.84,28.38,55,17.33,55,0.2208,0.1544,38.59,18.17,14.7,3.568,,,,,4.61,3.12,1.97,2.13,1.14,3.773,22.87,0.8859,10.39,4.778,2.777,,,,23.42,0.2275,281.6,4.953,20.55,12.44,23.6,188,7.8,9.2,15.8,10.09,11.9,13.95,7.599,27.5,0.71,5.16,1.946,0.2875,,5.03,8.8,16.39,0.1985,0.868,2.357,55,12.89,8.49,22.69,0.6407,0.9742,0.6959,7.952,55,,6.469,,55,,0.3601,0.2373,55,0.5987,5.417,4.288,16.27,31.95,17.11,,,17.41,31.35,3.532,48.24,2.15,2.83,3.45,11,5.68,11,195,37.22
18485-38-6,"(E,E)-2,4-Dodecadien-1-ol",,11.46,,0.84,1.08,,,,,2.464,9.976,7.25,33,3.99,0.96,10.7,12.09,9.266,7.494,,,11.82,55,37.53,55,42.79,55,55,0.6228,24.01,23.5,4.047,1.27,7.725,1.703,8.149,7.878,8.692,5.604,1.222,,,,,1.477,,,26.21,30.86,29.63,6.96,15.89,13.77,8.304,,,11.98,,,,,25.34,15.6,33,55,,,,,,,,,,,15.87,15.87,6.841,5.896,,,,,,,,,,,,,,,,,,,,,0.3223,,0.05741,,,6.84,,,13.4,,,,39.46,9.802,94.02,20.04,3.884,1.29,2.492,3.623,1.555,3.6,,0.4078,,33,33,18.7,110,62.94,,,,,3.07,,,1.252,1.06,1.477,9.807,10.1,1.459,2.153,2.45,4.933,4.442,2.765,17.44,55,11.07,0.5482,22,22,22,22,11.26,22,12.36,22,6.673,7.248,5.149,15.28,3.281,6.512,2.405,0.5157,2.887,10.52,6.99,1.618,8.98,0.6507,0.7211,6.6,,5.8,2.38,23.14,3.957,11.75,1.218,17.95,7.681,15.81,9.628,8.729,0.646,0.621,18.38,55,26.12,33,33,22.53,33,,,,,7,4.6,,,4.477,13.38,15.51,37.52,16.02,44,44,10.72,,,,,10.63,3.791,5.793,2.171,,,0.0999,1.42,22.25,,0.7799,22.78,71.52,40.88,15.04,26.4,15.3,2.828,11.05,3.994,5.908,4.518,77.16,9.449,15.18,3.54,7.164,8.438,5.418,4.446,13.54,7.521,1.727,2.269,16.41,58.7,0.9639,16.9,3.228,,49.64,36.02,0.7932,0.5443,1.413,0.619,0.4235,1.106,1.894,1.335,1.449,46.68,28.54,30.73,49.91,,,,65.49,55,9.815,,,,,5.993,35.2,34.81,55,4.364,,,8.912,1.658,22,1.62,22,12.59,8.739,44,44,32.49,17.17,8.979,6.578,41.08,55,,55,,,,,,1.69,4.537,66.54,47.17,12.69,10.68,16.94,23.67,110,,,17.2,,30.77,,28.48,32.22,33.71,55,6.2,14.1,55,55,55,55,22.6,7.243,,,,,,12.57,8.773,12.15,25.44,55,21.05,55,0.3298,0.1406,45.99,24.67,26.28,3,,3.3,,,4.61,2.752,1.97,2.13,1.14,2.327,2.633,0.9386,8.469,5.141,2.37,,,,22.37,0.2245,281.6,5.01,20.64,12.58,24.1,187,7.8,,,11,11.43,14.56,6.725,27.5,0.71,5.16,2,0.3114,12.59,2.838,8.8,16.39,0.3953,1.332,2.374,7.297,12.89,,55,0.6482,0.9817,0.6994,8.028,55,,55,,7.568,,0.3638,0.2387,24.19,0.6055,5.134,4.411,22.27,32.16,17.11,,,15.89,28.49,3.103,41.98,2.15,2.83,3.45,11,5.68,11,195,37.22
68892-27-3,(Z)-Tetradec-3-enol /  Z3-14:OH,,10.4,,0.84,0.7281,,,,,2.729,13.41,7.25,33,3.99,0.96,10.7,12.36,9.379,7.286,,,11.66,55,52.55,55,45.38,40.22,23.42,0.4828,55,55,3.739,2.067,8.684,1.675,14.92,12.46,15.18,5.195,1.041,,,,,1.272,,,16.46,20.09,20.42,6.972,14.75,15.59,16.25,18.86,,12.26,,,,,26.06,26.82,33,55,,,,,,,,,,,15.74,13.62,5.307,2.561,,,,,,,,,,,,,,,,,,1.6,,,0.302,,0.05087,,,6.84,,,69.78,,,,43.9,9.012,96.77,27.41,3.92,1.3,2.5,3.63,1.56,3.6,,0.4517,,33,33,17.01,110,63.93,,,,,3.07,,,1.649,1.323,1.593,9.712,9.635,1.438,2.137,2.431,5.205,4.763,2.905,9.942,55,11.06,0.3727,22,22,22,22,12.21,22,17.44,22,5.163,10.66,8.821,15.93,3.161,6.504,2.397,0.4789,2.879,10.52,4.299,1.226,8.879,0.4076,0.4792,6.6,,5.501,2.08,22.68,3.715,11.31,1.119,17.96,8.312,18.61,13.28,14.2,1.932,1.575,18.6,55,26.53,33,33,23.11,33,,,,,7,4.6,,,4.667,13.73,16.1,37.91,16.34,44,44,11.32,,,,,10.63,3.83,5.807,1.914,,,0.09008,2.36,29.83,,0.8876,23.79,71.61,46.8,12.45,4.772,15.3,2.842,11.1,4.013,4.642,3.668,68.63,8.097,17.69,10.53,5.253,5.602,4.941,3.599,13.75,10.22,1.703,2.442,16.2,61.54,0.966,14.24,4.766,,49.65,40.05,0.7936,0.5401,1.385,0.6146,0.4537,1.31,1.206,0.6552,0.9497,47,40.33,40.14,31.34,,,,51.95,55,8.427,,,,,5.678,35.2,23,55,4.672,,,1.68,1.658,22,1.62,16.6,11.17,8.202,44,44,44,16.67,6.371,5.651,41.08,55,,55,,,,,,1.64,5.697,66.54,47.17,12.69,8.391,16.94,,110,,,17.11,,31.73,110,37.86,19.22,20.47,55,8.2,30.8,55,39.5,27,55,13,6.67,,,,,,19.43,9.692,12.21,27.04,55,17.78,55,0.3277,0.1378,42.4,21.48,20.19,3.173,,3.136,,,4.61,3.084,1.97,2.13,1.14,1.721,4.052,0.5712,9.389,4.666,2.418,,,,23.76,0.2283,281.6,4.937,20.53,12.4,23.46,188.2,7.8,9.2,15.8,9.699,11.18,14.04,7.235,27.5,0.71,5.16,1.888,0.289,12.59,2.97,8.8,16.39,0.1956,0.8588,2.292,8.063,12.89,,24.65,0.641,0.9753,0.6962,7.953,55,,7.903,,14.82,,0.3607,0.2375,55,0.6007,5.247,3.943,17.36,24.81,16.08,,,17.79,35.5,3.532,42.02,2.15,2.83,3.45,11,5.68,11,195,37.22
104-54-1,Cinnamyl alcohol,,55,,,,,,,,,22,5.34,3.79,3.68,33,5.71,,,,,,,55,55,55,28.3,55,13.4,,,,,,33,33,,,,22,22,,,,,22,,,27.53,28.02,24.02,9.1,21.53,33,13.64,,,22,,,,,33,55,33,55,,,,,,,,,,,,23.91,77,44,,,,,,,,,,,,,,,,,,0.09,,,,,,,,,79.26,,,,,,,,,,,,,,,,,,3.2,,,72.89,110,110,,,29.41,,,,,0.7941,,,,,,,,22,12.23,22,24.5,55,86,55,22,22,22,22,22,22,22,22,22,22,22,22,3.05,11,11,1.62,11,11,,8.79,31.86,,,,,,33,33,33,33,33,33,33,8.9,24.49,12.75,22,22,22,21.54,33,33,33,16.26,33,,,,,,,,,,,,,,,,,,,,,,,,,,9,,,44.21,,,230.9,48.37,,,26.4,,,,,32.16,75.41,80.66,22.32,24.96,14.07,20.85,11.6,44.69,6.81,34.71,23.84,,10.53,,,,86.99,8.323,9.7,55,34.51,,,,,,,,,,39.4,20.02,15.44,13.89,37.5,16.1,44,34.68,,,,,,,35.2,12.9,55,55,,,,22,,,,6.84,,10.49,20.38,44,16.08,18.16,9.936,14.65,16.31,55,,,,,,,,0.81,15.56,,,,,,24.63,,,,,,,,55,55,55,,,,,,,,,,16.63,55,23.63,25.48,22.93,,,,34.69,32.67,26.23,55,,,,,,5.096,4.249,6.174,13.6,5.5,,,,,,,,,2.73,,,,,,16.94,,,,,,,,,,,8.657,9.237,10.76,96.51,,,,22,,,,,,13.05,22,22,55,,,55,,,,,8.659,,8.341,,9.467,,,,55,13.13,,,,,,,,,,4.44,,,,,,,,192.9,523.1
112-43-6,10-Undecen-1-OL,,,,,,,,,,2.79,22,,,,,,,,10.7,,,11.8,,,,,,,3.8,55,55,17.6,55,20.1,1.533,33,33,33,,,,,,,,,,31.77,31.45,35.06,7.395,17.13,17.39,22.21,,,14.29,,,,,33,22.2,33,55,,,,,,,,,,,,14.04,3.178,1.71,,,,,,,,,,,,,,,,,,,,,,,,,,,,,,,,,,,,,,,,,,,,0.4517,,,,46.85,110,110,,,24.6,,,,,4.93,,8.09,,,1.483,2.172,2.472,22,9.15,3.85,20.6,55,25.8,0.6552,22,22,22,22,22,,,,,,,,5.23,11,11,1.98,11,11,4.14,2.865,24.51,2.28,2.86,,,,,,,,,,,33,33,33,22,22,22,,33,33,33,33,33,,,,,,,,,9.05,21.16,29.93,44,21.29,44,44,27.09,,,,,,3.95,6.02,2.36,,,0.22,2.36,55,,,,,,13.08,4.299,15.57,2.595,10.22,3.712,2.697,1.543,74.36,5.404,32.95,12.98,3.964,5.102,3.292,3.822,12.01,10.56,1.718,2.123,16.24,113.1,0.97,14.27,4.766,,,,0.9,0.65,1.6,0.6366,0.453,1.722,,,,,35.89,40.65,36.14,,,,71.67,55,9.305,,,,,,,25.26,55,3.147,,,10.75,1.658,22,1.62,22,,7.73,44,44,44,16.42,5.461,4.053,,55,,,,,,,,,,,,,,17.55,,,,,,,,,55,16.09,17.65,,,,,,,,,,,,,,,,,,,,,55,0.3346,0.09445,,,,,,,,,,13.88,,,,,,,,5.14,2.542,,,,,,,,,,,,,,,12.43,11.18,14.13,,,,,2.002,0.2275,,,,16.39,0.2619,1.093,1.997,,,,55,0.6263,0.7459,0.9219,7.859,,,,,,,0.3648,0.2426,,0.56,5.27,4.39,22.27,32.16,17.11,,,,,3.532,,,,,,,,,
-,"(Z,Z)-3,9-6,7-epoxyoctadecadiene / Z3Z9-6,7-epo-18:Hy",,,,,,,,,,,,,,,,,,,,2,2.8,4.2,,,,,,,,,,,,,,,,,,,,,,,,,,,,,,,,,,,,,,,,,,,,,,,,,,,,,,,,,,,,,,,,,,,,,,,,,,,,,,,,,,,,,,,,,,,,,,,,,,,,,,,,,,,,,,,,,,,,,,,,,,,,,,,,,,,,,,,,,,,,,,,,,,,,,,,,,,,,,,,,,,,,,,,,,,,,,,,,,,,,,,,,,,,,,,,,,,,,,,,,,,,,,0.57,,,,,,,,,,,,,,,,,,,,,,,,,,,,,,,,,,,,,,,,,,,,,,,,,,,,,,,,,,,,1.87,1.85,,,,,,,,,,,,,,,,,,,,,,,,,,,,,,,,,,,,,,,,,,,,,,,,,,,,,,,,,,,,,,,,,,,,,,,,,,,,,,,,,,,,,,,,,,,,,,,,,,,,,,,,,,,,,,,,,,,,,,,,,,,,,,,,,,,,,,,,,,,,,,,,,,,,,
-,"(Z,Z)-3,9-6,7-epoxynonadecadiene / Z3Z9-6,7-epo-19: Hy",,,,,,,,,,,,,,,,,,,,2,2.8,4.2,,,,,,,,,,,,,,,,,,,,,,,,,,,,,,,,,,,,,,,,,,,,,,,,,,,,,,,,,,,,,,,,,,,,,,,,,,,,,,,,,,,,,,,,,,,,,,,,,,,,,,,,,,,,,,,,,,,,,,,,,,,,,,,,,,,,,,,,,,,,,,,,,,,,,,,,,,,,,,,,,,,,,,,,,,,,,,,,,,,,,,,,,,,,,,,,,,,,,,,,,,,,,0.65,,,,,,,,,,,,,,,,,,,,,,,,,,,,,,,,,,,,,,,,,,,,,,,,,,,,,,,,,,,,1.87,1.85,,,,,,,,,,,,,,,,,,,,,,,,,,,,,,,,,,,,,,,,,,,,,,,,,,,,,,,,,,,,,,,,,,,,,,,,,,,,,,,,,,,,,,,,,,,,,,,,,,,,,,,,,,,,,,,,,,,,,,,,,,,,,,,,,,,,,,,,,,,,,,,,,,,,,
81309-90-2,"Z3,Z6-9S,10R-epoxy-21Hy / (Z,Z)-3,6-9,10-Epoxyheneicosadiene",,,,,,,,,,,,,,,,,,,,,,,,,,,,,3.8,55,55,55,0.6,,,,,,,,,,,,,,,,,,,,,,,,,,,,,,,,,,,,,,,,,,,,,,,,,,,,,,,,,,,,,,,,,,,,,,,,,,,,,,,,,,,,,,,,,,,,,,5.78,110,43.48,,,,,,,,,,,,,,,,,,,,,,,,,,,,,,,,,,,,,,,,,,,,,,,,,,,,,,,,33,17.67,33,22,8.71,22,55,33,33,33,33,33,,,,,,,,,,,,,,,,,,,,,,,,,,,,,,,1.21,172.6,,,,,,,,,,,,,,,,,,,,,,,,,,,,,,,,,,,,,4.4,4.4,0.76,,,,,,,,,,,,,,,,,,,,2.12,2.48,,,,,,,,,,,,,,,55,,,,,,,,,,,,,,,,,,,,,,,,,,,,,,,,,,,,,,,,,,,,,,55,,,,,,3.7,,9.2,,,,,,,,,,,,,,,,,,,,,,,,,,,,,,,,,,,4.63,1.32,,,,,1.1,2.61,10.97,,,,55,,,,,,,,,,,0.59,0.48,,0.82,,,,,,,,,,,,,,,,,,,
116-04-1,beta-Humulene,,12.17,,,,,,,,,22,,,,,,,,,,,,,,,,,,,,,,,13.4,4.5,,,,22,22,,,,,22,,,9.503,55,8.384,1.27,33,33,9.073,,,,44,,,,33,,33,13.86,,,,2.43,3.52,33,2.24,4.19,2.2,33,,,,,,,,,,,,,,,,,,,,,,,,,,,,,,,,,,,,,,,,,1.61,,2.29,,2.07,,,,,,,110,110,110,,,,,,,,,,,,,,,,7.97,22,12.77,14.7,55,15.64,2.32,2.54,22,22,22,22,22,22,22,,22,1.4,22,11,11,11,11,11,11,,3.88,8.67,3.58,3.78,,,,,,,,,33,33,,,,,,,,,,,,,4.3,,,6.282,,,,36.69,8.31,7.27,9.32,39.85,11.61,44,44,2.54,144.7,1100,139.7,1100,,,,,,,,,,15.55,,,,,,,,,,,,,,,,38.5,,,,38.5,,38.5,,,,57.75,,,,,,,,,,,,,,,,,,,,,,,,,,,,,,,,55,55,391.1,,,,,,,,,,,,,,55,,,55,30.8,4.15,16.13,33.48,16.37,16.34,7.45,,6.53,41.41,41.95,66.16,19.06,,,,,,4.28,,16.06,,55,55,55,55,9.4,55,24.4,55,0.9,55,9.7,,,,,,,55,,,55,25.9,26.7,55,,,,,,,,,,,,,,,,,,,,20.91,2.42,,,,,,,,,,,,,,,,,,46.58,,,,,,2.76,,,,,,,,2.16,,55,,,,,,,,,,,,,55,,,,,,,,27.19,,,,,,,,,,,,
118-65-0,isocaryophyllene,,11.29,,,,,,,,,22,,,,,,,,,,,,,,,,,,,,,,,13.4,4.5,,,,22,22,,,,,14.08,,,9.075,55,10.71,1.387,33,33,1.559,,,,44,,,,22.54,,33,13.13,,,,2.43,3.52,33,2.24,4.19,2.2,33,,44,29.68,13.87,,,,,,,,,,,,,,,,,,,,,,,,,,9.25,,,,4.06,,,55,123.2,1100,195.3,1.61,1.36,2.286,,1.984,,,,,,,78.95,110,110,,,25.01,,,,,,,,,,,,,6.527,20.06,11.47,11.34,55,15.64,1.569,1.661,22,22,22,22,22,22,22,22,22,1.85,22,11,11,11,8.374,11,11,,2.732,7.82,3.145,3.21,,,,,,,,,33,33,21.63,24.44,33,22,22,22,55,33,33,25.08,33,19.65,4.3,,,6.417,,,3.41,51.73,8.287,5.101,6.867,39.08,11.33,44,44,1.727,57.3,121.7,50.33,101.1,,,,,,,,,,15.55,,,,,,,,,,,,,,,,38.5,,,,38.5,,38.5,,,,57.75,,14.64,,,55,30.9,,,,,,,,,,,110,110,,,,,,,,,,,,11,35.2,40.14,55,165.7,,,,,,,,,,,,,,55,,,55,17.22,2.623,6.134,18.17,14.51,15.32,5.289,,5.333,41.41,41.95,66.16,10.66,,,,,,3.89,,16.64,,55,55,55,55,8.405,55,22.34,55,0.5031,55,9.287,7.11,13.81,29.23,26.56,21.61,20.94,15.53,22.37,13.22,42.34,22.33,25.48,55,,35.2,,,,,,,,,,,,,,,,,19.26,20.91,2.42,,,,,,,,,,,,,10.5,18,,,,38.67,,,,,,2.76,,,,,,,1.57,2.16,,55,21.22,,,,,,,,,,,,55,,,,,,,,27.19,18.74,58.05,,,,,,,,,9.71,74.96
3386-97-8,4-isothiocyanato-1-butene,,,,,,,,,,,,,,,,,,,,,,,,,,,,,,,,,,,,,,,,,,,,,,,,,,,,,,,,,,,,,,,,,,,,,,,,,,,,,,,,,,,,,,,,,,,,,,,,,,,,,,,,,,,,,,,,,,,,,,,,,,,,,,,,,,,,,,,,,,,,,,,,,,,,,,,,,,,,,,,,,,,,,,,,,,,,,,,,,,,,,,,,,,,,,,,,,,,,,,,,,,,,,,,,,,,,,,,,,,,,,,,,,,,,,,,,,,,,,,,,,,,,,,,,,,,,,,,,,,,,,,,,,,,,,,,,,,,,,,,,,,,,,,,,,,,,,,,,,,,,,,,,,,,,,,,,,,,,,,,,,,,,,,,,,,,,,,,,,,,,,,,,,,,,,,,,,,,,,,,,,,,,,,,,,,,,,,,,,,,,,,,,,,,,46.82,,,,,,,,,,,,,,,,,,,,,10.83,,7.651,,9.802,,,,,,,,,,,,,,,,,,,,,,,,
544-25-2,"1,3,5-cycloheptatriene",,,,,,,,,,,,,,,,,,,,,,,,,,,,,,,,,,,,,,,,,,,,,,,,,,,,,,,,,,,,,,,,,,,,,,,,,,,,,,,,,,,,,,,,,,,,,,,,,,,,,,,,,,,,,,,,,,,,,,,,,,,,,,,,,,,,,,,,,,,,,,,,,,,,,,,,,,,,,,,,,,,,,,,,,,,,,,,,,,,,,,,,,,,,,,,,,,,,,,,,,,,,,,,,,,,,,,,,,,,,,,,,,,,,,,26.55,,,,,,,,,,,,,,,,,,,,,,,,,,,,,,,,,,,,,,,,,,,,,,,,,,,,,,,,,,,,,,,,,,,,,,,,,,,,,,,,,,,,,,,,,,,,,,,,,,,,,,,,,,,,,,,,,,,,,,,,,,,,,,,,,,,,,,,,,,,,,,,,,,,,,,,,,,,,,,,,,,,,,,,,,,,,,,,,,,,,,,,,,,,,,,,,,,,,,,,,,,,,,,,
1686-30-2,alpha-Myrcene,,8.741,,,,,,,,10.74,22,,,,,,,,,,,,,,,,,,,,,,,20.1,20.1,,,,22,5.348,,,,,4.94,,,4.651,11.86,9.614,1.437,13.68,15.51,6.422,,263,,44,,,,33,20,33,13.01,,,,,,,,,,,,27.99,14.34,12.03,,,,,,,,,,,,,,,,,,,,,,,,,,8.19,,,,,,,,12.96,61.54,20.24,2.73,1.54,1.91,,1.67,,,,,,,110,110,110,,,,,0.8348,,,,,,,,,,,3.834,4.127,4.217,11.8,55,14.33,20.72,1.85,22,22,22,22,22,8.87,22,2.59,22,1.25,22,11,11,11,3.48,11,11,,,,1.63,4.25,,,,1.15,4.738,1.189,9.437,33,,,33,33,25.89,22,6.24,22,37.4,33,33,33,33,33,,,,,,,6.96,110,7.09,14,43.1,23.06,17.45,44,44,8.82,14.21,44.92,38.93,29.37,,,,,,,,,,,,,116.3,,,17.58,,,,,12.44,44.06,,32.27,32.53,7.75,11.06,10.89,16.79,38.5,,23.98,,,,,,10.31,,,,,,,,,,,,,,,25.36,29.48,13.38,44,21.8,44,24.08,,,,,,,,,,,86.5,,,,,,,,,,,,,,14.7,,,55,31.9,55,45.23,55,7.77,12.37,15.56,,24.75,,,,17.89,,,,,,14.69,,25.57,,55,55,55,55,2.5,17.4,55,55,1.1,55,3.9,,,,,,,5.29,,,16.2,29.1,7.2,55,,,,,,,,,,,,,,,,,,,17.7,45.7,72.37,,,,,,,,,,,,,8.9,6.4,9.7,8.6,1.604,10.83,,,,,,,,17.63,,,,,3.65,,,55,22.05,,,,,,,,,,,,55,,,,,,,,,,,30.27,,,,,,,,,
4221-98-1,(R)-(-)-a-Phellandrene,,19.41,,,,,,,,,22,,,,,,,,,,,,,,,,,,,,,,,,,,,,,,,,,,,,,55,55,55,33,33,12.99,55,,56.68,,,,,,11.49,,20.07,20.29,,,,,,,,,,,,,,,,,,,,,,,,,,,,,,,,,,,,,,,,,,,,,,,,52.11,458.7,71.07,,,,,,,,,,,,,,,,,,,,,,,,,,,,,,,,,,,,,,,,,,22,22,22,,22,22,22,,,,,,,,,,,,,,,,,,,,,,33,33,33,22,22,22,,33,33,33,33,33,,,,,,,5.66,47.66,,,,,,,,,,,,,,,,,,,,,,,,,,,,,,,,,,,,,,,,,,,,,,,,,,18.44,,,,,,,,,,,,,,,110,110,,,,,,,,,,,,,,17.65,55,,,,,,,,,,,,,,,,,,55,,,,,,,,,,,,,,,,,,,,,,,,,,,,,,,,,,,,,,,,13.66,,,,,,55,,8.33,,,,,,,,,,,,,,,,,59.1,110.6,,,,,,,,,,,,,,,,,,,,,,,,,,,,,,,,,,,55,,,,,,,,,,,,,55,,,,,,,,,,,,,,,,,,,,
107-40-4,"2,2,4-trimethyl-3-pentene",,17.63,,,,,,,,,,,,,,,,,,,,,,,,,,,,,,,,,,,,,,,,,,,,,,,,,,,,,,,,,,,,,,,,,,,,,,,,,,,,,,,,,,,,,,,,,,,,,,,,,,,,,,,,,,,,,,,,,,,,,,,,,,,,,,,,,,,,,,,,,,,,,,,,,,,,,,,,,,,,,,,,,,,,,,,,,,,,,,,,,,,,,,,,,,,,,,,,,,,,,,,,,,,,,,,,,,,,,,,,,,,,,,,,,,,,,,,,,,,,,,,,,,,,,,,,,,,,,,,,,,,,,,,,,,,,,,,,,,,,,,,,,,,,,,,,,,,,,,,,,,,,,,,,,,,,,,,,,,,,,,,,,,,,,,,,,,,,,,,,,,,,,,,,,,,,,,,,,,,,,,,,,,,,,,,,,,,,,,,,,,,,,,,,,,,,,,,,,,,,,,,,,,,,,,,,,,,,,,,,,,,,,,,,,,,,,,,,,,,
3338-55-4,cis-(3Z)-beta-ocimene,,9.533,,,,,,25.19,,9.655,22,,,,,,,,,,,,55,55,24,55,55,55,55,55,55,55,9.6,20.1,20.1,,,,11.92,7.052,,,,,4.943,,,14.04,18.16,15.19,1.428,13.71,15.47,11.06,,206.4,,44,,,,33,20,33,13,,,,,,,,,,,9.951,26.73,12.89,10.14,7.83,21.1,18.4,10.7,27.6,9.43,23.1,12.6,15.7,13.9,7.94,13,4.17,6.59,18.9,21.7,11.9,5.026,17.8,16.9,8.35,9.79,8.38,13.9,13.4,4.253,,,,4.13,,,,0.5435,44,7.028,2.292,1.598,2.118,,1.662,,,,,,,110,110,110,,,29.77,,3.2,,,,,,,,,,,3.896,3.91,5.494,3.995,55,9.374,2.446,8.494,22,22,22,22,22,15.52,22,2.59,22,7.306,22,11,11,11,1.477,11,11,,6.7,18.53,1.653,3.085,,,,3.773,2.469,1.449,0.8734,6.247,12.7,15.24,23.27,23.78,28.7,22,13.39,22,45.5,33,33,30.31,33,26.27,,,2.68,,7.2,2.9,6.96,110,4.911,9.782,23.19,3.856,7.815,44,44,10.18,14.21,44.92,38.93,29.37,,,,,,,,,55,11.02,,,82.35,,,17.58,,,,,12.44,44.06,69.43,32.27,32.46,7.094,11.06,10.89,16.79,38.5,,22.53,,11.77,,,,9.127,,,,,,,,,,,5.74,22,22,50.3,22.25,26.22,12.05,44,21.8,44,21.03,,,,,,,35.2,27.39,55,55,86.5,,,22,,,,22,11,,,,,,14.55,,,55,31.9,55,45.23,55,7.77,12.37,15.56,,7.918,,,,13.61,26.79,23.97,,,110,14.69,,25.57,,14.44,2.282,19.14,55,2.404,16.8,55,55,0.9966,55,3.722,20.77,,,,,,14.93,5.175,26.97,15.14,27.5,6.007,55,0.8377,8.392,,,,1.8,,5,,7.7,,,,,,3.297,1.04,0.52,1.615,5.727,1.533,,,,,,,,,,,,,8.9,6.4,9.7,8.6,1.592,8.025,,,,22,110,,,17.63,,44,30.5,44,2.866,,,55,6.161,,,,,,,,,,,1.64,55,14.87,,8.24,,,,12.82,14.38,,,30.27,,,,,,,,,
62235-06-7,"(3E, 7E)-4, 8, 12-trimethyltrideca-1, 3, 7, 11-tetraene / TMTT",,5.533,,1.78,3.212,,174.3,6.452,20.69,5.224,22,,,,,,,,9.2,,1.8,,55,55,27.56,55,55,30.61,0.2406,2.245,26.04,1.456,8.117,20.1,20.1,,,,17.82,5.602,,,,,5.522,,,14.35,21.17,18.76,0.8125,13.09,14.71,19.39,,206.4,,13.42,26.3,9.5,39.1,16.94,20,20.48,10.33,11.18,13.72,,,,,,,,,13.46,36.31,4.767,1.582,7.83,21.1,18.4,10.7,27.6,9.43,23.1,12.6,15.7,13.9,7.94,13,4.17,6.59,18.9,21.7,11.9,0.4044,17.8,16.9,8.35,9.79,8.38,13.9,13.4,3.937,,,,4.13,,,,1.108,41.9,9.532,2.487,1.537,1.782,,1.527,,,1.575,,,,60.06,110,110,,,29.77,,0.9704,,123,,,,,,,,,3.05,4.124,4.814,5.927,47.4,7.358,4.298,2.315,22,22,22,1.235,22,5.417,5.272,2.687,1.146,0.6652,22,11,11,11,2.259,11,11,,0.2105,1.08,1.338,3.187,,,,2.124,3.498,1.359,2.861,12.7,23.81,25.12,14.67,14.14,19.88,4.594,2.979,17.15,13.38,33,33,24.32,22.36,22.68,,,2.42,,7.2,2.9,6.96,110,4.142,7.52,29.01,7.361,10.45,44,44,8.446,14.21,44.92,38.93,29.37,,,,,,,,,55,10.87,,,15.28,,,17.58,,,,,12.44,44.06,69.43,32.27,32.55,11.22,11.06,10.89,16.79,38.5,,24.62,,11.77,,,,8.823,,5.4,55,20.38,,,,,,,5.693,3.681,6.664,45.58,23.53,25.83,14.12,44,21.8,44,34.67,55,23.5,,,,,3.392,23.52,55,55,86.5,,,22,,,,10.25,11,,,,,,13.34,,75.93,55,31.9,55,45.23,55,7.77,12.37,15.56,,9.996,,,,12.71,26.79,23.97,110,4.3,110,6.986,,25.57,110,5.688,0.9144,9.342,55,3.049,17.12,55,46,1.56,55,4.974,8.092,,,,,,9.452,6.747,10.62,17.07,21.71,5.826,55,0.7251,2.127,,,,2.116,,5.883,,6.487,,,,,,3.443,1.388,0.6701,4.536,8.818,1.841,33.1,34.5,,16.79,,,,,,,,11.2,8.9,6.4,9.7,8.6,0.9659,8.327,,,,22,1.855,10.47,,8.827,23.88,5.923,37.34,44,2.582,13.46,10.4,30.47,6.855,,,,8.65,,10.7,,12.17,,25.7,1.061,55,1.887,,8.24,,,,12.82,14.38,,,6.174,37.58,,,,,,,42.25,98.17
3404-78-2,"2,5-dimethyl-2-hexene",,19.41,,9.1,49.9,,174.3,5.5,20.69,6.13,22,33,33,33,6.37,33,5.3,11.5,13.7,,12.9,15.1,55,55,26.9,55,55,55,1.124,26.06,55,6.835,55,,,,,,13.14,9.797,,,,,9.79,,,34.06,30.95,26.85,12.96,33,33,27.04,,206.4,,44,,,,7.72,,33,55,,,,,,,,,,,11.36,44,,,7.83,21.1,18.4,10.7,27.6,9.43,23.1,12.6,15.7,13.9,7.94,13,4.17,6.59,18.9,21.7,11.9,1.871,17.8,16.9,8.35,9.79,8.38,13.9,13.4,6.15,,,,4.13,,,,,,,2.44,1.66,2.57,,1.82,,,,,,,50.19,110,110,,,,,3.2,,123,,,,,,,,,,,,,,,,22,22,22,22,22,22,22,22,,22,22,22,,,,,,,,,,,,,,,10.32,33,33,33,33,12.16,14.06,33,33,33,22,22,22,34.43,33,33,33,33,33,,,,,7.2,2.9,,,5.93,12.82,25.79,5.24,8.97,44,44,11.7,,,,,,,,,,,,,55,,,,24.62,,,,,,,,,,,,,,,,,,,,,,,,,14.08,,,,,,,,,,,5.903,4.498,22,46.2,31.11,31.04,24.11,,,,67.44,55,23.5,,,,,35.2,35.2,55,55,,,,22,,,,10.02,,,,,,,14,,75.93,55,,,,,,,,,,,,,,,,,,110,25.89,,,110,55,6.81,55,55,8.212,19.64,55,55,12.97,55,18.42,,,,,,,28.06,,,55,55,23.3,55,,35.2,,,,2.5,,9.2,,7.9,,,,,,15.23,,,2.359,7.6,4.869,,,,41.8,,,,,,,,11.2,,,,,,,,,,22,22,,,,,23.96,44,44,,,,55,,,,,,,,,,,,,,,,8.24,,,,12.82,14.38,,,5.638,37.58,,,,,,,,
20307-83-9,β‐Sesquiphellandrene,,,,,,,,,,,,33,33,33,6.37,33,5.3,11.5,13.7,,12.9,15.1,,,,,,,1.2,55,55,7.2,55,,,,,,,,,,,,,,,55,55,43.47,,,,55,,,,,,,,,,,,,,,,,,,,,,,44,,,,,,,,,,,,,,,,,,,,2.1,,,,,,,,6.26,,,,,,,,,,,,,,,,,,,,,,,,,,,,,,,,,,,,,,,,,,,,,,,,,,,,,,,,,,,,,,,,,,,,,,,,,,,,,,33,10.45,,,,,,,,,,,,,,,,,,,,,,,,,,,,,,,,,,,,,,,,,,,,,69.85,,,,,,,,,,,,,,,,,,,,,,,,,,,,,,,,,,,,,,,,,,,,,,,,,,,,,,,,,,,,,,,,,,,,,,,16.5,,,,,,,,,,,,,,,,,,,,,,,,,,,,,55,8.3,20.3,55,55,13.5,55,25.6,,,,,,,,,,,,,,,,,,,2.5,,9.2,,7.9,,,,,,,,,,,,,,,44.06,,,,,,,,,,,,,,,,,,,,,,,,,,,,,,,,,,,,,,,,,,,,,,,,,,,,,,,,,,,,,,,
5794-03-6,(+)-Camphene,,12.65,,,,,,,,,22,,,,,,,,,,,,,,,,,,,,,,,,,,,,,,,,,,,,,7.07,11.07,12.37,33,33,20.93,55,,,,,,,,33,17.75,33,15.87,,,,,,,,,,,,44,77,44,,,,,,,,,,,,,,,,,,,,,,,,,,,,,,,,,42.66,45.35,95.33,1100,,,,,,,,,,,,110,110,110,,,,,,,,,,,,,,,,,,,,,,,22,22,22,22,22,22,22,22,22,22,22,22,11,11,11,11,11,11,,4.24,13.92,12.19,9.3,,,,,,,,,,,,,,,,,,,,,,,,,,,5.8,3.7,2.66,,,,,,,,,,20.38,97.85,91.23,55.88,,,,,,,,,,,,,,,,,,,,,,,,,,,,,,,,,,,,,,91.28,,,55,30.9,,,,,,,,,,,30.44,110,,,,,,,,,,,,,,,,,,,,,,,,,,,,,,13.5,,,55,22.28,36.83,4.24,15.91,21.84,19.65,32.81,,10.79,,,,14.67,,,,,,,,30.29,,,,,55,9.8,14.9,55,55,29.2,55,21.6,,,,,,,8.059,,,,,,55,35.2,17.84,,,,,,,,,,,,,,,,,15.75,,6.71,,,,,,,,,,,,,,,,,,33.25,,,,,,,,,,,,,2.8,,,55,,,,,,,,,,,,,,,,,,,,16.97,17.12,,,,,,,,,,,,
7235-40-7,β-Carotene,,,14.69,1.54,7.33,23.07,7.76,4.12,10.2,3.79,11.86,17.3,20.02,5.818,1.446,15.8,,,3.1,,4.2,,55,19,22.1,55,55,55,0.3,1.4,9.5,1,7.2,,,,,,,,,,,,,,,55,55,55,6.47,18.02,6.63,1.88,,,,17.7,,,,15.29,23.8,33,19.5,7.09,8.47,,4.7,7.61,5.8,6.56,11.63,8.11,18.03,7.34,,,,,,,,,,,,,,,,,,,,,0.54,,,,,,,,,30.06,,15.37,,,,,,,,,,,,,,2.7,0.1946,,,,32.1,110,110,5.15,3.62,,,,,,12.74,0.8152,1.9,,,,,,7.67,22,22,13.2,28.9,5.32,7.13,22,22,22,22,6.101,22,9.854,22,22,10.62,4.383,6.937,,,,,,,,,,10.06,9.85,,,,,,,,,12.93,33,17.14,11.49,24.84,15.02,5.06,10.21,4.9,13.32,33,16.53,13.69,9.26,,,,,,,,,,,,,,,,,,,,,,,,,,1.288,,,12.59,,,7.92,,,,,,,,,,,49.36,,,,,,,,,,,6.66,20.15,,,,,,12.9,12.3,,,,,,,,,,6.9,4.3,4.47,6.994,35.6,9.7,44,5.36,55,55,,,,,,,,,,,,,,,,,9.22,,,,,,6.5,12.45,9.92,16.68,,,,,,,,0.26,8.97,,,,11.78,,25.12,40.69,10.6,51.28,4.37,110,5.79,15.51,3.43,2.47,7.14,,,,,,,,,5.06,,,,,,,,,21.5,22.2,6.1,13.92,,,,,,2.3,,6.3,13,9.1,,,,,,1.41,14.44,12.17,3.293,,,3.045,11.45,4.9,,,,,,,,,,,,,,,,,,,13.81,11.58,14.25,,16.79,,4.35,11.01,9.66,1.39,14.75,6.57,10.4,,,,,11.44,,5.07,,4.93,,,,55,,,,,,,,,,,,,,,,,,,,
2234-20-0,"2,4-dimethylstyrene",,,,,,,,,,,,,,,,,0.14,,,,,,,,,,,,,,,,,,,,,,,,,,,,,,,,,,,,,28.26,15.49,,,,,,,,,,,,,,,,,,,,,,,,,,,,,,,,,,,,,,,,,,,,,,,,,,,,,,,,,,,,,,,,,,,,,,,,57.43,110,110,,,34.28,,,,,,,,,,,,,,,,,,,,,,,,,,,,,,,,,,,,,,,,,,,,,,,,,,,,,,,,,,,,,,,,,,,,,,,,,,,,,,,,,,,,,,,,,,,,,,,,,,22.91,,,,,,,,,,,,,,,,,,,,,,,,97.05,12.9,,,,,,,,,,,,,,,,,,,,,,,,,,,,,,,,,,,,,,,,,,,,,,,,,,,,,,,,,,,,,,,24.78,,,,,,,,,,,,,,,,,,,,18.01,55,36.23,24.63,27.87,,,,,,,,,,,,,,,,,,,,,,,,,,,,,,,,,,,,,,,,,,,,,,,,,,,,,,,,,,,,,,,,,,,,,,,,,,,,,,,,,,,,,,,,,,,,,,9.06,13.24
63-68-3,Methionine / L-Met,,,,,,,,,,,22,,,,,,,,,,,,,,,,,,,,,,,,,,,,,,,,,,,,,,,,,,,,,,,,,,,,,,,,,,,,,,,,,,,,,,,,,,,,,,,,,,,,,,,,,,,,,,,,,,,,,,,,,,,,,,,,,,,,,,,,,,,,,,,,,,,,,,,,,,,,,,,,,,,,,,,,,,,,,,,,,,,,,,,,,,,,,,,,,,,,,,,,,,,,,,,,,,,,,,,,,,,,,,,,,,570,,,,,,,,,,,,,,,,,,,,,,,,,,,,,,,,,,,,,,,,,,,,,,,,,,,,,,,,,,,,,,,,,,,,,,,,,,,,,,,,,,,,,,,,,,,,,,,,,,,,,,,,,,,,,,,,,,,,,,,,,,,,,,,,,,,,,,,,,,,,,,,,,,,,,,,,,,,,,,,,,,,,,,,,,,,,,,,,,,,,,,,,,,,,,,,,,,,,,,,,,,,,,,,,,,,,,,,,
52377-68-1,ethyl 2-[(4-chlorophenyl)sulfanyl]acetate,,12.3,,,,,,,,3.82,22,,,,,,0.06,,,,13.7,,55,32.95,55,55,33.13,34.96,55,55,55,55,8,33,33,,,,,,,,,,,,,28.53,26.05,24.8,6.12,18.12,33,5.323,9.22,143.5,,17.47,,,,33,55,33,55,,,30.58,,,,,,,,,,,,,,,,,,,,,,,,,,,,,,,,,,,,,,,,,,,,8.07,384.6,1100,42.35,,,,,,,,0.4278,,,,,,,,,,,2.85,,,,,,,,,,,,,,,,,,22,14.26,12.96,6.634,22,22,22,22,,22,22,22,,,,,,,,,,,,,,,,,,,,24.53,11.34,33,33,33,22,22,22,,33,33,33,33,33,,,,,,,,,7.13,11.69,17.43,44,11.71,44,44,10.64,,,,,,,,,,9,,,,,,,,,,26.4,,,,,33.33,73.19,,,,,15.7,,22.46,,35.59,,,,,,,12.84,3.3,,55,39.1,,,,,,,,,,,43.47,39.48,52.85,,,,110,,,,,,,,,,,,,,1.03,,,,15.44,,,,,,,,,,55,,,,,,,,,,,,,,32.87,,,,,,,,,7.417,4.673,11.89,,,,,,,,,7.67,,,,,,20.13,,,55,55,27.9,55,,,,,,10,,7.5,,,,,,,,6.02,,,3.613,,,,,,,,,,,,,,,,,,,,,,,,,,,,,,,,,55,,,55,,,,,,,,,,,,,55,,12.38,7.29,23.51,28.76,51.57,,,,,,,,,,,,,,
328263-19-0,ethyl 2-({2-[(4-bromophenyl)sulfanyl]acetyl}amino)acetate,,,,,,,,,,,,,,,,,0.09,,,,,,,,,,,,,,,,,,,,,,,,,,,,,,,,,,,,,,,,,,,,,,,,,,,,,,,,,,,,,,,,,,,,,,,,,,,,,,,,,,,,,,,,,,,,,,,,,,,,,,,,,,,,,,,,,,,,,,,,,,,,,,,,,,,,,,,,,,,,,,,,,,,,,,,,,,,,,,,,,,,,,,,,,,,,,,,,,,,,,,,,,,,,,,,,,,,,,,,,,,,,,,,,,,,,,,,,,,,,,,,,,,,,,,,,,,,,,,,,,,,,,,,,,,,,,,,,,,,,,,,,,,,,,,,,,,,,,,,,,,,,,,,,,,,,,,,,,,,,,,,,,,,,,,,,,,,,,,,,,,,,,,,,,,,,,,,,,,,,,,,,,,,,,,,,,,,,,,,,,,,,,,,,,,,,,,,,,,,,,,,,,,,,,,,,,,,,,,,,,,,,,,,,,,,,,,,,,,,,
153783-92-7,methyl 2-{[2-(4-bromophenyl)-2-oxoethyl]sulfanyl}acetate,,,,,,,,,,,,,,,,,0.16,,,,,,,,,,,,,,,,,,,,,,,,,,,,,,,,,,,,,,,,,,,,,,,,,,,,,,,,,,,,,,,,,,,,,,,,,,,,,,,,,,,,,,,,,,,,,,,,,,,,,,,,,,,,,,,,,,,,,,,,,,,,,,,,,,,,,,,,,,,,,,,,,,,,,,,,,,,,,,,,,,,,,,,,,,,,,,,,,,,,,,,,,,,,,,,,,,,,,,,,,,,,,,,,,,,,,,,,,,,,,,,,,,,,,,,,,,,,,,,,,,,,,,,,,,,,,,,,,,,,,,,,,,,,,,,,,,,,,,,,,,,,,,,,,,,,,,,,,,,,,,,,,,,,,,,,,,,,,,,,,,,,,,,,,,,,,,,,,,,,,,,,,,,,,,,,,,,,,,,,,,,,,,,,,,,,,,,,,,,,,,,,,,,,,,,,,,,,,,,,,,,,,,,,,,,,,,,,,,,,
56-85-9,Glutamine / L -Gln,,,,,,,,,,,22,,,,,,,,,,,,,,,,,,,,,,,,,,,,,,,,,,,,,,,,,,,,,,,,,,,,,,,,,,,,,,,,,,,,,,,,,,,,,,,,,,,,,,,,,,,,,,,,,,,,,,,,,,,,,,,,,,,,,,,,,,,,,,,,,,,,,,,,,,,,,,,,,,,,,,,,,,,,,,,,,,,,,,,,,,,,,,,,,,,,,,,,,,,,,,,,,,,,,,,,,,,,,,,,,,420,,,,,,,,,,,,,,,,,,,,,,,,,,,,,,,,,,,,,,,,,,,,,,,,,,,,,,,,,,,,,,,,,,,,,,,,,,,,,,,,,,,,,,,,,,,,,,,,,,,,,,,,,,,,,,,,,,,,,,,,,,,,,,,,,,,,,,,,,,,,,,,,,,,,,,,,,,,,,,,,,,,,,,,,,,,,,,,,,,,,,,,,,,,,,,,,,,,,,,,,,,,,,,,,,,,,,,,,
70-47-3,Asparagine / L-Asn,,,,,,,,,,,22,,,,,,,,,,,,,,,,,,,,,,,,,,,,,,,,,,,,,,,,,,,,,,,,,,,,,,,,,,,,,,,,,,,,,,,,,,,,,,,,,,,,,,,,,,,,,,,,,,,,,,,,,,,,,,,,,,,,,,,,,,,,,,,,,,,,,,,,,,,,,,,,,,,,,,,,,,,,,,,,,,,,,,,,,,,,,,,,,,,,,,,,,,,,,,,,,,,,,,,,,,,,,,,,,,490,,,,,,,,,,,,,,,,,,,,,,,,,,,,,,,,,,,,,,,,,,,,,,,,,,,,,,,,,,,,,,,,,,,,,,,,,,,,,,,,,,,,,,,,,,,,,,,,,,,,,,,,,,,,,,,,,,,,,,,,,,,,,,,,,,,,,,,,,,,,,,,,,,,,,,,,,,,,,,,,,,,,,,,,,,,,,,,,,,,,,,,,,,,,,,,,,,,,,,,,,,,,,,,,,,,,,,,,
56-84-8,Aspartic acid / L-Asp,,,,,,,,,,,22,,,,,,,,,,,,,,,,,,,,,,,,,,,,,,,,,,,,,,,,,,,,,,,,,,,,,,,,,,,,,,,,,,,,,,,,,,,,,,,,,,,,,,,,,,,,,,,,,,,,,,,,,,,,,,,,,,,,,,,,,,,,,,,,,,,,,,,,,,,,,,,,,,,,,,,,,,,,,,,,,,,,,,,,,,,,,,,,,,,,,,,,,,,,,,,,,,,,,,,,,,,,,,,,,,450,,,,,,,,,,,,,,,,,,,,,,,,,,,,,,,,,,,,,,,,,,,,,,,,,,,,,,,,,,,,,,,,,,,,,,,,,,,,,,,,,,,,,,,,,,,,,,,,,,,,,,,,,,,,,,,,,,,,,,,,,,,,,,,,,,,,,,,,,,,,,,,,,,,,,,,,,,,,,,,,,,,,,,,,,,,,,,,,,,,,,,,,,,,,,,,,,,,,,,,,,,,,,,,,,,,,,,,,
63-91-2,Phenylalanine / L - Phe,2.64,,105,4.01,17.99,21.26,38.78,2.72,,3.75,22,,,,,,,,,,7.7,,55,34.35,55,29.16,55,14.28,,,,,,10.21,9.207,,,,,,,,,,,,,26.61,25.12,20.45,15.58,14.81,33,27.98,,,,,,,,18.95,,33,55,,,,,,,,,,,,,,,,,,,,,,,,,,,,,,,,,,,12.9,,2.5,,,,,,15.69,,,,,,,,,,,,,,,1.9,2.52,,,110,110,110,,,,,,,,5.02,,,,,,,,,,,27.1,55,103.2,26.57,22,22,22,22,16.31,22,22,22,22,22,12.44,22,,,,,,,,,,,,,,,33,33,33,33,33,19.07,33,14.81,13.92,33,22,22,22,30.7,33,33,33,33,33,,,,,,,,,,,,,,,,,,,,,,,,,390,,,,13.71,,,32.83,67.76,,,,,,,,,,,22.32,,38.5,,21.44,,38.5,,26.38,,,,36.5,,12.99,18.9,,55,29.52,,,,,,,,,,21.44,34.89,54.78,52.85,,,,44.27,,,,,,,,,55,55,,,,22,,,,22,,,,,,,11.8,16.88,,30.29,23.8,,5.47,55,22.21,17.5,56.93,,,,,,,,,,10.8,,,,26.5,,55,55,55,55,6.5,23.3,55,55,25.5,55,12.3,,17.54,3.305,23.92,17.43,7.601,,,,29.3,27.8,23.1,38.52,,,40.3,37.94,14.82,,,,,,,,,,,,,,5.615,11.46,4.159,82.6,21.6,19.5,26.69,,,,,,,,,,,,,,11.53,,,,22,,9.89,,8.03,,12.76,22,22,55,,9.52,22.91,,,,,55,,11.2,,8.97,,,,40.93,13.26,,,,,,,,,,,,,,,,,,,
74-79-3,Arginine / L-Arg,,,,,,,,,,,22,,,,,,,,,,,,,,,,,,,,,,,,,,,,,,,,,,,,,,,,,,,,,,,,,,,,,,,,,,,,,,,,,,,,,,,,,,,,,,,,,,,,,,,,,,,,,,,,,,,,,,,,,,,,,,,,,,,,,,,,,,,,,,,,,,,,,,,,,,,,,,,,,,,,,,,,,,,,,,,,,,,,,,,,,,,,,,,,,,,,,,,,,,,,,,,,,,,,,,,,,,,,,,,,,,710,,,,,,,,,,,,,,,,,,,,,,,,,,,,,,,,,,,,,,,,,,,,,,,,,,,,,,,,,,,,,,,,,,,,,,,,,,,,,,,,,,,,,,,,,,,,,,,,,,,,,,,,,,,,,,,,,,,,,,,,,,,,,,,,,,,,,,,,,,,,,,,,,,,,,,,,,,,,,,,,,,,,,,,,,,,,,,,,,,,,,,,,,,,,,,,,,,,,,,,,,,,,,,,,,,,,,,,,
56-45-1,Serine / L-Ser,,,,,,,,,,,22,,,,,,,,,,,,,,,,,,,,,,,,,,,,,,,,,,,,,,,,,,,,,,,,,,,,,,,,,,,,,,,,,,,,,,,,,,,,,,,,,,,,,,,,,,,,,,,,,,,,,,,,,,,,,,,,,,,,,,,,,,,5.47,,,,,,,,,,,,,,,,,,,,,,,,,,,,,,,,,,,,,,,,,,,,,,,,,,,,,,,,,,,,,,,,,,,,,,,,,,,,,,,,,,,,,,,430,,,,,,,,,,,,,,,,,,,,,,,,,,,,,,,,,,,,,,,,,,,,,,,,,,,,,,,,,,,,,,,,,,,,,,,,,,,,,,,,,,,,,,,,,,,,,,,,,,,,,,,,,,,,,,,,,,,,,,,,,,,,,,,,,,,,,,,,,,,,,,,,,,,,,,,,,,,,,,,,,,,,,,,,,,,,,,,,,,,,,,,,,,,,,,,,,,,,55,,,,,,,,,,,,,,,,,,,,
2577-48-2,L-Proline methyl ester / Methyl L-prolinate,,,,,,,,,,,,,,,,,,,,,,,,,,,,,,,,,,,,,,,,,,,,,,,,,,,,,,,,,,,,,,,,,,,,,,,,,,,,,,,,,,,,,,,,,,,,,,,,,,,,,,,,,,,,,,,,,,,,,,,,,,,,,,,,,,,,,,,,,,,,,,,,,,,,,,,,,,,,,,,,,,,,,,,,,,,,,,,,,,,,,,,,,,,,,,,,,,,,,,,,,,,,,,,,,,,,,,,,,,,,,,,,,,,,,,,,,,,,,,,,,,,,,,,,,,,,,,,,,,,,,,,,,,,,,56.97,110,,,,,,,,,,,,,,,,,,,,,,,,,,,,,,,,,,,,,,,,,,,,,,,,,,,,,,,,,,,,,,,,,,,,,,,,,,,,,,,,,,,,,,,,,,,,,,,,,,,,,,,,,,,,,,,,,,,,,,,,,,,,,,,,,,,,,,,,,,,,,,,,,,,,,,,,,,,,,,,,,,,,,,,
120-48-9,Butyl p-nitrobenzoate,,,13.39,6.2,24.08,,14.34,7.58,11.04,1.35,17.84,5.217,2.398,2.51,33,4.143,,,1.583,11.83,8.9,,55,55,55,55,28.4,55,,,,,,10.99,3.371,,,,,,,,,,,,,26.21,30.39,37.31,2.622,13.5,24.17,38.95,18.86,66.27,11.75,44,,,,33,34.62,33,55,,,36.07,,,,,,,,18.04,8.789,18.55,10.43,,,,,,,,,,,,,,,,,,0.82,,,,,,,,5.78,14.11,,91.25,,,,,,,,,,,,,,,0.7355,,,,110,110,110,,,12.36,13.89,,,,,8.53,,,,,,,,,,,,,,22,15.2,14.02,7.921,15.86,22,22,22,,11.38,11.05,22,,,,,,,16.2,,,,,,,,9.785,2.233,4.736,15.55,33,,,33,33,33,22,22,22,37.4,33,33,33,33,33,,,,,,,,,,,,,,,,,,,,,,,,,,,,,4.35,,,14.83,47.93,,,26.4,,,,,21.21,42.11,95.09,,,11.31,12.01,12.83,16.44,38.5,32.99,19.91,,,,,,17.49,3.447,3.31,46.87,36.02,,,,,,,,,,53,,,8.128,28.1,24.2,44,8.278,,,,,,,,,55,55,6.1,3.81,2.5,2.463,,,,2.389,,,,,,,,,,32.72,,,,,,,,,,,,,,,,,,,,,,110,55,55,55,55,4,13.2,55,55,9.3,55,2,,12.51,11.34,22.49,26.35,9.964,,,,41.57,55,22.09,33.01,,35.2,36.15,34.97,13.72,8,3.7,5.8,13.6,5.5,,,,,,2.2,,,4.698,,,10.01,8.708,4.159,,,,,,,,,,,,,,,,,,,,,,4.87,,,,,,55,,,4.232,,1.76,13.2,13.2,,,,,,,23.49,,,,4.377,3.536,19.9,23.11,18.78,,,,,4.07,31.86,,,,,,,,
520-26-3,Hesperidin,,,,,,,,,,,8.35,,,,,,,,,,,,,,,,,,,,,,,,,,,,,,,,,,,,,,,,,,,,,,,,,,,10.63,,7.78,,,,,,,,,,,,10.42,12.11,,,,,,,,,,,,,,,,,,,,,,,,,,,,,,,,,,,,,,,,,,,,,,,,,,,,,,,,,,,,,,3.7,,,,,,,,,,,,,,,,,,,,,,,,,,,,,,,,,,,,,,,,,,,,,,,,,,,,,,,,,,,,,,,,,,,,,,,,,,,,,,,,,,,,,,,,,,,,,,,,,,,,,,,,,,,,,,,,,,,,,,,,,,,,,,,,,,,,,,,,,,,,,,,,,,,,,,,,,,,,,,,,,,,,,,,,,,,,1.82,,,,,,,,,,,,,,,,,,,,,,,,,,,,,,,,,,,,,,,,,,,,,,,,,,,,,,,,,,,,,,,,,,,,,,,,,,,,,,,,,,,,,,,,,,,,,,,,,,,,,,,,,,,,,,,,,,,,,,,,,,,,,,
60-81-1,Phlorizin,,,,,,,,,,,8.35,,,,,,,,,,,,,,,,,,,,,,,,,,,,,,,,,,,,,,,,,,,,,,,,,,,10.63,,7.78,,,,,,,,,,,,10.42,14.24,,,,,,,,,,,,,,,,,,,,,,,,,,,,,,,,,,,,,,,,,,,,,,,,,,,,,,,,,,,,,,3.7,,,,,,,,,,,,,,,,,,,,,22,,,,,,,,,,,,,,,,,,,,,,,,,,,,,,,,,,,,,,,,,,,,,,,,,,,,,,,,,,,,,,,,,,,,,,,,,,,,,,,,,,,,,,,,,,,,,,,,,,,,,,,,,,,,,,,,,,,,,,,,,,,,,,,,,,,,,,,,,,,,,,,,,,,,,,,,,,,,,,,,,,,,,,,,,,,,,,,,,,,,,,,,,,,,,,,,,,,,,,,,,,,,,,,,,,,,,,,,,,,,,,,,,,,,,,,,,,,,,,,,,,,,,,,,,,,,,,,,,,,,,,,,,,,,,,,,,,,,,
121-32-4,Ethyl vanillin,3.68,,59,2.48,17.95,18.77,18.11,9.73,,4.754,,,,,,,,,,,,,,,,,,,3.366,8.067,7.537,10.19,1.891,33,33,,,,,,,,,,,,,55,55,55,6.83,11.84,33,55,,,,,,,,33,55,33,55,,,,,,,,,,,,,,,,,,,,,,,,,,,,,,,,0.09,,,,,,,,,170.5,,,,,,,,,,,,,,,,,4.7,2.24,,,110,110,110,,,,,,,,,8.67,,,,,,,,,,,,,,,,,,,,,,,,,,,,,,,,,,,11.56,20.36,,,7.4,,,,,,,,,,,,,,,,,,,,,,,,,,,,,,,,,,,,32.07,94.97,71.58,34.47,,,,,,8.1,,,,,,,10.19,,,,,,,,,,,,,,,,,,,,,,,5.54,,15.75,8.036,,,,,,,,,,,,,44.9,30.01,110,110,,,,32.15,,,,,,,,,,,,,,22,,,,,,,,,,,,,,,216.7,,,,,,2.95,,,,,,,,13.83,,3.36,,,,,,,,,,,,,,,,,,14.19,33.08,23.75,31.79,27.05,13.53,,,,,,,,,,,,3.117,,9.2,,,,,,,,,,,,,,10.3,12.1,8,,,,,,,,,,,,,,,,,,,,,,,,,,,,,,,,,,,,,,,,,,,,,,,,,,,,,,,3.73,20.23,,,,,,,,
331461-05-3,"4-(2,3-dihydro-1,4-benzodioxin-6-ylamino)-4-oxobutanoic acid",,,,,,,,,,,,,,,,,0.09,,,,,,,,,,,,,,,,,,,,,,,,,,,,,,,,,,,,,,,,,,,,,,,,,,,,,,,,,,,,,,,,,,,,,,,,,,,,,,,,,,,,,,,,,,,,,,,,,,,,,,,,,,,,,,,,,,,,,,,,,,,,,,,,,,,,,,,,,,,,,,,,,,,,,,,,,,,,,,,,,,,,,,,,,,,,,,,,,,,,,,,,,,,,,,,,,,,,,,,,,,,,,,,,,,,,,,,,,,,,,,,,,,,,,,,,,,,,,,,,,,,,,,,,,,,,,,,,,,,,,,,,,,,,,,,,,,,,,,,,,,,,,,,,,,,,,,,,,,,,,,,,,,,,,,,,,,,,,,,,,,,,,,,,,,,,,,,,,,,,,,,,,,,,,,,,,,,,,,,,,,,,,,,,,,,,,,,,,,,,,,,,,,,,,,,,,,,,,,,,,,,,,,,,,,,,,,,,,,,,
1422-26-0,9-oxodecanoic acid,,12.3,,,18.31,,312.7,47.69,31.35,4.335,22,,,,,,,,,,,,,,,,,,55,55,55,55,1.399,5.628,1.052,,,,22,22,,,,,15.44,,,29.23,29.69,29.54,7.239,11.97,20.78,44.46,9.22,,10.76,16.23,,,,17.99,55,33,55,,,41.14,,,,,,,,15.89,6.99,,,,,,,,,,,,,,,,,,,,1.33,,,0.5,,0.13,,,,,,,,,,,2.83,47.17,5.37,,,,,,,,0.7221,,33,33,21.22,110,73.85,,,,,2.85,,,0.8187,5.994,8.5,,,,,,13.35,11.18,22,8.5,31.9,5.73,55,15.46,22,22,22,1.971,22,2.919,2.145,2.015,2.799,0.8613,10.69,,,,,,,16.2,,,8.27,5.89,,,,5.447,1.184,2.864,15.86,33,,,8.834,21.54,33,10.51,22,17.7,43.92,19.24,33,33,13.51,33,,,,,,,,,5.69,9.078,16.53,44,12.97,44,44,10.06,,,,,,,,,,,,,55,,,,,,,26.4,,,,,34.37,73.19,,,,38.5,15.44,,21.08,38.5,34.5,15.16,,,,63.15,,13.07,6.203,,55,35.8,,,,,,,0.8129,0.4995,0.717,,110,54.95,110,,,,68.67,55,23.5,,,,,5.2,35.2,39.54,42.2,,3.81,2.5,1.188,,,,8.775,,,,,,,16.5,,,55,,,,,,,,,,,,,,18.72,,110,,,25.14,,,,28.15,21.67,55,55,4,13.2,55,55,9.3,55,2,5.51,,,,,,5.5,6.7,12.51,13.09,23.01,7.732,55,,,40.3,30.23,26.75,2.5,,2.909,,6.14,,,,,,1.374,0.9822,0.8698,8.13,,33.93,,,,,,,,,,,,,,,,,,,,,,15.54,7.327,,2.16,,,0.9816,3.031,11.25,2.673,,8.49,55,2.38,,,,18.08,,20.55,,5.022,,1.303,0.6335,55,1.451,12.88,8.079,27.1,29.87,51.57,,,,,8.455,38.55,,,,,,,186.2,243.1
116-53-0,2-methylbutanoic acid / 2-methylbutyric acid,,,,,,,,,,,,,,,,,,,,,,,,,,,,,,,,,,,,,,,,,,,,,,,,,,,,,,55,,,,,,,,,,,,,,,,,,,,,,,24.4,,,,,,,,,,,,,,,,,,,,,,,,,,,,,,,,,,,55,35.49,604.7,25.21,,,,,,,,,,,,,,,,,,,5.47,,,,,,,,,,,,,,42.4,55,,55,,,,,,,,,,,,,,,,,,,97.03,,,,,,,,33,33,33,33,33,33,9.33,,,,,,,,,,,,,,,,,,,,,,,,,,,,,,,,,,,,,430,,,,,,,,,,,26.4,,,,,,,,,,,,,,,,,,,,,,12.76,,,,,,,,,,,,,,,,,52.85,,,,76.83,,,,,,,10.6,35.2,,,,,,22,,,,6.38,,,,,,,,,,,,,,,,,,,,,,,,,,,,,,,,,,,,,,,,,,,,11.79,,,,,,5.889,13.99,19.55,,,,,,,37.95,37.69,47.34,,,,,,,,,,,,,,,,,,,,,,,,,,,,,,,,,,,,,,,,,,,,,,,,,,,,,,,,,,,,,,,55,,,,,,,,,,,4.2,,,,,,,,,
1002-84-2,pentadecanoic acid,,12.25,,0.84,2.616,,312.7,47.69,31.35,3.781,22,4.97,2.469,1.512,0.7871,2.547,12.78,10.04,4.287,7.3,1.753,11.66,55,30.88,55,55,55,31.85,55,55,55,55,1.399,6.924,1.264,33,33,33,22,22,,,,,12.39,,,43.23,41.82,36.91,3.435,12.84,21.66,44.46,9.376,60.99,11.45,21.38,,,,33,21.74,33,55,,,32.85,,,,,,,,15.76,13.7,57.29,26.47,,,,,,,,,,,,,,,,,,0.4968,,,0.2711,,0.04163,,,5.809,12.7,,69.66,,,,55,4.403,67.68,6.233,3.92,1.3,2.5,3.63,1.56,3.6,,0.7002,2.88,33,33,18.02,110,70.5,,,,,2.85,,,0.9143,3.29,3.258,9.807,10.1,2.88,3.07,3.53,6.627,11.14,22,8.255,37.3,6.485,25.7,15.53,22,22,22,2.035,22,3.007,1.969,2.839,2.885,0.8976,10.81,4.938,11,11,1.479,11,11,4.671,3.017,23.14,4.754,4.201,6.6,,5.665,2.647,1.17,2.995,10.9,5.313,33,9.279,17.66,22.83,33,8.718,13.6,18.86,55,17.87,33,33,22.15,33,,,,,7,4.6,,,5.439,13.29,14.68,40.97,11.3,44,44,8.455,,,,,10.63,,7.26,2.24,,,0.0882,1.303,39.82,,0.7472,27.64,73.46,48.83,13.09,26.4,15.29,2.81,10.99,3.971,6.933,6.509,73.66,21.34,31.2,19.96,7.389,5.643,15.22,12.83,34.05,15.93,2.25,3.608,16.5,55.38,1.26,11.95,3.97,2.63,48.05,34.64,0.922,0.6538,1.331,0.7864,0.7577,6.627,1.047,0.5385,0.919,48.6,40.82,49.23,34.03,28.1,24.2,44,78.95,55,10.9,,,,,5.2,35.2,23.01,41.96,4.846,3.81,2.5,7.33,1.658,22,1.62,22,11.17,7.73,44,44,44,16.42,6.385,23.6,,55,,55,,,,,,,18.45,66.54,47.17,12.69,11.06,18.45,,110,,,18.64,,29.91,110,29.4,17.19,55,55,4,13.2,55,55,9.3,55,2,5.689,13.49,7.672,25.22,26.11,6.95,4.901,6.067,12.08,11.46,30.29,5.969,55,0.3147,1.32,43.55,28.42,23.72,2.956,,2.695,,,,,,,,1.26,1.717,0.5288,9.49,9.21,3.594,9.211,8.6,3.1,22.14,0.21,281.6,18.92,33.91,48.29,281.6,182.2,7.8,,,11.65,10.77,17.5,6.713,,,,22,4.438,12.59,2.059,8.8,,1.029,3.123,11.2,2.791,12.89,8.49,55,1.749,0.7815,1.824,7.304,55,,55,,3.714,,0.4745,0.5427,55,1.588,8.257,5.525,16.27,27.36,22.39,,,23.93,189.5,5.093,39.4,,,,11,5.68,11,162.4,30.91
1821-12-1,4-Phenylbutyrric acid,2.64,,105,4.01,17.99,21.26,38.78,2.72,,3.702,22,,,,,,,,,,1.985,,55,37.34,55,30.49,35.83,15.7,55,55,55,55,1.399,10.18,9.174,,,,,,,,,,,,,26.07,24.56,19.9,15.58,14.81,33,27.59,,,,,,,,18.95,,33,55,,,,,,,,,,,,,,,,,,,,,,,,,,,,,,,,1.33,,,12.9,,2.5,,,,,,15.69,,,,,,,,,,,,,,,1.227,2.52,,,16.47,110,65.49,,,,,,,,5.02,,,,,,,,,,,27.1,55,103.2,26.57,22,22,22,22,16.62,22,22,22,22,22,12.81,22,,,,,,,,,,8.27,5.89,,,,33,33,33,33,33,20.38,33,20.98,17.86,33,22,13.46,22,55,20.57,33,33,33,33,,,,,,,,,6.44,15.09,16.53,44,12.97,44,44,10.06,,,,,,,,,390,,,,19.85,,,32.93,66.77,,,,,,,,,,,22.32,,38.5,,21.44,,38.5,,26.38,,,,36.5,,12.66,18.9,,55,29.82,,,,,,,0.7234,0.3707,0.6299,23.76,34.89,54.78,28.43,,,,25.66,,,,,,,5.2,35.2,40.06,42.65,,,,10.46,,,,22,,,,,,,11.8,16.88,,31.55,23.8,,5.47,55,22.21,17.5,56.93,,,,,,,22.2,,,10.8,,,,26.5,,55,55,55,55,6.5,23.3,55,55,25.5,55,12.3,,17.87,4.041,23.88,18.44,8.681,,,,15.59,38.82,9.769,39.46,,,40.3,37.94,14.82,,,3.3,,,,,,,,,,,3.59,11.46,4.16,44.61,21.6,19.5,26.69,,,,,,,,,,,,,,11.53,,,,19.1,3.675,9.89,2.16,8.03,,2.451,5.338,11.87,55,,9.52,24.31,2.38,,,,14.35,,6.373,,6.409,,0.59,0.54,41.22,3.16,,,,,,,,,,24.15,40.78,,,,,,,,
107-75-5,Hydroxy citronellal,,,,,,,,,,,,33,33,33,6.37,33,5.3,11.5,13.7,,12.9,15.1,,,,,,,1.2,55,55,7.2,55,,,,,,,,,,,,,,,,,,,,,,,,,,,,,,,,,,,,,,,,,,,,,,,,,,,,,,,,,,,,,,,,2.1,,,,,,,,6.26,,,,,,,,,,,,,,,,,,,,,,,,,,,,,,,,,,,,,,,,,,,,,,,,,,,,,,,,,,,,,,,,,,,,,,,,,,,,,,,,,,,,,,,,,,,,,,,,,,,,,,,,,,,,,,,,,,,,,,,,,,,,70.12,,,,,,,,,,,,,,,,,,,,,,,,,,,10.5,,,,,,,,,,,,,,,,,,,,,,,,,,,,,,,,,,,,,,,,,,,,,,,,,,,,,,,,,,,,,,,,,,,,,,,,,,,,,,,,,,,,,,,,,,16.6,18.1,10.5,,,,,,,2.5,,9.2,,7.9,,,,,,,,,,,,,,,,,,,,,,,,,,,,,,,,,,,,,,,,,,,,,,,,,,,,,,,,,,,,,,,,,,,,,6.51,,,,,,,,,
67-47-0,5-(hydroxymethyl)-2-furaldehyde,,,,,,,,,,,,,,,,,,,,,,,,,,,,,,,,,,,,,,,,,,,,,,,,,,,,,,,,,,,,,,,,,,,,,,,,,,,,,,,,,,,,,,,,,,,,,,,,,,,,,,,,,,,,,,,,,,,,,,,,,,,,,,,,,,,,,,,,,,,,,,,,,,,,,,,,,,,,,,,,,,,,,,,,,,,,,,,,,,,,,,,,,,,,,,,,,,,,,,,,,,,,,,,,,,,,,,,,,,,,,,,,,,,,,,,,,,,,,,,,,,,,,,,,,,,,,,,,,,,,,,,,,,,,,,,,,,,,,,,,,,,,,,,,,,,,,,,,,,,,,,,,,,,,,,,,,,,,,,,,,,,,,,,,,,,,,,,,,,,,,,,,,,,,,,,,,,,,,,,,,,,,,,,,,,,,,,,,,,,,,,,,,,,,,,,,,,,,,,,,,,,,,,,,,7.18,,55,,55,,,,,,,,,,,,,,,,,,,,,,,,
12002-53-8,Trimedlure,,,,,,,,,,,,,,,,,,,,,,,,,,,,,,,,,,,,,,,,,,,,,,,,,,,,,,,,,,,,,,,,,,,,,,,,,,,,,,,,,,,,,,,,,,,,,,,,,,,,,,,,,,,,,,,,,,,,,,,,,,,,,,,,,,,,,,2.23,,,,,,,,,,,,,,,,,,,,,,,,,,,,,,,,,,,,,,,,,,,,,,,,,,,,,,,,,,,,,,,,,,,,,,,,,,,,,,,,,,,,,,,,,,,,,,,,,,,,,,,,,,,,,,,,,,,,,,,,,,,,,,,,,,,,,,,,,,,,,,,,,,,,,,,,,,,,,,,,,,,,,,,,,,,,,,,,,,,,,,,,,,,,,,,,,,,,,,,,,,,,,,,,,,,,,,,,,,,,,,,,,,,,,,,,,,,,,,,,,,,,,,,,,,,,,,,,,,,,,,,,,,,,,,,,,,,,,,,,,,,,,,,,,,,,,,,,,,,,,,,
623-33-6,Glycine ethyl ester hydrochloride,,12.3,,,,,,,,3.82,22,,,,,,0.06,,,,13.7,,55,31.7,55,55,39.01,33.5,55,55,55,55,8,33,33,,,,,,,,,,,,,33.53,30.79,29.27,5.307,13.49,33,4.821,9.22,132.2,15.11,19.58,,,,33,55,33,55,,,29.25,,,,,,,,,23.38,46.61,18.57,,,,,,,,,,,,,,,,,,,,,,,,,,,,,91.25,,,,8.07,384.6,1100,42.35,,,,,,,,0.4278,,,,,,,,,,,2.799,,,,,,,,,,,,,,,,,,22,16.4,15.37,9.763,22,22,22,22,,22,22,22,,,,,,,,,,,,,,,15.15,33,12.36,33,33,24.53,11.34,33,33,33,22,22,22,,33,33,33,33,33,,,,,,,,,7.13,11.69,17.43,44,11.71,44,44,10.64,,,,,,,,,,9,,,,,,,47.93,,,26.4,,,,,25.99,48.49,,,,11.26,13.56,13.9,18.96,38.5,34.47,22.27,,,,,,10.13,3.3,,55,39.1,,,,,,,,,,,43.47,39.48,52.85,,,,110,,,,,,,,,,,,,,1.03,,,,15.52,,,,,,,,,,55,,,,,,,,,,,,,,32.87,,,,,,,,,7.285,4.651,11.73,,,,,,,,,7.67,12.52,29.67,23.96,28.86,24.23,20.13,,,55,55,27.9,55,,,,,,10,,7.5,,,,,,,,6.02,,,5.274,,,,,,,,,,,,,,,,,,,,,,,,,,,,,,,,,55,,,55,,,,,,,,,,,,,55,,5.026,4.888,22.44,28.59,20.14,,,,,,,,,,,,,,
31565-19-2,Isooctyl acetate,,,,18.68,83.17,,414.7,38.17,36.93,3.3,18.55,6.657,3.172,3.36,33,4.641,,,1.187,11.39,2.017,,55,40.9,55,55,55,55,3.808,26.45,31.85,3.099,55,8.076,1.579,0.454,0.2768,0.8051,4.4,0.65,,,,,0.77,,,15.76,25.05,25,2.488,16.85,25.57,31.27,18.43,53.34,13.28,44,,,,33,35.5,33,46.86,,,35.54,,,,,,,,,16.39,16.28,10.11,,,,,,,,,,,,,,,,,,0.5037,,,12.9,,2.5,,,5.78,12.7,,82.89,,,,8.07,384.6,1100,42.35,,,,,,,,0.7055,,,,110,110,110,,,24.6,,,,,,8.53,,,,,,,4.4,4.4,4.4,,,,0.75,22,22,22,22,15.62,22,22,22,,9.162,8.575,22,,,,,,,16.2,,,6.38,6.64,,,,7.575,6.06,8.696,27.52,33,24.53,11.34,33,33,33,22,22,22,37.4,33,33,33,33,33,,2.47,,,5.7,5,,,,,,,,,,,,,,,10.63,6.55,7.502,2.466,,,0.11,1.18,,,0.644,,,,93.73,26.4,,,,,14.95,17.39,83.93,,,12.46,5.989,12.44,17.22,13.96,23.52,21.35,,0.7924,19.39,,,13.88,2.99,3.463,46.07,38.41,2.14,1.85,1.44,1.5,22,0.64,,,,53,,,8.529,28.1,24.2,44,9.748,,,,,,,30,29.5,18.51,39.65,4.471,2.138,2.48,22,,,,2.315,,13.58,44,44,44,23.39,10.01,88.91,,55,,,,,,,,,3.194,25.57,24.29,22.07,15.43,18.77,,,,,,,,110,15.99,13.26,21.39,55,4,13.2,55,34.5,9.3,55,2,7.634,13.49,7.672,25.22,26.11,6.95,4.382,16.76,,30.99,44.27,25.9,55,0.3055,3.557,36.15,34.97,13.72,2,6.3,7.5,,2.5,4.341,2.787,1.981,1.764,1.172,1.432,,,7.953,8.653,2.144,10.25,8.072,4.896,,0.21,281.6,18.92,33.91,48.29,281.6,182.2,,,,10.8,13.2,17,26.41,27.5,0.71,5.16,4.4,0.2905,,4.883,7.58,3.82,0.3748,4.4,4.4,55,,,55,0.4949,0.8264,13.2,7.101,,,,,,,23.49,0.2419,11.2,1.02,18.59,3.635,18.43,22.3,19.23,,,,,,,,,,,,,,
2577-46-0,Methyl L-isoleucinate / L-isoleucine methyl ester / LIME,,,,,,,,,,,,,,,,,,,,,,,,,,,,,,,,,,,,,,,,,,,,,,,,,,,,,,55,,,,,,,,,,,,,,,,,,,,,,,24.4,,,,,,,,,,,,,,,,,,,,,,,,,,,,,,,,,,,,,,,,,,,,,,,,,,,,,,,,,5.47,,,,,,,,,,,,,,,,,,,,,,,,,,,,,,,,,,,,,,,,,,,,33,33,33,33,33,,,,,,,,,,,,,,,,,,,,,,,,,,,,,,,,,,,,,,,,,,,,,,,,,,26.4,,,,,,,,,,,,,,,,,,,,,,12.76,,,,,,,,,,,,,,,,,52.85,,,,76.83,,,,,,,10.6,35.2,,,,,,,,,,,,,,,,,,,,,,,,,,,,,,,,,,,,,,,,,,,,,,,,,,,,,,,,,,,,,,,,,,,,,,,,,,,,,,,,,,,,,,,,,,,,,,,,,,,,,,,,,,,,,,,,,,,,,,,,,,,,,,,,,,,,,,55,,,,,,,,,,,,,,,,,,,,
1679-47-6,Dihydro-3-methyl-2(3H)-furanone,,,,,,,,,,,,,,,,,,,,,,,,,,,,,,,,,,33,14,,,,,,,,,,,,,,,,,,,,,,,,,,,,,,,,,,,,,,,,,,,,,,,,,,,,,,,,,,,,,,,,,,,,,,,,,,,,,37.32,,,,,,,,,,,,,,,,,,,,,,6.64,,,,,,,,,,,,,,,,,,,,,,,,,,,,,,,,,,,,,,,,,,,,,,,,,,,,,,,,,,,,,,,,,,,,,,,,,,,,,,,,,,,,,,,,,,,,,,,,,,,,,,,,,,,,,,,,,,,,,,,,,,,,,,,,,,,,,,,,,,,,,,,,,,,,,,,,,,,,,,,,,,,,,,,,,,,,,,,,,,,,,,,,,,,,,,,,,,,,,,,,,,,,,,,,,,,,,,,,,,,,,,,,,,,,,,,,,,,,,,,,,,,,,,,,,,,,,,,,,,,,,,,,,,,,,,,,,,,,,,,,,,,,,,,,,,,,,,,,,,,,,,,
95-96-5,"3,6-dimethyl-1,4-dioxane-2,5-dione  / lactide",,,,,,,,,,,,,,,,,,,,,,,,,,,,,,,,,,,,,,,,,,,,,,,,,,,,,,,,,,,,,,,,,,,,,,,,,,,,,,,,,,,,,,,,,,,,,,,,,,,,,,,,,,,,,,,,37.32,,,,,,,,,,,,,,,,,,,,,,6.64,,,,,,,,,,,,,,,,,,,,,,,,,,,,,,,,,,,,,,,,,,,,,,,,,,,,,,,,,,,,,,,,,,,,,,,,,,,,,,,,,,,,,,,,,,,,,,,,,,,,,,,,,,,,,,,,,,,,,,,,,,,,,,,,,,,,,,,,,,,,,,,,,,,,,,,,,,,,,,,,,,,,,,,,,,,,,,,,,,,,,,,,,,,,,,,,,,,,,,,,,,,,,,,,,,,,,,,,,,,,,,,,,,,,,,,,,,,,,,,,,,,,,,,,,,,,,,,,,,,,,,,,,,,,,,,,,,,,,,,,,,,,,,,,,,,,,,,,,,,,,,,
122-70-3,2‐Phenylethyl propionate,2.659,55,105,4.01,17.99,21.26,38.78,2.72,,3.75,22,5.108,2.423,2.507,33,4.247,,,1.465,10.74,2.564,,55,37.4,55,38.33,34.75,25.54,,,,,,10.54,5.082,,,,,,,,,,,,,25.93,24.3,20.34,13.62,11.88,33,27.98,,227.4,15.11,44,,,,18.98,55,33,55,,,39.26,,,,,,,,,9.211,47.32,21.12,,,,,,,,,,,,,,,,,,,,,12.9,,2.5,,,,16.03,,15.77,,,,,58.17,442.5,305.8,,,,,,,,0.7258,2.52,,,110,110,110,,,12.36,13.89,,,,5.02,,,,,,,,9.42,10.53,22,12.58,19.1,1.746,26.24,22,16.57,15.57,10.05,22,22,22,22,22,22,22,22,,,,,,,,,,,,,,,17.01,33,14.31,33,33,24.73,33,18.48,17.67,33,22,22,22,33.23,33,33,33,33,33,,,,,,,,,,,,,,,,,,,,,,,,,390,9,,,4.502,,,13.26,64.72,37.19,,26.4,,,,,17.85,43.08,,22.32,,11.96,10.1,15.19,13.1,38.5,32.85,22.57,,,,36.5,,13.2,4.036,3.479,55,29.4,,,,,,,,,,44.9,34.89,54.78,10.36,28.1,24.2,44,13.16,,,,,,,,,55,55,,,,4.113,,,,4.069,,,,,,,11.8,16.88,,55,23.8,,5.47,55,22.21,17.5,56.93,,,,,,,,,,10.8,,,,26.5,,55,55,55,55,6.5,23.3,55,55,25.5,55,12.3,18.79,12.79,25.85,23.38,27.93,20.67,55,33.42,19.63,32.26,37.26,22.28,55,,,40.3,37.94,14.82,8.005,3.7,5.804,13.6,5.5,,,,,,,,,3.635,203.1,4.198,10.47,9.362,5.297,34.21,,,,,,,,,,,,,,11.53,,,,20.44,,9.89,,8.03,,12.69,20.44,20.44,55,,9.52,14.76,,,,,55,,11.2,,8.97,,,,44.31,13.26,3.07,4.506,24.43,30.95,16.67,,,,,4.07,31.86,,,,,,,,
624-41-9,"acetic acid, 2-methylbutyl ester  / 2-methylbutyl acetate",,,,18.68,83.17,,414.7,38.17,36.93,3.3,22,,,,,,,,,,,,55,36.45,55,37.41,55,55,55,55,55,55,55,7.518,2.47,0.4681,0.2871,0.8233,4.4,0.65,,,,,0.77,,,11.87,21.27,19.23,3.768,16.96,33,55,18.78,,22,,,,,33,55,33,42.21,,,,,,,,,,,,20.95,19.08,11.69,,,,,,,,,,,,,,,,,,0.58,,,,,,,,,,,79.87,,,,6.367,80.53,1100,39.43,,,,,,,,,,,,110,110,110,,,,,5.537,,,,8.53,,,,,,,4.4,4.4,4.4,,,,0.75,22,22,22,22,15.78,22,22,22,,11.26,10.94,22,,,,,,,97.03,,,,,,,,33,33,33,33,33,24.53,11.34,33,33,33,22,22,22,37.4,33,33,33,33,33,,2.47,,,5.7,5,,,,,,,,,,,,,,,10.63,6.55,7.631,2.619,,,0.11,1.18,,,0.6818,,90.54,,75.61,26.4,,,,,15.72,17.18,83.71,,,11.89,6.741,13.42,17.92,8.912,25.03,20.5,,0.9297,19.46,,,12.76,3.9,,46.79,38.83,2.14,1.85,1.44,1.5,22,0.64,,,,53,,,52.85,,,,72.49,,,,,,,10.6,29.5,18.51,39.65,5.233,,,,,,,,,13.58,44,44,44,23.39,11.99,88.91,,55,,,,,,,,,4,25.57,24.29,22.07,15.43,18.77,,,,,,,,110,7.41,5.467,11.88,55,9.7,55,55,34.5,21.1,55,19.4,7.199,,,,,,5.581,16.76,,33.83,32.13,22.96,55,0.1763,4.082,36.15,34.97,13.72,2,6.3,7.5,,2.5,4.61,2.77,1.97,2.13,1.14,2.03,,,7.912,9.522,2.517,,,,,0.21,281.6,18.92,33.91,48.29,281.6,182.2,,,,10.8,13.2,13.9,26.41,27.5,0.71,5.16,3.259,0.2905,,4.906,,,0.4422,3.259,3.259,55,,,55,0.4949,0.824,13.2,7.083,,,,,,,23.49,0.2419,22.42,1.025,9.151,3.864,18.28,22.08,17.37,,,,,,,,,,,,,,
106-27-4,"butanoic acid, isopentyl ester  / isoamyl butanoate",,12.3,,18.68,21.13,,414.7,38.17,36.93,3.227,17.26,16.8,33,33,33,13.6,,,1.4,11.9,1.4,,55,28.06,55,55,55,28.01,55,55,55,55,8,33,33,,,,22,22,,,,,,,,47,55,48.92,3.14,10.95,23.9,3.96,9.763,74.4,12,44,,,,33,33.85,33,47.16,,,31.61,,,,,,,,,11.08,20.24,11.91,,,,,,,,,,,,,,,,,,0.58,,,,,,,,5.78,,,73.7,,,,,,,,,,,,,,,0.4663,,,,110,110,110,,,,,2.85,,,,8.53,,,,,,,,,,,,,,22,22,22,22,1.755,22,22,22,3.72,22,7.596,22,,,,,,,16.2,,,,,,,,5.752,1.104,3.147,15.39,33,,,,,,,,,30.91,,,,,,,,,,,,,,7.13,11.69,17.43,44,11.71,44,44,10.64,,,,,,,,,,,,,,,1.38,,,,,26.4,,,,,22.61,43.38,95.09,,,10.35,13.05,13.8,17.86,38.5,33.72,18.28,,,,,,14.21,2.501,4.7,46.99,41.82,,,,,,,,,,53,110,110,,,,,,,,,,,,,,,,6.1,3.81,2.5,1.127,,,,15.89,,,,,,,,,,55,,,,,,,,,,,,,,32.87,,,,,,,,110,55,10.35,55,55,4,13.2,55,55,9.3,55,2,,12.2,8.902,23.53,26.4,7.973,,,,28.33,55,32.56,55,,35.2,36.15,34.97,13.72,2,6.3,7.5,,2.5,,,,,,3.407,22.54,44,6.019,,2.37,11.6,9.5,17.7,45.75,,,,,,,,,,,,,,,,,,,,,4.87,,,,,,,,,55,,1.76,13.2,13.2,,,,,,,23.49,,55,,5.554,4.503,21.46,27.32,16.97,,,,,9.92,,,,,,,,,
103-09-3,"acetic acid, 2-ethyl-1-hexanol ester  / 2-ethyl-1-hexanol acetate",,,,18.68,62.15,,319.9,37.59,31.77,3.334,22,,,,,,,,,,,,55,40.9,55,55,55,55,55,55,55,55,9.705,8.203,1.65,0.4525,0.2754,0.8306,4.563,0.7915,,,,,0.984,,,21.61,27.5,29.96,4.321,13.29,23.58,14.52,11.68,61.92,12.98,22.41,,,,33,36.47,33,55,,,35.77,,,,,,,,16.21,32.47,19.05,12.23,,,,,,,,,,,,,,,,,,0.4499,,,,,,,,5.78,,,92.38,,,,7.15,7.986,94.71,8.22,,,,,,,,0.4278,,33,33,80.84,110,110,,,,,2.85,,,0.9349,5.913,8.5,,,,,,4.058,4.111,3.913,8.5,31.9,5.73,0.5884,22,22,22,22,15.55,22,22,22,3,10.95,10.62,22,,,,,,,16.2,,,,,5.3,,7.2,14.67,33,22.44,33,33,24.53,11.34,9.096,21.91,33,22,22,17.94,23.74,26.88,33,33,14.22,33,,2.47,,,5.7,5,,,,,,,,,,,,,,,10.63,6.55,7.633,2.621,,,0.11,1.18,,,0.6463,,,,75.61,26.4,,,,,16.34,24.03,84.22,,,11.32,7.024,12.53,19.06,38.5,24.41,19.35,,0.8303,19.41,63.15,,14.01,3.521,,46.8,36,2.14,1.85,1.44,1.5,22,0.64,,,,53,29.85,32.07,110,,,,72.49,,,,,,,30,29.5,18.77,40.44,5.078,3.81,2.5,2.751,,,,1.708,,13.58,44,44,44,23.39,12.94,88.91,,55,,,,,,,,,4,25.57,24.29,22.07,15.43,18.77,,53.94,,,25.14,,,110,17.08,11.19,22.5,55,4,13.2,55,34.5,9.3,55,2,6.148,12.26,8.818,23.62,26.38,7.903,5.061,6.632,12.51,28.27,34.84,15.85,55,0.3055,3.539,36.15,9.84,12.25,2,6.3,7.5,,2.5,4.61,2.77,1.97,2.13,1.14,1.373,1.85,1.23,9.082,8.77,2.193,,,,,0.21,281.6,18.92,33.91,48.29,281.6,182.2,,,,10.85,13.2,13.75,8.443,27.5,0.71,5.16,3.628,0.2709,,4.942,,,0.391,4.4,3.607,3.106,,8.49,55,0.3775,0.8218,13.2,7.068,,,,,,,22.56,0.2379,18.38,0.9454,7.465,4.3,18.72,22.66,30.79,,,,,,,,,,,,,,
4864-61-3,3-Octyl acetate,,,,18.68,15.04,,304.2,39.23,30.85,3.426,22,,,,,,,,,,,,55,39.29,55,35.39,55,55,55,55,55,55,1.392,6.848,2.22,0.4677,0.2868,0.8228,9.311,3.819,,,,,4.439,,,26.22,34.93,36.86,5.178,13.71,23.34,41.56,10.22,59.53,11.86,19.64,,,,33,29.82,33,55,,,36.57,,,,,,,,15.8,16.47,18.29,11.17,,,,,,,,,,,,,,,,,,0.4282,,,,,,,,5.78,,,106.7,,,,8.169,6.98,90,8.403,,,,,,,,0.4609,,33,33,53.33,110,110,,,,,2.767,,,0.8117,6.013,8.5,,,,,,4.911,4.825,5.159,7.598,30.87,5.73,1.408,22,22,22,22,15.47,22,22,22,3,8.95,8.363,22,3.73,11,11,1.87,11,11,16.2,,,8.27,5.89,5.3,,7.217,8.324,8.333,8.59,33,33,24.53,11.34,8.516,12.88,33,22,22,17.73,28.1,26.56,33,33,12.97,19.07,,,,,,,,,6.44,15.09,16.53,44,12.97,44,44,10.06,,,,,10.63,6.55,7.489,2.452,,,0.11,1.085,55,,0.7284,,,,,26.4,,,,,23.08,25.02,84.8,,,14.8,12.99,13.38,17.63,38.5,23.38,16.88,,1.09,19.32,59.67,,13.68,3.873,,46.79,35.28,2.133,1.878,1.449,1.5,22,0.6321,3.6,2.59,3.43,53,32.43,42.8,110,,,,49.95,55,29.4,,,,,5.2,35.2,23.63,41.88,6.013,3.81,2.5,1.211,,,,6.969,11.17,,,,,,16.5,,,55,,,,,,,,,,,,,,22.2,,63.27,,,25.25,,20.13,110,55,30.68,55,55,4,13.2,55,55,9.3,55,2,5.305,26.83,8.5,40.4,26.31,7.64,7.48,7.704,12.27,25.2,27.05,10.88,55,0.3071,3.458,35.74,11.69,12.44,,,3.3,,,,,,,,1.221,1.85,1.23,12.33,9.21,2.38,,,,,0.21,281.6,18.92,33.91,48.29,281.6,182.2,,,,11.6,13.2,13.9,10.19,27.5,0.71,5.16,4.135,0.9051,12.59,5.77,,,0.5992,3.947,3.807,3.237,,8.49,55,0.4844,0.8249,13.2,6.775,55,,55,,5.82,,23.25,0.4639,55,2.565,8.532,4.142,16.65,23.03,21.27,,,,,24.15,40.78,,,,,,,186.2,243.1
123-29-5,Ethyl nonanoate,,12.17,,0.84,1.845,,312.7,47.69,31.35,3.326,17.68,4.828,2.358,1.724,1.38,2.819,0.06308,13.1,4.41,7.3,2.169,11.68,55,29.96,55,55,41.84,31.26,55,55,55,55,1.955,13.55,4.335,33,33,33,22,22,,,,,22,,,42.46,40.03,35.43,2.249,14.45,22.92,10.32,7.964,71.92,10.98,18.6,,,,33,35.77,33,55,,,30.64,,,,,,,,15.87,10.15,14.08,8.822,,,,,,,,,,,,,,,,,,0.3682,,,0.3613,,0.07104,,,5.624,12.18,,72.33,,,,6.895,4.43,63.66,6.368,,,,,,,,0.4485,2.88,33,33,47.09,110,110,,,12.36,13.89,2.645,,,0.9156,2.586,2.437,9.807,10.1,2.88,3.07,3.53,6.683,11.07,22,8.123,36.85,6.387,25.95,16.58,22,22,22,2.446,22,4.138,2.435,2.669,4.356,0.9795,12.48,4.608,11,11,1.503,11,11,7.145,2.809,23.95,3.996,4.087,6.6,,5.8,5.643,1.074,3.099,15.16,33,23.84,10.24,8.834,21.54,33,10.22,22,17.7,43.92,19.24,33,33,13.51,33,,,,,7,4.6,,,5.576,11.36,15.09,40.77,10.64,44,44,8.758,,,,,10.63,,7.26,2.24,,,0.08779,1.05,14.16,,0.7868,14.94,73.07,,13.26,26.4,15.6,2.604,10.26,3.726,24.46,17.73,75.09,18.09,12.73,8.737,12.79,9.338,17.28,19.8,33.61,13.92,2.25,3.608,16.71,55.32,,10.73,3.485,2.79,48.69,34.58,2.133,1.879,1.449,1.003,1.079,1.749,1.313,0.7278,1.134,50.33,42.75,43,15.55,28.1,24.2,44,23.13,55,10.73,,,,,5.2,35.2,20.21,45.07,5.044,3.51,2.211,2.45,1.658,22,1.62,15.28,,7.73,44,44,44,16.42,6.448,23.34,,55,,55,,,,,,,21.85,,,,12.51,20.22,,110,,,18.85,,28.03,110,32.15,10.19,55,55,4,13.2,55,55,9.3,55,2,5.587,13.21,7.867,24.86,26.16,7.113,5.166,6.034,12.06,13.8,25.01,7.112,55,0.3071,6.736,40.71,28.36,19.4,2.904,3.7,2.976,13.6,5.5,,,,,,1.596,2.545,0.8203,7.437,9.21,3.002,9.245,8.6,3.1,29.24,0.21,281.6,18.92,33.91,48.29,281.6,182.2,,,,11.61,10.76,17.5,6.724,27.5,0.71,5.16,15.54,7.327,12.59,2.895,8.8,,0.9478,2.965,11.29,2.866,12.89,8.49,55,1.173,0.6584,4.577,6.84,55,,55,,5.82,,1.918,0.611,55,2.258,6.149,4.431,20.88,25.34,21.87,,,23.93,189.5,3.506,39.63,,,,,,,160.9,31.57
627-90-7,Ethyl undecanoate,,12.17,,0.84,1.845,,312.7,47.69,31.35,3.326,17.68,4.828,2.358,1.724,1.38,2.819,0.06308,13.1,4.41,7.3,2.169,11.68,55,29.96,55,55,41.84,31.26,55,55,55,55,1.955,13.55,4.335,33,33,33,22,22,,,,,22,,,42.46,40.03,35.43,2.249,14.45,22.92,10.32,7.964,71.92,10.98,18.6,,,,33,35.77,33,55,,,30.64,,,,,,,,15.87,10.15,14.08,8.822,,,,,,,,,,,,,,,,,,0.3682,,,0.3613,,0.07104,,,5.624,12.18,,72.33,,,,6.895,4.43,63.66,6.368,,,,,,,,0.4485,2.88,33,33,47.09,110,110,,,12.36,13.89,2.645,,,0.9156,2.586,2.437,9.807,10.1,2.88,3.07,3.53,6.683,11.07,22,8.123,36.85,6.387,25.95,16.58,22,22,22,2.446,22,4.138,2.435,2.669,4.356,0.9795,12.48,4.608,11,11,1.503,11,11,7.145,2.809,23.95,3.996,4.087,6.6,,5.8,5.643,1.074,3.099,15.16,33,23.84,10.24,8.834,21.54,33,10.22,22,17.7,43.92,19.24,33,33,13.51,33,,,,,7,4.6,,,5.576,11.36,15.09,40.77,10.64,44,44,8.758,,,,,10.63,,7.26,2.24,,,0.08779,1.05,14.16,,0.7868,14.94,73.07,,13.26,26.4,15.6,2.604,10.26,3.726,24.46,17.73,75.09,18.09,12.73,8.737,12.79,9.338,17.28,19.8,33.61,13.92,2.25,3.608,16.71,55.32,,10.73,3.485,2.79,48.69,34.58,2.133,1.879,1.449,1.003,1.079,1.749,1.313,0.7278,1.134,50.33,42.75,43,15.55,28.1,24.2,44,23.13,55,10.73,,,,,5.2,35.2,20.21,45.07,5.044,3.51,2.211,1.57,1.658,22,1.62,22,,7.73,44,44,44,16.42,6.448,23.34,,55,,55,,,,,,,21.85,,,,12.51,20.22,,110,,,18.85,,28.03,110,32.15,10.19,55,55,4,13.2,55,55,9.3,55,2,5.587,13.21,7.867,24.86,26.16,7.113,5.166,6.034,12.06,13.8,25.01,7.112,55,0.3071,6.736,40.71,28.36,19.4,2.904,3.7,2.976,13.6,5.5,,,,,,1.596,2.545,0.8203,7.437,9.21,3.002,9.245,8.6,3.1,29.24,0.21,281.6,18.92,33.91,48.29,281.6,182.2,,,,11.61,10.76,17.5,6.724,27.5,0.71,5.16,15.54,7.327,12.59,2.895,8.8,,0.9478,2.965,11.29,2.866,12.89,8.49,55,1.173,0.6584,4.577,6.84,55,,55,,5.82,,1.918,0.611,55,2.258,6.149,4.431,20.88,25.34,21.87,,,23.93,189.5,3.506,39.63,,,,,,,160.9,31.57
28267-29-0,Ethyl tridecanoate,,12.17,,0.84,1.845,,312.7,47.69,31.35,3.326,17.68,4.828,2.358,1.724,1.38,2.819,0.06308,13.1,4.41,7.3,2.169,11.68,55,29.96,55,55,41.84,31.26,55,55,55,55,1.955,13.55,4.335,33,33,33,22,22,,,,,22,,,42.46,40.03,35.43,2.249,14.45,22.92,10.32,7.964,71.92,10.98,18.6,,,,33,35.77,33,55,,,30.64,,,,,,,,15.87,10.15,14.08,8.822,,,,,,,,,,,,,,,,,,0.3682,,,0.3613,,0.07104,,,5.624,12.18,,72.33,,,,6.895,4.43,63.66,6.368,,,,,,,,0.4485,2.88,33,33,47.09,110,110,,,12.36,13.89,2.645,,,0.9156,2.586,2.437,9.807,10.1,2.88,3.07,3.53,6.683,11.07,22,8.123,36.85,6.387,25.95,16.58,22,22,22,2.446,22,4.138,2.435,2.669,4.356,0.9795,12.48,4.608,11,11,1.503,11,11,7.145,2.809,23.95,3.996,4.087,6.6,,5.8,5.643,1.074,3.099,15.16,33,23.84,10.24,8.834,21.54,33,10.22,22,17.7,43.92,19.24,33,33,13.51,33,,,,,7,4.6,,,5.576,11.36,15.09,40.77,10.64,44,44,8.758,,,,,10.63,,7.26,2.24,,,0.08779,1.05,14.16,,0.7868,14.94,73.07,,13.26,26.4,15.6,2.604,10.26,3.726,24.46,17.73,75.09,18.09,12.73,8.737,12.79,9.338,17.28,19.8,33.61,13.92,2.25,3.608,16.71,55.32,,10.73,3.485,2.79,48.69,34.58,2.133,1.879,1.449,1.003,1.079,1.749,1.313,0.7278,1.134,50.33,42.75,43,15.55,28.1,24.2,44,23.13,55,10.73,,,,,5.2,35.2,20.21,45.07,5.044,3.51,2.211,1.16,1.658,22,1.62,22,,7.73,44,44,44,16.42,6.448,23.34,,55,,55,,,,,,,21.85,,,,12.51,20.22,,110,,,18.85,,28.03,110,32.15,10.19,55,55,4,13.2,55,55,9.3,55,2,5.587,13.21,7.867,24.86,26.16,7.113,5.166,6.034,12.06,13.8,25.01,7.112,55,0.3071,6.736,40.71,28.36,19.4,2.904,3.7,2.976,13.6,5.5,,,,,,1.596,2.545,0.8203,7.437,9.21,3.002,9.245,8.6,3.1,29.24,0.21,281.6,18.92,33.91,48.29,281.6,182.2,,,,11.61,10.76,17.5,6.724,27.5,0.71,5.16,15.54,7.327,12.59,2.895,8.8,,0.9478,2.965,11.29,2.866,12.89,8.49,55,1.173,0.6584,4.577,6.84,55,,55,,5.82,,1.918,0.611,55,2.258,6.149,4.431,20.88,25.34,21.87,,,23.93,189.5,3.506,39.63,,,,,,,160.9,31.57
112-61-8,"octadecanoic acid, methyl ester / Methyl stearate",,12.11,,0.84,10.09,,312.7,47.69,31.35,3.487,17.76,5.576,2.786,3.737,1.915,4.481,16.3,13.1,4.192,,5.2,11.68,55,30.2,55,55,55,31.1,55,55,55,55,1.476,10.06,2.255,33,33,33,22,22,,,,,22,,,42.42,40.75,36.22,2.532,13.04,23.01,40.75,8.682,62.6,11.01,20.87,,,,33,29.82,33,55,,,32.02,,,,,,,,15.82,10.41,14.07,8.81,,,,,,,,,,,,,,,,,,0.3676,,,0.3684,,0.07363,,,5.686,12.7,,70.99,,856.8,573.6,55,4.33,66.01,6.094,,,,,,,,0.4967,,33,33,46.27,110,110,,,,,2.808,,,0.9152,2.856,2.768,9.807,10.1,2.88,3.07,3.53,6.671,11.08,22,8.152,36.95,6.408,25.89,15.79,22,22,22,1.923,22,3.134,1.948,2.741,3.217,0.7572,11.23,3.782,7.523,3.763,0.7009,5.225,10.48,6.106,2.805,23.94,3.989,4.078,6.6,,5.8,5.634,1.072,3.095,15.14,33,33,33,8.834,21.54,33,10.28,22,17.7,43.92,19.24,33,33,13.51,33,,,,,7,4.6,,,5.245,12.39,14.9,40,11.5,44,44,8.839,,,,,10.63,,7.26,2.24,,,0.08637,1.285,55,,0.7743,28.07,73.15,,13.23,26.4,15.6,2.604,10.26,3.726,21.89,10.7,74.43,29.46,32.95,20.32,11.95,6.503,15.94,21.48,33.61,15.57,2.25,3.608,16.51,45.64,1.26,11.78,3.579,3.1,47.88,34.11,0.9794,0.7092,1.305,0.7864,0.7577,6.627,1.325,0.7349,1.145,48.79,61.84,65.57,34.12,28.1,24.2,44,78.86,55,10.76,,,,,5.2,35.2,20.15,45.1,4.956,3.81,2.5,1.097,1.658,22,1.62,16.64,,7.73,44,44,44,16.42,6.434,23.4,,55,,55,,,,,,,21.85,,,,12.51,18.43,,110,,,18.81,,28.21,110,29.44,19.21,55,55,3.632,11.79,55,55,7.611,55,1.394,5.66,13.33,7.782,25.01,26.14,7.042,4.914,6.041,12.06,13.62,24.61,7.092,55,0.3072,1.022,42.06,28.38,21.38,3,,3.3,,,,,,,,1.327,2.131,0.6469,8.734,9.21,3.241,9.9,8.6,3.1,29.27,0.21,281.6,18.92,33.91,48.29,281.6,182.2,,,,11.62,10.76,17.5,6.721,27.5,0.71,5.16,15.54,7.327,12.59,2.769,8.8,,0.9553,2.98,11.28,2.653,12.89,8.49,55,1.252,0.679,4.019,6.953,55,,55,,5.82,,0.8409,0.6159,55,2.281,5.339,4.095,20.65,24.66,20.02,,,23.93,189.5,3.506,39.62,,,,,,,161.2,31.42
2598-99-4,Stearyl palmitate / Lanolin,,12.09,,0.84,1.824,,312.7,47.69,31.35,3.349,17.12,5.146,2.398,3.662,5.514,4.315,16.3,13.1,3.807,14.9,1.558,11.68,55,30.09,55,55,55,31.08,55,55,55,55,1.622,8.305,2.681,0.4384,0.2652,0.8113,5.175,1.033,,,,,1.262,,,33.76,38.01,39.6,1.838,15.07,22.01,22.33,8.758,59.24,10.82,25.28,,,,33,34.1,33,55,,,32.62,,,,,,,,16,9.259,14.81,9.073,,,,,,,,,,,,,,,,,,0.3687,,,0.3552,,0.06879,,,5.582,11.97,,74.33,,,,55,4.293,65.16,6.024,,,,,,,,0.4652,,33,33,58.96,110,110,,,12.36,13.89,2.807,,,0.9164,2.485,2.155,9.807,10.1,2.88,3.07,3.53,5.718,6.348,7.271,8.097,36.76,6.367,1.427,22,22,22,22,10.99,22,22,22,2.607,9.576,6.413,22,4.61,11,11,1.503,11,11,9.182,2.814,23.96,4.003,4.095,6.6,,5.8,5.159,1.058,3.016,15.22,33,33,33,8.834,21.54,33,10.16,22,17.7,36.32,19.24,33,33,13.51,33,,,,,7,4.6,,,5.354,11.94,14.95,40.25,11.13,44,44,8.792,,,,,10.63,6.55,7.373,2.321,,,0.09,1.066,10.15,,0.763,13.98,72.99,,14.21,26.4,15.6,2.604,10.26,3.726,20.43,14.78,75.01,19.58,13.91,12.21,11.35,10.18,15.06,38.5,33.11,17.29,2.25,1.019,17.54,55.31,,78.75,3.17,3.232,47.17,35.84,2.134,1.875,1.448,1.168,1.805,0.5718,1.303,0.7212,1.124,50.84,49.57,53.76,8.36,28.1,24.2,44,10.03,55,10.69,,,,,5.2,35.2,20.26,45.04,5.136,3.553,2.251,1.127,1.658,22,1.62,15.28,,8.727,44,44,44,17.22,6.367,23.29,,55,,55,,,,,,,21.85,,,,12.51,18.13,,110,,,18.9,,27.87,110,32.28,25.83,55,55,4,13.2,55,55,9.3,55,2,5.645,13.62,7.594,25.38,26.09,6.885,4.921,6.028,12.05,15.8,27.19,8.521,55,0.3069,5.771,38.34,28.37,16.19,3.07,3.7,3.015,13.6,5.5,4.342,2.786,1.981,1.763,1.17,1.306,3.087,1.109,8.225,9.21,2.496,9.104,8.6,3.1,29.22,0.21,281.6,18.92,33.91,48.29,281.6,182.2,,,,11.6,10.76,17.5,6.727,27.5,0.71,5.16,4.304,0.9606,12.59,3.224,7.528,3.82,0.6417,3.967,4.039,2.654,12.89,8.49,55,0.4878,0.8311,13.2,6.853,55,,55,,5.82,,2.333,0.4629,24.72,3.168,4.886,3.87,20.97,24.73,17.56,,,23.93,189.5,3.506,39.63,,,,,,,160.6,31.71
629-70-9,Hexadecyl acetate / 16:Ac,,13.03,,1.243,4.085,,313.2,38.13,31.38,3.35,18.47,5.153,2.399,3.663,5.391,4.316,16.3,13.1,3.832,14.9,1.562,11.68,55,33.06,55,36.88,55,39.75,55,55,55,55,1.788,8.17,1.607,0.4416,0.2675,0.8135,3.674,0.5003,,,,,0.6406,,,24.5,32.56,39.2,2.701,15.26,25.4,27.33,13.17,56.46,12.99,26.02,,,,33,29.66,33,55,,,32.58,,,,,,,,16.06,18.03,16.44,9.946,,,,,,,,,,,,,,,,,,0.4406,,,1.048,,0.2443,,,5.626,11.97,,75.41,,,,8.975,5.447,76.34,7.603,,,,,,,,0.5121,,33,33,86.93,110,110,,,12.36,13.89,2.82,,,0.9834,3.097,2.034,9.807,10.1,2.88,3.07,3.53,4.524,4.76,5.022,8.606,38.51,6.75,0.7534,22,22,22,22,15.36,22,22,22,3.025,8.804,8.217,22,3.782,7.523,3.763,0.7009,5.225,10.48,6.106,2.805,23.94,3.711,4.058,5.355,,5.746,7.081,2.622,5.093,18.79,33,23.52,9.742,8.433,21.16,33,22,22,17.52,35.49,26.25,33,33,13.01,33,,2.47,,,5.558,4.664,,,5.097,12.4,15.09,39.41,12.08,44,44,9.217,,,,,10.63,6.55,7.384,2.333,,,0.09845,1.152,8.75,,0.663,14.02,75.49,,21.2,26.4,15.6,2.604,10.26,3.726,14.79,12.27,81.21,19.74,14.09,12.07,5.55,9.281,15.7,38.5,22.62,19.84,2.25,0.86,18.01,55.53,1.26,16.33,3.22,3.228,46.06,35.93,1.443,1.187,1.278,1.233,3.184,0.414,1.412,0.8202,1.223,50.57,40.32,44.69,10.38,28.1,24.2,44,11.01,55,10.76,,,,,5.478,29.35,16.08,41.72,5.116,3.81,2.5,0.6323,1.658,22,1.62,3.72,,9.444,44,44,44,18.1,7.335,31.73,,55,,55,,,,,,,6.059,25.57,24.29,22.07,12.69,17.31,,110,,,18.81,,28.21,110,20.69,18.54,28.5,55,3.567,10.98,55,37.48,8.366,55,1.491,6.299,13.88,7.449,25.71,26.05,6.763,5.151,6.655,12.09,29.43,32.13,13.91,55,0.3068,2.733,34.86,28.73,12.16,1.89,3.886,3.557,13.6,2.351,4.353,2.737,1.949,1.7,1.082,1.222,2.198,0.5751,10.44,8.455,2.38,9.101,8.6,3.1,29.27,0.21,281.6,18.92,33.91,48.29,281.6,182.2,,,,10.6,11.91,14.54,8.026,27.5,0.71,5.16,3.585,0.2797,12.59,4.057,7.417,3.82,0.3953,4.4,3.563,3.589,12.89,8.49,55,0.386,1.76,13.2,13.2,55,,55,,5.82,,2.578,0.2458,11.08,0.9561,5.837,3.559,19.06,22.15,22.82,,,23.93,189.5,3.163,40.08,,,,,,,169.8,28.72
628-63-7,"acetic acid, pentyl ester",,12.37,,1.564,5.118,,313,38.14,31.37,3.316,18.66,4.959,3.454,3.625,33,4.456,,,3.196,14.9,1.43,11.8,55,34.1,55,38.08,55,40.78,55,55,55,55,1.893,8.198,1.654,0.4553,0.2774,0.8323,3.777,0.5306,,,,,0.6769,,,24.75,33.15,38.83,2.838,15.21,25.79,35.92,13.4,59.86,13.1,26.67,,,,33,30.71,33,55,,,32.64,,,,,,,,16.27,18.8,17.55,10.5,,,,,,,,,,,,,,,,,,0.4404,,,1.367,,0.3374,,,5.613,12.28,,81.97,,,,8.947,8.707,87.42,6.609,3.92,1.3,2.5,3.63,1.56,3.6,,0.5139,,33,33,85.91,110,110,,,12.36,13.89,2.827,,,1.101,3.453,2.16,9.807,10.1,2.88,3.07,3.53,4.495,4.633,4.92,7.987,36.39,6.284,0.7056,22,22,22,22,15.49,22,22,22,2.958,22,22,22,5.083,11,11,1.975,11,11,6.376,2.561,24.23,2.515,3.022,,,,7.186,5.971,7.73,27.44,33,24.53,11.34,8.932,21.77,33,22,22,17.8,28.06,26.68,33,33,13.81,33,,2.47,,,5.7,5,,,6.378,12.28,15.44,44,11.36,44,44,8.839,,,,,10.63,6.55,7.495,2.459,,,0.09882,1.078,7.574,,0.6663,14.83,86.63,48.83,21.44,26.4,15.49,2.968,11.57,4.191,15.28,13.33,81.61,14.74,15.25,11.57,5.869,9.933,15.85,38.5,23.5,19.36,2.25,0.8696,18.15,59.51,,16.32,3.197,3.273,46.3,36.23,2.134,1.874,1.447,1.245,3.534,0.4,3.6,2.59,3.43,53,40.79,45.15,10.14,28.1,24.2,44,11.4,55,10.69,,,,,6.215,29.06,16.44,40.98,5.124,3.81,2.5,1.216,1.658,22,1.62,3.385,,9.571,44,44,44,18.26,7.729,62.9,,55,,,,,,,,,3.212,25.57,24.29,22.07,14.15,17.32,,110,,,18.54,,47.06,110,21.9,17.02,27.2,55,3.676,11.52,55,36.46,8.601,55,1.61,5.872,13.27,7.827,24.93,26.15,7.08,5.026,6.83,12.41,31.64,42.92,18.29,55,0.3068,4.9,35.47,28.83,13.24,1.79,3.892,3.745,13.6,2.347,4.354,2.735,1.947,1.698,1.079,1.293,2.313,0.6451,10.24,8.553,2.379,9.301,8.6,3.1,19.45,0.21,281.6,18.92,33.91,48.29,281.6,182.2,,,,10.33,11.09,14.43,7.271,27.5,0.71,5.16,3.584,0.28,,4.114,7.58,3.82,0.3955,4.4,3.562,3.288,12.89,8.49,55,0.3876,0.8433,13.2,6.952,55,,55,,4.675,,22.36,0.246,11.47,0.9565,5.539,3.552,18.59,22.24,19.63,,,,,3.185,40.78,,,,,,,164.2,30.23
590-01-2,"propanoic acid, butyl ester",,10.84,,0.84,2.042,,312.7,47.69,31.35,3.62,17.59,4.8,3.481,3.602,33,4.561,,,2.7,14.9,1.109,,55,33.56,55,55,55,36.74,55,55,55,55,1.428,8.161,3.092,0.4519,0.2749,0.8323,4.563,0.7913,,,,,0.9838,,,33.63,46.11,39.67,2.575,13.07,23.69,55,10.44,73.21,11.75,28.2,,,,33,30.4,33,55,,,32.89,,,,,,,,16.56,12.75,22.01,12.15,,,,,,,,,,,,,,,,,,0.44,,,12.9,,55,,,5.78,13.11,,78.9,,,,7.601,6.166,62.75,4.498,,,,,,,,0.5124,,33,33,56.89,110,110,,,12.36,13.89,2.837,,,1.142,2.864,1.436,,,,,,4.057,4.11,3.912,8.5,31.9,5.73,0.5858,22,22,22,22,13.62,22,22,22,3.087,22,11.12,22,,,,,,,16.2,,,8.27,5.89,,,,6.052,1.313,3.124,15.04,33,24.53,11.34,8.932,21.77,33,22,22,17.8,23.3,19.5,33,33,13.81,33,,,,,,,,,6.49,11.49,16.6,44,11.63,44,44,10.1,,,,,10.63,6.55,7.628,2.614,,,0.09228,1.18,3.087,,0.733,14.83,86.85,,420,26.4,17.09,6.75,26.4,8.07,21.21,27.92,85.04,15.75,13.32,10.55,11.91,13.02,16.23,38.5,32.87,17.96,,1.09,19.32,63.15,,86.22,2.965,3.523,48.16,36.73,2.14,1.85,1.44,1.5,22,0.64,3.6,2.59,3.43,45.3,48.1,44.14,9.364,28.1,24.2,44,10.34,,,,,,,5.2,35.2,39.54,42.2,5.102,3.81,2.5,1.272,,,,3.879,,13.58,44,44,44,23.39,10.6,,,55,,,,,,,,,,,,,,19.49,,110,,,25.14,,45.42,110,55,18.14,55,55,4,13.2,55,55,9.3,55,2,5.675,11.74,9.645,22.93,26.56,8.586,6.482,6.7,12.51,18.21,30.14,10.02,55,0.3055,4.412,36.15,34.97,13.72,8,3.7,3.457,13.6,5.5,4.61,2.77,1.97,2.13,1.14,1.823,2.576,1.976,8.537,9.21,2.371,10.48,8.6,3.1,45.75,0.21,281.6,18.92,33.91,48.29,281.6,182.2,,,,12.5,10.8,,,27.5,0.71,5.16,3.628,0.2709,,3.521,,,0.391,4.4,3.607,4.09,,8.49,55,0.3775,0.8278,13.2,7.11,55,,55,,5.82,,22.39,0.2379,27.88,0.9454,3.646,3.982,21.06,24.96,19.42,,,,,24.15,40.78,,,,,,,186.2,243.1
2052-15-5,Levulinic acid n-butyl ester / Butyl levulinate,,11.01,,0.84,3.214,,312.7,47.69,31.35,3.625,17.5,4.797,3.482,3.601,33,4.563,,,2.7,14.9,1.118,,55,30.42,55,55,55,31.66,55,55,55,55,1.484,8.209,3.232,0.4526,0.2754,0.8311,6.516,1.681,,,,,1.99,,,26.57,32.01,31,3.135,11.41,20,24.23,9.334,73.12,11.69,27.77,,,,33,34.87,33,55,,,32.94,,,,,,,,16.19,12.05,15.62,9.387,,,,,,,,,,,,,,,,,,0.3711,,,,,,,,5.78,13.07,,78.35,,,,8.07,2.818,41.26,4.744,,,,,,,,0.4927,,33,33,70.26,110,110,,,12.36,13.89,2.822,,,1.069,5.747,8.5,,,,,,5.038,4.93,5.354,8.5,31.9,5.73,0.9008,22,22,22,22,13.1,22,22,22,2.984,22,10.52,22,,,,,,,16.2,,,8.27,5.89,,,,5.85,1.246,3.045,14.83,33,24.53,11.34,7.874,20.64,33,22,22,17.27,21.15,21.17,33,33,12.35,33,,,,,,,,,6.531,11.37,16.65,44,11.58,44,44,10.14,,,,,10.63,6.55,7.631,2.619,,,0.09209,1.18,3.434,,0.7417,14.83,,,420,26.4,,,,,21,28.41,84.84,,,10.55,11.78,13.12,16,38.5,32.76,18.13,,1.09,19.32,63.15,,22.41,3.887,3.529,48.69,34.66,2.14,1.85,1.44,1.5,22,0.64,3.6,2.59,3.43,53,110,110,7.206,28.1,24.2,44,8.476,,,,,,,5.2,35.2,39.54,42.2,5.081,3.81,2.5,1.214,,,,6.96,,13.58,44,44,44,23.39,10.6,,,55,,,,,,,,,,,,,,19.93,,110,,,25.14,,,110,55,30.82,55,55,4,13.2,55,55,9.3,55,2,5.716,11.8,9.531,23.01,26.53,8.492,5.778,6.7,12.51,17.41,24.45,8.152,55,0.3055,4.641,36.15,34.97,13.72,8,3.7,3.347,13.6,5.5,4.342,2.785,1.98,1.761,1.168,1.634,1.737,1.124,7.847,9.21,2.38,10.43,8.6,3.1,,0.21,281.6,18.92,33.91,48.29,281.6,182.2,,,,,,,,27.5,0.71,5.16,3.671,0.3957,,3.622,7.58,3.82,0.391,4.4,3.607,4.09,,8.49,55,0.4077,0.824,13.2,7.083,55,,55,,5.82,,23.02,0.2868,19.49,0.9454,5.026,3.834,21.78,24.67,17.57,,,,,8.942,40.78,,,,,,,186.2,243.1
97-62-1,"2-methylpropanoic acid, ethyl ester / Ethyl 2-methylpropanoate",,12.3,,18.68,83.17,,414.7,38.17,36.93,3.317,22,,,,,,,,,,13.7,,55,32.4,55,55,35.59,34.38,55,55,55,55,8,33,33,,,,,,,,,,,,,28.7,30.45,28.1,6.12,18.12,33,5.585,9.22,143.5,,17.95,,,,33,55,33,55,,,30.58,,,,,,,,,24.4,,,,,,,,,,,,,,,,,,,,0.58,,,,,,,,,,,73.75,,,,8.07,384.6,1100,42.35,,,,,,,,0.4278,,,,,,,,,,,3.088,,,,8.53,,,,,,,,,,,,,,22,16.19,15.14,9.424,22,22,22,22,,22,22,22,,,,,,,97.03,,,,,,,,33,33,33,33,33,24.53,11.34,33,33,33,22,22,22,,33,33,33,33,33,,,,,,,,,7.13,11.69,17.43,44,11.71,44,44,10.64,,,,,,,,,,9,,,,,,,,,,26.4,,,,,29.75,73.19,,,,12.62,16.27,13.42,22.86,38.5,36.72,19.49,,,,,,12.14,3.3,,49.56,38.46,,,,,,,,,,,43.47,39.48,52.85,,,,79.13,,,,,,,10.6,35.2,,,,,,1.03,,,,15.52,,,,,,,,,,55,,,,,,,,,,,,,,32.87,,,,,,,,,6.667,3.459,10.96,,,,,,,,,7.67,,,,,,20.13,,,30.79,55,27.61,55,,,36.15,34.97,13.72,10,,7.5,,,,,,,,6.02,,,4.594,,2.37,,,,45.75,,,,,,,,,,,,,,,,,,,,,,,,,,,55,,,55,,,,,,,,,,,23.49,,55,,11.92,7.29,23.51,28.76,51.57,,,,,,,,,,,,,,
2050-23-9,diethyl suberate,,24.82,,0.84,1.75,,312.7,47.69,31.35,3.47,18.01,,,,,,0.06,,,,13.7,,55,29.91,55,55,40.64,31.03,55,55,55,55,2.123,16.54,8.592,,,,22,22,,,,,22,,,42.73,40.38,36.63,2.377,14.3,23.44,7.979,7.95,78.86,11.05,19.06,,,,33,36.77,33,55,,,30.08,,,,,,,,15.57,9.884,14,8.808,,,,,,,,,,,,,,,,,,0.4307,,,0.5,,0.13,,,5.78,,,75.71,,,,8.07,4.762,57.04,5.858,,,,,,,,0.4455,,33,33,47.17,110,110,,,,,2.648,,,0.7936,6.053,8.5,,,,,,13.35,11.18,22,8.5,31.9,5.73,55,18.87,22,22,22,7.111,22,16.28,4.955,3.03,22,2.804,13.9,,,,,,,16.2,,,8.27,5.89,,,,5.629,1.071,3.093,15.13,33,24.53,11.34,8.815,21.5,33,22,22,17.68,43.92,19.19,33,33,13.45,33,,,,,,,,,6.636,11.18,16.79,44,11.5,44,44,10.23,,,,,,,,,,9,0.09,,55,,1.38,,,,,26.4,,,,,25.02,50.39,95.09,15.75,13.32,13.3,13.04,12.97,17.76,38.5,33.73,16.74,,,,63.15,,10.64,3.46,,47.26,36.29,,,,,,,3.6,2.59,3.43,53,44.28,40.3,52.85,,,,110,,,,,,,5.2,35.2,39.54,42.2,6.1,3.43,2.136,1.127,,,,15.28,,,,,,,,,,55,,,,,,,,,,,,,,21.8,,110,,,25.14,,,110,13.67,5.378,20.97,55,4,13.2,55,55,9.3,55,2,5.991,12.73,8.283,24.23,26.26,7.46,6.499,6.7,12.51,13.8,25.01,7.112,55,,35.2,36.15,34.97,13.72,10,,3.056,,,4.24,4.12,2.85,9.19,6.64,1.968,2.079,1.454,7.632,,,,,,,,,,,,,,,,,,,,,,,,15.54,7.327,,2.774,,,0.9478,2.965,11.29,2.842,,8.49,55,2.38,1.76,13.2,13.2,55,,55,,5.82,,24.08,0.8163,55,2.258,6.369,4.534,20.98,25.59,22.33,,,,,24.15,40.78,,,,,,,186.2,243.1
110-40-7,diethyl sebacate,,12.3,,0.84,1.75,,312.7,47.69,31.35,3.47,18.01,,,,,,0.06,,,,13.7,,55,29.91,55,55,40.64,31.03,55,55,55,55,2.123,16.54,8.592,,,,22,22,,,,,22,,,42.73,40.38,36.63,2.377,14.3,23.44,7.979,7.95,78.86,11.05,19.06,,,,33,36.77,33,55,,,30.08,,,,,,,,15.57,9.884,14,8.808,,,,,,,,,,,,,,,,,,0.4307,,,0.5,,0.13,,,5.78,,,75.71,,,,8.07,4.762,57.04,5.858,,,,,,,,0.4455,,33,33,47.17,110,110,,,,,2.648,,,0.7936,6.053,8.5,,,,,,13.35,11.18,22,8.5,31.9,5.73,55,18.87,22,22,22,7.111,22,16.28,4.955,3.03,22,2.804,13.9,,,,,,,16.2,,,8.27,5.89,,,,5.629,1.071,3.093,15.13,33,24.53,11.34,8.815,21.5,33,22,22,17.68,43.92,19.19,33,33,13.45,33,,,,,,,,,6.636,11.18,16.79,44,11.5,44,44,10.23,,,,,,,,,,9,0.09,,55,,1.38,,,,,26.4,,,,,25.02,50.39,95.09,15.75,13.32,13.3,13.04,12.97,17.76,38.5,33.73,16.74,,,,63.15,,10.64,3.46,,47.26,36.29,,,,,,,3.6,2.59,3.43,53,44.28,40.3,52.85,,,,110,,,,,,,5.2,35.2,39.54,42.2,6.1,3.43,2.136,1.127,,,,15.28,,,,,,,,,,55,,,,,,,,,,,,,,21.8,,110,,,25.14,,,110,13.67,5.378,20.97,55,4,13.2,55,55,9.3,55,2,5.991,12.73,8.283,24.23,26.26,7.46,6.499,6.7,12.51,13.8,25.01,7.112,55,,35.2,36.15,34.97,13.72,10,,3.056,,,4.24,4.12,2.85,9.19,6.64,1.968,2.079,1.454,7.632,,,,,,,,,,,,,,,,,,,,,,,,15.54,7.327,,2.774,,,0.9478,2.965,11.29,2.842,,8.49,55,2.38,1.76,13.2,13.2,55,,55,,5.82,,24.08,0.8163,55,2.258,6.369,4.534,20.98,25.59,22.33,,,,,24.15,40.78,,,,,,,186.2,243.1
96-48-0,dihydro-2(3H)-furanone / γ-Butyrolactone,1.76,,,,,,,,,,,,,,,,,,,,,,,,,,,,,,,,,,,,,,,,,,,,,,,,,,,,,,,,,,,,,,,,,,,,,,,,,,,,,,,,,,,,,,,,,,,,,,,,,,,,,,,,,,,,,,,,,,,,,,,,,,,,,,,,,,,,,,10.73,,,,,,,,,,,,,,,,,,,,,,,,,,,,,,,,,,,,,,,,,,,,,,,,,,,,,,,,,,,,,,,,,,,,,,,,,,,,,,,,,,,,,,,,,,,,,,,,,,,,,,,,,,,,,,,,,,,,,,,,,,,,,,,,,,,,,,,,,,,,,,,,,,,,,,,,,,,,,,,,,,,,,,,,,,,,,,,,,,,,,,,,,,,,,,,,,,,,,,,,,,,,,,,,,,,,,,,,,,,,,,,,,,,,,,,,,,,,,,,,,,,,,,,,,,,,,,,,,,,,,,,,,,,,,,,,,,,,,,,,,,,,,,,,,,,,,,,,,,,,,,
774-65-2,tert butyl benzoate,2.775,55,12.45,6.127,23.53,64.18,13.91,7.56,10.54,1.285,22,6.025,2.595,2.763,33,4.214,,,2.856,7.464,2.241,2.7,55,39.21,55,55,25.52,55,,,,,,17.95,9.324,,,,,,,,,,,,,14.74,18.36,15.74,9.192,10.46,33,29.39,,,22,,,,,17.61,55,33,42.32,,,28.26,,,,,,,,,7.18,,,,,,,,,,,,,,,,,,,,0.82,,,12.9,,2.5,,,,25.09,,,,,,,58.17,442.5,305.8,,,,,,,,0.7,2.52,,,60.01,110,110,,,12.36,13.89,,17.78,19.75,,,,,,,,,9.42,10.53,22,12.1,18.1,1.42,35.22,22,13.95,12.63,6.249,22,22,22,22,22,22,22,22,,,,,,,,,,,,,,,,,,,,,,16.39,14.36,24.6,22,22,22,29.7,33,33,33,33,33,,,,,,,,63.7,7.01,16.04,27.53,44,10.99,44,44,11.25,,,,,,,,,,,,,6.257,,,14.83,35.26,37.19,,26.4,,,,,45.77,77.31,73.07,,,9.81,18.79,,37.29,38.5,38.38,20.25,,7.55,,36.5,,15.99,2.419,2.713,55,28.43,,,,,,,,,,,21.28,110,9.961,28.1,24.2,44,10.77,,,,,,,,,31.06,55,29.5,,,7.006,,,,4.533,,,,,,,10.76,,14.67,25.66,,,,,,,,,,,,,,39.22,,,10.8,,,,,,55,55,55,55,6.5,23.3,55,55,25.5,55,12.3,18.79,21.2,26.51,23.89,31.26,30.15,55,33.42,19.63,36.49,32.51,24.21,31.33,,,,,,,,,,,,,,,,,,,3.019,7.771,4.892,6.929,8.022,2.81,26.79,,,,,,,,,11,13.5,,,,11.48,,,,,,9.89,,8.03,,,,,55,,9.52,6.906,,,,,,,,,,,,,45.56,,16.43,9.62,23.21,20.13,31.74,,,,,4.07,31.86,,,,,,,,
117-81-7,"phthalic acid, di(2-ethylhexyl) ester  / di(2-ethylhexyl) phthalate",,,150.3,9.15,51.85,64.18,39.41,8.29,50.58,6.83,22,5.198,2.438,2.53,33,4.242,,,1.454,12.13,1.858,,55,38.82,55,55,34.49,55,,,,,,10.78,3.236,,,,,,,,,,,,,8.442,13.12,11.63,8.17,9.68,33,7.398,,,22,,,,,33,55,33,39.91,,,28.26,,,,,,,,,7.074,40.68,44,,,,,,,,,,,,,,,,,,,,,,,,,,,14.85,,,,,,,,,,,,,,,,,0.757,,,,64.18,110,110,,,12.36,13.89,,17.78,,,,,,,,,,,,,,,,,22,12.17,10.69,4.285,22,22,22,22,22,22,22,22,,,,,,,,,,,,,,,15.01,33,33,33,33,,,33,19.62,20.39,22,22,22,39.5,33,33,33,33,33,,,,,,,,63.7,7.01,16.04,27.53,44,10.99,44,44,11.25,,,,,,,,,,,,,2.799,,,14.83,32.49,,,26.4,,,,,23.47,77.31,73.07,,,9.81,18.98,,35.23,38.5,33.48,20.25,,7.55,,,,21.35,3.12,3.437,55,48.1,,,,,,,,,,,22.41,38.14,9.918,28.1,24.2,44,10.38,,,,,,,,,23.84,55,29.5,,,22,,,,1.96,,,,,,,10.66,,14.67,33.68,,,,,,,,,,,,,,39.22,,59.3,,,,,,,55,19.86,55,,,,,,,,,,,,,,,,,,55,33.1,27.72,33.96,,,40.27,9.84,12.25,8,3.7,5.8,13.6,5.5,,,,,,,,,2.468,203.1,8.367,9.419,8.222,4.041,33.77,,,,,,,,,11,13.5,,,,9.767,,,,,,,5.77,,,,,,55,,,5.443,,,,,,,,,,,,,55,,7.823,6.126,21.28,20.13,32.5,,,,,4.07,31.86,,,,,,,,
84-78-6,Butyl octyl phthalate,3.97,55,150.3,9.15,10.55,64.18,39.41,8.29,50.58,4.007,17.53,4.935,2.431,2.016,8.768,3.397,,,1.78,9.662,1.402,,55,36.84,55,55,26.72,55,55,55,55,55,1.312,9.024,2.281,0.439,0.2657,0.811,3.304,0.3995,,,,,0.5187,,,26.48,34.91,39.54,2.383,14.48,23.58,22.91,10.51,54.79,11.97,25.51,,,,33,34.55,33,55,,,30.79,,,,,,,,15.95,7.079,14.78,9.08,,,,,,,,,,,,,,,,,,,,,12.9,,2.5,,,5.78,12.7,,91.25,,,,,4.235,53.9,3.952,,,,,,,,0.6476,2.88,33,33,36.36,36.09,27.62,,,12.36,13.89,2.85,17.78,,1.56,1.538,1.35,,,,,,4.077,4.032,3.745,12.1,18.1,1.42,0.8568,22,22,22,22,12.21,22,22,22,2.731,8.789,6.75,22,,,,,,,16.2,,,8.27,5.89,,,,5.476,1.294,3.034,15.31,33,,,10.56,19.38,24.13,22,22,18.02,35.68,27,33,33,14.48,33,,,,,,,,63.7,6.463,15.13,16.9,44,10.92,44,44,10.11,,,,,10.63,6.55,7.512,2.478,,9,0.11,1.098,2.725,,0.717,14.83,32.74,37.19,420,26.4,,,,,21.81,29.01,77.18,15.75,13.32,9.775,12.27,12.82,16.62,38.5,33.28,18.76,,0.8405,19.32,63.15,,19.87,3.599,3.087,47.28,33.79,2.134,1.874,1.447,1.5,22,0.6332,3.6,2.59,3.43,46.42,21.87,110,7.994,28.1,24.2,44,8.429,,,,,,,5.2,35.2,22.59,55,5.201,3.81,2.5,1.747,,,,2.49,,13.58,44,44,44,23.39,8.828,,14.67,31.77,,,,,,,,,,,,,,18.92,,,,,,,,110,33.86,35.31,55,55,4,13.2,55,55,9.3,55,2,5.684,13.21,7.867,24.86,26.16,7.113,5.274,6.408,12.35,31.45,39.22,15.7,32.06,0.3068,3.34,36.15,34.97,13.72,7.721,3.7,3.987,13.6,5.5,4.61,2.77,1.97,2.13,1.14,1.369,1.705,1.094,8.908,13.68,3.307,9.238,8.667,3.752,33.89,0.21,281.6,18.92,33.91,48.29,281.6,182.2,,11,13.5,,,,11.92,27.5,0.71,5.16,3.584,0.2798,,3.443,,,0.3954,4.4,3.563,5.351,,,5.407,0.3821,0.8233,13.2,6.81,55,,55,,5.82,,22.77,0.2459,16.05,0.9563,4.62,3.742,19.9,23.33,20.32,,,,,2.917,30.42,,,,,,,,
614-18-6,Ethyl nicotinate,3.97,55,,,,,,,,,,5.922,2.524,2.689,33,4.155,0.19,,1.46,11.21,2.793,,55,48.89,55,55,24.87,55,,,,,,13.92,5.506,,,,,,,,,,,,,27.31,25.26,24.4,,,,28.3,,,,,,,,,,,,,,,,,,,,,,,7.18,,,,,,,,,,,,,,,,,,,,,,,,,,,,,16.89,,,,,,8.07,53.52,425.1,46.6,,,,,,,,0.7189,,,,,,,,,12.36,13.89,,,,,,,,,,,,9.42,10.53,22,12.1,18.1,1.42,35.22,22,11.16,9.612,3.368,22,22,22,22,,22,22,22,,,,,,,,,,,,,,,,,,,,24.53,11.34,33,33,33,22,22,22,,33,33,33,33,33,,,,,,,,,,,,,,,,,,,,,,,,,,9,,,4.35,,,14.83,47.93,37.19,,,,,,,,,,,,,,,,,,,,,,,,17.43,2.679,3.305,,,,,,,,,,,,,43.47,39.48,8.606,28.1,24.2,44,10.3,,,,,,,,,55,55,,,,3.4,,,,4.47,,,,,,,,,,27.32,,,,,,,,,,,,,,,,,,,,,,,6.21,4.46,10.38,,,,,,,,,8.01,,,,,,21.13,33.42,19.63,55,55,24.56,32.37,,,,,,10,,7.5,,,,,,,,,,,2.079,203.1,9.26,10.16,9.158,5.105,34.21,,,,,,,,,,,,,,,,,,,,,,,,,,,55,,,6.687,,,,,,,,,,,,,55,,,,,,,,,,,4.07,31.86,,,,,,,,
2459-09-8,Methyl isonicotinate,3.97,55,9.266,5.843,21.43,64.18,12.29,7.477,8.757,1.055,22,,,,,,0.08,,,,1.899,,55,55,55,55,28.4,55,,,,,,33,33,,,,,,,,,,,,,7.577,12.2,11.07,8.17,9.68,33,30,,,22,,,,,33,55,33,39.91,,,28.26,,,,,,,,,,,,,,,,,,,,,,,,,,,,,0.82,,,,,,,,,,,,,,,,58.17,442.5,305.8,,,,,,,,0.6864,,,,60.01,110,110,,,,,,17.78,19.75,,,,,,,,,9.42,10.53,22,12.1,18.1,1.42,35.22,22,12.95,11.53,5.084,22,22,22,22,22,22,22,22,,,,,,,,,,,,,,,,,,,,,,33,18.5,19.31,22,22,22,39.5,33,33,33,33,33,,,,,,,,63.7,7.01,16.04,27.53,44,10.99,44,44,11.25,,,,,,,,,,,,,43.51,,,,47.93,37.19,,26.4,,,,,45.77,77.31,73.07,,,9.81,18.79,,37.29,38.5,38.38,20.25,,7.55,,36.5,,13.72,,,55,48.1,,,,,,,,,,,21.22,110,19.41,,,,17.05,,,,,,,,,29.39,55,29.5,,,22,,,,5.03,,,,,,,10.69,,14.67,55,,,,,,,,,,,,,,39.22,,,,,,,,,55,55,55,55,6.5,23.3,55,55,25.5,55,12.3,18.79,22.72,32.86,17.18,30.82,35.36,55,33.42,19.63,55,38.53,31.48,55,,,,,,,,,,,,,,,,,,,3.071,,7.97,14,17.2,17.7,36.71,,,,,,,,,11,13.5,,,,11.92,,,,,,,,,,,,,55,,,8.529,,,,,10.02,,8.88,,26.32,,,,55,,16.43,9.62,23.21,20.13,31.74,,,,,,,,,,,,,,
94-47-3,2-Phenylethyl benzoate,2.787,55,105,4.01,17.99,21.26,38.78,2.72,,3.75,22,5.634,2.526,2.657,33,4.233,,,1.502,10.53,7.7,,55,39.29,55,37.27,28.07,24.06,,,,,,13.48,7.645,,,,,,,,,,,,,26.19,24.62,20.36,15.58,14.81,33,27.74,,,,,,,,18.95,,33,55,,,,,,,,,,,,7.18,,,,,,,,,,,,,,,,,,,,,,,12.9,,2.5,,,,17.49,,15.69,,,,,58.17,442.5,305.8,,,,,,,,0.7311,2.52,,,110,110,110,,,12.36,13.89,,17.78,19.75,5.02,,,,,,,,9.42,10.53,22,11.13,16.12,0.9089,27.58,22,14.75,13.51,7.28,22,22,22,22,22,22,22,22,,,,,,,,,,,,,,,33,33,33,33,33,25.32,33,19.08,18.29,33,22,22,22,31.86,33,33,33,33,33,,,,,,,,,,,,,,,,,,,,,,,,,390,9,,,4.71,,,13.33,53.55,37.19,,,,,,,,,,22.32,,38.5,,21.44,,38.5,,26.38,,,,36.5,,13.37,2.851,3.323,55,29.44,,,,,,,,,,25.77,22.96,52.53,9.07,28.1,24.2,44,11.35,,,,,,,,,55,55,,,,5.274,,,,3.75,,,,,,,11.8,16.88,14.67,23.96,23.8,,5.47,55,22.21,17.5,56.93,,,,,,,,,,10.8,,,,26.5,,55,55,55,55,6.5,23.3,55,55,25.5,55,12.3,18.79,21.2,26.51,23.89,31.26,30.15,55,33.42,19.63,34.58,38.44,22.9,30.25,,,40.3,37.94,14.82,7.993,3.7,5.794,13.6,5.5,,,,,,,,,2.745,8.959,4.049,10.83,9.549,5.699,26.13,,,,,,,,,,,,,,11.53,,,,20.43,,9.89,,8.03,,12.69,20.43,20.43,55,,9.52,5.955,,,,,10.18,,6.409,,8.966,,,,44.17,13.26,,,,,,,,,,4.07,31.86,,,,,,,,
626225-81-8,"4-(2-chlorobenzyl)-2-methyl-2H-1,4-benzoxazin-3(4H)-one",,,,,,,,,,,,,,,,,0.1,,,,,,,,,,,,,,,,,,,,,,,,,,,,,,,,,,,,,,,,,,,,,,,,,,,,,,,,,,,,,,,,,,,,,,,,,,,,,,,,,,,,,,,,,,,,,,,,,,,,,,,,,,,,,,,,,,,,,,,,,,,,,,,,,,,,,,,,,,,,,,,,,,,,,,,,,,,,,,,,,,,,,,,,,,,,,,,,,,,,,,,,,,,,,,,,,,,,,,,,,,,,,,,,,,,,,,,,,,,,,,,,,,,,,,,,,,,,,,,,,,,,,,,,,,,,,,,,,,,,,,,,,,,,,,,,,,,,,,,,,,,,,,,,,,,,,,,,,,,,,,,,,,,,,,,,,,,,,,,,,,,,,,,,,,,,,,,,,,,,,,,,,,,,,,,,,,,,,,,,,,,,,,,,,,,,,,,,,,,,,,,,,,,,,,,,,,,,,,,,,,,,,,,,,,,,,,,,,,,,
500008-45-7,Chlorantraniliprole,,,,,,,,,,,,,,,,,,,,,,,,,,,,,,,,,,,,,,,22,22,,,,,,5.25,22,,,,,,,,,,,,,,,,,,,,,,,,,,,,,,,,,,,,,,,,,,,,,,,,,,,,,,,,,,,,,,,,,,,,,,,,,,,,,,,,,,,,,,,,,,,,,,,,,,,,,,,,,,,,,,,,,,,,,,,,,,,,,,,,,,,,,,,,,,,,,,,,,,,,,,,,,,,,,,,,,,,,,,,,,,,,,,,,,,,,,,,,,,,,,,,,,,,,,,,,,,,,,,,,,,,,,,,,,,,,,,,,,,,,,,,,,,,,,,,,,,,,,,,,,,,,,,,,,,,,,,,,,,,,,,,,,,,,,,,,,,,,,,,,,,,,,,,,,,,,,,,,,,,,,,,,,,,,,,,,,,,,,,,,,,,,,,,,,,,,,,,,,,,,,,,,,,,,,,,,,,,,,,,,,,,,,,,,,,,,,,,,,,,,,,
54064-34-5,1-[2-(4-Chlorophenyl)cyclopropyl]ethanone,,,,,,,,,,,,,,,,,0.25,,,,,,,,,,,,,,,,,,,,,,,,,,,,,,,,,,,,,,,,,,,,,,,,,,,,,,,,,,,,,,,,,,,,,,,,,,,,,,,,,,,,,,,,,,,,,,,,,,,,,,,,,,,,,,,,,,,,,,,,,,,,,,,,,,,,,,,,,,,,,,,,,,,,,,,,,,,,,,,,,,,,,,,,,,,,,,,,,,,,,,,,,,,,,,,,,,,,,,,,,,,,,,,,,,,,,,,,,,,,,,,,,,,,,,,,,,,,,,,,,,,,,,,,,,,,,,,,,,,,,,,,,,,,,,,,,,,,,,,,,,,,,,,,,,,,,,,,,,,,,,,,,,,,,,,,,,,,,,,,,,,,,,,,,,,,,,,,,,,,,,,,,,,,,,,,,,,,,,,,,,,,,,,,,,,,,,,,,,,,,,,,,,,,,,,,,,,,,,,,,,,,,,,,,,,,,,,,,,,,
646-29-7,Stearate / Octadecanoate,,12.19,,0.84,2.563,,312.7,47.69,31.35,3.353,22,5.031,2.596,1.561,0.7226,2.644,12.77,10.03,4.546,7.3,5.2,11.67,55,51.6,55,55,55,55,55,55,55,55,1.399,8.717,1.674,33,33,33,22,22,,,,,12.44,,,43.21,41.8,36.9,3.411,12.83,21.62,44.46,9.374,53.34,11.45,20.48,,,,33,21.81,33,55,,,35,,,,,,,,15.61,13.01,56.97,26.22,,,,,,,,,,,,,,,,,,0.3665,,,0.3856,,0.08017,,,5.798,12.7,,69.71,,,,55,4.376,67.06,6.181,3.92,1.3,2.5,3.63,1.56,3.6,,0.525,2.88,33,33,45.98,110,110,,,,,2.85,,,0.9177,6.448,8.154,9.807,10.1,2.88,3.07,3.53,6.643,11.12,22,8.217,37.17,6.457,25.77,15.51,22,22,22,2.02,22,2.986,1.961,2.846,2.864,0.8889,10.78,3.792,7.553,3.806,0.7085,5.267,10.48,4.696,3.018,23.13,3.974,4.059,6.6,,5.669,2.64,1.171,2.995,10.89,5.289,33,9.237,8.834,21.54,33,10.43,22,17.7,43.92,19.24,33,33,13.51,33,,,,,7,4.6,,,5.037,13.62,14.84,39.51,12.49,44,44,9.004,,,,,10.63,,7.26,2.24,,,0.08821,1.308,34.94,,1.38,27.64,73.34,48.83,13.14,26.4,15.29,2.81,10.99,3.971,7.704,6.617,73.74,21.32,31.2,19.95,7.413,5.653,15.2,12.9,34.05,15.93,2.25,3.608,16.5,55.37,1.26,11.93,3.959,2.629,48.03,34.64,0.8399,0.5685,1.441,0.7864,0.7577,6.627,1.35,0.7509,1.168,48.6,40.88,49.38,34.06,28.1,24.2,44,78.92,55,10.85,,,,,5.2,35.2,20.02,45.17,4.764,3.81,2.5,1.188,1.658,22,1.62,8.775,11.17,7.73,44,44,44,16.42,6.402,23.52,,55,,55,,,,,,,18.45,66.54,47.17,12.69,11.06,18.69,,110,,,18.7,,29.69,110,29.33,17.22,55,55,4,13.2,55,55,9.3,55,2,5.678,13.49,7.672,25.22,26.11,6.95,4.906,6.057,12.07,13.07,24.46,5.937,55,0.3012,1.552,43.52,28.41,23.67,2.957,,2.701,,,,,,,,1.255,1.716,0.5317,9.433,,5.886,9.9,8.6,3.1,22.07,,,,,,,,7.8,,,11.64,10.77,17.5,6.716,,,,15.54,7.327,12.59,2.673,8.8,,0.9721,3.013,11.26,2.797,12.89,8.49,55,1.852,0.7763,1.836,7.266,20.31,,18.06,,4.523,,0.801,0.6272,55,6.32,8.275,5.533,16.29,27.34,22.45,,,23.93,189.5,3.506,39.61,,,,11,5.68,11,162,31.09
78-84-2,2-methylpropanal,,,,,,,,,,,,,,,,,,,,,,,,,,,,,,,,,,,,,,,,,,,,,,,,,,,,,,,,,,,,,,,,,,,,,,,,,,,,,,,,,,,,,,,,,,,,,,,,,,,,,,,,,,,,,,,,,35.59,606.1,25.4,,,,,,,,0.6,,,,,,,,,,,,,,,,,,,,,,,,,,,,,,,,,,,,,,,,,,,,,,,,,,,,,,,,,,,,,,,,,,,,,,,,,,,,,,,,,,,,,,,,,,,,,,,,,,,,,,,,,,,,,,,,,,,,,,,,,,,,,,,,,,,,,,,,,,,,,,,,,,,,,,,,,,,,,,,,,,,,,,,,,,,,,,,,,,,,,,,,,,,,,,,,,,,,,,,,,,,,,,,,,,,,,,,,,,,,13.53,,,,,,,,,37.95,37.69,47.34,,,,,,,,,,,,,,,,,,,,,,,,,,,,,,,,,,,,,,,,,,,,,,,,,,,,,,,,,,,,,,,,,,,,,,,,,,4.26,,,,,,,,,
103-95-7,Cyclamen aldehyde / 3-(4-Isopropylphenyl)-2-methylpropanal,,,,,,,,,,,,13,13.6,33,33,9.64,,,2.324,1.026,4.188,1.2,,,,,,,,,,,,,,,,,,,,,,,,,,,,,,,,32.21,,,,,,,,,,,,,,,,,,,,,,,,,,,,,,,,,,,,,,,,,,,,,,,,,,,,,,,,,,,55.52,1100,276.2,,,,,,,5,0.5,,,,,,,,,,,,,54.53,,,,,,,,,9.44,8.06,22,16.7,9.2,1.42,46.6,22,22,22,22,22,22,22,22,,22,22,22,,,,,,,,,,,,,,,,,,,,33,13.34,,,,,,,,,,,,,,,,,,,,,4.71,27.7,15.13,44,7.63,44,44,4.96,,,,,,,,,,,,,,,,,,,,,,,,,,,,,,,,,,,,,,,,64.94,,110,15.1,,,,,,,,,,,,,,,,,,,,,,,,,,,,,,,,,,22,,,,,,,,,,,,,,55,34.32,,15.14,16.51,11.73,23.79,,,,,,,,,,,,,,,,,,,,55,8.1,23.8,55,55,55,55,29.4,20.7,,,,,,29.82,,16.89,55,33.7,26.6,55,,,,,,,,,,,,,,,,19.21,,,16.07,,,,,,,,,,,,,,,,,,,,,,,,,,,,,,,,,,,,55,,,,,,,,,,,,,,,,,,,,,,,,6.51,,,,,,,,,
590-86-3,3-methylbutanal,,19.41,,,,,,,,,,33,33,33,6.37,33,5.3,11.5,13.7,,12.9,15.1,,,,,,,1.2,55,55,7.2,55,,,,,,,,,,,,,,,,,,,,,,,,,,,,,,,,,,,,,,,,,,,,,,,,,,,,,,,,,,,,,,,,2.1,,,,,,,,6.26,,,,,,,,35.59,606.1,25.4,,,,,,,,,,,,,,,,,,,,,,,,,,,,,,,,,,,,,,,,,,,,,,,,,,,,,,,,,,,,,,,,,,,,,,,,,,,,,,,,,,,,,,,,,,,,,,,,,,,,,,,,,,,,,,,,,,70.12,,,,,,,,,,,,,,,,,,,,,,,,,,15.1,10.5,,,,,,,,,,,,,,,,,,,,,,,,,,,,,,,,,22,,,,6.38,,,,,,,,,,,,,,,,,,,,,,,,,,,,,,,,,,,,,,,,,,,,,,,,,,13.53,,,,,,,,,37.95,37.69,47.34,2.5,,9.2,,7.9,,,,,,,,,,,,,,,,,,,,,,,,,,,,,,,,,,,,,,,,,,,,,,,,,,,,,,,,,,,,,,,,,,,,,6.51,,,,,,,,,
55019-46-0,2-methylhexadecanal,,10.78,,,,,,,,2.796,9.848,7.25,33,3.99,0.96,10.7,12.77,9.603,6.805,,,12.21,55,51.6,55,55,55,55,5.814,38.46,55,15.9,5.495,2.368,2.394,8.08,7.81,8.622,22,22,,,,,11.82,,,48.02,42.84,47.14,5.563,18.37,14.37,9.017,,,12.13,,,,,25.23,29.13,33,55,,,,,,,,,,,15.74,23.17,12.9,6.609,,,,,,,,,,,,,,,,,,,,,0.6416,,0.2067,,,6.84,,,69.78,,,,55,9.669,91.74,24.88,3.92,1.3,2.5,3.63,1.56,3.6,,0.6,,33,33,110,110,110,,,,,,,,1.388,,8.09,9.807,10.1,2.88,3.07,3.53,6.55,10.74,22,21.06,55,9.97,12.66,6.797,22,22,22,11.09,22,12.3,22,6.697,7.188,5.094,15.23,4.185,7.391,3.58,0.6849,5.048,10.48,4.14,1.277,8.15,2.194,5.272,6.6,,5.942,33,33,10.54,20.48,4.341,33,9.237,10.41,8.402,10.33,1.16,0.9675,16.65,28.04,23.71,33,33,16.1,18.45,,,,,7,4.6,,,4.213,12.92,14.79,36.88,15.6,44,44,9.996,,,,,,,,,,,,1.758,22.76,,1.73,27.64,71.56,48.83,18.67,26.4,14.47,2.289,9.223,3.275,18.75,8.151,83.11,20.13,30.74,6.586,11.67,9.469,15.84,32.55,9.166,18.73,2.25,3.743,16.62,59.16,0.9887,24.55,3.228,,55,44.6,0.9045,0.6219,2.267,2.166,3.741,22,3.866,3.772,3.633,48.04,38.73,45.24,46.9,,,,49.84,55,17.07,,,,,5.2,35.2,23.94,55,4.4,2.12,2.48,22,1.658,22,1.62,22,11.17,7.73,44,44,44,16.42,8.532,19.43,,55,,55,,,,,,,18.34,66.54,47.17,12.69,10.83,17.06,,110,,,18.82,,23.18,,36.78,13.27,34.41,,,,,,,,,7.284,17.77,3.81,24.24,18.14,8.35,15.51,14.67,12.35,25.56,55,27.77,55,0.3495,0.8811,43.25,29.05,42.21,3,,3.3,,,,,,,,1.79,2.7,0.9374,7.514,5.79,3.42,,,,20.81,0.64,281.6,5.36,21.17,13.47,27.31,281.6,7.8,,,10.34,10.11,17.5,6.249,,,,3.125,1.553,12.59,3.025,8.8,,0.6142,2.706,3.515,6.942,12.89,,55,0.8716,0.8446,0.9382,13.2,55,,55,,7.609,,0.3536,0.4923,55,2.764,5.543,4.715,14.24,31.86,17.11,,,23.93,189.5,2.784,42,2.15,2.83,3.45,11,5.68,11,195,37.22
2765-11-9,pentadecanal,,9.727,,0.84,1.232,,312.7,47.69,31.35,3.067,9.674,7.25,33,3.99,0.96,10.7,13.64,10.22,6.39,,,13.09,55,41.61,55,55,55,55,5.814,38.46,55,15.9,5.495,2.347,2.498,3.885,3.857,4.715,22,22,,,,,14.59,,,47.78,49.25,46.88,6.801,14.69,14.15,44.97,9.343,59.53,11.86,19.57,,,,25.06,31.52,33,55,,,35.81,,,,,,,,16.04,23.17,12.9,6.609,,,,,,,,,,,,,,,,,,0.44,,,0.4875,,0.124,,,6.053,,,32.03,,,,41.3,9.689,81.81,23.81,3.903,1.275,2.48,3.612,1.548,3.6,,0.4756,,33,33,110,110,110,,,,,2.85,,,1.056,0.975,1.952,9.807,10.1,1.537,2.213,2.52,6.165,5.589,4.595,18.57,55,11.34,1.305,22,22,22,22,9.787,22,12.2,22,10.04,7.1,5.012,15.15,4.312,7.576,3.838,0.7349,5.298,10.48,4.263,1.282,8.214,2.194,5.272,6.6,,5.8,9.969,28.13,7.608,17.08,2.862,33,13.06,10.57,10.1,9.77,0.748,0.5133,16.69,40.74,23.06,33,33,18.37,33,,,,,7,4.6,,,3.775,12.43,14.56,35.53,19.58,44,44,10.49,,,,,10.63,3.389,6.094,2.314,,,0.08494,1.681,22.33,,0.903,20.05,70.23,43.76,31.53,26.4,15.57,2.595,10.22,3.712,18.81,19.79,94.59,16.43,22.34,6.586,11.71,12.56,15.88,32.55,8.382,18.73,1.753,4.108,16.96,56.23,0.9505,23.94,3.228,,49.96,38.31,0.8037,0.5794,2.075,2.166,3.741,22,2.293,3.304,1.975,48.6,28.58,30.89,43.49,,,,53.27,37.8,12.78,,,,,5.2,35.2,36.43,55,5.647,3.81,2.5,22,1.658,22,1.62,22,12.59,8.47,44,44,30.18,16.83,8.536,18.04,,55,,55,,,,,,1.69,18.19,66.54,47.17,12.69,11.05,16.62,23.67,110,,,16.61,,43.35,110,28.48,32.22,33.71,55,4.065,13.23,55,55,9.931,55,2.187,6.182,26.83,8.5,40.4,26.31,7.64,19.61,9.516,12.24,16.6,55,18.9,55,0.3929,0.9314,45.74,24.5,25.83,3,,3.3,,,,,,,,1.921,3.072,0.9319,4.424,5.065,2.425,,,,19.52,0.3393,281.6,4.146,19.23,10.39,16.98,219.8,7.8,,,10.04,10.04,14.22,6.133,27.5,0.71,5.16,2.664,0.9038,12.59,3.63,8.8,,0.5241,2.188,3.249,12.92,12.89,8.49,55,0.6763,1.174,0.878,13.2,55,,55,,18.6,,0.3674,0.3608,55,0.8338,5.932,5.347,20.4,23.98,20.63,,,23.93,189.5,3.271,44.71,2.15,2.83,3.45,11,5.68,11,180.1,28.09
629-90-3,Heptadecanal,,9.727,,0.84,1.232,,312.7,47.69,31.35,3.067,9.674,7.25,33,3.99,0.96,10.7,13.64,10.22,6.39,,,13.09,55,41.61,55,55,55,55,5.814,38.46,55,15.9,5.495,2.347,2.498,3.885,3.857,4.715,22,22,,,,,14.59,,,47.78,49.25,46.88,6.801,14.69,14.15,5.563,9.343,59.53,11.86,19.57,,,,25.06,31.52,33,55,,,35.81,,,,,,,,16.04,23.17,12.9,6.609,,,,,,,,,,,,,,,,,,0.44,,,0.4875,,0.124,,,6.053,,,32.03,,,,41.3,9.689,81.81,23.81,3.903,1.275,2.48,3.612,1.548,3.6,,0.4756,,33,33,110,110,110,,,,,2.85,,,1.056,0.975,1.952,9.807,10.1,1.537,2.213,2.52,6.165,5.589,4.595,18.57,55,11.34,1.305,22,22,22,22,9.787,22,12.2,22,10.04,7.1,5.012,15.15,4.312,7.576,3.838,0.7349,5.298,10.48,4.263,1.282,8.214,2.194,5.272,6.6,,5.8,9.969,28.13,7.608,17.08,2.862,33,13.06,10.57,10.1,9.77,0.748,0.5133,16.69,40.74,23.06,33,33,18.37,33,,,,,7,4.6,,,3.775,12.43,14.56,35.53,19.58,44,44,10.49,,,,,10.63,3.389,6.094,2.314,,,0.08494,1.681,22.33,,0.903,20.05,70.23,43.76,31.53,26.4,15.57,2.595,10.22,3.712,18.81,19.79,94.59,16.43,22.34,6.586,11.71,12.56,15.88,32.55,8.382,18.73,1.753,4.108,16.96,56.23,0.9505,23.94,6.9,,49.96,38.31,0.8037,0.5794,2.075,2.166,3.741,22,2.293,3.304,1.975,48.6,28.58,30.89,43.49,,,,53.27,37.8,12.78,,,,,5.2,35.2,36.43,55,5.647,3.81,2.5,22,1.658,22,1.62,22,12.59,8.47,44,44,30.18,16.83,8.536,18.04,,55,,55,,,,,,1.69,18.19,66.54,47.17,12.69,11.05,16.62,23.67,110,,,16.61,,43.35,110,28.48,32.22,33.71,55,4.065,13.23,55,55,9.931,55,2.187,6.182,26.83,8.5,40.4,26.31,7.64,19.61,9.516,12.24,16.6,55,18.9,55,0.3929,0.9314,45.74,24.5,25.83,3,,3.3,,,,,,,,1.921,3.072,0.9319,4.424,5.065,2.425,,,,19.52,0.3393,281.6,4.146,19.23,10.39,16.98,219.8,7.8,,,10.04,10.04,14.22,6.133,27.5,0.71,5.16,2.664,0.9038,12.59,3.63,8.8,,0.5241,2.188,3.249,12.92,12.89,8.49,55,0.6763,1.174,0.878,13.2,55,,55,,18.6,,0.3674,0.3608,55,0.8338,5.932,5.347,20.4,23.98,20.63,,,23.93,189.5,3.271,44.71,2.15,2.83,3.45,11,5.68,11,180.1,28.09
638-66-4,octadecanal / C18-Ald,,9.727,,0.84,1.232,,312.7,47.69,31.35,3.067,9.674,7.25,33,3.99,0.96,10.7,13.64,10.22,6.39,,,13.09,55,41.61,55,55,55,55,55,55,55,55,8,2.347,2.498,3.885,3.857,4.715,22,22,,,,,14.59,,,47.78,49.25,46.88,6.801,14.69,14.15,5.563,9.343,59.53,11.86,19.57,,,,25.06,31.52,33,55,,,35.81,,,,,,,,16.04,23.17,12.9,6.609,,,,,,,,,,,,,,,,,,0.44,,,0.4875,,0.124,,,6.053,,,32.03,,,,41.3,9.689,81.81,23.81,3.903,1.275,2.48,3.612,1.548,3.6,,0.4756,,33,33,110,110,110,,,,,2.85,,,1.056,0.975,1.952,9.807,10.1,1.537,2.213,2.52,6.165,5.589,4.595,18.57,55,11.34,1.305,22,22,22,22,9.787,22,12.2,22,10.04,7.1,5.012,15.15,4.312,7.576,3.838,0.7349,5.298,10.48,4.263,1.282,8.214,2.194,5.272,6.6,,5.8,9.969,28.13,7.608,17.08,2.862,33,13.06,10.57,10.1,9.77,0.748,0.5133,16.69,40.74,23.06,33,33,18.37,33,,,,,7,4.6,,,3.775,12.43,14.56,35.53,19.58,44,44,10.49,,,,,10.63,3.389,6.094,2.314,,,0.08494,1.681,22.33,,0.903,20.05,70.23,43.76,31.53,26.4,15.57,2.595,10.22,3.712,18.81,19.79,94.59,16.43,22.34,6.586,11.71,12.56,15.88,32.55,8.382,18.73,1.753,4.108,16.96,56.23,0.9505,23.94,3.228,,49.96,38.31,0.8037,0.5794,2.075,2.166,3.741,22,2.293,3.304,1.975,48.6,28.58,30.89,43.49,,,,53.27,37.8,12.78,,,,,5.2,35.2,36.43,55,5.647,3.81,2.5,22,1.658,22,1.62,22,12.59,8.47,44,44,30.18,16.83,8.536,18.04,,55,,55,,,,,,1.69,18.19,66.54,47.17,12.69,11.05,16.62,23.67,110,,,16.61,,43.35,110,28.48,32.22,33.71,55,4.065,13.23,55,55,9.931,55,2.187,6.182,26.83,8.5,40.4,26.31,7.64,19.61,9.516,12.24,16.6,55,18.9,55,0.3929,0.9314,45.74,24.5,25.83,3,,3.3,,,,,,,,1.921,3.072,0.9319,4.424,5.065,2.425,,,,19.52,0.3393,281.6,4.146,19.23,10.39,16.98,219.8,7.8,,,10.04,10.04,14.22,6.133,27.5,0.71,5.16,2.664,0.9038,12.59,3.63,8.8,,0.5241,2.188,3.249,12.92,12.89,8.49,55,0.6763,1.174,0.878,13.2,55,,55,,18.6,,0.3674,0.3608,55,0.8338,5.932,5.347,20.4,23.98,20.63,,,23.93,189.5,3.271,44.71,2.15,2.83,3.45,11,5.68,11,180.1,28.09
577-16-2,1-(2-methylphenyl)-ethanone / 2-Methylacetophenone,2.483,55,150.3,9.15,51.85,64.18,39.41,8.29,50.58,6.83,22,,,,,,,,,,13.7,,55,34.07,55,55,29.7,55,,,,,,13.52,5.179,,,,,,,,,,,,,12.06,16.2,14.75,8.839,10.2,33,35.41,,,22,26,,,,17.95,55,33,41.5,,,28.26,,,,,,,,,,,,,,,,,,,,,,,,,,,,,,,,12.9,,2.5,,,,15.15,,,,,,,58.17,442.5,305.8,,,,,,,,,2.52,,,68.48,110,110,,,12.36,13.89,,17.78,,,,,,,,,,9.42,10.53,22,12.1,18.1,1.42,35.22,22,16.55,15.54,10.01,22,22,22,22,22,22,22,22,,,,,,,,,,,,,,,,,,,,,,17.78,33,33,22,22,22,29.95,33,33,33,33,33,,,,,,,,63.7,7.01,16.04,27.53,44,10.99,44,44,11.25,,,,,,,,,,,,,6.097,,,14.83,32.49,37.19,,26.4,,,,,45.77,77.31,73.07,,,9.81,18.79,,37.29,38.5,38.38,20.25,,7.55,,,,25.61,,,55,28.44,,,,,,,,,,,21.19,110,28.67,,,,17.45,,,,,,,,,25.65,55,29.5,,,6.686,,,,4.54,,,,,,,10.66,,14.67,55,,,,,,,,,,,,,,39.22,,,10.8,,,,,,,,,,,,,,,,,18.79,17.56,22.06,19.81,25.15,23.52,55,33.42,19.63,31.75,27.26,22.29,55,,,39.32,38.01,31.63,,,,,,,,,,,,,,5.822,12.75,5.581,,,,28.64,,,,,,,,,11,13.5,,,,11.49,,,,,,9.89,,8.03,,,,,55,,9.52,55,,,,,,,,,,,,,45.6,,16.43,9.62,23.21,20.13,31.74,,,,,4.07,31.86,,,,,,,170.3,78.69
108-83-8,"2,6-Dimethyl-4-heptanone",,,,18.68,83.17,,414.7,38.17,36.93,3.3,,,,,,,,,,,,,,,,,,,,,,,,,,,,,,,,,,,,,,,,,,,,55,,,,,,,,,,,,,,,,,,,,,,,24.36,77,17.69,,,,,,,,,,,,,,,,,,0.58,,,,,,,,,,,106.7,,,,,,,,,,,,,,,,,,,,,,,,,,5.639,,,,,,,,,,,,,,,,,,22,22,22,22,22,22,22,22,,22,22,22,,,,,,,,,,,,,,,,,,,,,,,,,,,,,,,,,,,,,,,,,,,,,,,,,,,,,,,,,,,,,,,,,,,,,6.576,,,,,10.95,,64.21,,,,19.98,,23.45,,40.11,,,12.24,20.94,,,13.74,,,47.9,55,,,,,,,,,,,,,,,,,,,,,,,,,,,,,,,22,,,,6.38,,,,,,,,,,55,,,,,,,,,,,,,,,,,,,,,,,55,55,16.25,,,,,,,,,,,,,,,,,,30.5,55,55,55,,,,,,2,6.3,7.5,,2.5,,,,,,,,,6.81,,2.37,,,,45.75,,,,,,,,,,,,,,,,,,,,,,,,,,,,,,55,,,,,,,,,,,,,55,,,,,,,,,,,6.51,,,,,,,,,
464-48-2,(1s)-(-)-camphor,,,,,,,,,,,,,,,,,,,,,,,,,,,,,,,,,,,,,,,,,,,,,,,,24.16,21.11,28.59,,,,55,,,,,,,,,,,,,,,,,,,,,,,,,,,,,,,,,,,,,,,,,,,,,,,,,,,,,,,,,,,176.6,596.3,23.91,,,,,,,,,,,,50.83,110,110,,,,,,,,,,,,,,,,,,,,,,,22,22,22,22,22,22,22,22,,22,22,22,,,,,,,,,,,,,,,,,,,,,,,,,,,,,,,,,,,,,,,,,,,,,,,,,,20.25,26.08,36.84,37.63,,,,,,,,,,,,,,,,,,,,,,,,,,,,,,,,,,,,61.35,,83.39,,,,,,,,,,,,,,,,,,,,,,,,,,,,,,,,,,,,,,,,,,,,,,8.2,28.91,,55,27.61,,10.12,35.19,25.51,24.57,15.86,,,,,,,,,,,,,,,,,,,,,,,,,,,,,,,,,5.811,,,,,,55,,,,,,,,,,,,,,,,,,,2.55,,,,,,,,,,,,,,,,,11.8,11.8,18.7,42.79,,,,,,,,,,,,,,,,55,,,,,,,,,,,,,,,,,,,,,,,,,,,,,,,,,
583-60-8,2-Methylcyclohexanone,1.76,,,,,,,,,,,,,,,,,,,,,,,,,,,,,,,,,33,14,,,,,,,,,,,,,,,,,,,,,,,,,,,,,,,,,,,,,,,,,,,,,,,,,,,,,,,,,,,,,,,,,,,,,,,,,,,,,,,,,,,,,,,,,,,,,,,,,,,6.64,,,,,,,,,,,,,,,,,,,,,,,,,,,,,,,,,,,,,,,,,,,,,,,,,,,,,,,,,,,,,,,,,,,,,,,,,,,,,,,,,,,,,,,,,,,,,,,,,,,,,,,,,,,,,,,,,,,,,,,,,,,,,,,,,,,,,,,,,,,,,,,,,,,,,,,,,,,,,,,,,,,,,,,,,,,,,,,,,,,,,,,,,,,,,,,,,,,,,,,,,,,,,,,,,,,,,,,,,,,,,,,,,,,,,,,,,,,,,,,,,,,,,,,,,,,,,,,,,,,,,,,,,,,,,,,,,,,,,,,,,,,,,,,,,,,,,,,,,,,,,,,
565-61-7,3-methyl-2-pentanone,,,,18.68,83.17,,414.7,38.17,36.93,3.3,22,,,,,,,,,,,,,,,,,,,,,,,,,,,,22,22,,,,,22,,,19.51,20.41,22.46,16.11,13.2,16.94,28.85,,,,,,,,33,,33,55,,,55.13,,,,,,,,,24.4,,,,,,,,,,,,,,,,,,,,0.58,,,,,,,,,,,106.7,,,,8.012,36.99,680,25.16,,,,,,,,,,,,,,,,,,,6.41,,,8.81,5.64,,,,,,,,,,42.4,55,,55,22,22,22,22,22,22,22,22,,22,22,22,,,,,,,97.03,,,,,,,,33,33,33,33,33,26.09,9.057,,,,,,,15,,,,,,,,,,,,,,,,,,,,,,,,,,,,,,,,,,,,,,,,,26.4,,,,,26.62,,,,,,20.04,,23.8,,40.13,,,,,,,12.76,,,47.86,35.88,,,,,,,,,,,,,52.85,,,,76.83,,,,,,,10.6,35.2,,,,,,22,,,,6.38,,,,,,,,,,55,,,,,,,,,,,,,,,,,,,25.14,,,,5.923,4.223,10.01,,,,,,,,,7.658,,,,,,7.028,13.99,19.55,30.5,55,55,55,,,37.94,30.26,26.81,,,,,,,,,,,,,,6.81,,,,,,,,,,,,,,,,,,,,,,,,,,,5.77,,,,,,,,,55,,,,,,,,,,,,,55,,14.11,10.25,37.67,32.61,,,,,,3.946,39.82,,,,,,,,
927-49-1,6-Undecanone,,11.67,,0.84,3.2,,312.7,47.69,31.35,3.393,22,4.935,2.525,1.405,0.6403,2.424,16.3,9.986,4.324,7.3,5.2,11.65,55,30.94,55,55,55,31.91,55,55,55,55,1.399,8.717,1.684,33,33,33,22,22,,,,,22,,,29.9,29.97,29.39,4.724,11.05,21.27,55,9.843,66,11.4,21.89,,,,33,20.31,33,55,,,33.09,,,,,,,,15.98,13.25,54.82,24.54,,,,,,,,,,,,,,,,,,0.3547,,,0.5091,,0.1344,,,5.797,12.7,,71.18,,,,55,4.377,66.68,4.711,3.92,1.3,2.5,3.63,1.56,3.6,,0.528,2.88,33,33,45.8,110,110,,,,,2.85,,,0.8691,6.482,8.195,9.807,10.1,2.88,3.07,3.53,6.911,10.78,22,7.649,35.24,6.031,25.98,15.76,22,22,22,2.262,22,3.31,2.437,2.725,3.182,1.029,11.18,5.053,11,11,1.474,11,11,4.735,2.695,25.22,4.007,4.044,6.6,,6.216,1.736,4.294,3.204,11.25,1.21,33,33,8.944,21.8,33,10.84,22,17.82,43.92,19.53,33,33,13.84,33,,,,,7,4.6,,,5.233,12.69,14.85,40.03,11.64,44,44,8.814,,,,,10.63,,7.26,2.24,,,0.08809,1.303,55,,1.38,28.07,74.96,48.83,13.04,26.4,15.51,2.978,11.61,4.204,8.288,7.199,74.99,17.98,17.84,19.35,7.696,5.962,14.93,13.59,33.62,16.04,2.25,4.287,16.5,56.18,1.26,11.97,3.983,2.571,48.9,35.16,0.8423,0.571,1.438,0.7864,0.7577,6.627,1.367,0.7599,1.184,48.64,40.98,50.63,33.44,28.1,24.2,44,80.26,55,10.88,,,,,5.2,35.2,20.84,44,4.755,3.81,2.5,22,1.658,22,1.62,10.74,11.17,7.73,44,44,44,16.42,5.681,23.68,,55,,55,,,,,,,17.64,,,,11,18.34,,110,,,19.07,,30.38,110,30.3,22.17,55,55,4,13.2,55,55,9.3,55,2,5.227,12.8,8.216,24.32,26.24,7.404,5.047,5.735,12.35,13.05,24.38,5.947,55,0.3014,1.859,38.81,22.9,16,3,,3.3,,,,,,,,1.595,1.748,0.548,9.093,,5.889,9.9,8.6,3.1,21.11,,,,,,,,,,,11.56,10.58,17.5,6.391,,,,15.54,7.327,12.59,2.642,8.8,,0.9919,3.052,11.24,2.822,12.89,8.49,55,1.868,0.7832,1.85,7.281,55,,55,,3.932,,0.9487,0.6405,55,2.395,11.26,5.375,13.58,28.7,21.09,,,23.93,189.5,3.582,39.55,,,,,,,149.9,41.64
2345-27-9,2-tetradecanone,,12.25,,0.84,5.69,,312.7,47.69,31.35,3.849,22,5.039,2.614,1.568,0.7162,2.658,12.78,10.04,4.582,7.3,5.2,11.66,55,32.51,55,55,55,35.35,55,55,55,55,1.399,8.738,1.675,33,33,33,22,22,,,,,22,,,29.98,30.13,29.65,5.761,12.18,21.23,36.76,9.656,60.99,11.57,21.38,,,,33,21.74,33,55,,,36.31,,,,,,,,15.81,13.02,22.39,13.57,,,,,,,,,,,,,,,,,,0.3961,,,0.3963,,0.08435,,,5.809,12.7,,69.66,,,,55,3.5,50.09,4.812,3.92,1.3,2.5,3.63,1.56,3.6,,0.5264,2.88,33,33,49.73,110,110,,,,,2.85,,,0.8267,4.635,4.422,9.807,10.1,2.88,3.07,3.53,7.617,10.16,22,6.682,31.9,5.295,29.97,15.33,22,22,22,1.853,22,2.757,2.029,2.23,2.64,0.7968,10.48,4.938,11,11,1.479,11,11,4.671,3.017,23.14,3.965,4.048,6.6,,5.665,5.642,1.079,2.68,15.2,33,33,9.279,7.552,20.16,33,13.52,22,17.03,24.23,21.38,33,33,11.75,33,,,,,7,4.6,,,5.17,12.85,14.87,39.83,11.86,44,44,8.892,,,,,10.63,,7.26,2.24,,,0.08905,1.275,35.12,,0.7341,27.64,73.46,48.83,13.09,26.4,15.29,2.81,10.99,3.971,8.091,7,74.22,21.34,31.2,19.96,12.56,5.643,16.01,12.83,34.24,15.93,2.25,3.608,16.65,55.59,1.26,12.86,4.93,2.629,48.98,33.59,0.973,0.7029,1.308,0.7864,0.7577,6.627,1.119,0.6571,0.9829,48.81,43.85,48.24,34.03,28.1,24.2,44,78.95,55,10.9,,,,,5.2,35.2,19.94,45.21,4.923,3.81,2.5,0.6323,1.658,22,1.62,8.775,11.17,7.73,44,44,44,16.42,6.385,23.6,,55,,55,,,,,,,18.45,66.54,47.17,12.69,11.06,18.27,,110,,,20.21,,29.91,110,28.61,21.87,55,55,4,13.2,55,55,9.3,55,2,5.376,13.49,7.672,25.22,26.11,6.95,5.197,5.128,11.97,15.45,20.01,7.36,55,0.3073,1.448,42.1,28.38,21.45,2.612,,2.907,,6.14,,,,,,1.146,1.164,0.6121,10.8,9.21,3.182,9.9,8.6,3.1,22.14,0.21,281.6,18.92,33.91,48.29,281.6,182.2,7.8,,,11.65,10.77,17.5,6.713,27.5,0.71,5.16,13.19,6.554,12.59,3.179,8.8,,0.9816,3.031,11.25,2.649,12.89,8.49,55,1.712,0.6924,3.871,7.028,20.54,,23,,4.23,,2.312,0.8786,55,2.363,10.12,5.235,17.43,24.82,22.8,,,23.93,189.5,3.978,38.26,,,,11,5.68,11,162.4,30.91
18787-63-8,2-hexadecanone,,12.25,,0.84,5.69,,312.7,47.69,31.35,3.849,22,5.039,2.614,1.568,0.7162,2.658,12.78,10.04,4.582,7.3,5.2,11.66,55,32.51,55,55,55,35.35,55,55,55,55,1.399,8.738,1.675,33,33,33,22,22,,,,,22,,,29.98,30.13,29.65,5.761,12.18,21.23,55,9.656,60.99,11.57,21.38,,,,33,21.74,33,55,,,36.31,,,,,,,,15.81,13.02,22.39,13.57,,,,,,,,,,,,,,,,,,0.3961,,,0.3963,,0.08435,,,5.809,12.7,,69.66,,,,55,3.5,50.09,4.812,3.92,1.3,2.5,3.63,1.56,3.6,,0.5264,2.88,33,33,49.73,110,110,,,,,2.85,,,0.8267,4.635,4.422,9.807,10.1,2.88,3.07,3.53,7.617,10.16,22,6.682,31.9,5.295,29.97,15.33,22,22,22,1.853,22,2.757,2.029,2.23,2.64,0.7968,10.48,4.938,11,11,1.479,11,11,4.671,3.017,23.14,3.965,4.048,6.6,,5.665,5.642,1.079,2.68,15.2,33,33,9.279,7.552,20.16,33,13.52,22,17.03,24.23,21.38,33,33,11.75,33,,,,,7,4.6,,,5.17,12.85,14.87,39.83,11.86,44,44,8.892,,,,,10.63,,7.26,2.24,,,0.08905,1.275,35.12,,0.7341,27.64,73.46,48.83,13.09,26.4,15.29,2.81,10.99,3.971,8.091,7,74.22,21.34,31.2,19.96,12.56,5.643,16.01,12.83,34.24,15.93,2.25,3.608,16.65,55.59,1.26,12.86,4.93,2.629,48.98,33.59,0.973,0.7029,1.308,0.7864,0.7577,6.627,1.119,0.6571,0.9829,48.81,43.85,48.24,34.03,28.1,24.2,44,78.95,55,10.9,,,,,5.2,35.2,19.94,45.21,4.923,3.81,2.5,0.68,1.658,22,1.62,22,11.17,7.73,44,44,44,16.42,6.385,23.6,,55,,55,,,,,,,18.45,66.54,47.17,12.69,11.06,18.27,,110,,,20.21,,29.91,110,28.61,21.87,55,55,4,13.2,55,55,9.3,55,2,5.376,13.49,7.672,25.22,26.11,6.95,5.197,5.128,11.97,15.45,20.01,7.36,55,0.3073,1.448,42.1,28.38,21.45,2.612,,2.907,,6.14,,,,,,1.146,1.164,0.6121,10.8,9.21,3.182,9.9,8.6,3.1,22.14,0.21,281.6,18.92,33.91,48.29,281.6,182.2,7.8,,,11.65,10.77,17.5,6.713,27.5,0.71,5.16,13.19,6.554,12.59,3.179,8.8,,0.9816,3.031,11.25,2.649,12.89,8.49,55,1.712,0.6924,3.871,7.028,20.54,,23,,4.23,,2.312,0.8786,55,2.363,10.12,5.235,17.43,24.82,22.8,,,23.93,189.5,3.978,38.26,,,,11,5.68,11,162.4,30.91
2922-51-2,2-heptadecanone,,12.25,,0.84,5.69,,312.7,47.69,31.35,3.849,22,5.039,2.614,1.568,0.7162,2.658,12.78,10.04,4.582,7.3,5.2,11.66,55,32.51,55,55,55,35.35,55,55,55,55,1.399,8.738,1.675,33,33,33,22,22,,,,,22,,,29.98,30.13,29.65,5.761,12.18,21.23,55,9.656,60.99,11.57,21.38,,,,33,21.74,33,55,,,36.31,,,,,,,,15.81,13.02,22.39,13.57,,,,,,,,,,,,,,,,,,0.3961,,,0.3963,,0.08435,,,5.809,12.7,,69.66,,,,55,3.5,50.09,4.812,3.92,1.3,2.5,3.63,1.56,3.6,,0.5264,2.88,33,33,49.73,110,110,,,,,2.85,,,0.8267,4.635,4.422,9.807,10.1,2.88,3.07,3.53,7.617,10.16,22,6.682,31.9,5.295,29.97,15.33,22,22,22,1.853,22,2.757,2.029,2.23,2.64,0.7968,10.48,4.938,11,11,1.479,11,11,4.671,3.017,23.14,3.965,4.048,6.6,,5.665,5.642,1.079,2.68,15.2,33,33,9.279,7.552,20.16,33,13.52,22,17.03,24.23,21.38,33,33,11.75,33,,,,,7,4.6,,,5.17,12.85,14.87,39.83,11.86,44,44,8.892,,,,,10.63,,7.26,2.24,,,0.08905,1.275,35.12,,0.7341,27.64,73.46,48.83,13.09,26.4,15.29,2.81,10.99,3.971,8.091,7,74.22,21.34,31.2,19.96,12.56,5.643,16.01,12.83,34.24,15.93,2.25,3.608,16.65,55.59,1.26,12.86,4.93,2.629,48.98,33.59,0.973,0.7029,1.308,0.7864,0.7577,6.627,1.119,0.6571,0.9829,48.81,43.85,48.24,34.03,28.1,24.2,44,78.95,55,10.9,,,,,5.2,35.2,19.94,45.21,4.923,3.81,2.5,0.62,1.658,22,1.62,22,11.17,7.73,44,44,44,16.42,6.385,23.6,,55,,55,,,,,,,18.45,66.54,47.17,12.69,11.06,18.27,,110,,,20.21,,29.91,110,28.61,21.87,55,55,4,13.2,55,55,9.3,55,2,5.376,13.49,7.672,25.22,26.11,6.95,5.197,5.128,11.97,15.45,20.01,7.36,55,0.3073,1.448,42.1,28.38,21.45,2.612,,2.907,,6.14,,,,,,1.146,1.164,0.6121,10.8,9.21,3.182,9.9,8.6,3.1,22.14,0.21,281.6,18.92,33.91,48.29,281.6,182.2,7.8,,,11.65,10.77,17.5,6.713,27.5,0.71,5.16,13.19,6.554,12.59,3.179,8.8,,0.9816,3.031,11.25,2.649,12.89,8.49,55,1.712,0.6924,3.871,7.028,20.54,,23,,4.23,,2.312,0.8786,55,2.363,10.12,5.235,17.43,24.82,22.8,,,23.93,189.5,3.978,38.26,,,,11,5.68,11,162.4,30.91
108-94-1,cyclohexanone,1.76,,,,,,,,,,,,,,,,,,,,,,,,,,,,,,,,,33,14,,,,,,,,,,,,,,,,,,,,,,,,,,,,,,,,,,,,,,,,,,,,,,,,,,,,,,,,,,,,,,,,,,,,,,,,,,,,,,,,,,,,,,,,,,,,,,,,,,,,10.73,,,,,,,,,,,,,,,,,,,,,,,,,,,,,,,,,,,,,,,,,,,,,,,,,,,,,,,,,,,,,,,,,,,,,,,,,,,,,,,,,,,,,,,,,,,,,,,,,,,,,,,,,,,,,,,,,,,,,,,,,,,,,,,,,,,,,,,,,,,,,,,,,,,,,,,,,,,,,,,,,,,,,,,,,,,,,,,,,,,,,,,,,,,,,,,,,,,,,,,,,,,,,,,,,,,,,,,,,,,,,,,,,,,,,,,,,,,,,,,,,,,,,,,,,,,,,,,,,,,,,,,,,,,,,,,,,,,,,,,,,,,,,,,,,,,,,,,,,,,,,,
122-03-2,4-(1-methylethyl)-benzaldehyde / p-Isopropylbenzaldehyde / cuminaldehyde,3.68,55,60.83,2.48,17.95,18.77,18.11,9.73,,4.76,22,13,13.6,33,33,9.64,,,2.504,1.01,4.185,1.2,,,,,,,,,,,,33,33,,,,22,22,,,,,22,,,26.94,27.43,23.4,6.896,12.08,33,18.73,,,22,,,,,33,55,33,55,,,,,,,,,,,,44,77,44,,,,,,,,,,,,,,,,,,,,,,,,,,,,,,,,,,55.52,1100,276.2,,,,,,,5,0.5,2.217,,,110,110,110,,,28.43,,,,54.53,0.85,8.67,,,,,,,9.085,7.909,22,16.41,8.485,1.179,46.25,22,22,22,22,22,22,22,22,22,22,22,22,3.05,11,11,1.62,11,11,,8.79,31.86,11.56,20.36,,,,,,,,,33,13.34,8.9,24.49,12.75,22,22,22,22.3,33,33,33,16.26,33,,,,,,,,,4.71,27.7,15.13,44,7.63,44,44,4.96,,,,,,,,,,8.1,,,44.21,,,,10.05,,,26.4,,,,,32.16,75.41,80.66,,24.96,14.07,20.85,11.6,44.69,6.81,34.71,23.84,,10.53,,4.103,,16.91,7.9,,55,34.8,,,,,,,,,,49,23.35,19.47,40.46,,,,32.14,,,,,,,35.2,12.9,55,55,,,,22,,,,5.66,,18.75,21.7,44,18.93,18.06,11.2,,,55,34.32,,15.14,16.51,11.73,23.79,,0.81,15.56,,,,,,12.88,,3.488,,,,,,55,55,55,55,8.1,23.8,55,55,55,55,29.4,20.7,14.13,32.6,23.63,25.65,23.05,29.82,,16.89,55,33.3,26.6,55,,,,,,,,,,,,,,,,19.21,,,2.73,,,,,,16.94,,,,,,,,,,,9.5,10.5,16.2,96.51,,,,22,,,,,,22,22,22,55,,,55,,,,,7.75,,7.47,,16.22,,,,55,13.13,,,,,,,,,,3.827,20.23,,,,,,,192.9,523.1
104-87-0,4-methylbenzaldehyde,3.68,55,60.83,2.48,17.95,18.77,18.11,9.73,,4.76,22,,,,,,,,,,,,,,,,,,,,,,,33,33,,,,22,22,,,,,22,,,27.95,28.43,24.46,6.789,11.69,33,18.56,,,22,,,,,33,55,33,55,,,,,,,,,,,,44,77,44,,,,,,,,,,,,,,,,,,,,,,,,,,,,,,,,,,55.52,1100,276.2,,,,,,,,,2.223,,,110,110,110,,,28.43,,,,54.53,0.85,8.67,,,,,,,11.23,8.78,22,18.07,13.28,3.295,48.21,22,22,22,22,22,22,22,22,22,22,22,22,3.05,11,11,1.62,11,11,,8.79,31.86,11.56,20.36,,,,,,,,,33,13.34,8.9,24.49,12.75,22,22,22,22.3,33,33,33,16.26,33,,,,,,,,,4.71,27.7,15.13,44,7.63,44,44,4.96,,,,,,,,,,8.1,,,44.21,,,,10.17,22.91,,26.4,,,,,32.16,75.41,80.66,,24.96,14.07,20.85,11.6,44.69,6.81,34.71,23.84,,10.53,,5.54,,13.46,7.894,,55,34.8,,,,,,,,,,49,23.35,19.47,40.46,,,,32.14,,,56.11,13.02,118.1,6.69,35.2,12.9,55,55,,,,22,,,,5.66,,18.75,21.7,44,18.93,18.06,11.2,,,55,34.32,,15.14,16.51,11.73,23.79,,0.81,15.56,,,,,,12.82,,4.1,,,,,,55,55,55,,,,,,,,,20.7,14.14,32.73,23.63,25.6,23.01,29.82,,16.89,55,33.3,29.3,55,,,,,,,,,,,,,,,,,,,2.73,,,,,,16.94,,,,,,,,,,,9.5,10.5,16.2,96.51,,,,22,,,,,,22,22,22,55,,,55,,,,,7.75,,7.47,,16.22,,,,55,13.13,,,,,,,,,,3.844,20.23,,,,,,,192.9,523.1
98-01-1,furfural / furaldehyde,,55,,,,,,,,,22,,,,,,0.31,,,,,,,,,,,,,,,,,33,33,,,,22,22,,,,,22,,,27.53,28.02,24.02,9.1,21.53,33,13.64,,,22,,,,,33,55,33,55,,,,,,,,,,,,44,77,44,,,,,,,,,,,,,,,,,,,,,,,,,,,,,,,,,,,,,,,,,,,,,3.2,,,110,110,110,,,28.43,,,,,0.85,,,,,,,,22,12.23,22,24.5,55,86,55,22,22,22,22,22,22,22,22,22,22,22,22,3.05,11,11,1.62,11,11,,8.79,31.86,,,,,,,,,,,,,8.9,24.49,12.75,22,22,22,22.3,33,33,33,16.26,33,,,,,,,,,,,,,,,,,,,,,,,,,,,,,44.21,,,,48.37,,,26.4,,,,,32.16,75.41,80.66,,24.96,14.07,20.85,11.6,44.69,6.81,34.71,23.84,,10.53,,,,86.99,8.2,,55,34.8,,,,,,,,,,49,23.35,19.47,40.46,,,,32.14,,,,,,,35.2,12.9,55,55,,,,22,,,,5.66,,18.75,21.7,44,18.93,18.06,11.2,,,55,,,,,,,,0.81,15.56,,,,,,24.63,,,,,,,,55,55,55,,,,,,,,,,16.63,55,23.63,25.48,22.93,,,,55,33.3,29.3,55,,,,,,,,,,,,,,,,,,,2.73,,,,,,16.94,,,,,,,,,,,9.5,10.5,16.2,96.51,,,,22,,,,,,22,22,22,55,,,55,,,,,55,,55,,23.93,,,,55,13.13,,,,,,,,,,4.44,,,,,,,,192.9,523.1
119-61-9,benzophenone,2.568,55,105,4.01,17.99,21.26,38.78,2.72,,3.75,22,6,2.577,2.744,33,4.2,,,2.547,6.077,2.952,2.7,55,39.91,55,34.32,29.08,20.19,,,,,,14.92,13.92,,,,22,22,,,,,22,,,28.83,28.12,23.71,10.8,13.83,33,23.08,,,22,,,,,17.12,55,33,55,,,,,,,,,,,,6.797,77,44,,,,,,,,,,,,,,,,,,,,,12.9,,2.5,,,,35,,15.69,,,,,58.17,442.5,305.8,,,,,,,,0.6938,2.412,,,73.91,110,110,,,29.02,,,17.78,19.75,0.7871,,,,,,,,8.268,10.29,22,10.86,15.26,0.7553,32.89,22,15.31,14.13,8.068,22,22,22,22,22,22,22,22,3.05,11,11,1.62,11,11,,8.79,31.86,,,,,,33,33,33,33,33,33,33,11.71,14.69,21.17,22,22,22,24.02,33,33,33,23.72,33,,,,,,,,,,,,,,,,,,,,,,,,,390,,,,11.44,,,33.44,55.21,37.19,,26.4,,,,,32.16,75.41,80.66,22.32,24.96,14.07,20.85,11.6,44.69,6.81,34.71,23.84,,10.53,,36.5,,21.79,3.515,2.423,55,30.18,,,,,,,,,,20.46,21.48,24.04,10.33,28.1,24.2,44,12.49,,,,,,,35.2,12.9,55,55,,,,22,,,,6.394,,18.75,21.7,44,18.93,18.06,11.3,16.88,14.67,26.85,,,,,,,,0.81,15.56,,,,,,24.63,,10.8,,,,,,55,55,55,55,6.5,23.3,55,55,25.5,55,12.3,18.79,18.44,24.2,19.41,27.65,25.7,55,33.42,19.63,31.44,29.85,22.02,32.89,,,,,,,,,,,,,,,,,,,3.067,11.46,4.462,4.918,6.275,1.81,20.16,,,,,,,,,,,9.5,10.5,16.2,7.808,,,,19.81,,9.89,,8.03,,12.38,19.81,19.81,55,,9.52,13.68,,,,,5.823,,7.733,,8.755,,,,41.1,13.12,,,,,,,,,,4.44,,,,,,,,192.9,523.1
818-72-4,1-octyn-3-ol,,20.37,,,,,,,,2.79,22,,,,,,,,10.7,,,11.8,,,,,,,,,,,,10.02,1.525,33,33,33,22,22,,,,,12,,,45.32,41.15,40.8,5.174,19.43,22.71,43.8,,,14.29,,,,,33,22.2,33,55,,,,,,,,,,,,35.24,16.15,9.53,,,,,,,,,,,,,,,,,,,,,12.9,,55,,,6.84,,,,,,,55,31.12,386.9,57.88,,,,,,,,0.4092,,,,110,110,110,,,,,,,,4.93,,8.09,9.807,10.1,2.88,3.07,3.53,6.55,9.821,22,15.3,55,9.727,20.65,5.92,22,22,22,22,22,1.632,1.063,,22,2.313,22,3.58,11,11,1.857,11,11,4.14,3.165,25.84,2.28,2.86,,,8.9,15.01,33,33,33,33,,,14.41,7.514,33,22,22,22,22.6,33,33,33,22.37,15.03,,,,,,,,,9.05,21.16,29.93,44,21.29,44,44,27.09,,,,,,,,,,,,,55,,,,86.85,,13.08,13.07,15.95,2.707,10.62,3.892,6.637,1.22,71.93,31.78,32.95,12.31,5.878,5.102,15.19,10.87,33.89,21.62,2.25,3.634,16.42,54.45,,24.55,4.766,,41.7,55,,,,0.7864,0.7577,6.627,,,,,33.71,37.36,40.68,,,,55.55,55,16.26,,,,,,,17.44,55,4.4,2.12,2.48,2.105,1.658,22,1.62,12.92,11.17,7.73,44,44,44,16.42,5.517,58.11,,55,,,,,,,,,,,,,,,,59.3,,,19.82,,16.85,,55,8.115,55,,,,,,,,,6.528,,,,,,7.608,10.67,12.93,55,55,55,55,,35.2,40.27,9.84,12.25,,,,,,,,,,,19.64,44,0.96,19.68,,5.867,,,,32.45,,,,,,,,,,,11.91,10.84,17.5,7.978,,,,22,,12.59,3.365,,,25.99,44,44,55,12.89,,55,1.044,13.2,2,13.2,,,,,,,,,55,,6.333,4.02,13.18,28.03,18.69,,,,,3.532,,,,,,,,195,37.22
316-41-6,Berberine sulfate,,,,,,,,,,,6.55,,,,,,,,,,,,,,,,,,,,,,,,,,,,,,,,,,,,,,,,,,,,,,,,,,,,,,,,,,,,,,,,,,,,,,,,,,,,,,,,,,,,,,,,,,,,,,,,,,,,,,,,,,,,,,,,,,,,,,,,,,,,,,,,,,,,,,,,,,,,,,,,,,,,,,,,,,,,,,,,,,,,,,,,,,,,,,,,,,,,,,,,,,,,,,,,,,,,,,,,,,,,,,,,,,,,,,,5.55,,,,,,,,,,,,,,,,,,,,,,,,,,,,,,,,,,,,,,,,,,,,,,,,,,,,,,,,,,,,,,,,,,,,,,,,,,,,,,,,,,,,,,,,,,,,,,,,,,,,,,,,,,,,,,,,,,,,,,,,,,,,,,,,,,,,,,,,,,,,,,,,,,,,,,,,,,,,,,,,,,,,,,,,,,,,,,,,,,,,,,,,,,,,,,,,,,,,,,,,,,,,,,,,,,,
3622-84-2,N-butyl-benzenesulfonamide / nBBSA,,,,,,,,,,,,4.623,3.319,1.247,1.463,2.185,,,2.138,7.3,1.328,,,,,,,,,,,,,12.9,4.7,,,,,,,,,,,,,,,,,,,,,,,,,,,,,,,,,,,,,,,,,,7.18,,,,,,,,,,,,,,,,,,,,0.48,,,,,,,,,24.22,,,,,,,,,,,,,,,,,0.7423,2.88,,,12.63,10.28,5.82,,,12.36,13.89,,,,,,,,,,,,,,,,,,,,,,,,,,,,,,,,,,,,,,,,,,,,,,,,,,,,,,,,,,,,,,,,,,,,,,,,,,,,,,,,,,,,,,,,,,,,4.35,,,14.83,,,,,,,,,,,,,,,,,,,,,,,,,,,4.2,2.627,,,,,,,,,,,,,,,6.801,28.1,24.2,44,8.143,,,,,,,,,,,,,,3.419,,,,4.491,,,,,,,,,,27.02,,,,,,,,,,,,,,,,,,,,,,,,,,,,,,,,,,,,,,,,,,,,,,27.35,,,,,,,,,,,,,,,,,,,,,,9.931,8.6,3.1,,,,,,,,,,,,,,,,,,,,,,,,,,,,,,,3.697,,,,,,,,,,,,,,,,,,,,,,,,,,,,,,,,,
26049-69-4,"1,1-dimethyl-2-[4-(5-nitrofuran-2-yl)-1,3-thiazol-2-yl] hydrazine / DMNT",,,,,,,,,,,,,,,,,,,,,,,,,,,,,,,,,,,,,,,,,,,,,,,,,,,,,,,,,,,,,,,,,,,,,,,,,,,,,,,,,,,,,,,,,,,,,,,,,,,,,,,,,,,,,,,,,,,,,,,,,,,,,,,,,,,,,,,,,,,,,,,,,,,,,,,,,,,,,,,,,,,,,,,,,,,,,,,,,,,,,,,,,,,,,,,,,,,,,,,,,,,,,,,,,,,,,,,,,,,,,,,,,,,,,,,,,,,,,,,,,,,,,,,,,,,,,,,,,,,,,,,,,,,,,,,,,,,,,,,,,,,,,,,,,,,,,,,,,,,,,,,,,,,,,,,,,,,,,28.41,,,,,,,,,,,,,,,,,,,,,,,,,,,,,,,,,,,,,,,,,,,,,,,,,,,,,,,,,,,,,,,,,,,,,,,,,,,,,,,,,,,,,,,,,,,,,,,,,,,,,,,,,,,,,,,,,,,,,,,,
683221-02-5,3-amino-3-[4-(methylsulfanyl)phenyl]-1-propanol,,,,,,,,,,,,,,,,,0.09,,,,,,,,,,,,,,,,,,,,,,,,,,,,,,,,,,,,,,,,,,,,,,,,,,,,,,,,,,,,,,,,,,,,,,,,,,,,,,,,,,,,,,,,,,,,,,,,,,,,,,,,,,,,,,,,,,,,,,,,,,,,,,,,,,,,,,,,,,,,,,,,,,,,,,,,,,,,,,,,,,,,,,,,,,,,,,,,,,,,,,,,,,,,,,,,,,,,,,,,,,,,,,,,,,,,,,,,,,,,,,,,,,,,,,,,,,,,,,,,,,,,,,,,,,,,,,,,,,,,,,,,,,,,,,,,,,,,,,,,,,,,,,,,,,,,,,,,,,,,,,,,,,,,,,,,,,,,,,,,,,,,,,,,,,,,,,,,,,,,,,,,,,,,,,,,,,,,,,,,,,,,,,,,,,,,,,,,,,,,,,,,,,,,,,,,,,,,,,,,,,,,,,,,,,,,,,,,,,,,
505-23-7,"1,3-Dithiane",,,,,,,,,,,,,,,,,,,,,,,,,,,,,,,,,,,,,,,,,,,,,,,,,,,,,,,,,,,,,,,,,,,,,,,,,,,,,,,,,,,,,,,,,,,,,,,,,,,,,,,,,,,,,,,,,,,,,,,,,,,,,,,,,,,,,,,,,,,,,,,,,,,,,,,,,,,,,,,,,,,,,,,,,,,,,,,,,,,,,,,,,,,,,,,,,,,,,,,,,,,,,,,,,,,,,,,,,,,,,,,,,,,,,,49.63,,,,,,,,,,,,,,,,,,,,,,,,,,,,,,,,,,,,,,,,,,,,,,,,,,,,,,,,,,,,,,,,,,,,,,,,,,,,,,,,,,,,,,,,,,,,,,,,,,,,,,,,,,,,,,,,,,,,,,,,,,,,,,,,,,,,,,,,,,,,,,,,,,,,,,,,,,,,,,,,,,,,,,,,,,,,,,,,,,,,,,,,,,,,,,,,,,,,,,,,,,,,,,,
15806-20-9, Phenylbenzylhydrazine,,,105,4.01,17.99,21.26,38.78,2.72,,3.75,,,,,,,,,,4.7,,,55,55,55,28.3,55,13.4,,,,,,10.1,9.1,,,,,,,,,,,,,31.12,30.56,22.18,,,,29.98,,,,,,,,,,,,,,,,,,,,,,,,,,,,,,,,,,,,,,,,,,,,,,,,,,,,,,15.69,,,,,,,,,,,,,,,,,,,110,110,110,,,,,,,,5.02,,,,,,,,,,,27.1,55,103.2,26.57,22,22,22,22,15.45,22,22,22,22,22,9.958,22,,,,,,,,,,,,,,,33,33,33,33,33,18.55,33,33,33,33,22,22,22,55,33,33,33,33,33,,,,,,,,,,,,,,,,,,,,,,,,,,,,,55,,,32.93,58.47,,,,,,,,,,,22.32,,38.5,,21.44,,38.5,,26.38,,,,36.5,,13.72,,,55,34.5,,,,,,,,,,19.65,34.89,54.78,52.85,,,,44.27,,,,,,,,,55,55,,,,22,,,,22,,,,,,,11.8,16.88,,55,23.8,,5.47,55,22.21,17.5,56.93,,,,,,,,,,,,,,26.5,,55,55,55,55,6.5,23.3,55,55,25.5,55,12.3,,,,,,,,,,34,55,26.1,55,,,40.3,37.94,14.82,,,,,,,,,,,,,,8.81,,4.18,,,,,,,,,,,,,,,,,,,,,,22,,,,,,12.76,22,22,55,,,55,,,,,55,,11.2,,8.97,,,,41.59,13.26,,,,,,,,,,,,,,,,,,,
390379-43-8,N-p-isopropylphenyl-p-hydroxybenzimine,,,,,,,,,,,,,,,,,,,6.1,1.1,4.2,1.2,,,,,,,,,,,,,,,,,,,,,,,,,,,,,,,,32.21,,,,,,,,,,,,,,,,,,,,,,,,,,,,,,,,,,,,,,,,,,,,,,,,,,,,,,,,,,,55.52,1100,276.2,,,,,,,5,0.5,,,,,,,,,,,,,54.53,,,,,,,,,9.44,8.06,22,16.7,9.2,1.42,46.6,22,22,22,22,22,22,22,22,,22,22,22,,,,,,,,,,,,,,,,,,,,33,13.34,,,,,,,,,,,,,,,,,,,,,4.71,27.7,15.13,44,7.63,44,44,4.96,,,,,,,,,,,,,,,,,,,,,,,,,,,,,,,,,,,,,,,,64.94,,110,7.298,,,,,,,,,,,,,,,,,,,,,,,,,,,,,,,,,,22,,,,,,,,,,,,,,55,34.32,,15.14,16.51,11.73,23.79,,,,,,,,,,,,,,,,,,,,55,8.1,23.8,55,55,55,55,29.4,20.7,,,,,,29.82,,16.89,55,33.7,26.6,55,,,,,,,,,,,,,,,,19.21,,,16.07,,,,,,,,,,,,,,,,,,,,,,,,,,,,,,,,,,,,55,,,,,,,,,,,,,,,,,,,,,,,,,,,,,,,,,
60778-02-1,Quercetin-3-O-β-D-glucose-7-O-β-D-gentiobioside,,,,,,,,,,,2.749,6.87,5.68,6.13,3.82,2.5,,,,,,,,,,,,,,,,,,,,,,,,,,,,,,,,,,,,,,,,,,,,,,9.292,,3.894,,,,,,,,,,,,8.325,10.95,,,,,,,,,,,,,,,,,,,,,,,,,,,,,,,,,,,,,,,,,,,,,,,,,,,,,,,,,,,,1.19,,3.7,,,,,,,,,,,,,,,,,,,,,22,,,,,,,,,,,,,,,,,,,,,,,,,,,,,,,,,,,,,,,,,,,,,,,,,,,,,,,,,,,,,,,,,,,,,,,,,,,,,,,,,,,,,,,,,,,,,,,,,,,,,,,,,,,,,,,,,,,,,,,,,,,,,,,,,,,,,,,,,,,,,,,,,,,,,,,1.82,,,,,,,,,,,,,,,,,,,,,,,,,,,,,,,,,,,,,,,,,,,,,,,,,,,,,,,,,,,,,,,,,,,,,,,2.2,,,,,,,,,,,,,,,,,,,,,,,,,,,,,,,,,,,,,,,,,,,,,,,,,,,,,,,
4852-22-6,Procyanidin,,,,,,,,,,,,,,,,,,,,,,,,,,,,,,,,,,,,,,,,,,,,,,,,,,,,,,,,,,,,,,11.92,,15.26,,,,,,,,,,,,,4.52,,,,,,,,,,,,,,,,,,,,,,,,,,,,,,,,,,,,,,,,,,,,,,,,,,,,,,,,,,,,,,,,,,,,,,,,,,,,,,,,,,,,,,,,,,,,,,,,,,,,,,,,,,,,,,,,,,,,,,,,,,,,,,,,,,,,,,,,,,,,,,,,,,,,,,,,,,,,,,,,,,,,,,,,,,,,,,,,,,,,,,,,,,,,,,,,,,,,,,,,,,,,,,,,,,,,,,,,,,,,,,,,,,,,,,,,,,,,,,,,,,,,,,,,,,,,,,,,,,,,,,,,,,,,,,,,,,,,,,,,,,,,,,,,,,,,,,,,,,,,,,,,,,,,,,,,,,,,,,,,,,,,,,,,,,,,,,,,,,,,,,,,,,,,,,,,,,,,,,,,
89-83-8,thymol,,,,,,,,,,,,,,,,,,,,,,,,,,,,,,,,,,,,,,,,,,,,,,,,,,,,,,26.99,15.49,,,,,,,,,,,,,,,,,,,,,,,,,,,,,,,,,,,,,,,,,,,,,,,,,,,,,,,,,,55.52,1100,276.2,,,,,,,,,,,,55.07,110,110,,,34.28,,,,117,,,,,,,,,9.44,8.06,22,16.7,9.2,1.42,46.6,,,,,,,,,,,,,,,,,,,,,,,,,1.9,,,,,,,33,13.34,,,,,,,,,,,,,,,,,,,,,4.71,27.7,15.13,44,7.63,44,44,4.96,,,,,,,,,,,,,,,,,,22.91,,,,,,,,,,,,,,,,,,,,,,64.94,,13.95,12.9,,,,,,,,,,,,,,,,,,,,,,,56.11,13.02,118.1,6.69,,,,,,,,22,,,,,,,,,,,,,,,34.32,,15.14,16.51,11.73,23.79,,,,,,,,,24.78,,,,,,,,,,,55,8.1,23.8,55,55,55,55,29.4,20.7,18.01,55,36.23,24.63,27.87,29.82,,16.89,,,,,,,,,,,,,,,,,,,,,,,,,,,,,,,,,,,,,,,,,,,,,,,,,,,,,,,,,,,,,,,,,,,,,,,,,,,,,,,,,,,,,,,,,,,9.06,13.24
118-71-8,Maltol / 3-Hydroxy-2-methyl-4-pyrone,,,,,,,,,,,,,,,,,,,,,,,,,,,,,,,,,,,,,,,,,,,,,,,,,,,,,,,,,,,,,,,,,,,,,,,,,,,,,,,,,,,,,,,,,,,,,,,,,,,,,,,,,,,,,,,,,,,,,,,,,,,,,,,,,,,,,,,,,,,,,,,,,,,,,,,,,,,,,,,,,,,,,,,,,,,,,,,,,,,,,,,,,,,,,,,,,,,,,,,,,,,,,,,,,,,,,,,,,,,,,,,,,,,,,,,,,,,,,,,,,,,,,,,,,,,,,,,,,,,,,,,,,,,,,,,,,,,,,,,,,,,,,,,,,,,,,,,,,,,,,,,,,,,,,,,,,,,,,,,,,,,,,,,,,,,,,,,,,,,,,,,,,,,,,,,,,,,,,,,,,,,,,,,,,,,,,,,,,,,,,,,,,,,,,,,,,,,,,,,,,,,,,,,,,,,,,,,,,,,,,,,,,,,,5.28,,,,,,,,,
108-68-9,"1,3,5-xylenol / 3,5-Dimethylphenol",,,,,,,,,,,,,,,,,,,,,,,,,,,,,,,,,,,,,,,,,,,,,,,,,,,,,,55,,,,,,,,,,,,,,,,,,,,,,,,,,,,,,,,,,,,,,,,,,,,,,,,,,,,,,,,,,,,,,,,,,,,,,,,,55.51,110,110,,,34.28,,,,117,,,,,,,,,,,,,,,,,,,,,,,,,,,,,,,,,,,,,,,,1.9,,,,,,,,,,,,,,,,,,,,,,,,,,,,,,,,,,,,,33.84,43.98,67.57,17.53,,,,,,,,,,,,,,22.91,,,,,,,,,,,,,,,,,,,,,,,,13.95,,,,,,,,,,,,,,53,,,,,,,,,,56.11,13.02,118.1,6.69,,,,,,,,,,,,,,,,,,,,,,,33.8,,14.43,49.85,9.58,20.09,0.77,,,,,,,,24.78,,,,,,,,,,,,,,,,,,,,16.78,55,27.12,32.14,18.84,,,,,,,,,,38.34,31.44,15.48,,,,,,,,,,,,,,,20.05,,,,,,,,,,,,,,,,,,,40.49,,,,,,,,,,,,,,,,15.14,,,,,,,,,,,,,,,,,,,,,,,,,,,,,,,,,
6151-25-3,Quercetin ditydrate,,,,,,,,,,,1.43,6.87,5.68,6.13,3.82,2.5,,,,,,,,,,,,,,,,,,,,,,,,,,,,,,,,,,,,,,,,,,,,,,8.247,,2.107,,,,,,,,,,,,6.822,9.404,,,,,,,,,,,,,,,,,,,,,,,,,,,,,,,,,,,,,,,,,,,,,,,,,,,,,,,,,,,,1.19,,3.7,,,,,,,,,,,,,,,,,,,,,,,,,,,,,,,,,,,,,,,,,,,,,,,,,,,,,,,,,,,,,,,,,,,,,,,,,,,,,,,,,,,,,,,,,,,,,,,,,,,,,,,,,,,,,,,,,,,,,,,,,,,,,,,,,,,,,,,,,,,,,,,,,,,,,,,,,,,,,,,,,,,,,,,,,,,,,,,,,,,,,,,,,,,,,,,,,,,,,,,,,,,,,,,,,,,,,,,,,,,,,,,,,,,,,,,,,,,,,,,,,,,2.2,,,,,,,,,,,,,,,,,,,,,,,,,,,,,,,,,,,,,,,,,,,,,,,,,,,,,,,
123-31-9,"1,4‐Hydroquinone",,,13.39,6.2,24.08,,14.34,7.58,11.04,1.35,,,,,,,,,1.9,1.1,4.2,1.2,,,,,,,,,,,,,,,,,,,,,,,,,,,,,,,,,,,,,,,,,,,,,,,,,,,,,,,,,,,,,,,,,,,,,,,,,,,0.82,,,,,,,,,,,,,,,,,,,,,,,,,5,0.5,,,,,,,,,36.55,,,,,,,,,,,,,,,,,,,,,,,,,,,,,,,,,,,,,,,,,,,,1.9,,,,,,,,,,,,,,,,,,,,,,,,,,,,,,,,,,,,,,,,,,,,,,,,,,,,,,,,,,,,,,,,,,,,,,,,,,,,,,,,,,,,,,,,,,,,53,,,,,,,,,,38.27,11.55,32.89,6.354,,,,,,,,,,,,22,,,,,,,,,,,,,,,,,,,,,,,,,,,,,,,,,,,,,,,,,,,,,,,,,,,,,,,,,,,,,,,,,,,,,,,,,,,,,,,,,,,,,,,,,,,,,,,,,,,,,,,,,,,,,,,,,,,,8.07,,55,,10.03,,,,,,,,,,,,,,,,,,,,,,,,
26342-66-5,Rhodojaponin-III,,,,,,,,,,,,,,,,,,,,,,,,,,,,,,,,,,,,,,,,,,,,,,,,,,,,,,,,,,,,,,,,,,,,,,,,,,,,,,,,,,,,,,,,,,,,,,,,,,,,,,,,,,,34.55,,,,,,,,,,,,,,,,,,,,,,,,,,,,,,,,,,,,,,,,,,,,,,,,,,,,,,,,,,,,,,,,,,,,,,,,,,,,,,,,,,,,,,,,,,,,,,,,,,,,,,,,,,,,,,,,,,,,,,,,,,,,,,,,,,,,,,,,,,,,,,,,,,,,,,,,,,,,,,,,,,,,,,,,,,,,,,,,,,,,,,,,,,,,,,,,,,,,,,,,,,,,,,,,,,,,,,,,,,,,,,,,,,,,,,,,,,,,,,,,,,,,,,,,,,,,,,,,,,,,,,,,,,,,,,,,,,,,,,,,,,,,,,,,,,,,,,,,,,,,,,,,,,,,,,,,,,,,,,,,,,,,,,,,,,
22554-74-1,"Tetrahydrofuran-3,4-diol",,,,,,,,,,,,,,,,,,,,,,,,,,,,,,,,,,,,,,,,,,,,,,,,,,,,,,,,,,,,,,,,,,,,,,,,,,,,,,,,,,,,,,,,,,,,,,,,,,,,,,,,,,,,,,,,,,,,,,,,,,,,,,,,,,,,,,4.49,,,,,,,,,,,,,,,,,,,,,,,,,,,,,,,,,,,,,,,,,,,,,,,,,,,,,,,,,,,,,,,,,,,,,,,,,,,,,,,,,,,,,,,,,,,,,,,,,,,,,,,,,,,,,,,,,,,,,,,,,,,,,,,,,,,,,,,,,,,,,,,,,,,,,,,,,,,,,,,,,,,,,,,,,,,,,,,,,,,,,,,,,,,,,,,,,,,,,,,,,,,,,,,,,,,,,,,,,,,,,,,,,,,,,,,,,,,,,,,,,,,,,,,,,,,,,,,,,,,,,,,,,,,,,,,,,,,,,,,,,,,,,,,,,,,,,,,,,,,,,,,
56090-54-1,Polyglycerin- 3,,,,,,,,,,,,,,,,,,,,,,,,,,,,,,,,,,,,,,,,,,,,,,,,,,,,,,,,,,,,,,,,,,,,,,,,,,,,,,,,,,,,,,,,,,,,,,,,,,,,,,,,,,,,,,,,,,,,,,,,,,,,,,,,,,,,,,,,,,,,,,,,,,,,,,,,,,,,,,,,,,,,,,,,,,,,,,,,,,,,,,,,,,,,,,,,,,,,,,,,,,,,,,,,,,,,,,,,,,,,,,,,,,,,,,,,,,,,,,,,,,,,,,,,,,,,,,,,,,,,,,,,,,,,,,,,,,,,,,,,,,,,,,,,,,,,,,,,,,,,,,,,,,,,,,,1.53,,,,,,,,,,,,,,,,,,,,,,,,,,,,,,,,,,,,,,,,,,,,,,,,,,,,,,,,,,,,,,,,,,,,,,,,,,,,,,,,,,,,,,,,,,,,,,,,,,,,,,,,,,,,,,,,,,,,,,,,,,,,,,
19700-21-1,"trans-1,10-dimethyl-trans-decalol",,,,,,,,,,,,,,,,,,,,,,,,,,,,,,,,,,,,,,,,,,,,,,,,,,,,,,,,,,,,,,,,,,,,,,,,,,,,,,,,,,,,,,,,,,,,,,,,,,,,,,,,,,,,,,,,,,,,,,,,,,,,,,,,,,,,,,,,,,,,,,,,,,,,,,,,,,,,,,,,,,,,,,,,,,,,,,,,,,,,,,,,,,,,,,,,,,,,,,,,,,,,,,,,,,,,,,,,,,,,,,2.3,,,,,,,,,,,,,,,,,,,,,,,,,,,,,,,,,,,,,,,,,,,,,,,,,,,,,,,,,,,,,,,,,,,,,,,,,,,,,,,,,,,,,,,,,,,,,,,,,,,,,,,,,,,,,,,,,,,,,,,,,,,,,,,,,,,,,,,,,,,,,,,,,,,,,,,,,,,,,,,,,,,,,,,,,,,,,,,,,,,,,,,,,,,,,,,,,,,,,,,,,,,,,,,,,,,,,,,
600-36-2,"2,4-dimethyl-3-pentanol",,,,,,,,,,,,,,,,,,,,,,,,,,,,,,,,,,,,,,,,,,,,,,,,,,,,,,,,,,,,,,,,,,,,,,,,,,,,,,,,,,,,,,,,,,,,,,,,,,,,,,,,,,,,,,,,,,,,,,,,,,,,,,,,,,,,,,5.8,,,,,,,,,,,,,,,,,55,,,,,,,,,,,,,,,,,,,,,,,,,,,,,,,,33,9.57,,,,,,,,,,,,,,,,,,,,,,,,,,,,,,,,,,,,,,,,,,,,,,,,,,,,,,,,,,,,,,,,,,,,,,,,,,,,,,,,,7.24,22,22,,,,,,,,,,,,,,,,,,,,,,,,,,,,,,,,,,,,,,,,,,,,,,,,,,,,,,,,,,,,,,,,,,,,,,,,,,,,,,,,,,,,,,,,,,,,,,,,,,,,,,,31.12,,,,,,,,,,,,,,,,,,,,,,,,,,,,,,,,,,,,,,,,,,,,,,,,,,,,,,,,,,,,,,,,,,,
1653-40-3,Isooctanol / isooctyl alcohol,,,,,,,,,,2.79,22,,,,,,,,10.7,,,11.8,,,,,,,1.488,18.11,24,0.8451,55,12.31,1.23,33,33,33,,,,,,,,,,55,37.34,55,7.391,17.15,17.46,23.3,,,14.29,,,,,33,22.2,33,55,,,,,,,,,,,,14.74,4.843,2.432,,,,,,,,,,,,,,,,,,1.16,,,,,,,,,,,,,,,,302.1,925.9,110,,,,,,,,0.4517,,,,46.85,110,110,,,24.6,,6.77,,,4.93,,8.09,,,1.705,2.336,2.664,22,9.15,5.556,20.6,55,25.8,1.665,4.714,22,22,22,22,22,0.3182,0.2383,,22,0.5616,22,5.23,11,11,1.98,11,11,4.14,2.889,24.61,2.133,2.709,,,,,,,,,,,18.24,11.44,33,22,22,22,22.6,33,33,33,23.06,16,,,,,,,,,9.05,21.16,29.93,44,21.29,44,44,27.09,,,,,,,,,,,0.22,,55,,,,,,13.08,3.408,15.29,2.81,10.99,3.971,5.458,0.9387,63.76,7.847,32.95,12.31,5.804,5.102,8.508,10.87,20.49,21.62,1.781,3.446,17.09,60.95,0.97,11.25,4.766,,,,0.9,0.65,1.6,0.7864,0.7577,6.627,,,,,35.89,40.65,36.14,,,,71.67,55,9.305,,,,,,,25.26,55,4.06,2.12,2.48,1.612,1.658,22,1.62,17.02,,7.73,44,44,44,16.42,6.2,7.099,,55,,,,,,,,,55,,,,,17.55,,,,,28.96,,20.13,,55,22.67,15.33,,,,,,,,,24.92,,,,,,13.77,25.86,13.77,55,55,55,55,0.3346,0.1914,,,,2,6.3,7.5,,2.5,,13.88,,,,,,,20.36,5.14,2.814,,,,,,,,,,,,,,,12.9,13.9,17.5,,,,,2.442,0.2269,12.59,3.6,,16.39,0.3735,1.49,2.563,55,,,55,0.6572,0.8445,0.987,8.305,,,,,,,0.3648,0.2426,,0.56,5.229,4.39,22.27,32.16,17.11,,,,,3.532,,,,,,,,,
24347-58-8,"(R,R)-2,3-Butanediol",,,,,,,,,,,,,,,,,,,,,,,,,,,,,,,,,,,,,,,,,,,,,,,,,,,,,,,,,,,,,,,,,,,,,,,,,,,,,,,,,,,,,,,,,,,,,,,,,,,,,,,,,,,,,,,,55,73.53,1100,179.2,,,,,,,,,,,,,,,,,,,5.8,,,,,,,,,,,,,,42.4,55,,55,,,,,,,,,,,,,,,,,,,,,,,,,,,,,,,,33,9.222,,,,,,,,,,,,,,,,,,,,,,,,,,,,,,,,,,,,,,,,,,,,,,,,,,,,,,,,,,,,,,,,,,,,,,,,,,,,,,,,,7.24,22,22,,,,,,,,,,,,,,,,,,,,,,,,,,,,,,,,,,,,,,,,,,,,,,,,,,,,,,,,,,,,,,,,,,,,,,11.79,,,,,,5.87,13.99,19.55,,,,,,,,,,,,,,,,,,,,,,,,,31.12,,,,,,,,,,,,,,,,,,,,,,,,,,,,,,,,,,,,,,,,,,,,,,,,,,,,,,,,,,,,,,,,,,,
98-85-1,DL-sec-phenethyl alcohol,2.64,,,,,,,,,,22,,,,,,,,7.6,15.3,4.7,,55,55,55,28.3,55,13.4,,,,,,,,,,,,,,,,,,,,55,55,55,15.58,14.81,33,37.66,,,,,,,,18.95,,33,55,,,,,,,,,,,,23.91,77,44,,,,,,,,,,,,,,,,,,,,,,,,,,,,,,,,,,,,,,,,,,,,,1.979,,,,,,,,36.09,,,,,,,,,,,,,,,,,,,,22,22,22,22,22,22,22,22,,22,22,22,,,,,,,,,,,,,,,,,,,,,,13.83,12.94,33,22,22,22,30.7,33,33,33,33,33,,,,,,,,,,,,,,,,,,,,,,,,,,,,,12.18,,,230.9,58.47,,,,,,,,,,,22.32,,38.5,,21.44,,38.5,,26.38,,,,,,48.32,,,,,,,,,,,,,,,28.36,29.47,28.45,,,,,,,,,,,,,55,55,,,,22,,,,22,,,,,,,,,,55,,,,,,,,,,,,,,,,,10.8,,,,,,,,,,,,,,,,,,17.89,4.093,23.88,18.51,8.756,,,,35.81,29.56,24.16,55,,,39.33,37.94,14.74,,,,,,,,,,,19.21,,,8.61,11.46,4.86,,,,26.69,,,,,,,,,,,,,,11.53,,,,,,9.89,,8.03,,,,,55,,9.52,27.41,,,,,10.01,,16.42,,8.279,,,,55,,,,,,,,,,,,,,,,,,,,
2935-44-6,"2,5‐Hexanediol",,,,,,,,,,,22,,,,,,,,,,,,,,,,,,,,,,,,,,,,,,,,,,,,,44.88,40.29,36.29,6.22,33,33,43.12,,,,,,,,33,,33,55,,,,,,,,,,,,37.8,77,17.69,,,,,,,,,,,,,,,,,,,,,,,,,,,,,,,,,55,107,899.7,101.4,,,,,,,,,,,,110,110,110,,,24.6,,5.756,,,,,,,,,,,,,,42.4,55,,55,22,22,22,22,22,22,22,22,,22,22,22,,,,,,,,,,,,,,,,,,,,33,9.317,16.19,9.25,33,22,22,22,22.6,33,33,33,22.55,15.28,,,,,,,,,,,,,,,,,,,,,,,,,,,,,,,,,,,,6.32,,,,,10.68,,64.21,,,,22.55,,42.13,,41.08,,,12.24,20.94,59.67,,22.84,,,41.7,55,,,,,,,7.24,22,22,,,,,,,,,,,,,,,,,,,,,,22,,,,22,,,,,,,16.5,,,55,,,,,,,,,,,,,,,,,,,28.96,,20.13,,55,9.54,25.41,,,,,,,,,14.38,,,,,,7.36,16.47,12.99,55,55,55,55,,,,,,,,,,,,,,,,18.65,,,20.36,,31.12,,,,,,,,,,,,,,,,,,,,,,,,12.59,3.6,,,,,,55,,,55,,,,,,,,,,,,,,,9.32,3.33,13.28,26.05,22.13,,,,,,,,,,,,,,
565-67-3,2-methyl-3-pentanol,,,,,,,,,,,22,,,,,,,,,,,,,,,,,,,,,,,,,,,,,,,,,,,,,44.98,40.1,36.46,6.22,33,33,42.37,,,,,,,,33,,33,55,,,,,,,,,,,,,,,,,,,,,,,,,,,,,,,,,,,,,,,,,,,,,,,55,75.48,275.3,128.1,,,,,,,,,,,,110,110,110,,,,,5.508,19.58,,,,,,,,,,,,,42.4,55,,55,22,22,22,22,22,22,22,22,,22,22,22,,,,,,,,,,,,,,,,,,,,33,9.57,16.19,9.25,33,22,22,22,22.6,33,33,33,23.78,17.02,,,,,,,,,,,,,,,,,,,,,,,,,,,,,55,,,140.9,,,,,,,,,,,,,,,,,,,,,,,,59.67,,76.81,,,41.7,55,,,,,,,7.24,22,22,,,,,,,,,,,,,,,,,,,,,,22,,,,22,,,,,,,,,,55,,,,,,,,,,,,,19.76,,,,,,28.96,,20.13,,55,7.48,55,,,,,,,,,10.7,,,,,,5.858,12.92,14.66,55,55,55,55,,,,,,,,,,,,,,,,18.65,,,20.36,,31.12,,,,,,,,,,,,,,,,,,,,,,,,12.59,3.6,,,,,,55,,,55,,,,,,,,,,,,,55,,9.32,3.33,13.28,26.05,22.13,,,,,,,,,,,,,,
614-14-2,1-Phenyl-1-butanol,,,,,,,,,,,,4.96,3.41,0.92,0.64,1.79,,,2.7,7.3,0.9892,,55,55,55,55,28.4,55,,,,,,,,,,,,,,,,,,,,,,,,,,55,,,,,,,,,,,,,,,,,,,,,,,,,,,,,,,,,,,,,,,,,,,,,,,,,,,,,,,,,,,,,,,,,,,,,0.696,2.04,,,14.01,11.52,6.699,,,,,,,,,,,,,,,,,,,,,,,22,15.88,14.78,8.934,22,22,22,22,,22,22,22,,,,,,,,,,,,,,,,,,,,,,33,33,33,22,22,22,,33,33,33,33,33,,,,,,,,,,,,,,,,,,,,,,,,,,,,,,,,,58.47,,,,,,,,,,,,,,,,,,,,,,,,,80.06,4.2,2.7,41.7,55,,,,,,,,,,,,,17.96,,,,16.61,,,,,,,,,,,,,,22,,,,22,,,,,,,,,,55,,,,,,,,,,,,,,,,,,,,,,,,,,,,,,,,,,,,,,,,,,,55,31.83,26.45,55,,,40.3,37.94,14.82,,,,,,,,,,,18.69,,,4.575,,,41.3,,,,,,,,,,,,,,,,,,,,,,,,,,,,,,55,,,13.45,,,,,,,,,,,,,55,,9.32,3.33,13.28,26.05,22.13,,,,,,,,,,,,,,
75896-93-4,methyl 4-chloro-N-(3-pyridinyl)benzenecarboximidoate,,,,,,,,,,,,,,,,,0.19,,,,,,,,,,,,,,,,,,,,,,,,,,,,,,,,,,,,,,,,,,,,,,,,,,,,,,,,,,,,,,,,,,,,,,,,,,,,,,,,,,,,,,,,,,,,,,,,,,,,,,,,,,,,,,,,,,,,,,,,,,,,,,,,,,,,,,,,,,,,,,,,,,,,,,,,,,,,,,,,,,,,,,,,,,,,,,,,,,,,,,,,,,,,,,,,,,,,,,,,,,,,,,,,,,,,47.93,,,,,,,,,,,,,,,,,,,,,,,,,,,,,,,,,,,,,,,,,,,,,,,,,,,,,,,,,,,,,,,,,,,,,,,,,,,,,,,,,,,,,,,,,,,,,,,,,,,,,,,,,,,,,,,,,,,,,,,,,,,,,,,,,,,,,,,,,,,,,,,,,,,,,,,,,,,,,,,,,,,,,,,,,,,,,,,,,,,,,,,,,,,,,,,,,,,,,,,,,,,,,,,,
338966-95-3,"1-(2,4-Dichloro-5-methoxyphenyl)-1H-pyrrole",,,,,,,,,,,,,,,,,0.59,,,,,,,,,,,,,,,,,,,,,,,,,,,,,,,,,,,,,,,,,,,,,,,,,,,,,,,,,,,,,,,,,,,,,,,,,,,,,,,,,,,,,,,,,,,,,,,,,,,,,,,,,,,,,,,,,,,,,,,,,,,,,,,,,,,,,,,,,,,,,,,,,,,,,,,,,,,,,,,,,,,,,,,,,,,,,,,,,,,,,,,,,,,,,,,,,,,,,,,,,,,,,,,,,,,,,,,,,,,,,,,,,,,,,,,,,,,,,,,,,,,,,,,,,,,,,,,,,,,,,,,,,,,,,,,,,,,,,,,,,,,,,,,,,,,,,,,,,,,,,,,,,,,,,,,,,,,,,,,,,,,,,,,,,,,,,,,,,,,,,,,,,,,,,,,,,,,,,,,,,,,,,,,,,,,,,,,,,,,,,,,,,,,,,,,,,,,,,,,,,,,,,,,,,,,,,,,,,,,,
956574-26-8,"1-[2-(2,4-dimethylphenoxy)ethyl]-1H-pyrazole",,,,,,,,,,,,,,,,,0.13,,,,,,,,,,,,,,,,,,,,,,,,,,,,,,,,,,,,,,,,,,,,,,,,,,,,,,,,,,,,,,,,,,,,,,,,,,,,,,,,,,,,,,,,,,,,,,,,,,,,,,,,,,,,,,,,,,,,,,,,,,,,,,,,,,,,,,,,,,,,,,,,,,,,,,,,,,,,,,,,,,,,,,,,,,,,,,,,,,,,,,,,,,,,,,,,,,,,,,,,,,,,,,,,,,,,,,,,,,,,,,,,,,,,,,,,,,,,,,,,,,,,,,,,,,,,,,,,,,,,,,,,,,,,,,,,,,,,,,,,,,,,,,,,,,,,,,,,,,,,,,,,,,,,,,,,,,,,,,,,,,,,,,,,,,,,,,,,,,,,,,,,,,,,,,,,,,,,,,,,,,,,,,,,,,,,,,,,,,,,,,,,,,,,,,,,,,,,,,,,,,,,,,,,,,,,,,,,,,,,
203719-54-4,"(+)-Limonene 1,2-epoxide",,,,,,,,,,,,,,,,,,,,,,,,,,,,,,,,,,,,,,,,,,,,,,,,,,,,,,,,,,,,,,,,,,,,,,,,,,,,,,,,,,,,,,,,,,,,,,,,,,,,,,,,,,,,,,,,,87.87,64.39,226.8,,,,,,,,,,,,,,,,,,,,,,,,,,,,,,,,,,,,,22,22,22,22,22,22,22,22,,22,22,22,,,,,,,,,,,,,,,,,,,,,,,,,,,,,,,,,,,,,,,,,,,,,,,,,,48.08,50.94,26.48,37.81,,,,,,,,,,,,,,,,,,,,,,,,,,,,,,,,,,,,,,,,,,,,,,,,,,,,,,,,,,,,,,,,,,,,,,,,,,,,,,,,,,,,,,,55,40.85,,5.13,15.02,19.04,17.03,20.46,,,,,,,,,,,,,,,,,,,,,,,,,,,,,,,,,22.73,,,,,,55,,,,,,,,,,,,,,,,7.46,,,75.66,,,,,,,,,,,,,,,,,,,,21.6,,,,,,,,,,,,,,,,55,,,,,,,,,,,,,,,,,,,,,,,,,,,,,,,,,
62532-53-0,(+/-) Exo-Brevicomin,,,,,,,,,,,,,,,,,,,,,,,,,,,,,,,,,,,,,,,,,,,,,,,,,,,,,,,,,,,,,,,,,,,,,,,,,,,,,,,,,,,,,,,,,,,,,,,,,,,,,,,,,,,,,,,,,,,,,,,,,,,,,,,,,,,,,,,,,,,,,,,,,,,,,,,,,,,,,,,,,,,,,,,,,,,,,,,,,,,,,,,,,,,,,,,,,,,,,,,,,,,9.34,,,,,,,,,,,,,,,,,,,,,,,,,,,,,,,,,,,,,,,,,,,,,,,,,,,,,,,,,,,,,,,,,,,,,,,,,,,,,,,,,,,,,,,,,,,,,,,,,,,,,,,,,,,,,,,,,,,,,,,,,,,,,,,,,,,,,,,,,,,,,,,,,,,,,,,,,,,,,,,,,,,,,,,,,,,,,,,,,,,,,,,,,,,,,,,,,,,,,,,,,,,,,,,,,,,,,,,,,,,,,,,,,,,,,,,,,,
28401-39-0,(+/-)-Frontalin,,,,,,,,,,,,,,,,,,,,,,,,,,,,,,,,,,,,,,,,,,,,,,,,,,,,,,,,,,,,,,,,,,,,,,,,,,,,,,,,,,,,,,,,,,,,,,,,,,,,,,,,,,,,,,,,,,,,,,,,,,,,,,,,,,,,,,,,,,,,,,,,,,,,,,,,,,,,,,,,,,,,,,,,,,,,,,,,,,,,,,,,,,,,,,,,,,,,,,,,,,,16.91,,,,,,,,,,,,,,,,,,,,,,,,,,,,,,,,,,,,,,,,,,,,,,,,,,,,,,,,,,,,,,,,,,,,,,,,,,,,,,,,,,,,,,,,,,,,,,,,,,,,,,,,,,,,,,,,,,,,,,,,,,,,,,,,,,,,,,,,,,,,,,,,,,,,,,,,,,,,,,,,,,,,,,,,,,,,,,,,,,,,,,,,,,,,,,,,,,,,,,,,,,,,,,,,,,,,,,,,,,,,,,,,,,,,,,,,,,
60-29-7,diethyl ether,,,,,,,,,,,,,,,,,,,,,,,,,,,,,,,,,,,,,,,,,,,,,,,,,,,,,,,,,,,,,,,,,,,,,,,,,,,,,,,,,,,,,,,,,,,,,,,,,,,,,,,,,,,,,,,,,,,,,,,,,,,,,,,,,,,,,,,,,,,,,,,,,,,,,,,,,,,,,,,,,,,,,,,,,,,,,,,,,,,,,,,,,,,,,,,,,,,,,,,,,,,,,,,,,,,,,,,,,,,,,,,,,,,,,,,,,,,,,,,,,,,,,,,,,,,,,,15.26,,,,,,,,,,,,,,,,,,,,,,,,,,,,,,,,,,,,,,,,,,,,,,,,,,,,,,,,,,,,,,,,,,,,,,,,,,,,,,,,,,,,,,,,,,,,,,,,,,,,,,,,,,,,,,,,,,,,,,,,,,,,,,,,,,,,,,,,,,,,,,,,,,,,,,,,,,,,,,,,,,,,,,,,,,,,,,,,,,,,,,,
613-37-6,4-Phenylanisole / 4-Methoxybiphenyl,3.97,55,,,,,,,,,,,,,,,,,,,,,,,,,,,,,,,,,,,,,,,,,,,,,,,,,,,,,,,,,,,,,,,,,,,,,,,,,,,,,,,,,,,,,,,,,,,,,,,,,,,,,,,,,,,,,,,58.17,442.5,305.8,,,,,,,,,2.24,,,,,,,,,,,,,,,,,,,,,9.42,10.53,22,12.1,18.1,1.42,35.22,,,,,,,,,,,,,,,,,,,,,,,,,,,,,,,,24.11,33,,,,,,,,,,,,,,,,,,,,,,,,,,,,,,,,,,,,,,,,,,,,,10.5,37.19,,,,,,,,,,,,,,,,,,,,,,,,,13.6,,,,,,,,,,,,,,28.36,29.47,28.45,,,,,,,29.13,,16.16,46.23,,,55,55,,,,,,,,,,,,,,,,,,,,,,,,,,,,,,,,,,,,,,,,,,,,,,,,,,,,18.79,,,,,,55,33.42,19.63,55,55,55,,,,,,,,,,,,,,,,,,,,,,,,,,,,,,,,,,,,,,,,,,,,,,,,,,,,,,,,,,,,,,,,,,,,,,,,,,,,,,,,,,,,,,,,,
2086-83-1,berberine,,,,,,,,,,,6.55,,,,,,,,,,,,,,,,,,,,,,,,,,,,,,,,,,,,,,,,,,,,,,,,,,,,,,,,,,,,,,,,,,,,,,,,,,,,,,,,,,,,,,,,,,,,,,,,,,,,,,,,,,,,,,,,,,,,,,,,,,,,,,,,,,,,,,,,,,,,,,,,,,,,,,,,,,,,,,,,,,,,,,,,,,,,,,,,,,,,,,,,,,,,,,,,,,,,,,,,,,,,,,,,,,,,,,,5.55,,,,,,,,,,,,,,,,,,,,,,,,,,,,,,,,,,,,,,,,,,,,,,,,,,,,,,,,,,,,,,,,,,,,,,,,,,,,,,,,,,,,,,,,,,,,,,,,,,,,,,,,,,,,,,,,,,,,,,,,,,,,,,,,,,,,,,,,,,,,,,,,,,,,,,,,,,,,,,,,,,,,,,,,,,,,,,,,,,,,,,,,,,,,,,,,,,,,,,,,,,,,,,,,,,,
538-86-3,Methyl benzyl ether,3.97,55,105,4.01,17.99,21.26,38.78,2.72,,3.75,,,,,,,,,,4.7,7.612,,55,35.12,55,32.32,38,17.77,,,,,,10.98,9.969,,,,,,,,,,,,,27.68,25.77,22,,,,26.89,,,,,,,,,,,,,,,,,,,,,,,,,,,,,,,,,,,,,,,,,,,,,,12.9,,2.5,,,,,,15.69,,,,,58.17,442.5,305.8,,,,,,,,1.9,,,,110,110,110,,,36.55,,,,,5.02,,,,,,,,9.42,10.53,22,12.72,19.39,1.853,26.16,22,22,22,22,16.68,22,22,22,22,22,12.95,22,,,,,,,,,,,,,,,33,33,33,33,33,24.11,33,33,33,33,22,22,22,55,33,33,33,33,33,,,,,,,,,,,,,,,,,,,,,,,,,390,,,,55,,,33.29,63.11,37.19,,,,,,,,,,22.32,,38.5,,21.44,,38.5,,26.38,,,,36.5,,10.65,13.37,,55,29.5,,,,,,,,,,21.95,28.36,29.47,31.09,,,,44.27,,,,,,,,,55,55,,,,22,,,,22,,,,,,,11.8,16.88,,29.67,23.8,,5.47,55,22.21,17.5,56.93,,,,,,,,,,,,,,26.5,,55,55,55,55,6.5,23.3,55,55,25.5,55,12.3,18.79,17.63,3.699,24.16,17.98,8.211,55,33.42,19.63,35.61,55,24.14,38.05,,,40.3,37.94,14.82,,,,,,,,,,,,,,3.663,,4.18,82.6,21.6,19.5,,,,,,,,,,,,,,,,,,,22,,,,,,12.76,22,22,55,,,22.22,,,,,7.829,,6.624,,8.841,,,,44.18,13.26,,,,,,,,,,4.07,31.86,,,,,,,,
18600-52-7,"2-(4-chlorophenyl)-4H-3,1-benzoxazin-4-one",,,,,,,,,,,,,,,,,0.5,,,,,,,,,,,,,,,,,,,,,,,,,,,,,,,,,,,,,,,,,,,,,,,,,,,,,,,,,,,,,,,,,,,,,,,,,,,,,,,,,,,,,,,,,,,,,,,,,,,,,,,,,,,,,,,,,,,,,,,,,,,,,,,,,,,,,,,,,,,,,,,,,,,,,,,,,,,,,,,,,,,,,,,,,,,,,,,,,,,,,,,,,,,,,,,,,,,,,,,,,,,,,,,,,,,,,,,,,,,,,,,,,,,,,,,,,,,,,,,,,,,,,,,,,,,,,,,,,,,,,,,,,,,,,,,,,,,,,,,,,,,,,,,,,,,,,,,,,,,,,,,,,,,,,,,,,,,,,,,,,,,,,,,,,,,,,,,,,,,,,,,,,,,,,,,,,,,,,,,,,,,,,,,,,,,,,,,,,,,,,,,,,,,,,,,,,,,,,,,,,,,,,,,,,,,,,,,,,,,,
8016-38-4,neroli oil,,,,,,,,,,,,,,,,,,,,,,,,,,,,,,,,,,,,,,,,,,,,,,,,,,,,,,,,,,,,,,,,,,,,,,,,,,,,,,,,,,,,,,,,,,,,,,,,,,,,,,,,,,,,,,,,,,,,,,,,,,,,,,,,,,,,,,,,,,,,,,,,,,,,,,,,,,,,,,,,,,,,,,,,,,,,,,,,,,,,,,,,,,,,,,,,,,,,,,,,,,,,,,,,,,,,,,,,,,,,,,,,,,,,,91.16,,,,,,,,,,,,,,,,,,,,,,,,,,,,,,,,,,,,,,,,,,,,,,,,,,,,,,,,,,,,,,,,,,,,,,,,,,,,,,,,,,,,,,,,,,,,,,,,,,,,,,,,,,,,,,,,,,,,,,,,,,,,,,,,,,,,,,,,,,,,,,,,,,,,,,,,,,,,,,,,,,,,,,,,,,,,,,,,,,,,,,,,,,,,,,,,,,,,,,,,,,,,,,,,
107-46-0,Hexamethyldisiloxane,,,,,,,,,,,,,,,,,,,,,,,,,,,,,,,,,,,,,,,,,,,,,,,,,,,,,,,,,,,,,,,,,,,,,,,,,,,,,,,,,,,,,,,,,,,,,,,,,,,,,,,,,,,,,,,,,,,,,,,,,,,,,,,,,,,,36.89,,,,,,,,,,,,,,,,,,,,,,,,,,,,,,,,,,,,,,,,,,,,,,,,,,,,,,,,,,,,,,,,,,,,,,,,,,,,,,,,,,,,,,,,,,,,,,,,,,,,,,,,,,,,,,,,,,,,,,,,,,,,,,,,,,,,,,,,,,,,,,,,,,,,,,,,,,,,,,,,,,,,,,,,,,,,,,,,,,,,,,,,,,,,,,,,,,,,,,,,,,,,,,,,,,,,,,,,,,,,,,,,,,,,,,,,,,,,,,,,,,,,,,,,,,,,,,,,,,,,,,,,,,,,,,,,,,,,,,,,,,,,,,,,,,,,,,,,,,,,,,,,,
110-82-7,cyclohexane,,16.51,,,,,,,,,,,,,,,,,,,,,,,,,,,,,,,,,,,,,,,,,,,,,,,,,,,,,,,,,,,,,,,,,,,,,,,,,,,,,,,,,,,,,,,,,,,,,,,,,,,,,,,,,,,,,,,,,,,,,,,,,,,,,,,,,,,,,,,,,,,,,,,,,,,,,,,,,,,,,,,,,,,,,,,,,,,,,,,,,,,,,,,,,,,,,,,,,,,,,,,,,,,,,,,,,,,,,,,,,,,,,,,,,,,,,,,,,,,,,,,,,,,,,,,,,,,,,,,,,,,,,,,,,,,,,,,,,,,,,,,,,,,,,,,,,,,,,,,,,,,,,,,,,,,,,,,,,,,,,,,,,,,,,,,,,,,,,,,,,,,,,,,,,,,,,,,,,,,,,,,,,,,,,,,,,,,,,,,,,,,,,,,,,,,,,,,,,,,,,,,,,,,,,,,,,,,,,,,,,,,,,,,,,,,,,,,,,,1.71,68.02
110-86-1,pyridine,,,,,,,,,,,,,,,,,,,,,,,,,,,,,,,,,,,,,,,,,,,,,,,,,,,,,,,,,,,,,,,,,,,,,,,,,,,,,,,,,,,,,,,,,,,,,,,,,,,,,,,,,,,,,,,,,,,,,,,,,,,,,,,,,,,,,,,,,,,,,,,,,,,,,,,,,,,,,,,,,,,,,,,,,,,,,,,,,,,,,,,,,,,,,,,,,,,,,,,,,,,,,,,,,,,,,,,,,,,,,,,,,,,,,,,,,,,,,,,,,,,,,,,,,,,,,,,,,,,,,,,,,,,,,,,,,,,,,,,,,,,,,,,,,,,,,,,,,,,,,,,,,,,,,,,,,,,,,,,,,,,,,,,,,,,,,,,,,,,,,,,,,,,,,,,,,,,,,,,,,,,,,,,,,,,,,,,,,,,,,,,,,,,,,,,,,,,,,,,,,,,,,,,,,11.54,,55,,55,,,,,,,,,,,23.25,,,,,,,,,,,,,
123-32-0,"2,5-dimethylpyrazine",,,,,,,,,,,,,,,,,,,,,,,,,,,,,,,,,,,,,,,,,,,,,,,,,,,,,,,,,,,,,,,,,,,,,,,,,,,,,,,,,,,,,,,,,,,,,,,,,,,,,,,,,,,,,,,,,,,,,,,,,,,,,,,,,,,,,,,,,,,,,,,,,,,,,,,,,,,,,,,,,,,,,,,,,,,,,,,,,,,,,,,,,,,,,,,,,,,,,,,,,,,,,,,,,,,,,,,,,,,,,,,,,,,,,,,,,,,,,,,,,,,,,,,,,,,,,,,,,,,,,,,,,,,,,,,,,,,,,,,,,,,,,,,,,22,,,,6.12,,,,,,,,,,,,,,,,,,,,,,,,,,,,,,,,,,,,,,,,,,,,,,,,,,,,,,,,,,,,,,,,,,,,,,,,,,,,,,,,,,,,,,,,,,,,,,,,,,,,,,,,,,,,,,,,,,,,,,,,,,,,,,,,,,,,,,,,,,,,,,,,
17302-01-1,3-ethyl-3-methylheptane,,22.89,,,,,,,,,22,,,,,,,,,,,,,,,,,,,,,,,,,33,33,33,22,22,,,,,11.47,,,39.17,39.35,39.15,4.55,33,33,36.87,,,,,,,,33,,33,55,,,,,,,,,,,,44,77,44,,,,,,,,,,,,,,,,,,,,,12.9,,55,,,6.84,,,,,,,55,10.97,330.9,18.97,,,,,,,,,,,,110,110,110,,,,,,,,,,,9.807,10.1,,,,6.55,9.821,22,9.108,55,9.727,24.22,22,22,22,22,22,22,22,3.34,,4.104,22,22,,,,,,,,,,,,,,,,,,,,,,,,,,,,,,,,,,,,,,,,,,,,,,,,,,,,,,,,,,,,,,,,,,86.85,,,26.4,17.09,6.75,26.4,8.07,5.742,,,,,,,,18.98,,,,,,,,,14.47,,,,,,,,,,,,,,,,,40.46,,,,110,55,14.47,,,,,,,13.84,55,,,,,,,,,,,,,,,,,,55,,,,,,,,,,,,,,,,,,,17.96,,44.85,,16.88,21.36,55,,,,,,,,,6.692,,,,,,5.731,8.114,12.74,55,55,55,55,,,,,,,,,,,,,,,,64.5,44,0.96,20.14,,6.75,,,,32.45,,,,,,,,,,,12.26,10.45,,7.551,,,,,,,,,,,,,,12.89,,55,7.76,,,,,,,,,,,,55,,,,,,,,,,,,,,,,,,,195,37.22
4032-94-4,"2,4-Dimethyloctane",,20.37,,,,,,,,,22,,,,,,,,,,,,,,,,,,1.7,21.2,27,1.3,55,,,33,33,33,22,22,,,,,11.47,,,42.34,40.33,36.16,4.853,33,33,16.36,,,,,,,,33,,33,55,,,,,,,,,,,,44,50.78,44,,,,,,,,,,,,,,,,,,1.16,,,12.9,,55,,,6.84,,,,,,,55,17.47,337.1,28.46,,,,,,,,0.6,,,,110,110,110,,,,,,,,,,,9.807,10.1,,,,6.55,9.821,22,9.108,55,9.727,24.22,22,22,22,22,22,22,22,3.592,,4.426,22,22,,,,,,,,,,6.38,6.64,,,,15.01,33,33,33,33,,,16.19,9.25,33,22,22,22,22.6,33,33,33,22.44,15.14,,,,,,,,,,,,,,,,,,,,,,,,,,,,,,,,,86.85,,,26.4,,,,,6.142,,,,,,20.54,,19.55,,33.86,,,,,59.67,,19.63,,,,,,,,,,,,,,,29.85,32.07,40.46,,,,110,55,14.47,,,,,,,13.84,55,,2.12,2.48,22,,,,22,,,,,,,16.5,,,55,,,,,,,,,55,,,,36.57,,,59.3,,,18.57,,22.42,,55,10.98,55,,,,,,,,,6.959,,,,,,6.141,10.24,12.86,55,55,55,55,,,40.27,9.84,12.25,,,,,,,,,,,64.5,44,0.96,19.74,,6.75,,,,32.45,,,,,,,,,,,12.27,10.46,,7.929,,,,,,12.59,3.6,,,,,,55,12.89,,55,7.76,,,,,,,,,,,,55,,8.32,6.36,21.43,,39.33,,,,,,,,,,,,,195,37.22
592-82-5,butylisothiocyanate,,20.37,,,,,,,,,22,,,,,,,,,,,,,,,,,,,,,,,,,33,33,33,22,22,,,,,11.47,,,39.17,39.36,39.19,4.55,33,33,36.87,,,,,,,,33,,33,55,,,,,,,,,,,,44,77,44,,,,,,,,,,,,,,,,,,,,,12.9,,55,,,6.84,,,,,,,55,10.93,331.2,18.92,,,,,,,,,,,,110,110,110,,,,,,,,,,,9.807,10.1,,,,6.55,9.821,22,9.108,55,9.727,24.22,22,22,22,22,22,22,22,3.34,,4.104,22,22,,,,,,,,,,,,,,,,,,,,,,,,,,,,,,,,,,,,,,,,,,,,,,,,,,,,,,,,,,,,,,,,,,86.85,,,26.4,,,,,5.742,,,,,,,,18.98,,,,,,,,,14.49,,,,,,,,,,,,,,,,,40.46,,,,110,55,14.47,,,,,,,13.84,55,,,,,,,,,,,,,,,,,,55,,,,,,,,,,,,,,,,,,,17.96,,44.91,,16.85,21.33,55,,,,,,,,,6.708,,,,,,5.73,8.114,12.74,55,55,55,55,,,,,,,,,,,,,,,,64.5,44,0.96,20.14,,6.75,,,,32.45,,,,,,,,,,,12.27,10.46,,7.352,,,,,,,,,,,,,,12.89,,55,7.76,,,,55,,55,,20.59,,,,55,,,,,,,,,,,,,,,,,,,195,37.22
556-61-6,isothiocyanatomethane,,,,,,,,,,,,,,,,,,,,,,,,,,,,,,,,,,,,,,,,,,,,,,,,,,,,,,,,,,,,,,,,,,,,,,,,,,,,,,,,,,,,,,,,,,,,,,,,,,,,,,,,,,,,,,,,,,,,,,,,,,,,,,,,,,,,,,,,,,,,,,,,,,,,,,,,,,,,,,,,,,,,,,,,,,,,,,,,,,,,,,,,,,,,,,,,,,,,,,,,,,,,,,,,,,,,,,,,,,,,,,,,,,,,,,,,,,,,,,,,,,,,,,,,,,,,,,,,,,,,,,,,,,,,,,,,,,,,,,,,,,,,,,,,,,,,,,,,,,,,,,,,,,,,,,,,,,,,,,,,,,,,,,,,,,,,,,,,,,,,,,,,,,,,,,,,,,,,,,,,,,,,,,,,,,,,,,,,,,,,,,,,,,,,,,,,,,,,,,,,,,,,,,,,,55,,55,,20.26,,,,,,,,,,,,,,,,,,,,,,,,
96-54-8,1-methyl-pyrrole,,,,,,,,,,,,,,,,,,,,,,,,,,,,,,,,,,,,,,,,,,,,,,,,,,,,,,,,,,,,,,,,,,,,,,,,,,,,,,,,,,,,,,,,,,,,,,,,,,,,,,,,,,,,,,,,,,,,,,,,,,,,,,,,,,,,,,,,,,,,,,,,,,,,,,,,,,,,,,,,,,,,,,,,,,,,,,,,,,,,,,,,,,,,,,,,,,,,,,,,,,,,,,,,,,,,,,,,,,,,,,,,,,,,,,,,,,,,,,,,,,,,,,,,,,,,,,,,,,,,,,,,,,,,,,,,,,,,,,,,,,,,21.88,55,,,,,,,,,,,,,,,,,,,,,,,,,,,,,,,,,,,,,,,,,,,,,,,,,,,,,,,,,,,,,,,,,,,,,,,,,,,,,,,,,,,,,,,,,,,,,,,,,,,,,,,,,,,,,,,,,,,,,,,,,,,,,,,,,,,,,,,,,,,,,,,,,,,,,,,,
